0.18182,0.9959,0.99959,22.081
0.2484,0.99642,0.99915,NaN
0.4302,0.99553,0.99897,22.081
0.63812,0.9955,0.99954,22.081
0.86012,0.99633,0.99913,22.081
1.0592,0.99544,0.99915,22.081
1.2569,0.99617,0.99931,22.081
1.4502,0.99659,0.99994,22.081
1.6358,0.99591,1,22.081
1.8562,0.99461,0.99985,22.081
2.0448,0.99517,1,22.08
2.248,0.99727,1,22.08
2.4569,0.99726,1,22.081
2.66,0.9964,1,22.082
2.8586,0.99731,1,22.082
3.06,0.99509,1,22.083
3.2559,0.99619,0.99991,22.084
3.4571,0.99628,0.99939,22.085
3.6456,0.99588,0.9994,22.087
3.8377,0.99655,0.9999,22.088
4.0586,0.99645,1,22.088
4.2581,0.99621,0.99994,22.09
4.4564,0.99643,0.99975,22.093
4.6572,0.99624,1,22.097
4.8421,0.99695,0.99988,22.102
5.0467,0.99608,1,22.105
5.2579,0.99621,0.99973,22.107
5.4437,0.99515,0.99959,22.108
5.6382,0.99597,0.99987,22.11
5.8547,0.99643,0.99997,22.111
6.0539,0.99752,1,22.112
6.2552,0.99682,0.99996,22.114
6.4519,0.99672,0.99971,22.116
6.6414,0.99645,0.9997,22.121
6.8496,0.99558,0.99954,22.125
7.0339,0.99677,0.99919,22.128
7.258,0.99671,1,22.13
7.4517,0.99612,0.99997,22.132
7.6516,0.99615,0.99939,22.134
7.8484,0.99655,0.9996,22.136
8.0516,0.99674,0.99946,22.137
8.2432,0.99599,0.99969,22.138
8.4586,0.99664,0.99948,22.138
8.6588,0.99624,0.99878,22.139
8.8567,0.99615,0.99855,22.141
9.0546,0.99663,0.99823,22.147
9.2367,0.99473,0.9981,22.149
9.4575,0.99637,0.99931,22.151
9.6393,0.9949,0.99849,22.152
9.8561,0.9962,0.99906,22.152
10.06,0.99553,0.99778,22.153
10.233,0.9964,0.99874,22.154
10.451,0.99626,0.99839,22.155
10.641,0.99634,0.99907,22.156
10.852,0.99686,0.99952,22.156
11.035,0.9957,0.9993,22.157
11.247,0.99614,0.99869,22.158
11.43,0.99623,0.99903,22.159
11.647,0.99616,0.99957,22.16
11.851,0.99635,0.99895,22.162
12.047,0.99479,0.99884,22.163
12.251,0.99537,0.99878,22.164
12.448,0.99566,0.99844,22.166
12.638,0.9958,0.99929,22.171
12.859,0.99623,0.99966,22.176
13.039,0.99662,0.999,22.18
13.235,0.99663,0.99874,22.183
13.43,0.99703,0.9997,22.185
13.632,0.99614,0.99793,22.188
13.841,0.99606,0.99752,22.19
14.05,0.99662,0.99927,22.193
14.257,0.99577,0.99823,22.196
14.448,0.9964,0.99924,22.198
14.634,0.99604,0.9982,22.201
14.851,0.99658,0.99846,22.203
15.044,0.99617,0.99959,22.205
15.258,0.99598,0.99815,22.207
15.446,0.99595,0.99916,22.209
15.65,0.99598,0.99966,22.211
15.838,0.99614,0.99932,22.213
16.054,0.99585,0.99923,22.214
16.253,0.99668,0.9984,22.215
16.455,0.99651,0.99862,22.216
16.648,0.99691,0.99878,22.217
16.85,0.9957,0.99843,22.222
17.053,0.9963,0.99799,22.224
17.252,0.99678,0.99655,22.226
17.449,0.99577,0.99707,22.227
17.66,0.99668,0.99866,22.229
17.83,0.995,0.99965,22.23
18.056,0.99665,0.99911,22.232
18.257,0.99636,0.99835,22.233
18.458,0.99628,0.99738,22.233
18.641,0.99671,0.99824,22.234
18.844,0.99601,0.99882,22.234
19.034,0.99632,0.9981,22.234
19.245,0.9959,0.99776,22.234
19.443,0.99592,0.99839,22.235
19.643,0.99585,0.99864,22.235
19.854,0.99576,0.99729,22.236
20.034,0.99641,0.9987,22.236
20.238,0.99556,0.99682,22.237
20.435,0.99631,0.99741,22.238
20.636,0.99669,0.99825,22.24
20.855,0.99617,0.99855,22.244
21.038,0.99608,0.99904,22.25
21.25,0.99608,0.99762,22.254
21.451,0.99568,0.9973,22.256
21.632,0.99467,0.99826,22.259
21.843,0.9957,0.99822,22.261
22.058,0.99586,0.99822,22.263
22.246,0.99628,0.99771,22.265
22.434,0.99557,0.99777,22.267
22.651,0.99551,0.99848,22.27
22.848,0.99587,0.99802,22.272
23.055,0.99592,0.99656,22.274
23.254,0.99587,0.9979,22.276
23.43,0.9966,0.9995,22.279
23.64,0.99573,0.99646,22.281
23.845,0.99645,0.99813,22.284
24.032,0.99491,0.99835,22.285
24.246,0.99626,0.99722,22.287
24.463,0.99567,0.99866,22.289
24.654,0.99576,0.99758,22.291
24.855,0.99601,0.99835,22.292
25.04,0.99574,0.99807,22.294
25.252,0.99646,0.9989,22.296
25.445,0.99579,0.99748,22.297
25.652,0.9955,0.99699,22.299
25.835,0.99606,0.99798,22.301
26.055,0.99594,0.99829,22.303
26.234,0.99601,0.99698,22.305
26.45,0.9964,0.99826,22.306
26.64,0.9959,0.99808,22.308
26.854,0.99574,0.99925,22.31
27.045,0.99679,0.99938,22.311
27.254,0.99649,0.99899,22.313
27.431,0.99667,0.99916,22.314
27.652,0.99548,0.99908,22.315
27.837,0.99674,1,22.317
28.049,0.9965,0.99857,22.32
28.248,0.99561,0.99995,22.322
28.451,0.99621,0.99886,22.325
28.65,0.9951,0.99935,22.327
28.863,0.99647,0.99796,22.329
29.052,0.99623,0.99854,22.331
29.251,0.99616,0.99954,22.332
29.463,0.99588,0.9984,22.334
29.663,0.99572,0.99989,22.337
29.845,0.9952,0.9995,22.339
30.049,0.99618,0.99995,22.341
30.261,0.99556,0.99934,22.342
30.438,0.99587,0.99885,22.343
30.649,0.99663,0.99868,22.346
30.853,0.99555,0.99895,22.349
31.058,0.99589,0.99731,22.351
31.261,0.9959,0.99922,22.352
31.456,0.99689,0.99827,22.354
31.659,0.99651,0.99846,22.356
31.84,0.99594,0.99917,22.357
32.04,0.9963,0.99865,22.359
32.239,0.99524,0.99838,22.36
32.452,0.99605,0.99982,22.362
32.656,0.9965,0.99906,22.364
32.837,0.99613,0.99977,22.365
33.047,0.99638,0.99802,22.365
33.231,0.9956,0.99917,22.366
33.444,0.99589,0.99971,22.366
33.636,0.99598,0.99946,22.367
33.862,0.99631,0.99906,22.368
34.051,0.99636,0.99903,22.368
34.247,0.99677,0.99931,22.372
34.45,0.99628,0.99714,22.375
34.649,0.99596,0.99925,22.377
34.84,0.99671,0.99943,22.379
35.054,0.99592,0.99894,22.38
35.249,0.9963,0.99937,22.383
35.429,0.99583,0.99894,22.385
35.638,0.99686,0.99921,22.386
35.85,0.99549,0.99999,22.389
36.038,0.99645,0.99983,22.39
36.245,0.99608,0.99992,22.392
36.437,0.99597,0.99969,22.393
36.643,0.99638,0.99983,22.395
36.851,0.99619,0.99954,22.398
37.039,0.9965,0.9996,22.4
37.234,0.99617,0.99935,22.402
37.448,0.99546,0.99912,22.405
37.641,0.99514,0.9991,22.407
37.853,0.99652,0.99921,22.41
38.045,0.99608,0.99873,22.411
38.255,0.99676,0.99926,22.413
38.457,0.9967,0.99966,22.415
38.644,0.99609,0.99996,22.417
38.863,0.99649,1,22.419
39.045,0.99639,0.99995,22.421
39.261,0.99655,0.9993,22.422
39.457,0.99783,0.99985,22.423
39.656,0.9963,0.99901,22.427
39.838,0.99656,0.99989,22.43
40.036,0.99616,1,22.432
40.236,0.99592,0.9997,22.434
40.431,0.99616,0.99916,22.436
40.636,0.99628,0.99997,22.438
40.835,0.99635,0.99997,22.44
41.04,0.99648,1,22.442
41.233,0.99507,0.99891,22.443
41.45,0.99662,1,22.445
41.635,0.99628,0.99947,22.447
41.852,0.99582,0.99921,22.448
42.057,0.99535,1,22.45
42.253,0.99559,1,22.451
42.453,0.99687,0.99951,22.453
42.662,0.99595,0.99949,22.455
42.844,0.99684,0.99978,22.457
43.054,0.99601,0.99995,22.459
43.259,0.99589,0.998,22.46
43.455,0.99586,0.99902,22.462
43.638,0.99617,0.99878,22.463
43.86,0.99646,0.99911,22.465
44.046,0.99591,0.99904,22.466
44.242,0.99607,0.99921,22.467
44.433,0.99598,0.99898,22.468
44.648,0.9963,0.9991,22.469
44.84,0.99614,0.99954,22.47
45.055,0.99634,0.99934,22.471
45.25,0.99587,0.99851,22.473
45.453,0.99623,0.99898,22.474
45.657,0.99589,0.99952,22.476
45.869,0.99643,0.99807,22.478
46.061,0.99517,0.99888,22.48
46.245,0.99649,0.99823,22.483
46.457,0.99683,0.99878,22.484
46.648,0.99624,0.99768,22.488
46.857,0.99561,0.99708,22.49
47.063,0.99536,0.99487,22.492
47.257,0.99597,0.98181,22.494
47.457,0.99545,0.98082,22.496
47.648,0.99613,0.97018,22.497
47.849,0.99621,0.96534,22.498
48.044,0.99448,0.96118,22.5
48.255,0.99451,0.95872,22.503
48.452,0.99549,0.96269,22.505
48.652,0.99502,0.96357,22.507
48.855,0.99585,0.96465,22.509
49.06,0.99549,0.96996,22.512
49.232,0.99403,0.96267,22.514
49.457,0.99551,0.95419,22.515
49.634,0.99567,0.96352,22.517
49.847,0.99598,0.95926,22.518
50.055,0.99482,0.95153,22.52
50.251,0.99604,0.94103,22.522
50.438,0.99519,0.93946,22.523
50.657,0.99454,0.92479,22.524
50.844,0.99399,0.92837,22.525
51.043,0.99435,0.93855,22.527
51.26,0.99427,0.92595,22.529
51.457,0.99501,0.92934,22.531
51.649,0.99328,0.93002,22.532
51.859,0.99486,0.92464,22.534
52.06,0.99535,0.93991,22.536
52.25,0.99413,0.92805,22.538
52.449,0.99389,0.91583,22.54
52.643,0.99538,0.92958,22.541
52.854,0.99451,0.8993,22.543
53.033,0.99434,0.92588,22.546
53.243,0.99433,0.91503,22.548
53.445,0.99451,0.92249,22.549
53.644,0.99533,0.90862,22.551
53.853,0.99469,0.92249,22.552
54.051,0.99468,0.90785,22.556
54.249,0.99348,0.90613,22.558
54.452,0.9937,0.90744,22.561
54.65,0.99442,0.91322,22.563
54.834,0.99453,0.91172,22.565
55.029,0.9948,0.90227,22.567
55.25,0.99411,0.90172,22.568
55.432,0.99376,0.89558,22.57
55.633,0.99328,0.86544,22.572
55.839,0.99275,0.87464,22.574
56.028,0.99342,0.88425,22.576
56.243,0.99297,0.88817,22.578
56.433,0.99385,0.85644,22.58
56.649,0.9937,0.88737,22.582
56.84,0.99323,0.88539,22.584
57.034,0.99433,0.88924,22.587
57.255,0.99401,0.88115,22.589
57.442,0.99235,0.85717,22.591
57.646,0.99333,0.88641,22.592
57.856,0.99385,0.87854,22.593
58.05,0.9934,0.87599,22.594
58.246,0.99333,0.86222,22.595
58.453,0.9945,0.83653,22.596
58.652,0.99311,0.84877,22.597
58.853,0.99437,0.86297,22.599
59.055,0.99364,0.86572,22.602
59.255,0.99371,0.85742,22.604
59.457,0.99301,0.87339,22.605
59.656,0.994,0.87044,22.607
59.85,0.9935,0.87465,22.609
60.051,0.99371,0.86999,22.611
60.229,0.99335,0.8582,22.613
60.447,0.99254,0.85557,22.615
60.657,0.99238,0.84242,22.616
60.84,0.99222,0.84736,22.618
61.034,0.99326,0.82529,22.619
61.253,0.99272,0.83697,22.619
61.442,0.99317,0.84481,22.62
61.637,0.99359,0.8528,22.621
61.853,0.99546,0.87257,22.622
62.038,0.99439,0.88697,22.627
62.251,0.99314,0.84515,22.629
62.446,0.99182,0.82179,22.63
62.65,0.99343,0.853,22.632
62.861,0.99374,0.8435,22.633
63.062,0.99353,0.86368,22.635
63.241,0.99241,0.8411,22.637
63.456,0.99192,0.80561,22.638
63.648,0.99208,0.81487,22.64
63.854,0.99177,0.80987,22.641
64.053,0.99337,0.84925,22.642
64.261,0.99371,0.83668,22.646
64.449,0.99258,0.83293,22.648
64.653,0.99172,0.82562,22.649
64.854,0.99436,0.83218,22.65
65.033,0.99347,0.82415,22.651
65.238,0.99251,0.83016,22.653
65.456,0.99285,0.82866,22.655
65.656,0.99245,0.81682,22.657
65.859,0.99287,0.82706,22.659
66.041,0.99358,0.82949,22.661
66.25,0.99287,0.83202,22.663
66.457,0.99227,0.83269,22.665
66.66,0.9937,0.8461,22.667
66.843,0.99311,0.84182,22.669
67.057,0.99142,0.79331,22.671
67.243,0.99237,0.79343,22.672
67.46,0.99156,0.8234,22.674
67.651,0.99294,0.8352,22.675
67.862,0.99327,0.82543,22.676
68.059,0.99246,0.80357,22.676
68.256,0.99389,0.81768,22.677
68.456,0.9922,0.82577,22.678
68.658,0.99227,0.82146,22.68
68.847,0.99239,0.82083,22.681
69.057,0.99174,0.79805,22.683
69.243,0.99312,0.81631,22.685
69.455,0.99267,0.82158,22.687
69.656,0.99365,0.82546,22.689
69.856,0.99373,0.81338,22.691
70.052,0.99299,0.80021,22.693
70.259,0.99131,0.81292,22.694
70.455,0.99337,0.80824,22.695
70.644,0.99321,0.80439,22.695
70.858,0.99342,0.81474,22.696
71.055,0.99251,0.7967,22.697
71.24,0.99223,0.81497,22.698
71.433,0.993,0.8219,22.699
71.641,0.99184,0.83274,22.703
71.836,0.99172,0.79218,22.706
72.036,0.99221,0.81474,22.708
72.257,0.99222,0.79163,22.709
72.456,0.99259,0.81426,22.712
72.656,0.99249,0.81027,22.714
72.845,0.9934,0.81258,22.718
73.059,0.99296,0.79889,22.719
73.251,0.99185,0.80563,22.72
73.452,0.99275,0.80101,22.722
73.65,0.99162,0.78688,22.724
73.857,0.99281,0.79338,22.725
74.057,0.99245,0.80398,22.726
74.248,0.99081,0.79347,22.727
74.446,0.99256,0.80918,22.729
74.649,0.99275,0.80598,22.73
74.834,0.99187,0.79832,22.732
75.032,0.99186,0.79321,22.734
75.237,0.991,0.76509,22.735
75.431,0.99156,0.78132,22.737
75.651,0.9911,0.76849,22.739
75.836,0.99188,0.77832,22.741
76.045,0.99185,0.7779,22.743
76.245,0.99125,0.79105,22.745
76.454,0.99187,0.79486,22.747
76.646,0.99153,0.76809,22.748
76.857,0.99239,0.768,22.75
77.054,0.99209,0.76771,22.751
77.255,0.99106,0.76807,22.751
77.452,0.99165,0.76908,22.752
77.659,0.99088,0.77445,22.753
77.873,0.99111,0.77326,22.753
78.056,0.99188,0.77305,22.754
78.257,0.99238,0.76945,22.755
78.442,0.99166,0.76161,22.756
78.638,0.99125,0.77676,22.758
78.86,0.9917,0.76838,22.759
79.055,0.99137,0.76034,22.761
79.256,0.99072,0.76344,22.762
79.455,0.99056,0.77359,22.763
79.657,0.99176,0.77672,22.765
79.86,0.99208,0.77746,22.767
80.042,0.99171,0.77874,22.768
80.242,0.99247,0.77596,22.77
80.459,0.99154,0.78993,22.771
80.656,0.99057,0.78073,22.772
80.854,0.99133,0.77094,22.773
81.048,0.99104,0.76755,22.774
81.256,0.99125,0.77247,22.775
81.461,0.99234,0.75859,22.776
81.66,0.99133,0.75851,22.777
81.857,0.99025,0.75838,22.778
82.056,0.98922,0.75563,22.78
82.257,0.9899,0.75604,22.781
82.453,0.98995,0.75515,22.782
82.653,0.99014,0.73676,22.784
82.849,0.9903,0.75449,22.786
83.057,0.99076,0.75772,22.788
83.253,0.99005,0.75821,22.789
83.452,0.99052,0.76036,22.791
83.648,0.99166,0.75734,22.792
83.857,0.99083,0.75569,22.794
84.049,0.9913,0.75749,22.796
84.242,0.99091,0.75375,22.797
84.449,0.9922,0.77079,22.798
84.662,0.99013,0.76554,22.799
84.853,0.9906,0.76065,22.8
85.058,0.99113,0.7613,22.801
85.256,0.99078,0.76434,22.802
85.455,0.9915,0.76227,22.803
85.652,0.99086,0.74967,22.804
85.85,0.99072,0.75186,22.805
86.063,0.9914,0.74589,22.806
86.256,0.99126,0.74547,22.808
86.442,0.99051,0.7442,22.809
86.656,0.99093,0.74154,22.81
86.859,0.9892,0.73449,22.812
87.057,0.99009,0.73999,22.814
87.257,0.99032,0.73897,22.815
87.47,0.98963,0.73981,22.818
87.663,0.99054,0.73959,22.819
87.864,0.99066,0.7365,22.82
88.054,0.98981,0.73459,22.822
88.258,0.99056,0.74339,22.823
88.462,0.99047,0.74028,22.825
88.659,0.9915,0.74178,22.826
88.843,0.98969,0.75314,22.827
89.038,0.98953,0.74336,22.828
89.259,0.98993,0.74663,22.828
89.456,0.99061,0.75085,22.829
89.657,0.99095,0.75375,22.829
89.861,0.99184,0.75379,22.83
90.062,0.99093,0.76213,22.83
90.259,0.99128,0.75359,22.83
90.459,0.99034,0.75438,22.831
90.646,0.99162,0.75547,22.831
90.844,0.99,0.76008,22.832
91.039,0.99184,0.7684,22.832
91.237,0.99064,0.75529,22.833
91.452,0.9919,0.75617,22.834
91.651,0.99113,0.75348,22.834
91.836,0.9904,0.74871,22.835
92.05,0.99015,0.75018,22.836
92.239,0.99142,0.74811,22.837
92.456,0.99057,0.7487,22.839
92.65,0.99074,0.75201,22.843
92.852,0.99036,0.75616,22.845
93.049,0.99039,0.75236,22.847
93.255,0.99125,0.74578,22.848
93.458,0.99108,0.74417,22.848
93.655,0.99082,0.73693,22.849
93.863,0.9913,0.73072,22.85
94.072,0.98957,0.71478,22.85
94.268,0.98944,0.71076,22.851
94.452,0.98903,0.69911,22.851
94.635,0.98749,0.67296,22.851
94.844,0.98693,0.65509,22.851
95.055,0.98817,0.64557,22.852
95.259,0.98609,0.65315,22.852
95.444,0.98663,0.64689,22.853
95.69,0.98693,0.64826,22.854
95.844,0.98714,0.63556,22.855
96.062,0.98647,0.64162,22.855
96.288,0.98676,0.64118,22.857
96.431,0.98632,0.64116,22.857
96.644,0.98743,0.64827,22.858
96.83,0.98625,0.65044,22.859
97.061,0.98757,0.64574,22.86
97.253,0.98421,0.64625,22.862
97.458,0.98669,0.65335,22.866
97.656,0.98609,0.65251,22.87
97.858,0.98516,0.64767,22.872
98.045,0.98684,0.66094,22.873
98.255,0.98807,0.66119,22.874
98.455,0.98672,0.64858,22.875
98.66,0.986,0.6622,22.875
98.862,0.98612,0.65686,22.877
99.081,0.98701,0.65188,22.878
99.281,0.9874,0.6421,22.879
99.448,0.98658,0.61536,22.88
99.638,0.98515,0.62293,22.881
99.838,0.98582,0.6123,22.882
100.04,0.98391,0.61194,22.883
100.25,0.98481,0.61508,22.884
100.45,0.98524,0.62428,22.885
100.65,0.98561,0.62874,22.886
100.85,0.98367,0.61382,22.888
101.11,0.98559,0.62989,22.89
101.29,0.98665,0.62474,22.892
101.44,0.98608,0.62994,22.893
101.63,0.98649,0.64045,22.894
101.84,0.98719,0.63934,22.895
102.03,0.98553,0.63459,22.896
102.24,0.98596,0.63543,22.898
102.46,0.98601,0.64269,22.899
102.66,0.98539,0.64217,22.901
102.85,0.9854,0.63661,22.902
103.06,0.98589,0.64572,22.902
103.26,0.98508,0.6432,22.903
103.46,0.98577,0.64031,22.904
103.66,0.98777,0.65698,22.904
103.84,0.98603,0.64584,22.905
104.05,0.98582,0.64916,22.905
104.27,0.98723,0.65961,22.905
104.47,0.98701,0.65748,22.906
104.65,0.98693,0.65457,22.906
104.89,0.98731,0.65244,22.906
105.03,0.98556,0.65042,22.907
105.25,0.9878,0.65999,22.907
105.45,0.98626,0.66151,22.908
105.66,0.98772,0.67056,22.909
105.86,0.98782,0.66388,22.909
106.06,0.98719,0.65971,22.91
106.26,0.98619,0.66964,22.911
106.47,0.98686,0.67063,22.912
106.66,0.98684,0.66083,22.913
106.85,0.98707,0.66907,22.915
107.04,0.98679,0.66901,22.919
107.24,0.9879,0.66727,22.921
107.45,0.98837,0.66992,22.923
107.65,0.98703,0.67326,22.924
107.85,0.98711,0.68128,22.925
108.03,0.98656,0.68319,22.926
108.26,0.98798,0.67512,22.927
108.46,0.98662,0.67261,22.927
108.66,0.98821,0.66996,22.928
108.86,0.98683,0.66193,22.928
109.05,0.98731,0.64905,22.928
109.25,0.98651,0.6526,22.928
109.43,0.9871,0.64618,22.928
109.66,0.9863,0.64912,22.928
109.86,0.98639,0.6495,22.928
110.05,0.98702,0.64707,22.929
110.25,0.98533,0.63616,22.929
110.46,0.98634,0.618,22.93
110.66,0.9863,0.62355,22.93
110.86,0.98456,0.62126,22.93
111.09,0.98475,0.62303,22.931
111.24,0.98505,0.6252,22.932
111.45,0.98416,0.61908,22.933
111.64,0.98604,0.62948,22.933
111.84,0.98651,0.63288,22.934
112.03,0.98569,0.6362,22.935
112.23,0.98774,0.64529,22.936
112.43,0.98505,0.64376,22.937
112.64,0.98639,0.64293,22.938
112.85,0.98549,0.64045,22.94
113.05,0.98571,0.64224,22.945
113.25,0.98722,0.64924,22.947
113.46,0.9865,0.6468,22.948
113.66,0.98704,0.64732,22.949
113.86,0.98598,0.64957,22.95
114.06,0.98602,0.64553,22.951
114.24,0.98656,0.64596,22.951
114.45,0.9858,0.65411,22.951
114.65,0.98643,0.64424,22.952
114.86,0.98727,0.6428,22.953
115.06,0.98636,0.64423,22.954
115.24,0.9852,0.62913,22.955
115.48,0.98562,0.61116,22.956
115.65,0.98522,0.60754,22.957
115.88,0.98596,0.59978,22.958
116.04,0.98374,0.59998,22.96
116.24,0.98349,0.6094,22.96
116.45,0.98605,0.61079,22.962
116.64,0.98602,0.61995,22.963
116.85,0.98312,0.60783,22.964
117.06,0.98454,0.61199,22.965
117.26,0.98491,0.62171,22.967
117.48,0.98575,0.61923,22.969
117.65,0.98468,0.62783,22.97
117.85,0.98691,0.63151,22.971
118.06,0.9877,0.63252,22.972
118.26,0.98538,0.62873,22.973
118.46,0.98595,0.62868,22.975
118.65,0.98482,0.62871,22.976
118.86,0.98575,0.63346,22.977
119.06,0.98512,0.63149,22.977
119.25,0.98704,0.6281,22.978
119.45,0.98607,0.63628,22.979
119.67,0.98557,0.63774,22.98
119.85,0.98511,0.63695,22.98
120.05,0.98663,0.64837,22.98
120.25,0.98753,0.64367,22.981
120.45,0.98711,0.64352,22.981
120.66,0.98811,0.65826,22.981
120.86,0.98648,0.65179,22.982
121.06,0.98638,0.63898,22.982
121.26,0.98481,0.64098,22.982
121.46,0.98677,0.64269,22.983
121.69,0.98561,0.63647,22.983
121.84,0.98566,0.64157,22.984
122.04,0.98612,0.64634,22.984
122.26,0.98785,0.65396,22.985
122.46,0.987,0.65762,22.986
122.65,0.98785,0.65129,22.987
122.85,0.98572,0.65909,22.988
123.05,0.98499,0.65784,22.989
123.26,0.98781,0.65233,22.994
123.46,0.98693,0.65794,22.996
123.68,0.98632,0.66275,22.998
123.85,0.98716,0.66276,22.999
124.07,0.98703,0.65894,23.001
124.23,0.98591,0.6575,23.002
124.45,0.98755,0.65905,23.003
124.65,0.98696,0.68135,23.004
124.85,0.98905,0.6842,23.005
125.06,0.98601,0.68121,23.006
125.26,0.98774,0.66014,23.006
125.45,0.98617,0.64907,23.007
125.65,0.98563,0.63659,23.007
125.85,0.9853,0.63214,23.007
126.06,0.98362,0.6213,23.007
126.26,0.98734,0.63037,23.007
126.46,0.98577,0.64466,23.008
126.66,0.98681,0.64552,23.008
126.88,0.98623,0.64032,23.009
127.08,0.98534,0.64335,23.009
127.23,0.98602,0.64062,23.01
127.44,0.98731,0.6378,23.011
127.67,0.98508,0.6264,23.012
127.85,0.98543,0.61535,23.013
128.06,0.98565,0.6041,23.014
128.26,0.98477,0.60838,23.014
128.44,0.98408,0.60319,23.014
128.67,0.98407,0.60385,23.015
128.83,0.98483,0.59727,23.016
129.05,0.98356,0.60281,23.017
129.24,0.98302,0.59399,23.019
129.44,0.98295,0.58725,23.02
129.65,0.98382,0.59492,23.021
129.85,0.98317,0.59674,23.022
130.05,0.98332,0.59626,23.023
130.26,0.98389,0.5956,23.024
130.47,0.98261,0.59407,23.026
130.71,0.98305,0.59484,23.026
130.85,0.98349,0.59346,23.027
131.04,0.98408,0.59638,23.027
131.25,0.98324,0.59229,23.027
131.46,0.98492,0.59412,23.028
131.66,0.98515,0.59997,23.028
131.86,0.98352,0.59434,23.029
132.04,0.98421,0.59501,23.029
132.23,0.98547,0.59768,23.029
132.45,0.98322,0.60601,23.03
132.64,0.98548,0.60365,23.03
132.86,0.9837,0.60073,23.031
133.06,0.98402,0.58525,23.031
133.24,0.9834,0.5868,23.031
133.43,0.98356,0.58054,23.031
133.64,0.98446,0.57063,23.031
133.85,0.9801,0.54948,23.032
134.05,0.98027,0.53557,23.032
134.26,0.98064,0.5491,23.033
134.45,0.98116,0.55786,23.033
134.66,0.98192,0.56823,23.034
134.86,0.98033,0.56744,23.035
135.06,0.98199,0.55409,23.035
135.24,0.98205,0.56105,23.036
135.48,0.983,0.56831,23.037
135.63,0.98091,0.56421,23.038
135.84,0.9825,0.57254,23.038
136.05,0.98285,0.58182,23.039
136.25,0.98394,0.57934,23.043
136.44,0.98144,0.58005,23.046
136.66,0.98218,0.59388,23.049
136.86,0.98407,0.59693,23.05
137.06,0.98482,0.59195,23.051
137.26,0.98372,0.59162,23.053
137.47,0.98342,0.58881,23.054
137.66,0.98481,0.59642,23.055
137.84,0.98434,0.59775,23.056
138.06,0.98401,0.59477,23.057
138.28,0.98125,0.58613,23.057
138.44,0.98484,0.59527,23.058
138.64,0.98257,0.59163,23.058
138.83,0.98276,0.58665,23.058
139.06,0.98315,0.60237,23.059
139.24,0.98285,0.59566,23.059
139.44,0.98385,0.59318,23.059
139.63,0.9847,0.60422,23.059
139.86,0.98437,0.60718,23.06
140.06,0.98199,0.60192,23.06
140.25,0.98379,0.59798,23.06
140.45,0.98301,0.59584,23.061
140.66,0.98247,0.59176,23.061
140.85,0.98387,0.58989,23.062
141.06,0.98421,0.5897,23.062
141.25,0.98343,0.59405,23.063
141.43,0.9851,0.60446,23.063
141.64,0.98348,0.60515,23.064
141.84,0.98295,0.60013,23.064
142.04,0.98488,0.60163,23.065
142.26,0.98325,0.60655,23.067
142.46,0.98402,0.59595,23.07
142.66,0.98376,0.60319,23.071
142.83,0.98409,0.59979,23.072
143.04,0.98359,0.60036,23.073
143.25,0.98381,0.60314,23.075
143.46,0.9844,0.60206,23.076
143.65,0.98357,0.59241,23.077
143.83,0.98344,0.58834,23.078
144.05,0.98331,0.59713,23.079
144.25,0.98522,0.59651,23.08
144.45,0.98537,0.59584,23.081
144.67,0.9843,0.59473,23.081
144.86,0.9829,0.59438,23.082
145.07,0.98334,0.61187,23.082
145.26,0.98448,0.61634,23.082
145.44,0.98597,0.60981,23.083
145.65,0.98516,0.60687,23.083
145.85,0.98465,0.59153,23.083
146.04,0.98344,0.58352,23.084
146.24,0.98211,0.5706,23.084
146.44,0.98201,0.56951,23.084
146.64,0.98085,0.55977,23.084
146.84,0.983,0.57876,23.085
147.05,0.98412,0.57852,23.085
147.26,0.98329,0.58238,23.085
147.46,0.98252,0.5818,23.085
147.65,0.98367,0.58384,23.086
147.85,0.98323,0.58028,23.086
148.05,0.98268,0.57482,23.087
148.26,0.98128,0.56854,23.087
148.46,0.97988,0.56449,23.088
148.66,0.98106,0.55498,23.088
148.83,0.98235,0.55189,23.089
149.05,0.98104,0.57069,23.09
149.23,0.98071,0.56999,23.09
149.46,0.98127,0.56057,23.091
149.63,0.98224,0.56672,23.094
149.85,0.98234,0.56645,23.096
150.06,0.98086,0.56251,23.098
150.26,0.98109,0.57374,23.099
150.44,0.98465,0.58226,23.1
150.7,0.98294,0.58615,23.101
150.85,0.98361,0.58593,23.103
151.05,0.98193,0.58589,23.104
151.26,0.983,0.58548,23.105
151.48,0.98351,0.59393,23.106
151.64,0.98359,0.59581,23.107
151.84,0.98152,0.59116,23.108
152.05,0.9823,0.5863,23.108
152.25,0.98299,0.59154,23.108
152.45,0.98328,0.58775,23.108
152.66,0.98319,0.57868,23.109
152.86,0.98329,0.58819,23.109
153.04,0.98244,0.57722,23.109
153.25,0.98061,0.56374,23.109
153.45,0.98082,0.56292,23.11
153.65,0.98185,0.56703,23.11
153.84,0.98413,0.56389,23.11
154.04,0.98325,0.56047,23.11
154.26,0.98042,0.5568,23.111
154.46,0.98133,0.55149,23.112
154.66,0.98083,0.5425,23.112
154.86,0.97976,0.53553,23.113
155.06,0.98038,0.53587,23.113
155.26,0.98233,0.54877,23.114
155.44,0.98229,0.56708,23.115
155.67,0.98235,0.56822,23.115
155.86,0.98188,0.56676,23.116
156.05,0.98118,0.55437,23.117
156.24,0.98183,0.56442,23.12
156.51,0.98135,0.56559,23.122
156.64,0.9819,0.57007,23.122
156.85,0.97986,0.54964,23.123
157.05,0.9814,0.54178,23.124
157.24,0.97863,0.55476,23.126
157.46,0.98275,0.56777,23.127
157.66,0.98146,0.56112,23.128
157.87,0.98109,0.56525,23.128
158.08,0.98178,0.57398,23.129
158.26,0.98037,0.57868,23.129
158.47,0.98206,0.57805,23.13
158.66,0.98103,0.57363,23.131
158.87,0.98164,0.57042,23.131
159.06,0.98143,0.57237,23.132
159.24,0.98234,0.57716,23.132
159.44,0.98232,0.57375,23.133
159.66,0.98259,0.5731,23.134
159.85,0.98331,0.57624,23.134
160.06,0.98158,0.58201,23.134
160.25,0.98219,0.5922,23.135
160.47,0.98325,0.59179,23.136
160.63,0.98459,0.60193,23.136
160.85,0.98478,0.59897,23.136
161.04,0.98311,0.59321,23.137
161.25,0.9842,0.59879,23.137
161.46,0.98302,0.59393,23.138
161.64,0.98273,0.58095,23.139
161.86,0.98148,0.56147,23.139
162.05,0.98195,0.5675,23.14
162.27,0.98093,0.5775,23.14
162.44,0.98274,0.58251,23.141
162.65,0.98302,0.58757,23.145
162.86,0.98248,0.59002,23.147
163.06,0.98453,0.59201,23.149
163.26,0.98164,0.60301,23.15
163.49,0.98556,0.60063,23.151
163.65,0.9842,0.59412,23.152
163.86,0.98227,0.58976,23.153
164.05,0.98493,0.59525,23.155
164.25,0.98402,0.5912,23.156
164.45,0.98155,0.58502,23.157
164.66,0.9827,0.58363,23.158
164.84,0.98377,0.5893,23.159
165.06,0.98289,0.58822,23.16
165.26,0.98439,0.58647,23.161
165.45,0.98143,0.58694,23.162
165.66,0.98401,0.58727,23.163
165.86,0.98354,0.60322,23.163
166.06,0.98243,0.60581,23.164
166.29,0.98485,0.60306,23.164
166.43,0.98401,0.60074,23.164
166.64,0.98282,0.58851,23.164
166.85,0.98292,0.58217,23.165
167.05,0.98191,0.5779,23.165
167.26,0.98308,0.5704,23.165
167.46,0.98352,0.56916,23.165
167.64,0.98246,0.56742,23.165
167.85,0.98235,0.57782,23.165
168.05,0.98129,0.58275,23.165
168.24,0.98357,0.58402,23.165
168.46,0.98369,0.58264,23.165
168.65,0.98351,0.59058,23.166
168.88,0.98375,0.58408,23.166
169.05,0.98221,0.5807,23.166
169.25,0.98312,0.57542,23.167
169.45,0.98221,0.5736,23.168
169.65,0.98236,0.56646,23.17
169.85,0.9793,0.56527,23.172
170.05,0.9828,0.57809,23.173
170.24,0.98305,0.57866,23.173
170.45,0.98327,0.57358,23.174
170.64,0.983,0.57263,23.175
170.86,0.98083,0.56887,23.177
171.06,0.98292,0.57293,23.178
171.25,0.98235,0.5747,23.179
171.45,0.98145,0.58457,23.18
171.66,0.98288,0.58662,23.181
171.85,0.98214,0.58703,23.182
172.05,0.98184,0.58503,23.183
172.25,0.98263,0.58251,23.184
172.46,0.98387,0.58138,23.185
172.65,0.98298,0.59136,23.186
172.86,0.98376,0.58996,23.186
173.05,0.98354,0.58606,23.187
173.26,0.982,0.57669,23.187
173.46,0.98209,0.58338,23.188
173.68,0.98262,0.57662,23.188
173.84,0.97955,0.57129,23.188
174.06,0.98173,0.5785,23.188
174.25,0.98237,0.57884,23.188
174.46,0.98139,0.5667,23.189
174.66,0.98202,0.56553,23.189
174.86,0.98295,0.57151,23.189
175.05,0.98039,0.56451,23.189
175.29,0.98032,0.5463,23.19
175.48,0.9808,0.55235,23.19
175.7,0.97985,0.55488,23.191
175.85,0.97965,0.558,23.191
176.05,0.98166,0.57349,23.192
176.26,0.98052,0.57481,23.193
176.45,0.98278,0.57315,23.197
176.64,0.98196,0.57054,23.198
176.84,0.98007,0.5643,23.2
177.05,0.98017,0.56176,23.201
177.24,0.98086,0.55793,23.202
177.47,0.98059,0.55725,23.203
177.66,0.98203,0.55563,23.204
177.83,0.981,0.55394,23.204
178.05,0.98157,0.55647,23.205
178.25,0.97982,0.55719,23.205
178.46,0.98058,0.55481,23.205
178.65,0.98278,0.56618,23.206
178.86,0.98291,0.58401,23.206
179.06,0.98388,0.59796,23.206
179.26,0.98275,0.59042,23.207
179.46,0.98166,0.58104,23.207
179.69,0.98307,0.58451,23.208
179.84,0.98291,0.58823,23.209
180.04,0.98145,0.59043,23.209
180.26,0.98196,0.57917,23.211
180.45,0.98108,0.55898,23.212
180.66,0.98006,0.55775,23.212
180.88,0.9799,0.55191,23.213
181.04,0.98111,0.54911,23.214
181.25,0.98019,0.54908,23.215
181.46,0.98074,0.54796,23.216
181.65,0.98261,0.56036,23.217
181.86,0.98149,0.56127,23.218
182.04,0.98092,0.55518,23.218
182.26,0.98026,0.54981,23.218
182.45,0.98062,0.56386,23.219
182.65,0.98136,0.56783,23.219
182.84,0.98076,0.56377,23.219
183.05,0.98089,0.57746,23.219
183.25,0.98303,0.57438,23.219
183.46,0.98046,0.57162,23.22
183.65,0.98118,0.56086,23.22
183.86,0.98224,0.57086,23.22
184.06,0.98314,0.57669,23.22
184.24,0.98002,0.57103,23.221
184.44,0.98185,0.56395,23.221
184.65,0.97996,0.56376,23.222
184.85,0.9809,0.56308,23.222
185.05,0.98211,0.56411,23.223
185.26,0.98057,0.56004,23.223
185.44,0.98093,0.55866,23.224
185.65,0.97957,0.56455,23.224
185.86,0.98036,0.57894,23.226
186.06,0.98147,0.57814,23.226
186.26,0.98131,0.58138,23.227
186.57,0.981,0.58238,23.228
186.64,0.98227,0.58065,NaN
186.86,0.98097,0.57653,23.229
187.04,0.98202,0.57983,23.23
187.26,0.98395,0.57998,23.231
187.44,0.98264,0.58179,23.234
187.63,0.9829,0.58705,23.236
187.85,0.98325,0.59188,23.237
188.06,0.98336,0.58963,23.238
188.26,0.98282,0.5879,23.239
188.5,0.98155,0.58674,23.24
188.64,0.9839,0.58797,23.241
188.85,0.9814,0.58712,23.241
189.06,0.98367,0.60206,23.242
189.26,0.98494,0.60429,23.242
189.46,0.9835,0.60908,23.242
189.67,0.98258,0.60449,23.242
189.85,0.98403,0.59542,23.243
190.05,0.98209,0.58412,23.243
190.25,0.98167,0.57637,23.243
190.45,0.98119,0.57001,23.243
190.64,0.98051,0.56479,23.243
190.86,0.9824,0.56962,23.243
191.1,0.98233,0.58097,23.243
191.24,0.98239,0.58144,23.244
191.46,0.98233,0.58607,23.244
191.66,0.98286,0.58563,23.245
191.89,0.98106,0.57218,23.246
192.05,0.98133,0.57094,23.247
192.25,0.98116,0.54925,23.248
192.45,0.97882,0.54652,23.249
192.68,0.97929,0.54747,23.25
192.85,0.97809,0.55042,23.251
193.06,0.97901,0.55342,23.252
193.27,0.98031,0.55639,23.253
193.46,0.98174,0.55942,23.254
193.67,0.98011,0.56172,23.254
193.89,0.98225,0.57299,23.256
194.05,0.98234,0.58117,23.256
194.26,0.98114,0.58641,23.256
194.48,0.98222,0.58692,23.257
194.65,0.9833,0.58751,23.257
194.84,0.98323,0.58336,23.258
195.06,0.98185,0.5795,23.259
195.23,0.98094,0.57527,23.26
195.44,0.98063,0.57658,23.26
195.66,0.97977,0.55662,23.261
195.86,0.97771,0.54949,23.262
196.05,0.97808,0.55069,23.263
196.25,0.98092,0.55369,23.264
196.44,0.97921,0.55222,23.265
196.64,0.97765,0.55498,23.266
196.85,0.97879,0.55554,23.266
197.05,0.97797,0.55375,23.267
197.28,0.97873,0.55972,23.268
197.43,0.97912,0.56045,23.269
197.65,0.9795,0.55925,23.269
197.86,0.9794,0.5541,23.27
198.04,0.98018,0.56616,23.27
198.24,0.97952,0.56604,23.27
198.44,0.97965,0.55463,23.27
198.65,0.9806,0.5601,23.27
198.86,0.98042,0.56487,23.27
199.04,0.98125,0.56587,23.271
199.27,0.98057,0.56133,23.271
199.48,0.98228,0.57411,23.271
199.64,0.98067,0.566,23.272
199.84,0.98001,0.55644,23.272
200.05,0.97966,0.54492,23.273
200.25,0.9788,0.55124,23.273
200.46,0.97969,0.55723,23.273
200.66,0.97672,0.55286,23.274
200.87,0.97785,0.55683,23.275
201.05,0.98051,0.55635,23.276
201.25,0.98144,0.55275,23.276
201.46,0.98053,0.56198,23.277
201.66,0.97902,0.56121,23.278
201.85,0.97975,0.54437,23.279
202.07,0.97957,0.54703,23.279
202.28,0.97969,0.56621,23.28
202.44,0.98022,0.56399,23.284
202.64,0.9781,0.54628,23.287
202.86,0.97933,0.54992,23.288
203.04,0.97896,0.55323,23.29
203.25,0.97934,0.5584,23.291
203.46,0.97971,0.55536,23.292
203.64,0.97988,0.55393,23.294
203.88,0.97882,0.55245,23.295
204.05,0.97855,0.5492,23.296
204.24,0.97843,0.5476,23.296
204.44,0.97887,0.54286,23.296
204.66,0.97923,0.5416,23.297
204.86,0.97737,0.5447,23.297
205.07,0.97826,0.54588,23.297
205.23,0.97803,0.54803,23.297
205.45,0.97978,0.54969,23.298
205.65,0.97978,0.54979,23.298
205.85,0.98094,0.55041,23.298
206.06,0.97879,0.54554,23.298
206.26,0.98096,0.55349,23.299
206.44,0.98055,0.55662,23.299
206.65,0.98025,0.55974,23.299
206.84,0.9805,0.56383,23.299
207.05,0.97897,0.55958,23.299
207.26,0.97975,0.55864,23.3
207.46,0.97919,0.5602,23.3
207.64,0.97939,0.55904,23.3
207.86,0.97868,0.54322,23.301
208.05,0.97976,0.53391,23.301
208.26,0.97679,0.51981,23.302
208.46,0.979,0.52827,23.302
208.64,0.97692,0.53357,23.303
208.85,0.97929,0.53418,23.304
209.05,0.98051,0.54765,23.304
209.25,0.97915,0.55108,23.305
209.45,0.97971,0.55783,23.305
209.67,0.97894,0.56124,23.307
209.84,0.9787,0.5633,23.309
210.04,0.98143,0.55843,23.311
210.26,0.98136,0.56215,23.313
210.46,0.98086,0.56698,23.314
210.7,0.97941,0.56191,23.315
210.84,0.97958,0.56183,23.316
211.05,0.98098,0.5662,23.317
211.25,0.98054,0.56296,23.318
211.43,0.97891,0.56591,23.319
211.65,0.98094,0.56636,23.32
211.91,0.9802,0.56661,23.32
212.08,0.98008,0.56579,23.321
212.23,0.98117,0.56772,23.322
212.46,0.98301,0.58549,23.322
212.65,0.98194,0.59011,23.323
212.83,0.98216,0.58724,23.323
213.05,0.981,0.58187,23.323
213.26,0.97894,0.56413,23.323
213.44,0.97974,0.55515,23.323
213.65,0.97876,0.55007,23.323
213.86,0.97809,0.53444,23.323
214.09,0.98044,0.55547,23.323
214.24,0.97916,0.54958,23.323
214.44,0.97889,0.5509,23.323
214.66,0.97884,0.55475,23.323
214.86,0.98045,0.55647,23.323
215.07,0.98063,0.55388,23.324
215.23,0.97793,0.54932,23.324
215.43,0.97863,0.54514,23.325
215.64,0.97952,0.54781,23.325
215.85,0.97672,0.54354,23.326
216.06,0.97898,0.55309,23.326
216.25,0.9791,0.55703,23.327
216.46,0.97993,0.54679,23.327
216.65,0.97964,0.54723,23.328
216.87,0.97817,0.55761,23.329
217.05,0.97754,0.54502,23.33
217.25,0.97854,0.53847,23.33
217.45,0.97801,0.54349,23.332
217.66,0.9801,0.55979,23.334
217.87,0.97877,0.55122,23.337
218.03,0.97854,0.54785,23.339
218.24,0.98079,0.55482,23.341
218.44,0.97914,0.55925,23.342
218.66,0.97954,0.55739,23.343
218.85,0.97874,0.55321,23.343
219.04,0.97921,0.54956,23.344
219.35,0.97839,0.5435,23.345
219.43,0.97938,0.54479,23.346
219.65,0.98044,0.55701,23.346
219.85,0.97957,0.55351,23.348
220.08,0.97856,0.54509,23.349
220.25,0.9799,0.53875,23.349
220.45,0.9783,0.54783,23.349
220.66,0.98027,0.54646,23.35
220.87,0.9789,0.53733,23.35
221.04,0.97821,0.5436,23.35
221.24,0.97921,0.55272,23.35
221.46,0.97931,0.55228,23.35
221.65,0.97876,0.54906,23.351
221.85,0.97796,0.55912,23.351
222.1,0.97812,0.54994,23.351
222.23,0.98026,0.54249,23.352
222.44,0.97505,0.5256,23.352
222.66,0.9796,0.5394,23.352
222.88,0.97861,0.53856,23.353
223.03,0.97913,0.53326,23.354
223.24,0.97689,0.53336,23.354
223.45,0.97539,0.53122,23.355
223.66,0.97725,0.52119,23.356
223.85,0.97778,0.52882,23.357
224.06,0.97857,0.53912,23.358
224.24,0.97666,0.52413,23.362
224.44,0.97777,0.51829,23.364
224.65,0.97856,0.53259,23.365
224.85,0.98056,0.54607,23.366
225.06,0.9791,0.53281,23.367
225.25,0.97755,0.52811,23.368
225.5,0.97923,0.53425,23.37
225.64,0.97746,0.53813,23.372
225.85,0.97849,0.53875,23.372
226.06,0.97899,0.53714,23.373
226.26,0.9789,0.53433,23.374
226.43,0.97871,0.53233,23.375
226.64,0.97904,0.53869,23.376
226.86,0.97875,0.54173,23.377
227.05,0.97894,0.53801,23.377
227.25,0.97841,0.53198,23.377
227.46,0.97912,0.52897,23.378
227.64,0.97958,0.53721,23.378
227.85,0.9795,0.5357,23.378
228.05,0.97601,0.52997,23.379
228.26,0.97829,0.53871,23.379
228.48,0.97908,0.54739,23.38
228.65,0.97929,0.54693,23.38
228.86,0.9787,0.5453,23.38
229.07,0.98043,0.55125,23.381
229.29,0.97976,0.54927,23.382
229.44,0.97879,0.54076,23.383
229.65,0.97887,0.5223,23.383
229.88,0.97781,0.53066,23.384
230.04,0.97793,0.53039,23.385
230.25,0.97856,0.53463,23.386
230.45,0.97801,0.54027,23.387
230.64,0.98004,0.54351,23.388
230.88,0.97952,0.54249,23.389
231.04,0.97734,0.53966,23.39
231.24,0.98016,0.55509,23.391
231.46,0.97962,0.54761,23.392
231.66,0.97848,0.54599,23.393
231.88,0.97961,0.54636,23.394
232.04,0.97997,0.5545,23.395
232.24,0.97865,0.55379,23.395
232.46,0.98042,0.55687,23.396
232.66,0.98051,0.56108,23.397
232.87,0.97981,0.56268,23.398
233.11,0.97971,0.56208,23.399
233.24,0.9804,0.56072,23.399
233.45,0.97982,0.56121,23.4
233.66,0.9809,0.55793,23.4
233.85,0.98096,0.5703,23.401
234.08,0.97999,0.57456,23.401
234.24,0.98113,0.5772,23.402
234.44,0.98026,0.57588,23.402
234.66,0.97941,0.56758,23.402
234.88,0.98044,0.55982,23.402
235.05,0.98135,0.55561,23.402
235.24,0.97957,0.55339,23.402
235.45,0.97844,0.54909,23.402
235.66,0.97942,0.54262,23.402
235.87,0.97713,0.54297,23.403
236.04,0.97877,0.54841,23.403
236.25,0.97837,0.54912,23.403
236.45,0.97963,0.55338,23.403
236.64,0.97792,0.54707,23.403
236.85,0.97859,0.5405,23.403
237.05,0.97775,0.54343,23.404
237.26,0.97862,0.53409,23.404
237.49,0.97645,0.52142,23.405
237.68,0.97718,0.51911,23.405
237.84,0.97562,0.52215,23.406
238.06,0.97839,0.51801,23.406
238.26,0.97672,0.52305,23.407
238.47,0.97834,0.53374,23.408
238.63,0.97782,0.52644,23.411
238.85,0.9771,0.5136,23.413
239.06,0.97469,0.51894,23.414
239.28,0.97749,0.51821,23.416
239.44,0.97671,0.51284,23.416
239.66,0.97456,0.5087,23.417
239.84,0.976,0.52029,23.417
240.06,0.97842,0.52798,23.418
240.24,0.97782,0.52677,23.419
240.5,0.97526,0.52196,23.419
240.67,0.97432,0.51724,23.42
240.85,0.97605,0.51366,23.421
241.05,0.97464,0.51141,23.422
241.25,0.97554,0.52261,23.424
241.46,0.97662,0.52049,23.425
241.63,0.97763,0.51479,23.426
241.84,0.97458,0.50887,23.427
242.06,0.97604,0.5223,23.427
242.25,0.97517,0.52505,23.427
242.46,0.97816,0.52655,23.428
242.73,0.97686,0.52413,23.428
242.84,0.97821,0.52737,23.428
243.04,0.97477,0.52254,23.428
243.24,0.97574,0.51469,23.428
243.52,0.97831,0.51679,23.429
243.65,0.97595,0.50967,23.429
243.86,0.97571,0.49751,23.429
244.06,0.97309,0.48096,23.43
244.26,0.97505,0.49422,23.43
244.47,0.9744,0.49675,23.431
244.67,0.97655,0.50007,23.431
244.84,0.97518,0.51213,23.432
245.04,0.97431,0.51206,23.433
245.26,0.976,0.50443,23.434
245.45,0.9745,0.50326,23.438
245.7,0.97583,0.51235,23.44
245.85,0.97542,0.49824,23.441
246.06,0.97612,0.48853,23.442
246.25,0.97514,0.49078,23.442
246.46,0.97489,0.50421,23.444
246.69,0.97424,0.49456,23.446
246.83,0.97528,0.48944,23.447
247.04,0.97373,0.49704,23.448
247.25,0.97494,0.50711,23.449
247.46,0.97587,0.50689,23.45
247.7,0.97496,0.50371,23.451
247.84,0.97418,0.50092,23.452
248.04,0.97537,0.49765,23.453
248.24,0.97344,0.49307,23.454
248.46,0.97656,0.50565,23.454
248.68,0.97543,0.50604,23.455
248.9,0.97555,0.4997,23.456
249.05,0.97551,0.4958,23.456
249.24,0.97444,0.50353,23.456
249.44,0.97546,0.50741,23.456
249.66,0.97558,0.51022,23.456
249.89,0.97533,0.49564,23.457
250.05,0.97508,0.50797,23.457
250.25,0.97485,0.51044,23.457
250.45,0.97434,0.50157,23.457
250.65,0.97542,0.49397,23.457
250.94,0.97419,0.49236,23.458
251.04,0.97355,0.48578,23.458
251.26,0.97397,0.47652,23.458
251.44,0.97167,0.47505,23.459
251.66,0.97157,0.47248,23.46
251.9,0.97269,0.48394,23.463
252.05,0.97161,0.48901,23.464
252.26,0.97668,0.50788,23.465
252.45,0.97543,0.51207,23.466
252.64,0.97532,0.5075,23.467
252.85,0.976,0.51483,23.468
253.05,0.97514,0.51229,23.469
253.26,0.97457,0.5066,23.47
253.46,0.97527,0.5054,23.471
253.64,0.97614,0.51247,23.472
253.84,0.9755,0.51738,23.473
254.04,0.97624,0.52021,23.474
254.28,0.9759,0.51241,23.476
254.44,0.97401,0.51744,23.477
254.65,0.97626,0.52243,23.477
254.85,0.97602,0.52244,23.478
255.04,0.97659,0.52199,23.478
255.25,0.97668,0.51879,23.479
255.44,0.97792,0.5187,23.48
255.66,0.97662,0.53102,23.481
255.86,0.97795,0.53583,23.481
256.06,0.97699,0.53438,23.481
256.24,0.97732,0.53317,23.481
256.45,0.97705,0.53027,23.481
256.66,0.97747,0.52188,23.481
256.86,0.97533,0.51909,23.482
257.08,0.97399,0.51228,23.482
257.25,0.97588,0.50167,23.482
257.46,0.97587,0.51103,23.482
257.64,0.97709,0.51417,23.482
257.83,0.9744,0.5152,23.482
258.04,0.97586,0.51469,23.482
258.23,0.97546,0.51452,23.482
258.46,0.97569,0.513,23.482
258.65,0.97802,0.51183,23.482
258.85,0.97631,0.51145,23.483
259.06,0.97448,0.50753,23.483
259.25,0.97746,0.51779,23.483
259.45,0.97839,0.51424,23.484
259.65,0.97505,0.51903,23.484
259.85,0.97558,0.50632,23.485
260.05,0.9735,0.51075,23.485
260.26,0.97556,0.48916,23.486
260.5,0.97207,0.48324,23.487
260.67,0.97065,0.47824,23.488
260.85,0.97297,0.49678,23.489
261.05,0.97295,0.48726,23.49
261.26,0.97526,0.48957,23.491
261.48,0.97345,0.49415,23.492
261.64,0.973,0.5005,23.493
261.84,0.97486,0.49294,23.494
262.05,0.97498,0.50581,23.495
262.26,0.97437,0.50697,23.496
262.47,0.97431,0.49371,23.497
262.64,0.97263,0.48633,23.497
262.84,0.97322,0.49135,23.498
263.06,0.97446,0.50206,23.499
263.26,0.9743,0.50244,23.5
263.46,0.97495,0.50175,23.501
263.64,0.97444,0.50039,23.502
263.85,0.97307,0.49441,23.503
264.06,0.97239,0.49114,23.504
264.26,0.97455,0.49693,23.504
264.43,0.97467,0.49662,23.505
264.64,0.97245,0.49249,23.505
264.86,0.97075,0.48761,23.505
265.06,0.97488,0.49557,23.505
265.24,0.97466,0.49945,23.506
265.43,0.97564,0.49964,23.506
265.65,0.9115,0.13839,23.506
265.85,0.95582,0.35289,23.506
266.05,0.953,0.32643,23.506
266.23,0.95281,0.31639,23.507
266.44,0.95367,0.31904,23.507
266.65,0.95219,0.30376,23.508
266.86,0.95046,0.29205,23.511
267.09,0.95123,0.29404,23.517
267.25,0.94899,0.29391,23.521
267.46,0.9504,0.29498,23.524
267.65,0.94717,0.27939,23.526
267.86,0.96004,0.35168,23.527
268.09,0.95945,0.37117,23.529
268.23,0.95904,0.3748,23.531
268.45,0.96333,0.37774,23.533
268.66,0.94871,0.29395,23.535
268.86,0.949,0.28973,23.537
269.04,0.94867,0.2866,23.539
269.32,0.95026,0.30219,23.542
269.44,0.95569,0.33417,23.544
269.65,0.95866,0.33704,23.545
269.83,0.95774,0.33962,23.545
270.04,0.95692,0.33537,23.546
270.26,0.95412,0.30735,23.546
270.45,0.95113,0.30556,23.546
270.64,0.94927,0.28934,23.547
270.86,0.94782,0.28403,23.547
271.06,0.94682,0.26383,23.547
271.25,0.94252,0.2418,23.547
271.45,0.94568,0.26594,23.547
271.65,0.95407,0.31731,23.548
271.86,0.95791,0.34427,23.55
272.04,0.96412,0.38444,23.551
272.32,0.97369,0.47604,23.553
272.45,0.97926,0.54742,23.554
272.65,0.98206,0.59001,23.555
272.84,0.98267,0.61809,23.556
273.03,0.98432,0.63973,23.557
273.25,0.98613,0.66228,23.558
273.45,0.98511,0.66076,23.559
273.66,0.98651,0.66955,23.56
273.9,0.98745,0.68085,23.561
274.05,0.98389,0.67969,23.562
274.25,0.98703,0.67696,23.563
274.45,0.98723,0.67536,23.564
274.7,0.9871,0.69052,23.566
274.83,0.9877,0.69074,23.567
275.05,0.98922,0.68615,23.567
275.28,0.98699,0.68239,23.568
275.47,0.98726,0.68136,23.569
275.71,0.9872,0.67708,23.57
275.85,0.98476,0.67313,23.57
276.05,0.98615,0.68661,23.571
276.25,0.98739,0.68527,23.572
276.43,0.98644,0.68308,23.572
276.66,0.98735,0.67638,23.572
276.86,0.98636,0.67857,23.573
277.06,0.98715,0.68177,23.573
277.25,0.98585,0.67602,23.573
277.46,0.98607,0.66793,23.573
277.66,0.98725,0.66018,23.573
277.85,0.98481,0.65811,23.573
278.07,0.98487,0.65293,23.574
278.24,0.98351,0.64314,23.574
278.45,0.98449,0.62779,23.575
278.66,0.98377,0.61178,23.576
278.89,0.98376,0.59717,23.577
279.04,0.98234,0.58431,23.578
279.25,0.98056,0.56512,23.578
279.46,0.98067,0.54811,23.579
279.64,0.98009,0.53475,23.58
279.88,0.97881,0.51828,23.58
280.11,0.9762,0.49974,23.581
280.24,0.97373,0.49005,23.582
280.45,0.97273,0.46883,23.583
280.65,0.97215,0.4514,23.583
280.92,0.9697,0.43494,23.584
281.03,0.96826,0.4274,23.585
281.26,0.96702,0.41422,23.586
281.46,0.96737,0.40821,23.586
281.64,0.96643,0.4074,23.587
281.86,0.9657,0.40166,23.588
282.07,0.96197,0.39173,23.589
282.24,0.96472,0.38047,23.59
282.45,0.96204,0.36991,23.59
282.65,0.93604,0.22513,23.591
282.83,0.94163,0.24082,23.592
283.03,0.9398,0.24753,23.593
283.25,0.94204,0.24729,23.595
283.46,0.94271,0.24636,23.597
283.65,0.94394,0.24604,23.599
283.85,0.94206,0.24563,23.601
284.05,0.94078,0.24635,23.602
284.25,0.942,0.24609,23.606
284.45,0.94854,0.29249,23.608
284.66,0.94813,0.28623,23.608
284.9,0.95291,0.30828,23.61
285.03,0.95901,0.33152,23.61
285.24,0.95488,0.31991,23.612
285.45,0.95547,0.31726,23.615
285.66,0.95443,0.32366,23.618
285.85,0.95514,0.32566,23.621
286.09,0.95686,0.32547,23.624
286.24,0.95473,0.32668,23.627
286.45,0.95591,0.32463,23.628
286.66,0.95649,0.3255,23.63
286.84,0.95514,0.32878,23.631
287.03,0.95771,0.32799,23.631
287.24,0.95642,0.33709,23.632
287.45,0.95804,0.33703,23.632
287.64,0.9588,0.34641,23.632
287.86,0.95729,0.33554,23.633
288.1,0.95152,0.29571,23.633
288.24,0.94897,0.28446,23.633
288.44,0.95129,0.29944,23.633
288.72,0.96517,0.40209,23.633
288.84,0.96695,0.4335,23.634
289.04,0.97395,0.47077,23.634
289.25,0.97139,0.47638,23.634
289.45,0.97292,0.48707,23.635
289.64,0.97661,0.49314,23.635
289.86,0.97421,0.49526,23.636
290.05,0.97652,0.50776,23.639
290.25,0.95157,0.30892,23.641
290.47,0.92657,0.18509,23.642
290.7,0.93192,0.20379,23.644
290.84,0.93227,0.20803,23.645
291.04,0.93242,0.20669,23.648
291.24,0.93312,0.20509,23.651
291.43,0.93242,0.20387,23.654
291.65,0.93232,0.2034,23.656
291.85,0.93049,0.20342,23.659
292.04,0.93235,0.20865,23.66
292.25,0.93535,0.21867,23.662
292.45,0.93823,0.22844,23.664
292.68,0.93428,0.21077,23.665
292.92,0.9309,0.19533,23.666
293.05,0.93463,0.21504,23.666
293.24,0.92884,0.18529,23.667
293.49,0.92847,0.19392,23.668
293.64,0.9317,0.1951,23.669
293.84,0.93084,0.19775,23.67
294.06,0.93153,0.20227,23.671
294.23,0.93364,0.20364,23.674
294.44,0.93209,0.20732,23.683
294.64,0.92834,0.18465,23.689
294.85,0.92954,0.20243,23.692
295.06,0.93237,0.20419,23.695
295.3,0.93315,0.2012,23.698
295.46,0.93278,0.20228,23.7
295.64,0.93504,0.21101,23.702
295.85,0.93494,0.22081,23.704
296.05,0.93724,0.22067,23.705
296.26,0.93539,0.21594,23.706
296.44,0.9379,0.23473,23.708
296.66,0.93705,0.23033,23.709
296.95,0.93839,0.23064,23.711
297.05,0.9345,0.21904,23.711
297.26,0.93021,0.20055,23.712
297.48,0.9284,0.18845,23.713
297.63,0.92514,0.17342,23.714
297.86,0.93088,0.19777,23.715
298.05,0.9306,0.19249,23.715
298.31,0.93003,0.19644,23.717
298.44,0.93153,0.20124,23.718
298.66,0.92652,0.18619,23.719
298.85,0.92811,0.18449,23.719
299.08,0.92675,0.18774,23.72
299.23,0.93028,0.1981,23.721
299.45,0.92731,0.19267,23.722
299.66,0.92879,0.18828,23.723
299.88,0.92567,0.18618,23.724
300.05,0.92772,0.19048,23.725
300.25,0.92614,0.18682,23.726
300.46,0.92525,0.18208,23.727
300.63,0.92576,0.17816,23.728
300.85,0.92247,0.1752,23.729
301.06,0.92367,0.17275,23.729
301.28,0.92263,0.17059,23.73
301.43,0.92455,0.17299,23.731
301.65,0.92285,0.17334,23.732
301.84,0.92427,0.17469,23.732
302.13,0.9233,0.17493,23.732
302.24,0.92592,0.17661,23.732
302.44,0.92756,0.18639,23.732
302.65,0.92961,0.19668,23.733
302.84,0.93026,0.19865,23.733
303.07,0.92972,0.19207,23.733
303.26,0.92755,0.18855,23.733
303.45,0.92774,0.18627,23.733
303.68,0.92881,0.20087,23.733
303.83,0.92982,0.20132,23.733
304.06,0.93133,0.19975,23.733
304.27,0.92933,0.19961,23.734
304.45,0.93205,0.20623,23.734
304.64,0.93336,0.20979,23.734
304.85,0.93106,0.21123,23.735
305.05,0.93294,0.20994,23.735
305.26,0.93409,0.21982,23.736
305.45,0.93668,0.22621,23.736
305.65,0.93866,0.2325,23.737
305.89,0.93776,0.2305,23.737
306.03,0.93637,0.22963,23.738
306.26,0.93841,0.22893,23.741
306.46,0.93747,0.22579,23.742
306.65,0.93633,0.22572,23.743
306.85,0.93701,0.22659,23.744
307.04,0.93587,0.22332,23.745
307.25,0.93399,0.22153,23.745
307.43,0.93467,0.22514,23.746
307.66,0.93896,0.22394,23.747
307.86,0.94047,0.24457,23.747
308.07,0.94189,0.25291,23.747
308.24,0.9425,0.25458,23.747
308.46,0.94269,0.25285,23.747
308.66,0.94368,0.24955,23.747
308.83,0.94038,0.24761,23.747
309.03,0.94198,0.25248,23.747
309.26,0.94243,0.24543,23.748
309.44,0.94276,0.23933,23.748
309.63,0.93939,0.23818,23.748
309.84,0.93909,0.23591,23.749
310.05,0.94044,0.23429,23.749
310.28,0.9381,0.23025,23.75
310.53,0.93992,0.23241,23.751
310.65,0.94065,0.23186,NaN
310.84,0.94031,0.23342,23.754
311.06,0.93914,0.23476,23.754
311.27,0.94173,0.24925,23.755
311.48,0.94162,0.25192,23.755
311.65,0.94002,0.25672,23.755
311.85,0.94518,0.2585,23.756
312.05,0.93932,0.23502,23.756
312.25,0.93777,0.23474,23.756
312.46,0.94124,0.24325,23.756
312.67,0.93888,0.24391,23.756
312.91,0.93948,0.23179,23.756
313.05,0.93835,0.22708,23.757
313.26,0.93372,0.22127,23.757
313.48,0.93355,0.21572,23.758
313.64,0.93521,0.21064,23.758
313.84,0.93315,0.20631,23.759
314.05,0.9339,0.20412,23.759
314.24,0.93117,0.20025,23.76
314.45,0.93172,0.19897,23.761
314.65,0.92873,0.1945,23.761
314.83,0.92931,0.19372,23.762
315.09,0.92992,0.1885,23.766
315.25,0.92595,0.18289,23.768
315.44,0.92507,0.17733,23.769
315.65,0.92714,0.17987,23.77
315.84,0.92596,0.18006,23.771
316.06,0.92585,0.18139,23.773
316.25,0.92555,0.17975,23.774
316.45,0.92828,0.18273,23.776
316.66,0.92743,0.18293,23.777
316.86,0.92982,0.18196,23.777
317.07,0.92808,0.18001,23.778
317.32,0.92913,0.17795,23.78
317.45,0.92648,0.17825,23.78
317.65,0.92574,0.17703,23.781
317.86,0.9264,0.17794,23.781
318.11,0.92699,0.17754,23.782
318.25,0.92764,0.17742,23.782
318.46,0.92463,0.17459,23.782
318.69,0.92577,0.17899,23.783
318.84,0.92614,0.17676,23.783
319.06,0.92446,0.17531,23.783
319.24,0.92498,0.17126,23.783
319.46,0.92368,0.17333,23.784
319.72,0.92588,0.17824,23.784
319.84,0.92435,0.17827,23.784
320.05,0.92675,0.18083,23.784
320.26,0.92749,0.18721,23.784
320.49,0.9298,0.19175,23.785
320.69,0.93255,0.19795,23.785
320.84,0.93265,0.20337,23.786
321.04,0.93307,0.20617,23.786
321.24,0.93382,0.21078,23.786
321.46,0.93393,0.21543,23.787
321.66,0.9369,0.2187,23.788
321.83,0.93673,0.22274,23.791
322.05,0.93724,0.22648,23.793
322.23,0.94008,0.22854,23.795
322.45,0.94,0.23382,23.796
322.68,0.94125,0.2403,23.797
322.85,0.94021,0.24261,23.798
323.03,0.94069,0.2405,23.799
323.26,0.94131,0.23666,23.799
323.46,0.94401,0.25378,23.8
323.64,0.94882,0.27497,23.801
323.85,0.94875,0.27952,23.801
324.05,0.94821,0.27782,23.802
324.29,0.95073,0.29683,23.802
324.43,0.95129,0.30482,23.803
324.64,0.95299,0.31357,23.803
324.85,0.95359,0.30825,23.805
325.04,0.95099,0.30641,23.806
325.25,0.95349,0.31302,23.806
325.43,0.95357,0.31388,23.807
325.65,0.9548,0.31726,23.808
325.84,0.95388,0.32165,23.808
326.08,0.95647,0.32711,23.809
326.25,0.95529,0.32733,23.81
326.45,0.95411,0.32729,23.811
326.66,0.95539,0.32751,23.811
326.86,0.95271,0.3255,23.811
327.04,0.9564,0.32657,23.812
327.23,0.95449,0.32083,23.812
327.45,0.95284,0.31014,23.812
327.66,0.9528,0.30888,23.812
327.87,0.95464,0.30994,23.812
328.04,0.95683,0.32206,23.812
328.23,0.95972,0.35068,23.813
328.46,0.9601,0.35677,23.813
328.68,0.95826,0.33648,23.813
328.84,0.95205,0.31361,23.813
329.03,0.9529,0.30852,23.813
329.27,0.95414,0.32256,23.813
329.44,0.95719,0.34372,23.813
329.64,0.95984,0.35695,23.813
329.84,0.95992,0.35349,23.813
330.04,0.95869,0.35571,23.813
330.26,0.95992,0.36333,23.813
330.44,0.96105,0.37383,23.814
330.65,0.96204,0.37073,23.815
330.85,0.96031,0.36761,23.817
331.07,0.95901,0.35885,23.818
331.28,0.96085,0.35507,23.819
331.45,0.96025,0.3524,23.819
331.64,0.96028,0.35612,23.819
331.86,0.96002,0.35763,23.82
332.05,0.96085,0.35861,23.82
332.26,0.96118,0.35667,23.821
332.43,0.96024,0.35157,23.821
332.64,0.9596,0.34468,23.821
332.9,0.95778,0.33594,23.822
333.03,0.95673,0.33056,23.823
333.25,0.95825,0.31901,23.823
333.45,0.95533,0.31584,23.823
333.63,0.95531,0.3152,23.824
333.86,0.95417,0.31412,23.825
334.08,0.95517,0.31169,23.825
334.25,0.95415,0.31137,23.826
334.43,0.95378,0.31086,23.827
334.66,0.95438,0.31059,23.83
334.92,0.9565,0.31298,23.832
335.04,0.95399,0.30934,23.832
335.25,0.95249,0.30573,23.833
335.45,0.95325,0.29639,23.833
335.66,0.95114,0.28511,23.833
335.91,0.94654,0.27494,23.834
336.04,0.94697,0.27017,23.834
336.24,0.94306,0.25142,23.834
336.46,0.94445,0.25026,23.834
336.66,0.9458,0.25451,23.835
336.85,0.94623,0.25523,23.835
337.03,0.94136,0.23822,23.835
337.25,0.94054,0.23307,23.835
337.5,0.93682,0.22035,23.836
337.65,0.93221,0.20552,23.836
337.85,0.9322,0.19626,23.837
338.04,0.93363,0.20119,23.837
338.24,0.93134,0.19749,23.838
338.45,0.932,0.19702,23.838
338.65,0.93194,0.19944,23.839
338.84,0.93232,0.19937,23.842
339.05,0.92914,0.18764,23.845
339.26,0.93017,0.18686,23.846
339.44,0.9303,0.1921,23.847
339.65,0.92797,0.18807,23.848
339.85,0.92726,0.18237,23.848
340.06,0.92814,0.19116,23.849
340.24,0.92904,0.18931,23.849
340.44,0.92426,0.18088,23.85
340.65,0.92467,0.175,23.85
340.86,0.92772,0.18514,23.851
341.08,0.92949,0.19171,23.852
341.25,0.9304,0.19373,23.855
341.45,0.93043,0.19457,23.856
341.66,0.92941,0.19516,23.857
341.91,0.92849,0.19447,23.859
342.04,0.93022,0.19643,23.86
342.26,0.93165,0.19609,23.86
342.45,0.93034,0.19544,23.861
342.75,0.92893,0.18904,23.861
342.85,0.92842,0.18635,23.862
343.05,0.92893,0.19211,23.862
343.25,0.93054,0.1976,23.862
343.5,0.9322,0.19565,23.862
343.63,0.93178,0.19304,23.863
343.84,0.93219,0.20144,23.863
344.03,0.93292,0.20666,23.863
344.24,0.93373,0.21184,23.864
344.49,0.93468,0.21187,23.865
344.64,0.9368,0.21718,23.865
344.85,0.93684,0.22288,23.866
345.06,0.93675,0.22304,23.866
345.25,0.94025,0.23335,23.866
345.46,0.94155,0.24399,23.867
345.65,0.94482,0.25643,23.867
345.85,0.94572,0.26151,23.868
346.04,0.94605,0.27179,23.868
346.26,0.94761,0.28315,23.869
346.43,0.94799,0.28683,23.869
346.64,0.94985,0.29143,23.87
346.86,0.94997,0.29799,23.871
347.05,0.95271,0.30145,23.871
347.23,0.95222,0.30756,23.872
347.45,0.95264,0.31035,23.873
347.74,0.95475,0.31868,23.874
347.83,0.9545,0.32283,23.875
348.04,0.95667,0.33055,23.875
348.23,0.95778,0.33275,23.876
348.44,0.95714,0.33479,23.88
348.65,0.95494,0.33577,23.882
348.86,0.95563,0.33515,23.884
349.04,0.9577,0.33545,23.885
349.24,0.95825,0.33489,23.886
349.46,0.95794,0.33473,23.886
349.67,0.95904,0.33652,23.887
349.84,0.95827,0.33687,23.888
350.05,0.95724,0.33592,23.889
350.25,0.95731,0.33626,23.889
350.47,0.95652,0.34227,23.89
350.63,0.95827,0.34314,23.89
350.86,0.95818,0.34213,23.89
351.04,0.95756,0.35034,23.89
351.26,0.96109,0.3622,23.89
351.49,0.95981,0.36336,23.89
351.64,0.959,0.35993,23.89
351.84,0.96159,0.36199,23.89
352.08,0.9602,0.37022,23.891
352.26,0.96257,0.37383,23.891
352.45,0.96293,0.37464,23.891
352.7,0.96275,0.38051,23.892
352.83,0.96329,0.37709,23.892
353.04,0.96362,0.37194,23.893
353.24,0.96308,0.37115,23.893
353.45,0.9626,0.37325,23.894
353.65,0.9644,0.38122,23.895
353.88,0.96145,0.38532,23.895
354.03,0.96384,0.3886,23.896
354.25,0.96388,0.39702,23.896
354.45,0.96452,0.39604,23.897
354.7,0.96341,0.39808,23.898
354.85,0.96614,0.39972,23.898
355.06,0.96593,0.40355,23.899
355.26,0.96417,0.40119,23.9
355.47,0.96516,0.39846,23.9
355.73,0.96439,0.39352,23.901
355.85,0.96513,0.39281,23.902
356.05,0.96352,0.39324,23.903
356.25,0.96495,0.3925,23.906
356.53,0.96467,0.39319,23.908
356.66,0.96271,0.39133,23.909
356.84,0.96507,0.39238,23.909
357.09,0.96629,0.39833,23.91
357.25,0.96331,0.39814,23.911
357.46,0.96425,0.39275,23.911
357.67,0.96415,0.39536,23.911
357.83,0.96375,0.40229,23.911
358.04,0.9663,0.40681,23.912
358.25,0.96349,0.40327,23.912
358.46,0.96284,0.40331,23.912
358.72,0.96427,0.40412,23.912
358.85,0.96535,0.40253,23.912
359.05,0.96314,0.40487,23.912
359.24,0.96589,0.40493,23.912
359.48,0.96438,0.40499,23.912
359.66,0.96549,0.40158,23.913
359.85,0.96357,0.38836,23.913
360.05,0.96213,0.38112,23.913
360.26,0.96151,0.37936,23.914
360.45,0.96114,0.37901,23.914
360.65,0.96096,0.37903,23.915
360.85,0.96493,0.38497,23.916
361.05,0.96366,0.38483,23.919
361.3,0.96116,0.3809,23.922
361.45,0.9639,0.38168,23.923
361.65,0.96319,0.38383,23.923
361.86,0.96345,0.38291,23.924
362.05,0.96372,0.37919,23.926
362.23,0.96412,0.38732,23.927
362.44,0.96269,0.38913,23.928
362.64,0.96158,0.3763,23.929
362.86,0.96074,0.37213,23.93
363.11,0.9596,0.37895,23.931
363.25,0.96365,0.38295,23.932
363.45,0.96246,0.38475,23.933
363.72,0.96105,0.38299,23.934
363.84,0.96211,0.38352,23.935
364.04,0.96312,0.38262,23.936
364.25,0.96328,0.38124,23.936
364.52,0.96308,0.38627,23.937
364.63,0.96409,0.38526,23.938
364.85,0.96273,0.38117,23.938
365.04,0.9624,0.37255,23.938
365.24,0.96197,0.37782,23.938
365.44,0.96272,0.38361,23.938
365.7,0.96207,0.37808,23.939
365.84,0.9616,0.37415,23.939
366.05,0.96044,0.37966,23.939
366.26,0.96271,0.38589,23.939
366.47,0.96287,0.39152,23.939
366.64,0.96432,0.38717,23.939
366.84,0.96305,0.3892,23.94
367.04,0.96435,0.37944,23.94
367.23,0.96033,0.36961,23.941
367.45,0.96064,0.3712,23.943
367.64,0.9622,0.37945,23.945
367.85,0.96317,0.38142,23.946
368.08,0.96394,0.38349,23.947
368.24,0.96017,0.3816,23.947
368.43,0.96066,0.38053,23.948
368.65,0.96159,0.37873,23.948
368.86,0.95974,0.377,23.948
369.05,0.96204,0.37825,23.949
369.25,0.96568,0.38695,23.949
369.45,0.96514,0.39326,23.95
369.68,0.96344,0.39742,23.95
369.84,0.96599,0.39819,23.951
370.06,0.96522,0.39571,23.951
370.27,0.96657,0.39969,23.951
370.45,0.96544,0.40085,23.952
370.64,0.96475,0.40274,23.952
370.86,0.96582,0.3969,23.953
371.05,0.96459,0.39162,23.956
371.33,0.96298,0.38817,23.958
371.45,0.96356,0.39085,23.96
371.64,0.96481,0.40361,23.96
371.9,0.96605,0.40875,23.961
372.04,0.96687,0.41041,23.961
372.26,0.96633,0.40756,23.962
372.44,0.96434,0.40959,23.962
372.63,0.96666,0.40655,23.963
372.86,0.96772,0.41112,23.963
373.06,0.96569,0.41139,23.964
373.25,0.96543,0.41054,23.964
373.45,0.96628,0.40756,23.965
373.65,0.96591,0.40213,23.965
373.86,0.96504,0.41026,23.965
374.04,0.96555,0.41043,23.966
374.26,0.96541,0.41,23.966
374.44,0.96565,0.40636,23.967
374.7,0.96532,0.41153,23.968
374.85,0.96568,0.40756,23.969
375.05,0.96512,0.40416,23.969
375.32,0.96323,0.4059,23.97
375.43,0.96526,0.4055,23.971
375.66,0.96504,0.40345,23.972
375.83,0.9628,0.39256,23.973
376.09,0.96187,0.38553,23.974
376.23,0.96157,0.38881,23.975
376.46,0.9643,0.38852,23.975
376.66,0.96474,0.3899,23.976
376.84,0.96554,0.39992,23.977
377.04,0.96673,0.40369,23.978
377.25,0.96653,0.40563,23.979
377.43,0.96433,0.40286,23.98
377.64,0.96631,0.40615,23.98
377.85,0.96525,0.40881,23.981
378.04,0.96467,0.41087,23.982
378.25,0.96592,0.41268,23.983
378.45,0.96742,0.41078,23.983
378.63,0.96605,0.40753,23.984
378.92,0.96422,0.41042,23.985
379.09,0.96692,0.41238,23.986
379.26,0.9673,0.41362,23.986
379.46,0.96614,0.41311,23.986
379.66,0.96629,0.41283,23.987
379.91,0.96484,0.41,23.987
380.04,0.96792,0.41137,23.988
380.29,0.96601,0.42164,23.988
380.46,0.96847,0.42623,23.988
380.64,0.96732,0.42638,23.988
380.87,0.96889,0.42523,23.989
381.04,0.96738,0.42151,23.989
381.26,0.96485,0.40863,23.989
381.44,0.96405,0.40352,23.989
381.63,0.96397,0.40186,23.99
381.86,0.96473,0.39806,23.99
382.03,0.96434,0.39506,23.99
382.24,0.96547,0.40585,23.99
382.45,0.96534,0.40572,23.99
382.63,0.96455,0.4009,23.99
382.85,0.96591,0.40689,23.991
383.09,0.96307,0.40384,23.991
383.25,0.9641,0.40089,23.992
383.46,0.96521,0.40013,23.993
383.7,0.96341,0.39214,23.995
383.86,0.96204,0.38884,23.996
384.03,0.96362,0.38519,23.997
384.29,0.96416,0.39894,23.998
384.44,0.96583,0.40383,23.999
384.64,0.96385,0.39943,24
384.9,0.96609,0.40958,24.002
385.05,0.96521,0.4095,24.002
385.26,0.96627,0.4005,24.003
385.46,0.96357,0.4001,24.004
385.65,0.96762,0.41051,24.005
385.84,0.96664,0.41664,24.006
386.04,0.96512,0.40854,24.007
386.23,0.96773,0.40893,24.008
386.45,0.96658,0.41696,24.008
386.69,0.96884,0.41986,24.009
386.84,0.96857,0.4177,24.009
387.04,0.96528,0.41728,24.009
387.25,0.96483,0.41353,24.01
387.52,0.96566,0.41468,24.011
387.63,0.96671,0.41882,24.011
387.84,0.96646,0.42091,24.011
388.06,0.9678,0.42084,24.012
388.26,0.96589,0.41749,24.012
388.44,0.96641,0.41,24.013
388.64,0.96567,0.41943,24.013
388.85,0.96587,0.42046,24.014
389.09,0.96651,0.42116,24.014
389.25,0.96419,0.41004,24.015
389.45,0.96357,0.41601,24.015
389.66,0.96632,0.41876,24.015
389.83,0.96867,0.41526,24.016
390.06,0.96637,0.41182,24.016
390.25,0.96662,0.41205,24.017
390.46,0.96548,0.40415,24.02
390.69,0.9652,0.39233,24.021
390.86,0.9656,0.40143,24.022
391.03,0.96462,0.39987,24.023
391.26,0.96429,0.40763,24.024
391.45,0.96434,0.41355,24.026
391.64,0.96334,0.41756,24.027
391.85,0.96784,0.42392,24.028
392.03,0.96451,0.41795,24.029
392.26,0.96866,0.43335,24.029
392.46,0.96632,0.43013,24.03
392.69,0.96702,0.42426,24.031
392.85,0.96888,0.42697,24.032
393.06,0.96872,0.43843,24.033
393.29,0.971,0.44041,24.035
393.45,0.97098,0.43712,24.036
393.63,0.96961,0.43982,24.036
393.85,0.97036,0.4482,24.037
394.04,0.96955,0.45336,24.038
394.24,0.96993,0.45312,24.039
394.43,0.97028,0.45243,24.04
394.65,0.97033,0.45108,24.041
394.86,0.97043,0.44892,24.042
395.06,0.97127,0.45227,24.042
395.25,0.969,0.4546,24.043
395.46,0.97161,0.45316,24.043
395.65,0.97186,0.4517,24.043
395.87,0.97045,0.44985,24.044
396.03,0.97167,0.4594,24.044
396.26,0.96757,0.45744,24.044
396.5,0.97089,0.45893,24.044
396.65,0.97121,0.4602,24.044
396.83,0.97278,0.47321,24.044
397.05,0.97143,0.47159,24.045
397.24,0.97221,0.46898,24.045
397.44,0.97171,0.47325,24.045
397.66,0.97333,0.47746,24.046
397.92,0.97393,0.47078,24.046
398.05,0.97346,0.46445,24.046
398.23,0.97156,0.46168,24.047
398.45,0.97272,0.4655,24.047
398.64,0.97342,0.47006,24.048
398.87,0.97209,0.47742,24.049
399.03,0.97446,0.48264,24.049
399.25,0.97397,0.48526,24.05
399.45,0.97465,0.48783,24.051
399.65,0.97776,0.4951,24.051
399.84,0.97621,0.49675,24.052
400.05,0.97486,0.49943,24.053
400.24,0.97488,0.49743,24.055
400.43,0.97743,0.50604,24.058
400.64,0.97324,0.50436,24.06
400.87,0.97564,0.50295,24.061
401.04,0.97504,0.50446,24.063
401.25,0.97516,0.50578,24.064
401.47,0.97607,0.50787,24.065
401.65,0.97688,0.50718,24.066
401.84,0.9764,0.50635,24.067
402.06,0.97444,0.50585,24.068
402.24,0.97546,0.50508,24.068
402.45,0.97754,0.5083,24.069
402.65,0.9775,0.51308,24.07
402.85,0.97777,0.51422,24.07
403.04,0.97662,0.51286,24.07
403.3,0.9764,0.51257,24.07
403.44,0.9751,0.51119,24.07
403.65,0.97618,0.50815,24.07
403.85,0.97715,0.50561,24.071
404.12,0.9773,0.50908,24.071
404.25,0.97535,0.50656,24.071
404.45,0.9762,0.5035,24.071
404.69,0.9769,0.508,24.071
404.85,0.97453,0.51644,24.071
405.05,0.97478,0.52199,24.071
405.27,0.97595,0.52195,24.071
405.45,0.97651,0.51878,24.071
405.65,0.97725,0.5216,24.072
405.89,0.97709,0.52028,24.072
406.04,0.97753,0.52137,24.072
406.25,0.9762,0.52077,24.073
406.44,0.97863,0.5142,24.073
406.69,0.97653,0.51359,24.074
406.84,0.9766,0.5133,24.074
407.05,0.97602,0.52042,24.075
407.26,0.97852,0.52843,24.076
407.49,0.97747,0.53285,24.076
407.66,0.9775,0.53086,24.077
407.85,0.97883,0.53247,24.077
408.09,0.9784,0.53775,24.078
408.24,0.97751,0.53614,24.079
408.46,0.97852,0.5352,24.08
408.64,0.97841,0.53791,24.083
408.84,0.97924,0.54075,24.085
409.09,0.9774,0.53811,24.087
409.25,0.97597,0.53871,24.088
409.46,0.97851,0.53718,24.089
409.71,0.97897,0.53633,24.09
409.83,0.97681,0.53624,24.091
410.05,0.98009,0.54142,24.091
410.25,0.97737,0.54073,24.092
410.43,0.97781,0.53954,24.092
410.66,0.97946,0.53437,24.093
410.85,0.97823,0.54148,24.093
411.11,0.97996,0.54087,24.093
411.25,0.97762,0.53854,24.093
411.43,0.97857,0.53814,24.093
411.68,0.97878,0.54846,24.094
411.86,0.97962,0.54566,24.094
412.04,0.98098,0.54202,24.095
412.25,0.97627,0.54031,24.096
412.5,0.97886,0.53714,24.096
412.65,0.97666,0.52847,24.097
412.83,0.97791,0.5209,24.098
413.07,0.9752,0.52009,24.099
413.25,0.97683,0.52095,24.1
413.44,0.9776,0.52834,24.101
413.66,0.97795,0.52856,24.102
413.85,0.97854,0.53366,24.103
414.04,0.97689,0.53636,24.104
414.26,0.97903,0.53712,24.105
414.53,0.97826,0.54338,24.106
414.64,0.97888,0.54751,24.107
414.86,0.9793,0.54035,24.108
415.03,0.97951,0.54258,24.109
415.25,0.9809,0.54515,24.11
415.45,0.9789,0.54887,24.111
415.69,0.98095,0.5463,24.112
415.85,0.97978,0.54615,24.112
416.04,0.97926,0.55224,24.113
416.24,0.98057,0.55539,24.113
416.45,0.97812,0.55596,24.114
416.73,0.98087,0.55448,24.114
416.85,0.97973,0.5529,24.115
417.03,0.97993,0.55174,24.115
417.24,0.98006,0.55241,24.116
417.52,0.97907,0.55665,24.116
417.66,0.98061,0.55701,24.117
417.85,0.98006,0.55447,24.117
418.08,0.97986,0.55309,24.117
418.26,0.98076,0.55852,24.118
418.43,0.97918,0.55824,24.12
418.66,0.98104,0.55807,24.121
418.85,0.97881,0.55793,24.121
419.05,0.98126,0.56889,24.122
419.3,0.98181,0.56455,24.122
419.44,0.98146,0.56267,24.122
419.64,0.98084,0.56314,24.123
419.85,0.98137,0.56698,24.123
420.05,0.97973,0.55981,24.123
420.26,0.98064,0.55053,24.124
420.48,0.98079,0.54699,24.124
420.66,0.98026,0.54844,24.125
420.85,0.98024,0.55149,24.125
421.12,0.98177,0.55935,24.126
421.24,0.97896,0.56309,24.127
421.45,0.97985,0.56629,24.127
421.68,0.98178,0.56473,24.127
421.83,0.98061,0.56952,24.128
422.04,0.98074,0.57101,24.129
422.26,0.98081,0.569,24.13
422.51,0.98052,0.56458,24.132
422.65,0.98179,0.56906,24.134
422.84,0.98239,0.56789,24.136
423.13,0.97987,0.55488,24.138
423.24,0.97912,0.55173,24.14
423.45,0.98002,0.55612,24.141
423.67,0.97875,0.5579,24.142
423.84,0.98014,0.55778,24.143
424.05,0.97957,0.55835,24.144
424.24,0.97941,0.55906,24.144
424.44,0.97972,0.5563,24.145
424.66,0.97996,0.5573,24.145
424.84,0.98169,0.56071,24.145
425.04,0.98105,0.56078,24.146
425.24,0.97955,0.55793,24.146
425.5,0.97916,0.55211,24.147
425.65,0.98128,0.55383,24.147
425.84,0.98128,0.55712,24.147
426.08,0.98006,0.55339,24.147
426.24,0.97818,0.55491,24.148
426.46,0.98008,0.55945,24.148
426.67,0.98093,0.55711,24.148
426.84,0.97897,0.561,24.148
427.04,0.98034,0.55958,24.149
427.25,0.97866,0.56042,24.149
427.45,0.98127,0.55852,24.149
427.65,0.98116,0.55815,24.15
427.86,0.98047,0.56428,24.15
428.03,0.97973,0.55921,24.151
428.25,0.98057,0.55065,24.151
428.52,0.97928,0.54208,24.152
428.66,0.97907,0.54348,24.152
428.86,0.97462,0.54519,24.153
429.05,0.97961,0.55182,24.154
429.3,0.98077,0.55657,24.154
429.44,0.97972,0.55789,24.155
429.65,0.97942,0.5571,24.155
429.94,0.98091,0.55757,24.159
430.06,0.9808,0.55739,24.16
430.24,0.98049,0.55995,24.161
430.44,0.97908,0.55567,24.162
430.66,0.97987,0.55568,24.163
430.88,0.98117,0.55545,24.164
431.03,0.98095,0.55501,24.165
431.25,0.97956,0.55243,24.166
431.45,0.97862,0.55245,24.166
431.65,0.97951,0.54938,24.167
431.83,0.97865,0.55001,24.168
432.04,0.97938,0.54907,24.168
432.25,0.97968,0.55441,24.169
432.45,0.98075,0.55289,24.169
432.66,0.97982,0.55137,24.169
432.86,0.98082,0.55079,24.17
433.07,0.97916,0.5529,24.17
433.26,0.9796,0.55562,24.17
433.43,0.97956,0.54877,24.17
433.65,0.97977,0.54774,24.17
433.9,0.97784,0.54745,24.17
434.03,0.97943,0.54514,24.17
434.25,0.98102,0.54373,24.17
434.49,0.98028,0.5406,24.171
434.64,0.97896,0.54333,24.171
434.83,0.97879,0.53462,24.171
435.04,0.97697,0.52323,24.172
435.25,0.97838,0.51925,24.172
435.49,0.97752,0.52051,24.173
435.66,0.97709,0.52634,24.173
435.86,0.97919,0.52858,24.174
436.09,0.97888,0.53818,24.174
436.24,0.9794,0.54001,24.175
436.44,0.97861,0.53324,24.176
436.63,0.97907,0.54008,24.177
436.84,0.97997,0.55295,24.177
437.04,0.97805,0.54382,24.178
437.28,0.97935,0.5423,24.179
437.44,0.98087,0.54699,24.18
437.63,0.98099,0.55117,24.181
437.9,0.97987,0.54409,24.184
438.05,0.97812,0.5422,24.187
438.24,0.98002,0.54885,24.189
438.52,0.98094,0.55439,24.191
438.65,0.98113,0.55497,24.192
438.86,0.98048,0.55282,24.192
439.1,0.98012,0.55099,24.194
439.24,0.97982,0.55136,24.195
439.44,0.9793,0.55007,24.195
439.69,0.9805,0.55453,24.196
439.84,0.97885,0.55201,24.197
440.06,0.97953,0.55021,24.197
440.29,0.97921,0.5468,24.197
440.45,0.98086,0.55266,24.197
440.64,0.98037,0.55238,24.198
440.86,0.97952,0.55727,24.198
441.05,0.98035,0.55539,24.198
441.26,0.98035,0.56188,24.198
441.46,0.97981,0.56068,24.198
441.65,0.97888,0.55391,24.198
441.84,0.98056,0.54781,24.199
442.04,0.97978,0.55503,24.199
442.25,0.97891,0.54822,24.199
442.45,0.97677,0.53412,24.2
442.68,0.97848,0.53046,24.2
442.86,0.97829,0.53454,24.201
443.05,0.9808,0.53433,24.201
443.33,0.9796,0.54435,24.202
443.45,0.97738,0.54702,24.202
443.66,0.98036,0.5509,24.203
443.93,0.97913,0.54536,24.204
444.05,0.97889,0.54716,24.205
444.24,0.97915,0.55692,24.205
444.45,0.97896,0.55742,24.207
444.65,0.97906,0.55215,24.21
444.87,0.97853,0.55542,24.212
445.04,0.98021,0.55229,24.214
445.25,0.97896,0.54236,24.215
445.5,0.97939,0.53401,24.216
445.65,0.97812,0.53927,24.217
445.85,0.97796,0.54615,24.218
446.05,0.97876,0.54554,24.22
446.24,0.97933,0.54369,24.221
446.44,0.97843,0.54206,24.222
446.74,0.97613,0.54054,24.223
446.85,0.97997,0.53876,24.224
447.09,0.97904,0.54616,24.224
447.25,0.97859,0.54333,24.224
447.46,0.97894,0.54145,24.225
447.71,0.97811,0.53937,24.225
447.84,0.97809,0.53729,24.226
448.04,0.97771,0.53715,24.226
448.33,0.9798,0.53337,24.226
448.45,0.97731,0.53458,24.226
448.65,0.97888,0.52927,24.226
448.85,0.97862,0.52956,24.226
449.04,0.97855,0.53398,24.226
449.28,0.98069,0.54254,24.226
449.44,0.97754,0.53813,24.226
449.64,0.97681,0.54327,24.226
449.85,0.97956,0.54855,24.226
450.04,0.97722,0.54257,24.226
450.26,0.97831,0.53754,24.226
450.46,0.97666,0.53776,24.227
450.74,0.9781,0.53215,24.227
450.85,0.97729,0.53244,24.227
451.13,0.97403,0.50072,24.228
451.24,0.97363,0.50376,24.229
451.47,0.9775,0.50558,24.229
451.63,0.97574,0.51191,24.23
451.84,0.97736,0.5286,24.23
452.08,0.978,0.53628,24.231
452.24,0.97693,0.53882,24.232
452.44,0.9789,0.54146,24.235
452.65,0.97874,0.54229,24.236
452.84,0.97787,0.54331,24.238
453.06,0.9781,0.54514,24.239
453.24,0.97837,0.54493,24.24
453.44,0.98002,0.54747,24.241
453.68,0.97801,0.54365,24.242
453.85,0.97885,0.53854,24.242
454.04,0.97759,0.54247,24.243
454.27,0.97808,0.53945,24.244
454.45,0.97545,0.53855,24.245
454.64,0.97882,0.5372,24.245
454.87,0.97852,0.53941,24.247
455.04,0.97813,0.53778,24.247
455.26,0.97852,0.53819,24.248
455.46,0.97836,0.5406,24.248
455.65,0.9806,0.55706,24.248
455.84,0.9781,0.5595,24.248
456.07,0.98086,0.55867,24.249
456.25,0.97808,0.55456,24.249
456.44,0.97799,0.53797,24.249
456.65,0.97686,0.52658,24.249
456.85,0.97756,0.52009,24.249
457.04,0.97543,0.51134,24.249
457.28,0.97723,0.51931,24.249
457.44,0.97784,0.51619,24.249
457.67,0.97594,0.51346,24.249
457.84,0.97627,0.51036,24.249
458.04,0.97413,0.51911,24.25
458.26,0.97577,0.51069,24.25
458.45,0.97577,0.50687,24.25
458.66,0.97551,0.49814,24.25
458.86,0.97204,0.49533,24.251
459.04,0.97335,0.49077,24.252
459.23,0.97322,0.4965,24.252
459.48,0.9765,0.52398,24.253
459.64,0.97848,0.5241,24.253
459.83,0.97623,0.51395,24.254
460.08,0.97506,0.51349,24.255
460.25,0.97558,0.51986,24.256
460.46,0.97655,0.51502,24.256
460.73,0.97614,0.51994,24.26
460.85,0.97602,0.52905,24.262
461.06,0.97783,0.53265,24.264
461.25,0.97585,0.52551,24.265
461.45,0.97674,0.52282,24.266
461.64,0.97684,0.53002,24.267
461.85,0.97885,0.5423,24.268
462.04,0.97745,0.53998,24.269
462.24,0.9764,0.53672,24.27
462.43,0.97798,0.53721,24.271
462.63,0.97941,0.53435,24.272
462.85,0.97625,0.53345,24.273
463.06,0.97745,0.54408,24.274
463.25,0.98031,0.54362,24.274
463.44,0.97815,0.53947,24.275
463.71,0.97831,0.52819,24.275
463.85,0.97718,0.52906,24.275
464.04,0.97661,0.53038,24.275
464.3,0.97759,0.53087,24.276
464.45,0.97684,0.52327,24.276
464.65,0.97715,0.53261,24.276
464.92,0.97703,0.52387,24.276
465.04,0.97695,0.52229,24.276
465.26,0.97595,0.51459,24.276
465.53,0.97673,0.52434,24.277
465.64,0.97424,0.52137,24.277
465.85,0.97702,0.51489,24.277
466.07,0.97577,0.50732,24.278
466.24,0.97615,0.5049,24.279
466.45,0.97663,0.50942,24.279
466.7,0.97581,0.51353,24.28
466.85,0.97613,0.52915,24.28
467.06,0.97761,0.52977,24.281
467.24,0.97644,0.5198,24.282
467.44,0.97502,0.52054,24.284
467.65,0.9758,0.52264,24.287
467.84,0.97472,0.51575,24.289
468.03,0.97474,0.52104,24.29
468.34,0.97676,0.53271,24.291
468.44,0.9767,0.53617,24.292
468.65,0.97678,0.53318,24.293
468.95,0.97719,0.52835,24.295
469.04,0.97683,0.53551,NaN
469.3,0.97902,0.54443,24.297
469.45,0.97731,0.5439,24.298
469.66,0.97858,0.54618,24.298
469.92,0.98,0.54214,24.299
470.04,0.97824,0.54234,24.3
470.24,0.97861,0.54107,24.301
470.44,0.97873,0.54989,24.302
470.64,0.97888,0.54976,24.302
470.88,0.9794,0.54656,24.303
471.05,0.97836,0.54467,24.303
471.26,0.97694,0.54149,24.303
471.46,0.97713,0.54375,24.303
471.65,0.9774,0.53568,24.304
471.86,0.97615,0.53418,24.304
472.06,0.98064,0.55213,24.304
472.25,0.97845,0.54652,24.304
472.46,0.97779,0.54349,24.304
472.66,0.97997,0.53933,24.305
472.85,0.97913,0.54333,24.305
473.06,0.97758,0.53983,24.305
473.26,0.97811,0.5342,24.306
473.45,0.97626,0.52358,24.306
473.66,0.97852,0.52857,24.306
473.86,0.97656,0.52477,24.307
474.05,0.97798,0.5323,24.308
474.26,0.98017,0.54554,24.309
474.44,0.97659,0.54885,24.312
474.64,0.97865,0.55221,24.313
474.85,0.97708,0.54892,24.315
475.04,0.97896,0.55348,24.316
475.23,0.9792,0.54584,24.317
475.53,0.97648,0.53856,24.319
475.64,0.97667,0.54171,NaN
475.83,0.97886,0.54757,24.32
476.06,0.97852,0.54208,24.321
476.3,0.97578,0.53939,24.322
476.45,0.97923,0.53732,24.322
476.72,0.98032,0.53884,24.323
476.84,0.97789,0.53919,24.323
477.06,0.97951,0.53938,24.323
477.25,0.9793,0.5367,24.324
477.44,0.97857,0.5354,24.324
477.65,0.97912,0.53532,24.325
477.89,0.97672,0.5512,24.325
478.12,0.9804,0.55243,24.326
478.25,0.97745,0.55171,24.326
478.44,0.97838,0.54657,24.326
478.63,0.97801,0.54447,24.326
478.85,0.97911,0.54029,24.327
479.1,0.97709,0.53641,24.327
479.26,0.97805,0.53163,24.327
479.44,0.9776,0.52547,24.328
479.64,0.97797,0.52746,24.328
479.87,0.97577,0.52543,24.328
480.1,0.97625,0.53292,24.328
480.23,0.97844,0.53307,24.329
480.46,0.97604,0.52419,24.329
480.65,0.978,0.52577,24.329
480.87,0.97667,0.52774,24.33
481.04,0.97636,0.52731,24.33
481.24,0.97695,0.52328,24.331
481.48,0.97527,0.51612,24.331
481.66,0.97429,0.50157,24.331
481.84,0.97429,0.49226,24.332
482.05,0.97431,0.49587,24.332
482.25,0.97436,0.50286,24.333
482.58,0.97639,0.52113,24.336
482.64,0.97725,0.51733,24.338
482.88,0.9773,0.51279,24.339
483.04,0.97732,0.51338,24.34
483.24,0.97666,0.51982,24.341
483.44,0.97502,0.52162,24.342
483.7,0.97513,0.51689,24.344
483.85,0.97577,0.52017,24.345
484.04,0.97745,0.52662,24.346
484.27,0.97953,0.52957,24.346
484.45,0.97626,0.52961,24.347
484.66,0.97873,0.52863,24.348
484.87,0.97778,0.52891,24.349
485.04,0.97802,0.52721,24.35
485.25,0.97715,0.53658,24.35
485.51,0.97766,0.53575,24.351
485.66,0.97786,0.5339,24.352
485.84,0.97853,0.53438,24.352
486.1,0.97716,0.53245,24.352
486.26,0.9788,0.53132,24.352
486.46,0.97871,0.52791,24.352
486.75,0.97857,0.52167,24.353
486.84,0.97692,0.52016,NaN
487.05,0.9775,0.51991,24.353
487.29,0.97507,0.5213,24.353
487.46,0.9761,0.51651,24.353
487.65,0.97527,0.51416,24.353
487.88,0.97829,0.51673,24.353
488.04,0.97685,0.52282,24.353
488.23,0.97645,0.51309,24.353
488.44,0.97576,0.50864,24.353
488.66,0.97535,0.50952,24.354
488.83,0.97532,0.51061,24.354
489.05,0.97558,0.49574,24.354
489.3,0.97288,0.46801,24.355
489.45,0.97186,0.47334,24.355
489.64,0.97526,0.50021,24.356
489.89,0.97522,0.49217,24.357
490.04,0.97679,0.49467,24.357
490.24,0.97293,0.50325,24.358
490.52,0.97751,0.5067,24.361
490.64,0.97513,0.50229,24.364
490.84,0.9762,0.50777,24.364
491.07,0.97729,0.51693,24.366
491.24,0.97624,0.52101,24.366
491.44,0.97594,0.51368,24.367
491.66,0.97594,0.52082,24.368
491.84,0.97608,0.52672,24.368
492.03,0.97738,0.52066,24.369
492.3,0.97629,0.51404,24.37
492.45,0.97644,0.51594,24.37
492.65,0.97766,0.52083,24.371
492.84,0.97549,0.52155,24.372
493.13,0.9753,0.52043,24.376
493.26,0.97792,0.51955,24.377
493.43,0.97804,0.51921,24.377
493.66,0.97672,0.51649,24.378
493.83,0.97696,0.52591,24.379
494.04,0.97725,0.52647,24.38
494.28,0.97631,0.51911,24.381
494.45,0.97752,0.51718,24.381
494.65,0.9781,0.51965,24.381
494.84,0.97839,0.52488,24.381
495.11,0.97593,0.52175,24.381
495.24,0.97792,0.51607,24.382
495.44,0.97793,0.52761,24.382
495.69,0.97814,0.52589,24.382
495.84,0.97821,0.52582,24.382
496.04,0.97819,0.52531,24.382
496.24,0.97716,0.52952,24.383
496.53,0.97706,0.52043,24.383
496.64,0.97513,0.51197,24.384
496.9,0.97627,0.50349,24.384
497.04,0.97494,0.50593,24.387
497.24,0.97442,0.51509,24.388
497.44,0.97696,0.51599,24.389
497.65,0.9761,0.51995,24.39
497.93,0.97794,0.52358,24.392
498.06,0.97565,0.52078,24.393
498.29,0.97642,0.52602,24.394
498.44,0.97585,0.5344,24.395
498.66,0.97821,0.53565,24.396
498.84,0.97974,0.52686,24.396
499.06,0.97676,0.52814,24.397
499.31,0.97815,0.53663,24.398
499.44,0.9767,0.53276,24.4
499.68,0.97873,0.52468,24.4
499.86,0.97686,0.51783,24.402
500.03,0.97811,0.52556,24.402
500.29,0.97755,0.52522,24.403
500.45,0.97798,0.52526,24.404
500.65,0.97665,0.52267,24.405
500.87,0.97761,0.52395,24.406
501.04,0.97715,0.52199,24.407
501.24,0.97999,0.54008,24.407
501.46,0.97951,0.54333,24.407
501.65,0.97831,0.54222,24.407
501.84,0.97936,0.53949,24.408
502.1,0.97568,0.52601,24.408
502.26,0.97588,0.51671,24.408
502.45,0.9756,0.50881,24.408
502.65,0.97618,0.49703,24.408
502.84,0.97471,0.49834,24.408
503.08,0.97396,0.49694,24.408
503.25,0.97332,0.50388,24.408
503.44,0.97548,0.50321,24.408
503.7,0.97568,0.51734,24.408
503.84,0.97839,0.51523,24.409
504.04,0.97491,0.51394,24.409
504.24,0.97511,0.51209,24.409
504.46,0.97541,0.51343,24.41
504.63,0.97641,0.50832,24.412
504.83,0.97589,0.50933,24.413
505.09,0.97559,0.49952,24.414
505.26,0.97397,0.49548,24.415
505.46,0.97407,0.48966,24.415
505.65,0.97358,0.49132,24.415
505.85,0.97694,0.50438,24.416
506.04,0.975,0.50353,24.416
506.36,0.97587,0.5117,24.417
506.44,0.97825,0.5102,24.417
506.65,0.97717,0.50994,24.418
506.84,0.97618,0.51498,24.418
507.06,0.97626,0.50965,24.419
507.36,0.97535,0.5077,24.419
507.46,0.97653,0.51109,24.42
507.75,0.97611,0.51355,24.421
507.85,0.97785,0.51213,24.421
508.07,0.97658,0.51231,24.421
508.23,0.97656,0.50984,24.423
508.44,0.97483,0.50737,24.426
508.71,0.97667,0.51546,24.427
508.85,0.97774,0.51679,24.428
509.05,0.97714,0.51508,24.428
509.25,0.97623,0.50705,24.429
509.44,0.97525,0.50502,24.429
509.7,0.97641,0.50971,24.43
509.85,0.97486,0.50072,24.43
510.04,0.97662,0.49818,24.431
510.27,0.97558,0.50132,24.431
510.57,0.97519,0.50543,24.432
510.66,0.97469,0.5065,24.432
510.86,0.97628,0.50446,24.432
511.04,0.97586,0.50169,24.433
511.25,0.97546,0.50297,24.433
511.52,0.97316,0.47909,24.435
511.63,0.97295,0.47607,24.436
511.87,0.97472,0.48787,24.436
512.04,0.97329,0.48536,24.437
512.23,0.97355,0.47927,24.438
512.52,0.97404,0.49197,24.44
512.64,0.97449,0.49773,24.441
512.83,0.97417,0.49528,24.442
513.04,0.97265,0.49743,24.443
513.26,0.97579,0.50406,24.444
513.49,0.97474,0.50537,24.445
513.65,0.97684,0.50409,24.445
513.86,0.97591,0.51115,24.446
514.13,0.97722,0.52347,24.448
514.23,0.97646,0.51526,24.448
514.45,0.97455,0.50863,24.449
514.68,0.9759,0.51256,24.451
514.84,0.97558,0.51493,24.452
515.06,0.97636,0.51637,24.452
515.29,0.97631,0.5166,24.453
515.44,0.9769,0.51403,24.453
515.65,0.97529,0.5133,24.453
515.89,0.97469,0.50849,24.454
516.05,0.97614,0.51741,24.454
516.25,0.97595,0.51932,24.455
516.47,0.97308,0.51749,24.455
516.63,0.97459,0.51028,24.455
516.85,0.97462,0.50874,24.456
517.07,0.97439,0.51252,24.456
517.25,0.97724,0.52028,24.456
517.45,0.97621,0.51159,24.457
517.68,0.97825,0.52479,24.457
517.85,0.97682,0.52491,24.457
518.04,0.9788,0.52494,24.457
518.31,0.9769,0.52282,24.458
518.44,0.97727,0.5285,24.458
518.69,0.97716,0.51978,24.459
518.85,0.97604,0.51199,24.459
519.05,0.97513,0.49531,24.46
519.23,0.97709,0.50751,24.462
519.44,0.97655,0.51594,24.464
519.69,0.97515,0.51143,24.465
519.84,0.9745,0.5108,24.466
520.05,0.97482,0.50381,24.467
520.3,0.97354,0.50233,24.469
520.45,0.97419,0.50147,24.47
520.67,0.97478,0.5005,24.47
520.84,0.97513,0.50002,24.471
521.07,0.97635,0.50139,24.471
521.24,0.97742,0.51766,24.472
521.44,0.97683,0.52369,24.472
521.63,0.97779,0.52973,24.472
521.86,0.97751,0.51723,24.472
522.09,0.97661,0.51765,24.473
522.25,0.97603,0.51877,24.473
522.44,0.97507,0.51815,24.474
522.68,0.97641,0.51032,24.476
522.85,0.97455,0.50303,24.477
523.05,0.97198,0.49151,24.478
523.35,0.97289,0.48092,24.479
523.45,0.97305,0.48926,24.48
523.73,0.97407,0.4966,24.481
523.84,0.97395,0.4984,24.482
524.15,0.97377,0.50799,24.483
524.26,0.97721,0.51054,24.484
524.46,0.97691,0.51081,24.484
524.64,0.9763,0.51251,24.485
524.86,0.97549,0.5165,24.485
525.1,0.97696,0.51588,24.486
525.25,0.97632,0.51438,24.486
525.44,0.97512,0.51556,24.486
525.72,0.9749,0.50704,24.487
525.85,0.97674,0.51167,24.487
526.06,0.97713,0.51361,24.487
526.26,0.97423,0.5075,24.487
526.45,0.97646,0.51201,24.487
526.7,0.97513,0.50302,24.487
526.85,0.97479,0.50457,24.487
527.06,0.97543,0.51273,24.488
527.25,0.97425,0.51198,24.488
527.46,0.97566,0.51177,24.488
527.65,0.97619,0.50652,24.488
527.84,0.97617,0.50976,24.489
528.04,0.97714,0.50511,24.489
528.25,0.97558,0.50051,24.49
528.53,0.97354,0.4897,24.49
528.64,0.9735,0.4914,24.491
528.84,0.972,0.4827,24.491
529.04,0.97317,0.48922,24.492
529.25,0.97528,0.49461,24.492
529.45,0.97555,0.50318,24.493
529.66,0.9742,0.50176,24.493
529.83,0.97489,0.50031,24.494
530.05,0.97551,0.50563,24.495
530.25,0.97522,0.50821,24.496
530.46,0.97544,0.50421,24.496
530.71,0.97468,0.5054,24.497
530.84,0.97481,0.50667,24.498
531.1,0.97598,0.50523,24.499
531.25,0.9735,0.50443,24.502
531.44,0.97541,0.5032,24.503
531.74,0.97651,0.5011,24.505
531.83,0.97803,0.50163,24.505
532.03,0.97632,0.50263,24.505
532.25,0.97767,0.51074,24.506
532.46,0.97674,0.51034,24.506
532.68,0.97626,0.50866,24.507
532.85,0.97624,0.50235,24.507
533.06,0.97415,0.50424,24.507
533.31,0.9734,0.50038,24.508
533.44,0.97419,0.49421,24.508
533.72,0.97377,0.49433,24.508
533.85,0.97367,0.4892,24.508
534.06,0.97535,0.48937,24.508
534.25,0.97246,0.48416,24.509
534.44,0.97239,0.48257,24.509
534.72,0.97281,0.4836,24.509
534.85,0.9739,0.47853,24.51
535.11,0.96943,0.46547,24.51
535.23,0.97231,0.46426,24.511
535.47,0.97168,0.46697,24.512
535.65,0.97411,0.46657,24.515
535.84,0.97363,0.47929,24.515
536.05,0.97402,0.49196,24.517
536.24,0.97579,0.49574,24.518
536.51,0.9746,0.49315,24.519
536.65,0.97549,0.49968,24.52
536.84,0.97577,0.503,24.522
537.09,0.97472,0.48696,24.523
537.25,0.97321,0.48612,24.524
537.44,0.97283,0.49136,24.524
537.66,0.97369,0.50493,24.525
537.85,0.97421,0.49904,24.525
538.04,0.97473,0.4985,24.526
538.24,0.97433,0.50656,24.526
538.52,0.9759,0.51256,24.527
538.65,0.97641,0.51178,24.527
538.84,0.9781,0.50944,24.528
539.04,0.9742,0.50701,24.528
539.25,0.97434,0.50488,24.529
539.44,0.97644,0.50314,24.529
539.66,0.97683,0.51525,24.53
539.95,0.9781,0.51448,24.531
540.05,0.97527,0.5129,24.531
540.24,0.97437,0.50361,24.532
540.44,0.97463,0.51003,24.532
540.68,0.97625,0.51016,24.533
540.84,0.97675,0.5065,24.534
541.05,0.97384,0.49582,24.534
541.33,0.97573,0.50878,24.534
541.44,0.97327,0.50253,24.535
541.65,0.97344,0.50086,24.535
541.85,0.97512,0.50069,24.536
542.04,0.97663,0.50357,24.536
542.3,0.97448,0.48732,24.538
542.44,0.97415,0.48134,24.54
542.63,0.97162,0.4736,24.541
542.83,0.97022,0.47659,24.542
543.06,0.9719,0.47985,24.543
543.28,0.97374,0.48828,24.544
543.45,0.97425,0.50074,24.546
543.63,0.97564,0.50678,24.547
543.95,0.97516,0.50375,24.547
544.05,0.97503,0.51089,24.548
544.29,0.97621,0.51233,24.548
544.44,0.97465,0.49924,24.549
544.66,0.97463,0.4984,24.55
544.94,0.97672,0.51145,24.553
545.05,0.97706,0.51229,24.554
545.25,0.976,0.50802,24.555
545.45,0.9775,0.50941,24.555
545.67,0.97623,0.51671,24.556
545.85,0.9773,0.52032,24.557
546.04,0.97718,0.52075,24.558
546.23,0.97534,0.5182,24.559
546.44,0.97677,0.5144,24.56
546.64,0.97821,0.51355,24.561
546.84,0.9773,0.51265,24.562
547.05,0.97543,0.52006,24.562
547.3,0.97574,0.52085,24.563
547.45,0.9754,0.51812,24.563
547.64,0.97623,0.5142,24.564
547.85,0.97571,0.51981,24.564
548.04,0.97806,0.52357,24.564
548.32,0.97646,0.51934,24.565
548.44,0.97753,0.51976,24.565
548.66,0.97892,0.52893,24.565
548.85,0.97699,0.53043,24.565
549.05,0.97764,0.52793,24.565
549.32,0.97858,0.52554,24.565
549.45,0.97797,0.53038,24.565
549.71,0.97686,0.52261,24.566
549.85,0.97668,0.5174,24.566
550.06,0.97362,0.50389,24.567
550.33,0.97605,0.50498,24.567
550.43,0.97558,0.50134,24.567
550.66,0.97546,0.5009,24.568
550.91,0.97851,0.51697,24.569
551.06,0.97747,0.52099,24.569
551.25,0.97668,0.52235,24.57
551.43,0.97649,0.52155,24.57
551.64,0.97797,0.53224,24.571
551.93,0.97644,0.52866,24.572
552.05,0.97572,0.52781,24.573
552.24,0.97743,0.5266,24.573
552.44,0.97535,0.52557,24.575
552.65,0.97597,0.52318,24.578
552.85,0.97631,0.52283,24.58
553.06,0.97584,0.52572,24.581
553.25,0.97904,0.52734,24.582
553.45,0.97829,0.52608,24.583
553.69,0.97682,0.52488,24.584
553.85,0.9766,0.52301,24.585
554.05,0.97408,0.52143,24.586
554.23,0.97701,0.5218,24.586
554.45,0.9785,0.54131,24.587
554.76,0.97861,0.54494,24.587
554.85,0.97786,0.54317,24.587
555.05,0.97861,0.54163,24.587
555.26,0.97887,0.53272,24.587
555.45,0.97621,0.51788,24.588
555.64,0.97585,0.51108,24.588
555.95,0.97321,0.49556,24.588
556.04,0.9734,0.49122,24.588
556.23,0.97464,0.4863,24.588
556.44,0.97537,0.50286,24.588
556.7,0.97449,0.49665,24.588
556.85,0.9727,0.49541,24.588
557.1,0.97468,0.49209,24.588
557.24,0.97068,0.49169,24.588
557.45,0.97248,0.49012,24.588
557.63,0.97412,0.49143,24.589
557.84,0.97626,0.49378,24.589
558.04,0.97277,0.49466,24.59
558.24,0.97355,0.49932,24.59
558.49,0.97642,0.50153,24.59
558.66,0.97878,0.5064,24.591
558.86,0.97278,0.4821,24.591
559.04,0.97139,0.476,24.592
559.25,0.9721,0.4746,24.592
559.47,0.97337,0.49756,24.593
559.64,0.97207,0.49408,24.593
559.84,0.97403,0.49032,24.594
560.08,0.97297,0.47547,24.594
560.24,0.97344,0.48284,24.595
560.45,0.97389,0.48656,24.595
560.65,0.97336,0.48721,24.596
560.84,0.97445,0.49461,24.597
561.04,0.97563,0.50716,24.597
561.25,0.97629,0.50933,24.598
561.51,0.97451,0.50503,24.6
561.66,0.97596,0.50598,24.604
561.84,0.97478,0.50447,24.606
562.06,0.97608,0.50488,24.607
562.24,0.97567,0.49758,24.608
562.43,0.97248,0.49374,24.609
562.66,0.97325,0.49131,24.61
562.91,0.97399,0.4852,24.611
563.05,0.97503,0.50458,24.613
563.26,0.97523,0.50498,24.613
563.43,0.97244,0.50241,24.613
563.64,0.97528,0.49027,24.613
563.89,0.97288,0.48988,24.614
564.04,0.97412,0.49176,24.614
564.23,0.97315,0.49586,24.614
564.45,0.97366,0.48398,24.614
564.65,0.97125,0.48361,24.614
564.84,0.97277,0.49113,24.615
565.06,0.97458,0.48878,24.615
565.24,0.97422,0.4889,24.615
565.46,0.97329,0.49034,24.615
565.73,0.9726,0.48267,24.616
565.84,0.97383,0.47697,24.616
566.07,0.97271,0.4588,24.616
566.25,0.97066,0.46657,24.617
566.45,0.97323,0.47211,24.617
566.64,0.97253,0.47572,24.618
566.86,0.9713,0.47938,24.619
567.09,0.97438,0.47981,24.62
567.24,0.97161,0.46991,24.62
567.49,0.97334,0.476,24.621
567.65,0.97551,0.4849,24.622
567.84,0.9732,0.48583,24.623
568.04,0.97336,0.47708,24.623
568.26,0.97302,0.48318,24.625
568.46,0.97279,0.4972,24.626
568.63,0.97514,0.50156,24.628
568.85,0.97388,0.49366,24.631
569.11,0.97525,0.49925,24.633
569.25,0.97532,0.50489,24.634
569.5,0.97594,0.50794,24.636
569.64,0.97474,0.5071,24.637
569.85,0.97526,0.50295,24.637
570.04,0.97484,0.50021,24.638
570.25,0.97518,0.49788,24.64
570.44,0.97496,0.50766,24.64
570.64,0.97495,0.51047,24.641
570.85,0.97695,0.50813,24.641
571.07,0.97567,0.5022,24.642
571.25,0.97424,0.49076,24.642
571.54,0.97284,0.49844,24.642
571.63,0.97318,0.4932,NaN
571.87,0.97252,0.48891,24.642
572.04,0.97638,0.49796,24.642
572.24,0.97409,0.50244,24.643
572.44,0.97405,0.49906,24.643
572.65,0.97335,0.49921,24.643
572.92,0.97623,0.5078,24.643
573.06,0.97512,0.5074,24.643
573.26,0.97503,0.50557,24.644
573.44,0.973,0.48809,24.644
573.78,0.97514,0.49025,24.645
573.84,0.9754,0.48746,NaN
574.14,0.97437,0.49727,24.646
574.23,0.97337,0.49256,NaN
574.49,0.97641,0.5103,24.647
574.66,0.97532,0.50566,24.648
574.84,0.97207,0.49947,24.648
575.03,0.97395,0.50432,24.649
575.25,0.97617,0.50014,24.65
575.45,0.97512,0.49838,24.654
575.64,0.97314,0.48671,24.656
575.9,0.97544,0.49408,24.658
576.03,0.97489,0.49358,24.659
576.25,0.97345,0.49655,24.659
576.43,0.97542,0.50301,24.661
576.64,0.97522,0.50391,24.661
576.9,0.97626,0.50496,24.662
577.04,0.97574,0.50326,24.662
577.24,0.97702,0.50082,24.663
577.44,0.97543,0.50088,24.663
577.64,0.97409,0.50196,24.664
577.84,0.97478,0.51331,24.665
578.04,0.9757,0.51779,24.666
578.31,0.97799,0.51633,24.666
578.43,0.97535,0.51496,24.667
578.67,0.97503,0.51176,24.667
578.84,0.97574,0.50466,24.667
579.04,0.97505,0.50116,24.667
579.24,0.97415,0.50072,24.667
579.44,0.9731,0.49118,24.667
579.79,0.97245,0.48219,24.667
579.85,0.97532,0.48288,24.667
580.17,0.9744,0.49068,24.667
580.24,0.97391,0.48875,NaN
580.49,0.97328,0.49065,24.667
580.63,0.97499,0.48961,24.668
580.85,0.97158,0.48987,24.668
581.1,0.97287,0.48806,24.668
581.25,0.97033,0.48159,24.669
581.46,0.97199,0.47405,24.669
581.65,0.97286,0.46894,24.67
581.85,0.9723,0.47047,24.67
582.04,0.97324,0.47103,24.67
582.25,0.97136,0.46911,24.671
582.5,0.97337,0.48143,24.672
582.64,0.97263,0.47821,24.672
582.84,0.9706,0.47586,24.673
583.04,0.97362,0.47406,24.674
583.24,0.97396,0.48539,24.674
583.45,0.97598,0.49802,24.676
583.64,0.9726,0.49507,24.679
583.9,0.97393,0.49809,24.682
584.03,0.97377,0.50155,24.683
584.24,0.97645,0.5048,24.683
584.45,0.97427,0.50228,24.684
584.66,0.97389,0.4994,24.686
584.92,0.9735,0.49564,24.687
585.05,0.97422,0.49265,24.687
585.27,0.97432,0.50313,24.688
585.44,0.97453,0.5047,24.688
585.63,0.9761,0.50378,24.689
585.92,0.97392,0.4901,24.689
586.04,0.97137,0.48107,24.69
586.25,0.97433,0.49018,24.691
586.45,0.97135,0.48513,24.691
586.65,0.97244,0.47891,24.691
586.84,0.97213,0.48413,24.691
587.11,0.9725,0.48825,24.692
587.25,0.97418,0.48677,24.692
587.49,0.97191,0.47968,24.692
587.64,0.97381,0.48705,24.692
587.85,0.97533,0.49242,24.692
588.03,0.97363,0.48274,24.693
588.25,0.96945,0.46451,24.693
588.45,0.97265,0.46968,24.694
588.64,0.97123,0.47173,24.694
588.85,0.9718,0.48253,24.695
589.03,0.97213,0.48279,24.695
589.24,0.97235,0.4849,24.696
589.44,0.97334,0.47776,24.697
589.65,0.97173,0.47393,24.697
589.84,0.97051,0.48411,24.698
590.15,0.96985,0.48445,24.699
590.26,0.9719,0.48187,24.7
590.46,0.97213,0.48532,24.702
590.65,0.97289,0.49673,24.704
590.88,0.97475,0.50346,24.706
591.04,0.97629,0.49863,24.708
591.29,0.97564,0.50211,24.71
591.45,0.97571,0.50754,24.711
591.65,0.97366,0.50989,24.712
591.86,0.97517,0.50842,24.713
592.09,0.97499,0.50501,24.714
592.25,0.97456,0.50174,24.715
592.49,0.97413,0.4996,24.716
592.65,0.97412,0.50855,24.717
592.89,0.9768,0.51063,24.718
593.04,0.97724,0.51008,24.718
593.27,0.97676,0.50077,24.718
593.44,0.97409,0.49423,24.718
593.72,0.97433,0.50155,24.719
593.84,0.97235,0.49554,24.719
594.09,0.97335,0.49328,24.719
594.23,0.97303,0.49822,24.719
594.45,0.97392,0.50441,24.719
594.64,0.9747,0.49715,24.719
594.85,0.97268,0.49684,24.72
595.06,0.97267,0.50312,24.72
595.26,0.97656,0.50621,24.72
595.44,0.97503,0.50248,24.721
595.66,0.97228,0.48457,24.721
595.85,0.97237,0.49065,24.721
596.05,0.9739,0.48969,24.722
596.26,0.97335,0.50006,24.723
596.44,0.97498,0.50447,24.723
596.64,0.9761,0.50961,24.724
596.93,0.97549,0.50107,24.725
597.05,0.97339,0.49842,NaN
597.38,0.97411,0.49942,24.729
597.44,0.97478,0.4968,24.732
597.73,0.97331,0.4893,24.733
597.84,0.97535,0.48873,24.734
598.15,0.97234,0.48893,24.735
598.25,0.97421,0.48904,24.736
598.5,0.97368,0.4917,24.737
598.64,0.97271,0.49307,24.738
598.86,0.97475,0.49151,24.739
599.03,0.97477,0.49111,24.74
599.3,0.97098,0.48929,24.741
599.44,0.97441,0.48923,24.741
599.69,0.97292,0.48128,24.742
599.85,0.97198,0.48919,24.742
600.06,0.9728,0.49469,24.742
600.23,0.976,0.50343,24.742
600.46,0.97631,0.50525,24.742
600.64,0.97488,0.50631,24.743
600.85,0.97385,0.5056,24.743
601.06,0.97418,0.50548,24.743
601.24,0.97551,0.50358,24.743
601.44,0.97553,0.51297,24.744
601.64,0.9754,0.51551,24.744
601.83,0.97692,0.51709,24.744
602.06,0.97616,0.51228,24.744
602.23,0.9742,0.50897,24.745
602.46,0.97435,0.48909,24.745
602.74,0.97189,0.46818,24.745
602.85,0.9716,0.46389,NaN
603.03,0.97206,0.45959,24.745
603.24,0.971,0.45614,24.745
603.46,0.97098,0.46881,24.746
603.65,0.97182,0.46321,24.746
603.84,0.97192,0.46345,24.746
604.05,0.97095,0.45513,24.746
604.25,0.9699,0.44919,24.747
604.44,0.96897,0.44088,24.747
604.65,0.96799,0.44327,24.747
604.86,0.96609,0.43926,24.748
605.04,0.96836,0.44111,24.748
605.24,0.96847,0.44738,24.749
605.46,0.97102,0.44941,24.75
605.66,0.96795,0.44215,24.75
605.83,0.97128,0.44744,24.751
606.04,0.96927,0.45671,24.752
606.24,0.97073,0.46021,24.754
606.44,0.96988,0.46005,24.756
606.65,0.97172,0.46157,24.757
606.84,0.97004,0.45917,24.758
607.06,0.97175,0.45654,24.758
607.23,0.97157,0.45384,24.759
607.44,0.9696,0.45392,24.76
607.63,0.97146,0.45243,24.761
607.84,0.96939,0.45255,24.762
608.04,0.9727,0.46688,24.762
608.25,0.97152,0.46202,24.763
608.44,0.97251,0.46372,24.763
608.63,0.97203,0.46186,24.764
608.86,0.97186,0.46501,24.764
609.11,0.97117,0.45965,24.765
609.26,0.97106,0.46066,24.765
609.53,0.9689,0.45895,24.766
609.64,0.96982,0.45856,24.767
609.89,0.97165,0.45767,24.767
610.03,0.97098,0.45825,24.768
610.29,0.97265,0.46663,24.769
610.44,0.97075,0.46539,24.77
610.68,0.97134,0.46269,24.77
610.83,0.97131,0.4626,24.77
611.16,0.97026,0.46208,24.771
611.23,0.97203,0.45662,NaN
611.47,0.96755,0.42572,24.771
611.64,0.96734,0.42099,24.771
611.89,0.96961,0.44346,24.771
612.05,0.9698,0.44525,24.771
612.32,0.96905,0.45175,24.771
612.45,0.96974,0.45288,24.771
612.71,0.97275,0.46633,24.772
612.83,0.97332,0.45935,24.772
613.09,0.96826,0.44445,24.773
613.24,0.9684,0.43971,24.773
613.47,0.9694,0.4474,24.774
613.64,0.9692,0.45945,24.774
613.86,0.9705,0.45746,24.775
614.05,0.97148,0.45939,24.775
614.27,0.9713,0.45704,24.776
614.44,0.96776,0.44903,24.778
614.65,0.97232,0.45693,24.781
614.84,0.96976,0.46601,24.783
615.07,0.96983,0.45816,24.784
615.25,0.96908,0.45546,24.785
615.46,0.96965,0.4649,24.785
615.63,0.97192,0.47818,24.786
615.84,0.97186,0.47608,24.787
616.13,0.97105,0.47436,24.788
616.23,0.97323,0.47956,24.788
616.52,0.97323,0.48338,24.789
616.65,0.97294,0.48244,24.789
616.84,0.97182,0.48227,24.79
617.04,0.97226,0.47645,24.793
617.24,0.97101,0.47482,24.794
617.46,0.97241,0.47301,24.795
617.66,0.9726,0.48586,24.796
617.84,0.97103,0.48593,24.797
618.04,0.9723,0.48178,24.797
618.24,0.9721,0.47361,24.797
618.44,0.97256,0.47084,24.798
618.65,0.97157,0.4748,24.798
618.85,0.97126,0.46894,24.798
619.04,0.97101,0.46624,24.798
619.24,0.97158,0.48028,24.799
619.46,0.97123,0.47985,24.799
619.65,0.97276,0.47476,24.799
619.83,0.97298,0.47215,24.799
620.04,0.97187,0.48357,24.799
620.25,0.9728,0.48092,24.8
620.53,0.96914,0.4636,24.801
620.64,0.96927,0.4599,NaN
620.92,0.97259,0.4633,24.802
621.04,0.97147,0.47258,24.802
621.33,0.97302,0.48436,24.803
621.46,0.97276,0.48818,24.807
621.76,0.97118,0.47789,24.808
621.85,0.97019,0.47305,24.809
622.12,0.97194,0.48,24.81
622.23,0.97262,0.4819,24.811
622.5,0.9739,0.47364,24.813
622.64,0.97168,0.46922,24.814
622.89,0.97288,0.47965,24.815
623.06,0.97378,0.48982,24.816
623.3,0.97248,0.48882,24.817
623.45,0.97204,0.48546,24.818
623.69,0.97224,0.48015,24.819
623.85,0.97257,0.47584,24.819
624.09,0.97101,0.47239,24.82
624.25,0.97055,0.4733,24.82
624.46,0.97208,0.47338,24.82
624.65,0.9703,0.47484,24.82
624.83,0.97186,0.4744,24.821
625.05,0.97058,0.4809,24.821
625.24,0.97352,0.48976,24.821
625.43,0.97481,0.4883,24.822
625.66,0.9738,0.48987,24.822
625.94,0.97448,0.48691,24.823
626.05,0.97269,0.4859,NaN
626.33,0.97243,0.49103,24.823
626.46,0.9739,0.49447,24.823
626.65,0.97328,0.49606,24.824
626.85,0.97356,0.49334,24.824
627.03,0.97396,0.49195,24.824
627.25,0.97463,0.49015,24.824
627.45,0.97274,0.47978,24.825
627.64,0.97272,0.47532,24.825
627.86,0.97272,0.47281,24.825
628.05,0.9718,0.46864,24.825
628.24,0.9715,0.46903,24.825
628.44,0.97193,0.46679,24.825
628.64,0.97437,0.47881,24.826
628.93,0.97347,0.48593,24.826
629.05,0.97356,0.48342,24.826
629.32,0.97226,0.47359,24.827
629.44,0.97236,0.46547,NaN
629.71,0.97152,0.45692,24.828
629.84,0.97132,0.45453,24.83
630.16,0.96947,0.45265,24.831
630.24,0.97107,0.46212,24.832
630.52,0.97009,0.45435,24.833
630.63,0.97297,0.4593,24.834
630.85,0.97411,0.47207,24.834
631.06,0.97299,0.47345,24.835
631.23,0.97145,0.47853,24.836
631.52,0.97191,0.4689,24.837
631.65,0.97137,0.47356,24.838
631.91,0.97121,0.47451,24.839
632.03,0.97007,0.47012,24.84
632.32,0.97029,0.46498,24.841
632.43,0.97104,0.46685,NaN
632.7,0.97137,0.47202,24.843
632.84,0.97183,0.47297,24.844
633.11,0.96924,0.46971,24.844
633.24,0.9705,0.46808,24.845
633.53,0.96964,0.4675,24.846
633.64,0.97109,0.46982,24.847
633.87,0.97256,0.47521,24.847
634.05,0.97251,0.47538,24.848
634.27,0.9722,0.4705,24.848
634.45,0.97206,0.46474,24.848
634.64,0.97021,0.47045,24.849
634.85,0.97149,0.47577,24.849
635.04,0.97298,0.48118,24.849
635.25,0.97352,0.47418,24.849
635.46,0.97399,0.48166,24.849
635.66,0.97256,0.47855,24.849
635.85,0.96981,0.47438,24.85
636.06,0.9719,0.46794,24.85
636.24,0.97048,0.46663,24.85
636.46,0.96996,0.4545,24.85
636.64,0.96697,0.4366,24.851
636.83,0.97052,0.44078,24.851
637.03,0.97104,0.44942,24.852
637.28,0.96832,0.4549,24.852
637.45,0.96955,0.45901,24.854
637.68,0.97101,0.46865,24.857
637.84,0.9707,0.47221,24.858
638.04,0.9725,0.46417,24.86
638.23,0.97308,0.47626,24.86
638.46,0.97393,0.48504,24.861
638.66,0.97151,0.47302,24.861
638.84,0.96985,0.47003,24.862
639.05,0.97207,0.47373,24.863
639.24,0.97237,0.47906,24.863
639.46,0.97167,0.46994,24.864
639.65,0.97113,0.46779,24.864
639.92,0.97142,0.48015,24.865
640.05,0.97244,0.48491,24.867
640.24,0.97323,0.48637,24.87
640.44,0.97231,0.48359,24.871
640.63,0.9726,0.48312,24.872
640.85,0.97203,0.48103,24.873
641.05,0.9711,0.47985,24.874
641.26,0.9725,0.48793,24.875
641.52,0.97217,0.48344,24.875
641.66,0.97111,0.48167,24.876
641.91,0.97252,0.47471,24.876
642.04,0.9733,0.48268,24.876
642.32,0.97489,0.48719,24.876
642.46,0.97228,0.48852,24.877
642.66,0.97309,0.48039,24.877
642.84,0.97247,0.49177,24.877
643.03,0.97213,0.48643,24.877
643.24,0.97378,0.48106,24.877
643.44,0.97078,0.47507,24.877
643.65,0.97045,0.48143,24.878
643.85,0.96973,0.46688,24.878
644.06,0.96951,0.44742,24.879
644.26,0.9705,0.44936,24.882
644.44,0.97071,0.45682,24.883
644.64,0.96961,0.46312,24.884
644.84,0.97101,0.47045,24.885
645.04,0.97312,0.47898,24.885
645.24,0.97147,0.4792,24.886
645.44,0.97191,0.47387,24.886
645.74,0.97306,0.49166,24.887
645.83,0.97381,0.49458,NaN
646.1,0.97289,0.48999,24.888
646.26,0.9736,0.48797,24.889
646.43,0.97539,0.49356,24.889
646.79,0.97405,0.49821,24.89
646.85,0.97227,0.49572,24.891
647.11,0.97435,0.49105,24.894
647.26,0.97356,0.489,24.896
647.53,0.97278,0.48216,24.897
647.64,0.97219,0.48158,24.898
647.91,0.97424,0.47862,24.898
648.03,0.97314,0.47569,24.899
648.27,0.97221,0.47778,24.899
648.46,0.97152,0.48162,24.9
648.66,0.97433,0.49357,24.9
648.84,0.9716,0.49954,24.9
649.06,0.97489,0.4988,24.901
649.36,0.9757,0.49558,24.901
649.44,0.97371,0.4963,24.901
649.72,0.97298,0.49572,24.901
649.83,0.97408,0.49467,NaN
650.08,0.97562,0.50778,24.902
650.23,0.97396,0.50861,24.902
650.44,0.97584,0.50525,24.903
650.66,0.97672,0.50157,24.903
650.85,0.97384,0.50227,24.903
651.05,0.97352,0.50376,24.904
651.23,0.97537,0.49534,24.904
651.53,0.97456,0.49208,24.905
651.64,0.97274,0.48972,24.905
651.96,0.97449,0.4938,24.906
652.05,0.97242,0.49741,24.906
652.3,0.97256,0.49714,24.907
652.44,0.97561,0.49352,24.907
652.68,0.97427,0.48247,24.907
652.84,0.97338,0.47716,24.908
653.05,0.97355,0.47972,24.908
653.25,0.97437,0.48717,24.908
653.43,0.97415,0.49068,24.909
653.65,0.97092,0.49576,24.909
653.85,0.97142,0.48261,24.909
654.12,0.97341,0.47554,24.91
654.24,0.97281,0.47568,24.91
654.48,0.97235,0.48377,24.911
654.65,0.97404,0.49073,24.911
654.85,0.9735,0.48458,24.912
655.06,0.97445,0.487,24.913
655.25,0.97403,0.48928,24.913
655.46,0.97434,0.49012,24.914
655.65,0.97323,0.4817,24.914
655.85,0.97348,0.4851,24.915
656.05,0.97383,0.48056,24.916
656.26,0.97327,0.48805,24.916
656.45,0.97451,0.48496,24.919
656.65,0.97501,0.48324,24.921
656.85,0.97202,0.48197,24.922
657.06,0.97145,0.48086,24.924
657.25,0.97355,0.47949,24.924
657.46,0.97415,0.49186,24.925
657.65,0.97562,0.49185,24.926
657.86,0.97256,0.48822,24.926
658.05,0.97302,0.483,24.927
658.25,0.9723,0.47502,24.927
658.45,0.97138,0.47179,24.927
658.65,0.96977,0.47058,24.927
658.84,0.97075,0.46507,24.927
659.13,0.97213,0.47206,24.927
659.24,0.97016,0.4671,24.928
659.54,0.97101,0.4672,24.928
659.63,0.96909,0.46815,24.928
659.91,0.97425,0.48111,24.928
660.05,0.9725,0.47574,24.929
660.32,0.96999,0.45847,24.929
660.45,0.97044,0.4574,24.931
660.71,0.97107,0.45935,24.933
660.84,0.9724,0.46991,24.934
661.18,0.97078,0.48123,24.935
661.24,0.97238,0.48077,24.936
661.52,0.97128,0.46974,24.938
661.64,0.9706,0.46704,24.939
661.92,0.97069,0.47847,24.94
662.04,0.97256,0.484,24.941
662.35,0.971,0.46999,24.942
662.44,0.97185,0.47049,24.943
662.69,0.97083,0.4841,24.944
662.84,0.97267,0.49304,24.945
663.16,0.97225,0.48111,24.946
663.25,0.97092,0.47977,NaN
663.56,0.97051,0.49065,24.948
663.64,0.97377,0.49148,NaN
663.86,0.9737,0.49027,24.949
664.03,0.97319,0.48867,24.949
664.24,0.97171,0.48541,24.95
664.45,0.97117,0.48216,24.95
664.65,0.9735,0.47849,24.951
664.84,0.97235,0.49387,24.951
665.03,0.97227,0.49393,24.951
665.24,0.97319,0.48973,24.952
665.54,0.97143,0.46917,24.952
665.65,0.9724,0.47105,24.953
665.84,0.97199,0.47619,24.953
666.07,0.96998,0.4686,24.953
666.25,0.97083,0.4658,24.953
666.45,0.97197,0.47988,24.954
666.66,0.97381,0.48135,24.954
666.93,0.97248,0.4695,24.955
667.04,0.97323,0.4693,24.957
667.33,0.97163,0.48156,24.958
667.44,0.97178,0.47721,24.959
667.72,0.97132,0.46039,24.96
667.84,0.97096,0.45807,24.96
668.14,0.96973,0.45743,24.96
668.24,0.97062,0.46567,24.961
668.45,0.97221,0.4708,24.961
668.65,0.97235,0.48001,24.962
668.85,0.97171,0.47785,24.962
669.04,0.96937,0.4681,24.963
669.35,0.97075,0.48082,24.964
669.46,0.97378,0.48402,24.965
669.7,0.97316,0.47308,24.965
669.84,0.97249,0.4726,24.966
670.12,0.97325,0.4889,24.966
670.25,0.97341,0.49453,24.97
670.46,0.97353,0.49095,24.972
670.64,0.97329,0.485,24.973
670.88,0.97593,0.50095,24.975
671.04,0.97632,0.50853,24.976
671.23,0.975,0.5061,24.976
671.44,0.97441,0.50457,24.977
671.66,0.97462,0.50125,24.979
671.86,0.97291,0.49794,24.98
672.04,0.97555,0.49738,24.981
672.28,0.97478,0.5084,24.981
672.45,0.97568,0.50959,24.982
672.68,0.97555,0.50673,24.982
672.84,0.97459,0.50159,24.982
673.11,0.97521,0.48821,24.983
673.25,0.97333,0.49656,24.983
673.44,0.97197,0.48597,24.983
673.65,0.97424,0.48643,24.983
673.84,0.97348,0.4941,24.983
674.06,0.97448,0.5006,24.983
674.24,0.97431,0.49574,24.983
674.44,0.97402,0.49054,24.983
674.64,0.97219,0.4963,24.984
674.86,0.9731,0.4959,24.984
675.05,0.97563,0.49851,24.985
675.24,0.97419,0.49564,24.985
675.45,0.9725,0.48545,24.986
675.64,0.97394,0.48024,24.986
675.83,0.9731,0.4731,24.987
676.14,0.97374,0.48943,24.988
676.25,0.97507,0.49321,24.988
676.54,0.97483,0.50487,24.989
676.63,0.97417,0.50205,24.989
676.9,0.97574,0.50202,24.99
677.05,0.9747,0.49793,24.991
677.3,0.97534,0.49757,24.991
677.44,0.97544,0.49453,24.992
677.65,0.97197,0.48916,24.995
677.84,0.97281,0.48443,24.997
678.15,0.97525,0.48397,24.999
678.25,0.9715,0.47831,25
678.59,0.97202,0.48277,25
678.63,0.9731,0.48277,NaN
678.84,0.97397,0.48208,25.002
679.08,0.97298,0.48128,25.003
679.25,0.97229,0.48277,25.003
679.44,0.97189,0.48267,25.004
679.65,0.97551,0.50083,25.004
679.84,0.97574,0.50907,25.005
680.05,0.97645,0.5084,25.005
680.26,0.97393,0.49974,25.005
680.44,0.97217,0.48657,25.005
680.64,0.96991,0.47296,25.005
680.83,0.97021,0.46499,25.005
681.04,0.9699,0.45472,25.005
681.23,0.97034,0.46701,25.005
681.46,0.97129,0.46874,25.005
681.64,0.97025,0.4619,25.006
681.84,0.97083,0.46017,25.006
682.06,0.9709,0.46925,25.006
682.26,0.97182,0.46917,25.007
682.43,0.97216,0.46364,25.008
682.64,0.96895,0.45686,25.009
682.85,0.97032,0.45999,25.01
683.08,0.97205,0.45383,25.011
683.23,0.97116,0.45778,25.012
683.46,0.97285,0.48049,25.013
683.63,0.97447,0.48075,25.014
683.84,0.97281,0.475,25.015
684.06,0.97427,0.47747,25.016
684.31,0.97029,0.4805,25.017
684.43,0.97157,0.47528,25.018
684.67,0.97326,0.48155,25.019
684.85,0.97414,0.48983,25.02
685.07,0.97301,0.49121,25.021
685.25,0.97646,0.4835,25.022
685.44,0.97342,0.47693,25.023
685.64,0.97252,0.48892,25.024
685.87,0.97662,0.50107,25.024
686.04,0.97305,0.49442,25.026
686.25,0.97111,0.49297,25.026
686.45,0.97425,0.48828,25.026
686.64,0.97377,0.48499,25.027
686.85,0.97196,0.48088,25.027
687.06,0.97506,0.49916,25.028
687.24,0.9746,0.49945,25.028
687.46,0.9732,0.49232,25.028
687.65,0.97327,0.48116,25.029
687.87,0.97417,0.4794,25.029
688.04,0.97444,0.47738,25.029
688.29,0.97264,0.47506,25.03
688.44,0.9707,0.46826,25.03
688.71,0.97231,0.4833,25.031
688.84,0.97316,0.47803,25.031
689.13,0.97069,0.46773,25.033
689.24,0.9704,0.46296,25.034
689.56,0.97104,0.47759,25.035
689.64,0.97146,0.47281,NaN
689.94,0.97099,0.45338,25.037
690.04,0.96997,0.44852,NaN
690.31,0.97061,0.44851,25.038
690.44,0.97126,0.4572,25.039
690.68,0.97246,0.46554,25.039
690.85,0.97327,0.48401,25.039
691.03,0.97318,0.47791,25.04
691.24,0.97114,0.46606,25.04
691.45,0.97148,0.47191,25.041
691.65,0.97336,0.47823,25.041
691.85,0.97377,0.47163,25.042
692.04,0.97193,0.46944,25.043
692.25,0.97306,0.47494,25.044
692.44,0.97275,0.49232,25.047
692.67,0.97403,0.48382,25.049
692.84,0.97124,0.4822,25.05
693.05,0.97395,0.48858,25.051
693.24,0.97286,0.50023,25.052
693.47,0.97333,0.49959,25.053
693.64,0.97494,0.4984,25.054
693.85,0.97296,0.49767,25.055
694.04,0.97391,0.4958,25.056
694.25,0.97446,0.49186,25.057
694.45,0.97439,0.50373,25.058
694.73,0.97513,0.50375,25.059
694.85,0.97409,0.50262,25.059
695.06,0.97329,0.4949,25.059
695.25,0.97349,0.49139,25.06
695.48,0.97367,0.49715,25.06
695.65,0.97256,0.48823,25.06
695.9,0.97247,0.48734,25.06
696.06,0.97487,0.50059,25.06
696.34,0.97679,0.49821,25.06
696.43,0.97547,0.49427,25.06
696.74,0.97365,0.49189,25.06
696.85,0.97594,0.49868,25.061
697.04,0.9736,0.49717,25.061
697.26,0.97363,0.48789,25.061
697.43,0.97088,0.48137,25.062
697.74,0.97236,0.48447,25.062
697.84,0.97333,0.47815,NaN
698.13,0.97318,0.48958,25.064
698.24,0.97699,0.50298,25.064
698.55,0.97541,0.51012,25.065
698.64,0.97572,0.50481,25.066
698.85,0.97562,0.4957,25.066
699.04,0.97354,0.50007,25.067
699.24,0.97374,0.4923,25.068
699.45,0.97267,0.48582,25.071
699.64,0.97349,0.48452,25.073
699.83,0.97424,0.48915,25.075
700.04,0.97122,0.49021,25.076
700.25,0.97408,0.48706,25.077
700.44,0.9733,0.48365,25.079
700.71,0.97378,0.48576,25.08
700.83,0.97266,0.48622,25.081
701.11,0.97289,0.48718,25.082
701.26,0.97319,0.48497,25.082
701.52,0.97412,0.48546,25.083
701.64,0.97265,0.48539,25.084
701.88,0.97532,0.50133,25.084
702.03,0.97558,0.50506,25.084
702.27,0.97503,0.50478,25.084
702.44,0.97671,0.50095,25.085
702.64,0.97293,0.49209,25.085
702.85,0.97606,0.49134,25.085
703.09,0.97441,0.48292,25.085
703.26,0.97195,0.47872,25.085
703.43,0.97004,0.46848,25.085
703.66,0.9721,0.47241,25.085
703.85,0.97119,0.47397,25.085
704.05,0.97192,0.47438,25.085
704.33,0.9709,0.47852,25.085
704.46,0.97441,0.47583,25.085
704.76,0.97291,0.47842,25.086
704.84,0.9737,0.48295,25.086
705.13,0.97189,0.47703,25.086
705.24,0.97147,0.47309,25.087
705.54,0.97331,0.46006,25.087
705.65,0.97114,0.46019,25.087
705.89,0.97148,0.45949,25.088
706.04,0.9722,0.46582,25.088
706.31,0.97187,0.46113,25.089
706.44,0.97211,0.47622,25.09
706.73,0.96963,0.46932,25.09
706.85,0.97205,0.46775,25.091
707.04,0.97185,0.47034,25.092
707.27,0.9728,0.47553,25.092
707.44,0.97312,0.48013,25.093
707.66,0.97084,0.47198,25.095
707.85,0.97141,0.47727,25.098
708.05,0.97493,0.48789,25.1
708.24,0.9751,0.48967,25.101
708.45,0.97485,0.48832,25.102
708.65,0.974,0.48605,25.103
708.86,0.97223,0.48466,25.104
709.04,0.97309,0.48351,25.104
709.25,0.97174,0.49111,25.106
709.45,0.9736,0.49386,25.107
709.66,0.97486,0.49012,25.107
709.83,0.97284,0.48538,25.108
710.05,0.97359,0.47348,25.108
710.25,0.97256,0.48298,25.108
710.44,0.9725,0.47198,25.108
710.65,0.97125,0.46472,25.108
710.86,0.97135,0.47842,25.109
711.05,0.97185,0.47798,25.109
711.25,0.97077,0.46883,25.109
711.46,0.97137,0.45994,25.109
711.75,0.97239,0.47082,25.11
711.86,0.97271,0.46653,25.11
712.12,0.96902,0.45708,25.11
712.24,0.96873,0.44843,25.111
712.53,0.96835,0.45224,25.111
712.66,0.96954,0.45688,25.112
712.93,0.97296,0.46575,25.113
713.04,0.97331,0.47835,25.113
713.29,0.97364,0.47805,25.113
713.45,0.97304,0.46796,25.114
713.65,0.9705,0.47032,25.115
713.85,0.97291,0.47641,25.116
714.11,0.97272,0.46853,25.117
714.24,0.97036,0.46457,25.118
714.49,0.97364,0.47631,25.119
714.64,0.97563,0.48627,25.122
714.94,0.97258,0.48163,25.125
715.05,0.97185,0.47651,25.126
715.32,0.97604,0.48734,25.127
715.46,0.97338,0.49323,25.128
715.72,0.97402,0.49372,25.129
715.84,0.97282,0.49265,25.129
716.14,0.97624,0.49011,25.13
716.25,0.97414,0.48944,25.131
716.51,0.9732,0.48879,25.131
716.66,0.97486,0.49872,25.132
716.92,0.9735,0.49564,25.133
717.05,0.97355,0.4967,25.134
717.31,0.97392,0.49211,25.135
717.44,0.97435,0.48522,25.136
717.73,0.97479,0.49229,25.136
717.85,0.97538,0.48434,25.136
718.15,0.97183,0.48281,25.137
718.24,0.97391,0.49463,NaN
718.55,0.97506,0.49057,25.137
718.66,0.97261,0.48468,25.137
718.9,0.97356,0.48024,25.137
719.05,0.97493,0.48704,25.138
719.35,0.97323,0.48103,25.138
719.46,0.97443,0.47364,25.138
719.79,0.96946,0.46736,25.139
719.85,0.97377,0.4652,25.139
720.04,0.97221,0.46599,25.14
720.24,0.97166,0.47518,25.14
720.44,0.97411,0.49076,25.141
720.64,0.97362,0.49831,25.141
720.83,0.97441,0.48814,25.142
721.05,0.97531,0.4888,25.143
721.23,0.97344,0.48818,25.144
721.45,0.97514,0.48024,25.147
721.64,0.97154,0.46781,25.15
721.86,0.97118,0.4681,25.151
722.03,0.97233,0.48568,25.152
722.24,0.97378,0.48165,25.153
722.43,0.9718,0.47179,25.154
722.64,0.97288,0.4728,25.155
722.84,0.97264,0.48505,25.157
723.21,0.97294,0.48715,25.159
723.24,0.9752,0.48771,NaN
723.43,0.97337,0.48599,25.16
723.64,0.97114,0.48361,25.16
723.85,0.97296,0.4824,25.161
724.04,0.97295,0.48966,25.162
724.23,0.97352,0.492,25.162
724.44,0.97589,0.49093,25.163
724.64,0.9737,0.48943,25.163
724.84,0.97479,0.48537,25.163
725.17,0.97419,0.47411,25.164
725.25,0.974,0.47312,25.164
725.62,0.97352,0.46926,25.164
725.67,0.9713,0.4706,NaN
725.84,0.97077,0.47206,25.164
726.05,0.97281,0.46809,25.164
726.25,0.97032,0.4723,25.164
726.45,0.97347,0.47795,25.164
726.64,0.97171,0.4805,25.164
726.84,0.9712,0.47945,25.165
727.04,0.97269,0.47221,25.165
727.25,0.97244,0.47782,25.165
727.45,0.9728,0.46814,25.166
727.66,0.96945,0.46934,25.166
727.86,0.97069,0.46067,25.167
728.07,0.97096,0.45295,25.167
728.24,0.97221,0.45216,25.168
728.5,0.97321,0.45717,25.169
728.65,0.9732,0.46178,25.169
728.97,0.97212,0.46411,25.171
729.04,0.97164,0.46443,25.173
729.37,0.97267,0.47426,25.175
729.45,0.97321,0.47569,NaN
729.63,0.97286,0.47504,25.177
729.84,0.97243,0.4739,25.177
730.05,0.97258,0.47631,25.178
730.24,0.97237,0.47645,25.179
730.43,0.97468,0.47787,25.18
730.64,0.97291,0.4732,25.18
730.85,0.97217,0.47059,25.181
731.04,0.97496,0.4707,25.181
731.23,0.97221,0.4702,25.181
731.45,0.97483,0.48277,25.181
731.65,0.97273,0.48296,25.182
731.83,0.97321,0.48195,25.182
732.04,0.97204,0.4752,25.183
732.26,0.97161,0.47265,25.183
732.44,0.97205,0.46962,25.184
732.64,0.97105,0.46809,25.184
732.85,0.97008,0.4609,25.185
733.05,0.96898,0.44983,25.186
733.23,0.9694,0.45413,25.186
733.46,0.96821,0.44704,25.186
733.64,0.96942,0.43912,25.186
733.96,0.97101,0.44747,25.186
734.04,0.96886,0.44133,25.187
734.39,0.96821,0.43437,25.187
734.43,0.96908,0.42922,NaN
734.73,0.96763,0.43323,25.188
734.85,0.96617,0.42584,25.189
735.14,0.96927,0.4375,25.189
735.26,0.9702,0.44688,NaN
735.58,0.96993,0.46538,25.191
735.64,0.97179,0.45949,NaN
735.85,0.97112,0.46605,25.192
736.12,0.97141,0.47031,25.192
736.24,0.97268,0.46354,25.194
736.45,0.97184,0.45576,25.194
736.64,0.9716,0.46067,25.195
736.85,0.97221,0.47567,25.2
737.04,0.97045,0.47501,25.201
737.24,0.97229,0.46946,25.203
737.51,0.97192,0.4762,25.204
737.64,0.97327,0.48397,25.205
737.89,0.97232,0.4867,25.206
738.03,0.97474,0.48554,25.208
738.34,0.9742,0.48507,25.209
738.45,0.97423,0.48357,25.21
738.65,0.97316,0.48254,25.21
738.83,0.97093,0.49014,25.211
739.04,0.97592,0.49144,25.212
739.3,0.97348,0.49058,25.212
739.44,0.9718,0.48902,25.212
739.63,0.97404,0.48661,25.213
739.86,0.97452,0.48531,25.213
740.03,0.97285,0.48053,25.213
740.24,0.97187,0.47428,25.213
740.44,0.97405,0.47393,25.214
740.65,0.97319,0.47839,25.214
740.83,0.9728,0.47642,25.214
741.04,0.97313,0.46821,25.214
741.25,0.97367,0.46903,25.214
741.46,0.96978,0.46621,25.214
741.63,0.97297,0.47808,25.214
741.86,0.97327,0.48747,25.214
742.04,0.97527,0.48906,25.214
742.25,0.97148,0.47816,25.214
742.45,0.97322,0.47407,25.215
742.66,0.97361,0.47433,25.215
742.83,0.97304,0.46725,25.215
743.04,0.96764,0.43384,25.216
743.24,0.9666,0.4231,25.216
743.43,0.96816,0.44338,25.217
743.64,0.96958,0.44339,25.217
743.83,0.97049,0.44609,25.218
744.04,0.97103,0.45731,25.218
744.25,0.96842,0.46802,25.219
744.44,0.9691,0.46396,25.22
744.65,0.97341,0.46909,25.223
744.83,0.97117,0.47732,25.226
745.05,0.97196,0.48596,25.227
745.31,0.97182,0.47452,25.229
745.45,0.97285,0.47219,25.23
745.68,0.97271,0.4837,25.23
745.85,0.97201,0.47713,25.231
746.11,0.9705,0.45973,25.233
746.24,0.97095,0.45871,25.235
746.44,0.97229,0.4669,25.235
746.64,0.97225,0.47057,25.236
746.85,0.9723,0.47093,25.237
747.06,0.97265,0.46939,25.238
747.23,0.97166,0.46816,25.239
747.45,0.9724,0.46725,25.24
747.64,0.97098,0.47175,25.24
747.84,0.97274,0.4753,25.241
748.04,0.9721,0.47583,25.241
748.26,0.97062,0.47377,25.242
748.44,0.9709,0.4599,25.242
748.63,0.97206,0.46489,25.242
748.88,0.97095,0.46403,25.242
749.05,0.96892,0.46362,25.242
749.26,0.96996,0.46123,25.242
749.44,0.9716,0.46777,25.242
749.73,0.97353,0.47098,25.242
749.85,0.97221,0.47019,25.243
750.19,0.9735,0.47874,25.243
750.25,0.97243,0.47717,NaN
750.45,0.97084,0.47119,25.243
750.64,0.97242,0.47451,25.244
750.85,0.97251,0.46567,25.244
751.06,0.9694,0.44934,25.245
751.25,0.96948,0.44267,25.245
751.49,0.96995,0.44236,25.246
751.64,0.97006,0.45834,25.249
751.87,0.97357,0.46452,25.25
752.03,0.97153,0.46943,25.251
752.25,0.97304,0.47332,25.252
752.5,0.97169,0.46892,25.253
752.63,0.97138,0.47261,25.254
752.87,0.97292,0.47012,25.255
753.05,0.97177,0.47083,25.256
753.24,0.97165,0.47504,25.257
753.45,0.97544,0.47224,25.258
753.64,0.97094,0.4698,25.258
753.85,0.97093,0.47312,25.259
754.05,0.97129,0.47364,25.259
754.24,0.9721,0.47079,25.26
754.49,0.96797,0.46952,25.261
754.64,0.97269,0.46939,25.262
754.95,0.96924,0.46683,25.262
755.06,0.97102,0.47298,25.263
755.25,0.97338,0.48114,25.263
755.44,0.97155,0.47853,25.263
755.63,0.97412,0.47283,25.263
755.84,0.97135,0.45779,25.264
756.05,0.97069,0.46101,25.264
756.3,0.97044,0.45722,25.264
756.44,0.97072,0.45303,25.264
756.72,0.97067,0.4589,25.264
756.86,0.96928,0.45432,25.264
757.04,0.96964,0.45656,25.264
757.24,0.97071,0.44781,25.264
757.44,0.97148,0.45515,25.264
757.68,0.97157,0.4495,25.265
757.86,0.96866,0.44618,25.265
758.07,0.96711,0.42312,25.266
758.24,0.9673,0.43079,25.266
758.48,0.96734,0.43477,25.267
758.66,0.9679,0.43539,25.267
758.96,0.96942,0.4496,25.268
759.05,0.96762,0.451,NaN
759.25,0.97128,0.45302,25.269
759.43,0.9706,0.45172,25.27
759.66,0.97108,0.46082,25.271
759.87,0.97177,0.46945,25.274
760.05,0.96851,0.46227,25.276
760.29,0.97032,0.46424,25.278
760.44,0.97333,0.47598,25.279
760.65,0.97221,0.47435,25.28
760.83,0.97055,0.46233,25.281
761.05,0.97139,0.46202,25.282
761.25,0.97076,0.47015,25.284
761.46,0.97156,0.47747,25.285
761.68,0.97063,0.47466,25.286
761.85,0.97278,0.47261,25.287
762.1,0.97258,0.47186,25.288
762.24,0.97227,0.47068,25.289
762.51,0.97059,0.47935,25.289
762.64,0.97201,0.47817,25.29
762.84,0.97382,0.47596,25.29
763.05,0.97325,0.47071,25.291
763.24,0.97217,0.4683,25.291
763.45,0.97347,0.47882,25.291
763.63,0.97267,0.47578,25.291
763.86,0.9726,0.47359,25.292
764.04,0.97044,0.47381,25.292
764.25,0.9739,0.48938,25.292
764.45,0.97489,0.48716,25.292
764.67,0.97436,0.48168,25.292
764.84,0.97333,0.47992,25.293
765.08,0.97477,0.4795,25.293
765.26,0.9739,0.47016,25.293
765.44,0.96942,0.44867,25.294
765.64,0.97058,0.44703,25.294
765.93,0.97038,0.4586,25.295
766.04,0.96978,0.45302,25.295
766.35,0.97305,0.46552,25.296
766.43,0.97241,0.46903,25.297
766.65,0.97123,0.46757,25.298
766.85,0.97265,0.47,25.301
767.04,0.97152,0.47554,25.303
767.27,0.97235,0.47802,25.304
767.45,0.97073,0.47715,25.305
767.66,0.97309,0.47987,25.305
767.85,0.97517,0.49213,25.306
768.07,0.9732,0.48928,25.307
768.25,0.97185,0.47415,25.307
768.54,0.97189,0.47171,25.308
768.65,0.97198,0.47652,25.309
768.85,0.97271,0.48153,25.309
769.09,0.97184,0.47922,25.312
769.24,0.9702,0.47857,25.314
769.54,0.97163,0.47608,25.315
769.64,0.9712,0.47422,25.316
770,0.97196,0.48525,25.317
770.04,0.97237,0.48508,NaN
770.25,0.97274,0.48375,25.318
770.44,0.97202,0.47641,25.319
770.66,0.97298,0.46753,25.319
770.87,0.97375,0.47716,25.319
771.05,0.97108,0.47504,25.319
771.26,0.96996,0.47713,25.319
771.45,0.97252,0.46854,25.32
771.66,0.9746,0.48874,25.32
771.83,0.97402,0.48621,25.32
772.12,0.97245,0.48283,25.32
772.25,0.97335,0.48384,25.32
772.55,0.97366,0.4856,25.321
772.65,0.97326,0.48486,25.321
772.84,0.97325,0.47412,25.322
773.12,0.97313,0.46644,25.322
773.24,0.97013,0.46476,25.324
773.55,0.97312,0.4761,25.327
773.65,0.97122,0.47067,25.328
773.96,0.97035,0.48106,25.328
774.04,0.97344,0.4797,25.329
774.24,0.97394,0.47903,25.33
774.45,0.97126,0.48074,25.331
774.64,0.9748,0.4876,25.332
774.86,0.97331,0.48224,25.333
775.06,0.9721,0.48317,25.334
775.32,0.972,0.48502,25.336
775.46,0.97267,0.48683,25.337
775.74,0.97367,0.48912,25.337
775.86,0.97305,0.4902,25.338
776.2,0.97225,0.48906,25.339
776.23,0.97254,0.48857,NaN
776.44,0.97451,0.48762,25.34
776.65,0.97255,0.48708,25.341
776.83,0.97128,0.48587,25.341
777.04,0.97197,0.48433,25.342
777.24,0.97214,0.48626,25.342
777.48,0.97218,0.5083,25.343
777.63,0.97569,0.51003,25.343
777.91,0.97629,0.50547,25.344
778.03,0.97358,0.4986,25.344
778.29,0.9745,0.48111,25.344
778.44,0.97308,0.48056,25.344
778.74,0.97306,0.47512,25.344
778.86,0.97108,0.4705,NaN
779.04,0.97226,0.46559,25.344
779.24,0.96874,0.45559,25.344
779.43,0.97184,0.46351,25.344
779.63,0.9712,0.4666,25.344
779.85,0.97098,0.46694,25.344
780.04,0.96976,0.46712,25.344
780.26,0.97039,0.46408,25.345
780.44,0.96997,0.46105,25.345
780.65,0.97029,0.46221,25.345
780.89,0.96748,0.44353,25.346
781.05,0.96712,0.43409,25.346
781.34,0.96799,0.44151,25.347
781.44,0.96897,0.43874,25.348
781.78,0.96784,0.45104,25.351
781.83,0.96813,0.45809,NaN
782.05,0.96858,0.46334,25.353
782.26,0.96878,0.46254,25.354
782.43,0.96987,0.45978,25.355
782.64,0.97171,0.47376,25.356
782.83,0.97414,0.48173,25.357
783.04,0.97246,0.47512,25.358
783.24,0.97305,0.4714,25.36
783.53,0.97051,0.4778,25.361
783.64,0.97294,0.48017,25.362
783.96,0.97249,0.4787,25.363
784.04,0.9714,0.47615,NaN
784.25,0.97021,0.47408,25.364
784.44,0.97008,0.47196,25.365
784.63,0.96924,0.4702,25.366
784.84,0.97155,0.48101,25.367
785.05,0.97283,0.47785,25.367
785.27,0.97168,0.47303,25.367
785.45,0.97152,0.46674,25.367
785.66,0.97288,0.478,25.367
785.85,0.97155,0.47466,25.367
786.05,0.97072,0.47107,25.368
786.24,0.97075,0.46576,25.368
786.49,0.97429,0.48248,25.368
786.64,0.97347,0.48211,25.368
786.87,0.97464,0.48159,25.368
787.03,0.97417,0.4763,25.369
787.29,0.97233,0.47876,25.369
787.44,0.97233,0.46895,25.369
787.79,0.97,0.44566,25.37
787.86,0.97161,0.4504,25.371
788.05,0.96881,0.45282,25.371
788.28,0.97003,0.45163,25.372
788.44,0.9683,0.4497,25.372
788.73,0.97098,0.46395,25.376
788.85,0.97235,0.46338,25.378
789.16,0.9736,0.46458,25.379
789.25,0.97347,0.47045,25.38
789.45,0.97328,0.48036,25.381
789.67,0.97113,0.46968,25.382
789.86,0.97168,0.46988,25.383
790.11,0.97145,0.48994,25.385
790.23,0.9755,0.49076,25.386
790.49,0.97309,0.47605,25.387
790.65,0.97233,0.47867,25.387
790.95,0.97489,0.48664,25.388
791.03,0.97224,0.4896,NaN
791.35,0.97356,0.4884,25.389
791.44,0.97324,0.4886,25.389
791.64,0.97396,0.48569,25.389
791.85,0.97058,0.48202,25.39
792.06,0.97235,0.48184,25.39
792.28,0.97471,0.49319,25.391
792.44,0.97379,0.49268,25.392
792.63,0.97566,0.48553,25.392
792.86,0.96917,0.47925,25.393
793.17,0.97248,0.48395,25.393
793.26,0.97139,0.48501,NaN
793.43,0.97278,0.48514,25.394
793.64,0.97349,0.48134,25.394
793.85,0.97424,0.49793,25.395
794.08,0.97342,0.4945,25.395
794.24,0.97359,0.49231,25.395
794.54,0.97522,0.49718,25.396
794.64,0.97524,0.49787,25.396
794.84,0.97257,0.49132,25.397
795.06,0.97176,0.47561,25.397
795.25,0.97383,0.47717,25.398
795.47,0.97282,0.48002,25.401
795.65,0.97317,0.48368,25.403
795.93,0.97384,0.4851,25.404
796.04,0.9723,0.48696,25.405
796.33,0.97476,0.48857,25.406
796.45,0.97453,0.48634,25.408
796.64,0.97458,0.49215,25.408
796.84,0.97447,0.49816,25.41
797.04,0.97417,0.48921,25.411
797.23,0.9742,0.48977,25.412
797.44,0.9733,0.49171,25.412
797.66,0.97542,0.49109,25.413
797.85,0.97595,0.49284,25.413
798.08,0.97404,0.49444,25.413
798.26,0.97545,0.49419,25.414
798.52,0.97239,0.49065,25.415
798.65,0.97256,0.48824,25.415
798.94,0.97372,0.48718,25.415
799.04,0.97503,0.48785,25.416
799.25,0.97425,0.48608,25.416
799.46,0.97377,0.48708,25.416
799.63,0.9728,0.49342,25.417
799.92,0.97442,0.50815,25.418
800.05,0.97406,0.50565,25.418
800.23,0.97583,0.5076,25.418
800.45,0.97486,0.5054,25.419
800.64,0.97492,0.50351,25.419
800.83,0.97519,0.50475,25.419
801.04,0.97584,0.51755,25.42
801.31,0.97598,0.51771,25.42
801.45,0.97573,0.51699,25.421
801.77,0.97539,0.51747,25.421
801.84,0.97627,0.51389,NaN
802.03,0.97605,0.49904,25.421
802.25,0.97431,0.48375,25.422
802.45,0.97093,0.47415,25.422
802.71,0.97147,0.46512,25.422
802.85,0.97115,0.46547,25.422
803.05,0.97124,0.47513,25.423
803.35,0.971,0.47083,25.423
803.44,0.97217,0.4753,25.423
803.63,0.97217,0.47219,25.423
803.84,0.97275,0.46532,25.424
804.05,0.97051,0.45981,25.424
804.35,0.96912,0.45265,25.427
804.44,0.96986,0.44933,25.428
804.78,0.9698,0.45305,25.429
804.86,0.96875,0.44932,NaN
805.15,0.96809,0.4463,25.429
805.24,0.96881,0.44958,NaN
805.43,0.97049,0.45367,25.43
805.64,0.96977,0.46647,25.43
805.85,0.97199,0.47207,25.431
806.05,0.97148,0.46202,25.431
806.25,0.97176,0.4586,25.432
806.46,0.97082,0.46782,25.432
806.64,0.97272,0.46012,25.433
806.95,0.97122,0.46479,25.434
807.06,0.97179,0.46592,25.434
807.36,0.97222,0.48406,25.435
807.46,0.97333,0.48339,NaN
807.65,0.97389,0.48263,25.439
807.9,0.97166,0.47767,25.441
808.03,0.9739,0.47981,25.442
808.37,0.97435,0.47688,25.443
808.45,0.97338,0.48489,25.444
808.64,0.97389,0.48797,25.445
808.84,0.97295,0.48842,25.445
809.04,0.97165,0.48208,25.446
809.28,0.97192,0.47066,25.446
809.44,0.97263,0.47861,25.446
809.65,0.97358,0.47214,25.446
809.84,0.9707,0.47018,25.447
810.05,0.97501,0.4701,25.447
810.26,0.97106,0.47114,25.447
810.43,0.97096,0.46824,25.447
810.66,0.96995,0.45641,25.447
810.84,0.9693,0.46227,25.448
811.03,0.97177,0.45918,25.448
811.24,0.97016,0.45056,25.448
811.56,0.96929,0.44311,25.45
811.63,0.96873,0.44508,NaN
811.94,0.96993,0.44788,25.454
812.05,0.97018,0.44846,25.455
812.25,0.97157,0.46278,25.455
812.44,0.97183,0.47714,25.456
812.64,0.97071,0.47027,25.457
812.84,0.97342,0.4702,25.458
813.04,0.97026,0.47232,25.459
813.34,0.97176,0.46194,25.461
813.44,0.97021,0.45847,25.462
813.63,0.97049,0.46017,25.462
813.84,0.97246,0.47715,25.464
814.05,0.97211,0.47814,25.465
814.29,0.97255,0.47336,25.466
814.44,0.97187,0.4742,25.467
814.72,0.97283,0.48834,25.468
814.84,0.97212,0.48989,25.469
815.13,0.97273,0.48604,25.47
815.25,0.97266,0.48685,25.471
815.53,0.97441,0.4838,25.471
815.66,0.97413,0.48455,25.472
815.84,0.97354,0.49332,25.472
816.04,0.97585,0.49472,25.473
816.25,0.97427,0.49279,25.474
816.5,0.97418,0.48749,25.474
816.63,0.97249,0.48241,25.474
816.85,0.97299,0.49239,25.475
817.04,0.97404,0.48672,25.475
817.25,0.97152,0.47925,25.475
817.44,0.97382,0.4813,25.475
817.64,0.97549,0.49078,25.476
817.86,0.97379,0.48557,25.476
818.04,0.9733,0.4774,25.476
818.32,0.97246,0.48385,25.476
818.45,0.9718,0.47953,25.477
818.63,0.97053,0.46933,25.477
818.84,0.97185,0.45519,25.477
819.04,0.97065,0.46157,25.477
819.32,0.96934,0.46025,25.478
819.43,0.96976,0.46494,25.479
819.7,0.9726,0.48357,25.479
819.85,0.97358,0.48997,25.48
820.18,0.97218,0.48862,25.481
820.24,0.97259,0.49048,25.482
820.43,0.9759,0.48963,25.482
820.66,0.97322,0.48686,25.483
820.84,0.97331,0.47847,25.483
821.05,0.97396,0.47777,25.484
821.26,0.97472,0.48833,25.485
821.44,0.97194,0.48543,25.486
821.65,0.9723,0.47367,25.489
821.85,0.97224,0.46984,25.492
822.16,0.97424,0.48531,25.495
822.24,0.97327,0.48563,NaN
822.45,0.97369,0.4862,25.496
822.65,0.97214,0.48488,25.496
822.83,0.97196,0.48499,25.497
823.13,0.97099,0.4822,25.498
823.26,0.97189,0.48871,25.498
823.45,0.97355,0.49304,25.498
823.63,0.97523,0.49078,25.499
823.84,0.97392,0.48955,25.499
824.09,0.9726,0.48541,25.5
824.25,0.973,0.47569,25.501
824.5,0.97215,0.48056,25.502
824.65,0.97401,0.47936,25.502
824.96,0.97265,0.48138,25.502
825.04,0.97218,0.48319,NaN
825.23,0.97409,0.47618,25.503
825.45,0.9733,0.47608,25.503
825.63,0.97384,0.48382,25.503
825.96,0.9726,0.48225,25.503
826.05,0.97341,0.48013,25.503
826.24,0.97339,0.47682,25.504
826.45,0.97087,0.48377,25.504
826.65,0.97433,0.47433,25.504
826.93,0.97181,0.46046,25.505
827.04,0.96798,0.44594,25.505
827.36,0.96929,0.45009,25.506
827.44,0.97079,0.44925,25.506
827.77,0.97026,0.44534,25.507
827.84,0.96958,0.4438,NaN
828.05,0.96865,0.44501,25.508
828.41,0.96727,0.43965,25.509
828.44,0.96906,0.44196,NaN
828.65,0.96757,0.438,25.51
828.89,0.96875,0.43896,25.51
829.04,0.96995,0.44055,25.511
829.26,0.9702,0.44194,25.511
829.44,0.96849,0.44431,25.512
829.65,0.97105,0.4494,25.512
829.83,0.97205,0.45364,25.513
830.04,0.96885,0.45761,25.514
830.3,0.96889,0.46011,25.515
830.45,0.97071,0.46194,25.515
830.66,0.971,0.46807,25.515
830.83,0.97054,0.47133,25.516
831.03,0.97114,0.47153,25.516
831.25,0.97176,0.47321,25.516
831.44,0.9722,0.4724,25.516
831.65,0.9719,0.4806,25.516
831.84,0.9732,0.47341,25.516
832.04,0.97125,0.46995,25.517
832.29,0.97268,0.47015,25.517
832.44,0.97324,0.46728,25.517
832.73,0.96984,0.45207,25.518
832.83,0.97012,0.44683,25.518
833.15,0.97073,0.43886,25.519
833.23,0.96787,0.43854,25.519
833.45,0.96776,0.43464,25.519
833.64,0.96885,0.43211,25.52
833.84,0.96919,0.4483,25.52
834.07,0.97206,0.45099,25.521
834.24,0.97107,0.4453,25.522
834.46,0.96842,0.43148,25.522
834.64,0.97045,0.42863,25.523
834.92,0.9678,0.43341,25.523
835.03,0.96785,0.43164,25.524
835.24,0.96773,0.432,25.524
835.44,0.97035,0.44996,25.525
835.64,0.96897,0.44865,25.526
835.88,0.97029,0.44329,25.528
836.05,0.96825,0.43981,25.529
836.26,0.96986,0.46122,25.529
836.44,0.96913,0.45773,25.53
836.75,0.96871,0.43686,25.532
836.85,0.96798,0.43244,NaN
837.03,0.96814,0.43938,25.533
837.25,0.97013,0.44036,25.534
837.43,0.97104,0.45037,25.535
837.65,0.97267,0.46494,25.536
837.85,0.97134,0.46167,25.537
838.05,0.97079,0.44888,25.538
838.25,0.97001,0.45463,25.539
838.45,0.97062,0.46451,25.54
838.65,0.96881,0.45549,25.541
838.86,0.97112,0.4534,25.542
839.05,0.97211,0.46421,25.543
839.25,0.97391,0.47628,25.544
839.46,0.973,0.47187,25.545
839.65,0.97032,0.46511,25.546
839.86,0.97217,0.4753,25.547
840.06,0.97279,0.48893,25.548
840.25,0.97328,0.48717,25.549
840.46,0.97377,0.48261,25.55
840.66,0.97169,0.48015,25.551
840.85,0.97193,0.47986,25.552
841.11,0.973,0.48068,25.553
841.26,0.97437,0.4872,25.553
841.48,0.97443,0.48898,25.554
841.64,0.97293,0.4848,25.554
841.91,0.97345,0.47383,25.554
842.05,0.97309,0.47152,25.554
842.26,0.97351,0.47784,25.554
842.44,0.97334,0.47144,25.555
842.64,0.97116,0.46701,25.555
842.89,0.97346,0.48226,25.555
843.05,0.97293,0.48312,25.555
843.37,0.97288,0.46878,25.555
843.43,0.97396,0.46724,25.556
843.65,0.97402,0.48012,25.556
843.93,0.9721,0.46902,25.556
844.05,0.97291,0.46401,25.557
844.37,0.97014,0.45664,25.557
844.45,0.97158,0.45422,NaN
844.63,0.97059,0.46015,25.558
844.85,0.97269,0.46549,25.558
845.05,0.97269,0.48374,25.559
845.29,0.97373,0.48247,25.56
845.45,0.97124,0.47126,25.561
845.7,0.9735,0.47632,25.561
845.85,0.97294,0.47842,25.563
846.2,0.97368,0.4681,25.567
846.25,0.97383,0.46677,25.569
846.44,0.97144,0.47617,25.57
846.67,0.97327,0.48277,25.571
846.84,0.97172,0.48101,25.572
847.07,0.97192,0.47439,25.572
847.24,0.97415,0.47953,25.575
847.45,0.97341,0.4913,25.575
847.63,0.9734,0.49304,25.576
847.85,0.97148,0.49114,25.577
848.19,0.97351,0.48904,25.578
848.26,0.97324,0.48943,NaN
848.43,0.97607,0.48885,25.578
848.64,0.97561,0.496,25.579
848.85,0.9742,0.49851,25.579
849.1,0.97455,0.49792,25.579
849.24,0.97533,0.4973,25.58
849.59,0.97295,0.49123,25.58
849.64,0.97479,0.48882,NaN
849.86,0.97352,0.48355,25.58
850.14,0.97483,0.48387,25.581
850.26,0.97422,0.48052,25.581
850.54,0.97439,0.4781,25.581
850.63,0.97301,0.47655,25.581
850.97,0.97441,0.48889,25.581
851.06,0.97502,0.48922,NaN
851.25,0.97523,0.48611,25.582
851.48,0.97286,0.48773,25.582
851.63,0.97354,0.48676,25.583
851.98,0.97631,0.48852,25.583
852.04,0.97344,0.48659,25.584
852.23,0.97577,0.48506,25.584
852.44,0.97241,0.4666,25.585
852.64,0.97248,0.46288,25.585
852.85,0.97263,0.46045,25.586
853.05,0.97105,0.46386,25.586
853.29,0.97444,0.47642,25.587
853.44,0.97285,0.47411,25.588
853.74,0.97446,0.47546,25.591
853.84,0.97411,0.48069,25.593
854.14,0.97356,0.48085,25.594
854.24,0.97375,0.47431,25.594
854.44,0.97195,0.47938,25.595
854.66,0.97263,0.47137,25.596
854.84,0.97279,0.47413,25.597
855.08,0.97248,0.46916,25.598
855.25,0.9722,0.46612,25.599
855.55,0.97096,0.46181,25.599
855.66,0.97534,0.46204,25.599
855.96,0.97233,0.47054,25.6
856.05,0.97318,0.47264,25.6
856.24,0.97256,0.47467,25.6
856.49,0.97491,0.47018,25.601
856.65,0.97458,0.46456,25.601
856.84,0.97005,0.46257,25.602
857.05,0.9728,0.4572,25.602
857.25,0.96998,0.45231,25.603
857.46,0.97036,0.44267,25.604
857.64,0.9694,0.44394,25.604
857.91,0.968,0.43987,25.604
858.05,0.96712,0.43709,25.604
858.24,0.9698,0.43473,25.604
858.45,0.97115,0.44684,25.605
858.63,0.96959,0.44347,25.605
858.93,0.96869,0.43125,25.605
859.05,0.96683,0.42297,25.606
859.25,0.96815,0.42809,25.606
859.44,0.9698,0.42953,25.607
859.65,0.96772,0.43664,25.607
859.92,0.97092,0.46079,25.608
860.06,0.97123,0.45416,25.609
860.39,0.97009,0.44716,25.61
860.45,0.96945,0.45057,NaN
860.66,0.97122,0.45594,25.611
860.89,0.97046,0.44968,25.611
861.05,0.96913,0.44823,25.612
861.35,0.9725,0.46688,25.616
861.46,0.97287,0.47102,25.619
861.63,0.97193,0.46513,25.62
861.91,0.9718,0.45731,25.622
862.05,0.97217,0.46392,25.622
862.38,0.97327,0.47893,25.623
862.44,0.97294,0.47916,NaN
862.65,0.97014,0.47669,25.624
862.87,0.97294,0.47501,25.625
863.06,0.97345,0.47264,25.625
863.4,0.97372,0.48167,25.626
863.44,0.97156,0.48369,NaN
863.65,0.9738,0.48376,25.628
863.94,0.9737,0.48016,25.63
864.04,0.97235,0.47362,25.631
864.25,0.97236,0.46302,25.631
864.46,0.97179,0.4705,25.631
864.64,0.97189,0.461,25.631
864.96,0.975,0.4611,25.632
865.03,0.97526,0.46825,NaN
865.24,0.9725,0.46892,25.632
865.46,0.96893,0.46239,25.632
865.64,0.97082,0.45245,25.632
865.85,0.97261,0.46365,25.632
866.05,0.96993,0.45998,25.633
866.24,0.97303,0.45224,25.633
866.57,0.96941,0.44334,25.634
866.64,0.96988,0.44244,25.634
866.85,0.96891,0.441,25.634
867.06,0.97064,0.44903,25.635
867.25,0.97474,0.46829,25.636
867.55,0.97315,0.46773,25.637
867.65,0.97289,0.46178,25.637
867.86,0.97361,0.4659,25.638
868.07,0.97495,0.46992,25.641
868.25,0.97378,0.46193,25.644
868.55,0.96963,0.45992,25.645
868.64,0.97324,0.46405,25.646
868.84,0.97332,0.47901,25.647
869.05,0.97312,0.47743,25.648
869.24,0.97331,0.47262,25.649
869.48,0.97242,0.47774,25.651
869.63,0.97526,0.48787,25.652
869.98,0.97405,0.48958,25.654
870.05,0.97405,0.48806,25.654
870.25,0.97505,0.4872,25.655
870.44,0.9749,0.486,25.656
870.65,0.97313,0.48531,25.657
870.96,0.97487,0.49483,25.658
871.04,0.97626,0.49478,NaN
871.24,0.976,0.49346,25.658
871.45,0.97625,0.49069,25.659
871.65,0.97251,0.48313,25.659
871.85,0.97413,0.49299,25.659
872.04,0.97497,0.4873,25.659
872.24,0.97489,0.47953,25.659
872.62,0.97644,0.49283,25.66
872.65,0.97649,0.49269,NaN
872.85,0.974,0.49311,25.66
873.11,0.97598,0.48525,25.66
873.23,0.9755,0.49268,25.66
873.44,0.97503,0.49197,25.66
873.71,0.97412,0.48623,25.661
873.85,0.97459,0.4791,25.661
874.05,0.9734,0.47091,25.662
874.25,0.97231,0.46653,25.662
874.45,0.97284,0.46581,25.663
874.68,0.97252,0.47841,25.663
874.85,0.97314,0.48997,25.664
875.09,0.97269,0.49495,25.667
875.24,0.97378,0.4955,25.669
875.56,0.97625,0.4941,25.67
875.64,0.97544,0.49195,25.671
875.85,0.97568,0.49351,25.672
876.04,0.97549,0.49143,25.673
876.25,0.97256,0.49023,25.674
876.59,0.97496,0.48511,25.675
876.65,0.9731,0.48609,NaN
876.83,0.975,0.48471,25.676
877.03,0.97537,0.48837,25.677
877.25,0.97532,0.49107,25.678
877.49,0.97407,0.48772,25.679
877.64,0.97416,0.48871,25.679
877.85,0.97604,0.48964,25.68
878.06,0.97539,0.48867,25.68
878.23,0.97447,0.48966,25.68
878.61,0.97404,0.4863,25.681
878.64,0.97596,0.48929,NaN
878.84,0.977,0.50157,25.681
879.04,0.97478,0.50366,25.681
879.24,0.97616,0.5026,25.681
879.5,0.97486,0.50133,25.682
879.64,0.97484,0.49686,25.682
879.83,0.97666,0.49391,25.682
880.05,0.97523,0.4911,25.682
880.25,0.97418,0.48982,25.682
880.49,0.97362,0.47717,25.682
880.65,0.97385,0.47011,25.682
880.98,0.97254,0.46548,25.682
881.03,0.97084,0.46367,25.682
881.26,0.97093,0.45664,25.682
881.44,0.97398,0.46979,25.682
881.63,0.97366,0.46234,25.682
881.84,0.97214,0.46092,25.682
882.06,0.97243,0.46164,25.682
882.27,0.97223,0.4651,25.683
882.45,0.97328,0.46121,25.683
882.69,0.96958,0.44245,25.683
882.84,0.96986,0.44701,25.684
883.13,0.97164,0.45159,25.684
883.25,0.97169,0.44746,25.685
883.55,0.97269,0.46109,25.686
883.65,0.97238,0.46698,NaN
883.98,0.97423,0.46722,25.687
884.04,0.97387,0.46648,25.688
884.26,0.97263,0.47084,25.688
884.48,0.97468,0.49034,25.689
884.65,0.97596,0.48584,25.694
884.97,0.97545,0.48082,25.696
885.06,0.97337,0.48108,25.697
885.23,0.97479,0.48064,25.697
885.44,0.9731,0.4712,25.698
885.66,0.97142,0.46216,25.7
885.84,0.97229,0.46668,25.702
886.05,0.97235,0.47604,25.703
886.26,0.97386,0.47626,25.704
886.44,0.97266,0.47649,25.705
886.76,0.97404,0.4728,25.706
886.84,0.97316,0.47157,25.707
887.04,0.97293,0.46596,25.707
887.25,0.97279,0.47602,25.708
887.44,0.9745,0.47532,25.708
887.65,0.97209,0.47097,25.709
887.84,0.97211,0.46594,25.709
888.08,0.97296,0.47185,25.709
888.25,0.97286,0.47446,25.71
888.5,0.97397,0.4811,25.71
888.63,0.97216,0.4739,25.71
889.03,0.97474,0.48697,25.711
889.07,0.9749,0.48529,NaN
889.23,0.97379,0.47905,25.712
889.44,0.97156,0.46578,25.712
889.66,0.97231,0.4699,25.713
889.85,0.97104,0.45815,25.713
890.12,0.97122,0.43587,25.715
890.24,0.96854,0.42941,25.716
890.46,0.96983,0.43638,25.716
890.7,0.96941,0.43846,25.718
890.84,0.97001,0.45012,25.718
891.14,0.97134,0.46758,25.719
891.23,0.97316,0.47046,25.72
891.55,0.97267,0.46513,25.721
891.65,0.97325,0.46844,NaN
891.86,0.97225,0.48407,25.723
892.12,0.97442,0.48166,25.723
892.23,0.97277,0.47737,25.724
892.45,0.97417,0.4723,25.724
892.64,0.9737,0.46898,25.725
892.83,0.97357,0.46975,25.725
893.1,0.97526,0.46983,25.726
893.24,0.97329,0.47204,25.726
893.45,0.97195,0.47011,25.726
893.63,0.97326,0.47086,25.727
893.83,0.9727,0.46963,25.727
894.08,0.97303,0.48692,25.73
894.25,0.97588,0.49093,25.731
894.46,0.97584,0.49567,25.732
894.65,0.97649,0.49479,25.732
894.94,0.97328,0.48381,25.732
895.04,0.97483,0.48599,25.733
895.23,0.97607,0.48842,25.733
895.44,0.9761,0.48897,25.733
895.65,0.97426,0.4871,25.733
895.88,0.9746,0.48662,25.734
896.05,0.97588,0.48284,25.735
896.24,0.97621,0.49597,25.735
896.45,0.97623,0.49598,25.735
896.64,0.976,0.49675,25.735
896.9,0.97342,0.4872,25.736
897.03,0.97406,0.48183,25.736
897.33,0.97438,0.47536,25.737
897.45,0.97202,0.47098,25.737
897.63,0.97171,0.45702,25.738
897.91,0.97243,0.46296,25.738
898.06,0.97149,0.46114,25.738
898.38,0.97501,0.4744,25.739
898.44,0.97504,0.47788,25.739
898.63,0.9752,0.48233,25.739
898.86,0.97342,0.48538,25.74
899.05,0.97393,0.48658,25.74
899.24,0.97492,0.48639,25.741
899.5,0.97303,0.4798,25.744
899.64,0.97358,0.47126,25.745
899.93,0.97338,0.46754,25.747
900.04,0.97211,0.47365,25.747
900.26,0.97404,0.48343,25.748
900.44,0.97432,0.48748,25.748
900.63,0.97584,0.48646,25.749
900.93,0.97695,0.48464,25.749
901.05,0.97331,0.47932,25.75
901.23,0.97502,0.4804,25.75
901.46,0.97238,0.47555,25.75
901.64,0.97225,0.4774,25.751
902.01,0.9724,0.47444,25.752
902.05,0.97115,0.47241,NaN
902.24,0.97206,0.4698,25.752
902.55,0.97322,0.47826,25.754
902.64,0.97481,0.47806,25.756
902.84,0.97294,0.47894,25.757
903.06,0.97347,0.47703,25.758
903.25,0.97416,0.47566,25.759
903.44,0.97364,0.47607,25.759
903.65,0.97368,0.47687,25.76
903.86,0.97397,0.47536,25.761
904.04,0.97392,0.47394,25.761
904.25,0.97414,0.47189,25.761
904.51,0.97377,0.46875,25.762
904.66,0.97283,0.46403,25.762
904.86,0.97448,0.46196,25.762
905.07,0.97155,0.46104,25.762
905.26,0.97441,0.47016,25.762
905.54,0.97416,0.46828,25.762
905.65,0.97132,0.46583,25.762
906,0.96919,0.4609,25.762
906.05,0.97185,0.46154,NaN
906.26,0.97065,0.46299,25.762
906.44,0.97059,0.45779,25.762
906.66,0.97298,0.4607,25.762
906.87,0.97151,0.45788,25.762
907.06,0.96994,0.45958,25.762
907.37,0.97142,0.45478,25.762
907.44,0.9716,0.45417,25.762
907.64,0.9733,0.46069,25.763
907.88,0.97337,0.44795,25.763
908.04,0.96975,0.43763,25.764
908.24,0.96806,0.42971,25.764
908.5,0.97041,0.4413,25.765
908.64,0.96844,0.44566,25.766
908.96,0.97414,0.45588,25.77
909.04,0.97336,0.46415,NaN
909.25,0.97315,0.47406,25.772
909.58,0.97229,0.46679,25.773
909.64,0.97278,0.47205,NaN
909.86,0.97561,0.47205,25.775
910.05,0.97277,0.46252,25.776
910.24,0.97018,0.44831,25.777
910.45,0.97017,0.45313,25.778
910.64,0.971,0.46412,25.779
910.85,0.97183,0.46217,25.78
911.08,0.97161,0.4506,25.782
911.24,0.96921,0.45597,25.783
911.44,0.97183,0.46623,25.783
911.64,0.97174,0.46871,25.784
911.84,0.9722,0.47067,25.785
912.16,0.97287,0.46695,25.786
912.24,0.97275,0.46461,NaN
912.46,0.97144,0.46288,25.786
912.66,0.97286,0.47553,25.787
912.84,0.97294,0.47775,25.787
913.03,0.97559,0.47458,25.788
913.31,0.97462,0.46921,25.788
913.43,0.97231,0.46179,25.788
913.64,0.97321,0.47417,25.788
913.89,0.97103,0.46804,25.789
914.06,0.97019,0.4586,25.789
914.36,0.97371,0.46888,25.789
914.44,0.9762,0.46786,NaN
914.63,0.9701,0.46281,25.79
914.85,0.97068,0.45767,25.79
915.03,0.97226,0.46359,25.791
915.33,0.97237,0.44955,25.791
915.44,0.97038,0.44722,25.793
915.79,0.96885,0.43814,25.796
915.84,0.97091,0.44206,25.797
916.04,0.9705,0.44002,25.797
916.24,0.97021,0.44539,25.798
916.45,0.97082,0.45678,25.799
916.72,0.97148,0.46669,25.801
916.86,0.97121,0.46284,25.802
917.06,0.97108,0.46358,25.802
917.27,0.97208,0.47591,25.804
917.45,0.97295,0.46452,25.805
917.74,0.97499,0.46501,25.806
917.85,0.97137,0.46707,NaN
918.04,0.97335,0.47471,25.808
918.24,0.97314,0.47095,25.808
918.45,0.97155,0.46361,25.809
918.64,0.97377,0.46833,25.81
918.85,0.97603,0.47765,25.811
919.11,0.97469,0.48124,25.813
919.26,0.9733,0.47991,25.814
919.43,0.9736,0.47661,25.814
919.66,0.97436,0.47559,25.815
919.85,0.97296,0.47229,25.816
920.17,0.97568,0.48461,25.817
920.25,0.97476,0.48302,NaN
920.45,0.97573,0.48446,25.817
920.65,0.97492,0.47912,25.817
920.83,0.97348,0.47192,25.818
921.05,0.97277,0.48174,25.818
921.29,0.97545,0.48283,25.818
921.44,0.97382,0.48539,25.818
921.65,0.97485,0.47821,25.818
921.84,0.97553,0.49331,25.818
922.06,0.97505,0.48816,25.819
922.35,0.97561,0.4811,25.819
922.44,0.97468,0.48494,25.819
922.64,0.97592,0.48761,25.819
922.99,0.97315,0.47124,25.82
923.05,0.97044,0.46261,NaN
923.24,0.9712,0.45634,25.82
923.48,0.97264,0.45572,25.821
923.65,0.97022,0.45444,25.822
923.95,0.97461,0.47244,25.823
924.06,0.9738,0.47899,25.823
924.23,0.97528,0.47933,25.824
924.45,0.97487,0.47888,25.825
924.63,0.97375,0.47791,25.825
924.98,0.97409,0.48148,25.826
925.03,0.97669,0.48262,25.827
925.25,0.97346,0.47761,25.827
925.47,0.97354,0.47997,25.828
925.65,0.97275,0.47721,25.83
925.96,0.97403,0.47967,25.834
926.04,0.97546,0.47971,NaN
926.24,0.97457,0.47904,25.835
926.44,0.97348,0.47988,25.836
926.63,0.97456,0.47862,25.838
926.93,0.97289,0.47962,25.839
927.03,0.9736,0.47675,NaN
927.23,0.97332,0.47607,25.84
927.44,0.97599,0.4944,25.84
927.63,0.97513,0.50244,25.84
927.92,0.97604,0.50569,25.84
928.04,0.97513,0.50388,25.841
928.33,0.97573,0.4884,25.841
928.43,0.97468,0.47667,25.841
928.64,0.97239,0.46407,25.841
928.86,0.97108,0.45718,25.841
929.05,0.97009,0.44945,25.841
929.31,0.9713,0.44631,25.841
929.44,0.9724,0.46156,25.841
929.65,0.97244,0.46161,25.841
929.84,0.97443,0.46597,25.842
930.05,0.97315,0.4687,25.842
930.24,0.97327,0.46467,25.843
930.43,0.97369,0.45562,25.844
930.65,0.97123,0.45714,25.845
930.86,0.96896,0.43292,25.846
931.05,0.96833,0.43654,25.847
931.38,0.97235,0.45852,25.849
931.44,0.97372,0.46128,NaN
931.64,0.97323,0.46873,25.85
931.91,0.97227,0.46886,25.85
932.04,0.97325,0.47689,25.851
932.26,0.97168,0.46773,25.851
932.43,0.97122,0.46161,25.852
932.66,0.97136,0.46044,25.852
932.94,0.97094,0.47323,25.853
933.06,0.97383,0.47092,25.853
933.25,0.96975,0.46153,25.854
933.45,0.97409,0.46394,25.855
933.64,0.97263,0.47512,25.858
933.94,0.97296,0.47928,25.86
934.06,0.97189,0.47595,25.861
934.23,0.9731,0.47412,25.862
934.44,0.97151,0.46815,25.863
934.65,0.97299,0.46281,25.864
934.87,0.97369,0.47698,25.865
935.04,0.97357,0.47785,25.866
935.31,0.97144,0.47321,25.866
935.43,0.97406,0.47125,25.867
935.64,0.97173,0.46557,25.867
935.83,0.97337,0.47062,25.867
936.04,0.97328,0.4734,25.867
936.26,0.97375,0.4748,25.867
936.45,0.97253,0.46827,25.867
936.74,0.97296,0.4802,25.868
936.85,0.97266,0.47792,25.868
937.18,0.97264,0.47148,25.868
937.25,0.97351,0.47393,NaN
937.44,0.97301,0.46592,25.868
937.69,0.96959,0.45282,25.869
937.86,0.96869,0.4345,25.869
938.18,0.97163,0.43719,25.87
938.26,0.96837,0.43636,25.87
938.44,0.9683,0.44987,25.871
938.64,0.9709,0.44906,25.872
938.84,0.97106,0.45199,25.872
939.2,0.97077,0.45731,25.874
939.23,0.9722,0.45632,NaN
939.45,0.9701,0.45977,25.874
939.76,0.97379,0.46617,25.875
939.84,0.97188,0.46654,25.876
940.03,0.97348,0.47241,25.876
940.24,0.97184,0.47033,25.877
940.44,0.97107,0.47135,25.878
940.73,0.97341,0.49118,25.878
940.85,0.97385,0.49135,25.879
941.14,0.97419,0.49204,25.882
941.26,0.97643,0.48967,25.883
941.43,0.97429,0.48546,25.884
941.65,0.97389,0.48304,25.885
941.83,0.9739,0.47133,25.886
942.11,0.9732,0.45949,25.887
942.25,0.97117,0.45471,25.888
942.44,0.96978,0.44814,25.889
942.68,0.96991,0.45131,25.89
942.83,0.97122,0.46123,25.891
943.03,0.97116,0.46115,25.892
943.32,0.97261,0.45786,25.893
943.45,0.97158,0.45911,25.894
943.76,0.97124,0.45714,25.895
943.86,0.97214,0.46543,25.895
944.05,0.97233,0.46743,25.896
944.24,0.97159,0.46635,25.896
944.44,0.97363,0.46113,25.896
944.68,0.9737,0.4625,25.896
944.84,0.97099,0.47248,25.897
945.21,0.96992,0.46949,25.897
945.25,0.97287,0.4693,NaN
945.44,0.97186,0.46979,25.897
945.65,0.97526,0.48275,25.897
945.84,0.97296,0.4835,25.897
946.03,0.97458,0.48085,25.898
946.3,0.97478,0.48765,25.898
946.45,0.97375,0.48723,25.898
946.65,0.97318,0.48435,25.899
946.83,0.97308,0.473,25.899
947.04,0.97289,0.46531,25.899
947.31,0.97113,0.4645,25.9
947.44,0.97263,0.47425,NaN
947.65,0.97282,0.46867,25.901
947.9,0.97394,0.47653,25.902
948.05,0.97038,0.47343,25.902
948.25,0.97158,0.46477,25.903
948.46,0.97444,0.46896,25.904
948.65,0.97332,0.47032,25.905
948.98,0.97004,0.46585,25.91
949.03,0.97118,0.46419,NaN
949.24,0.96959,0.46404,25.912
949.54,0.9724,0.46884,25.913
949.63,0.97133,0.47216,25.914
949.84,0.97218,0.47495,25.915
950.04,0.97314,0.47382,25.916
950.25,0.96888,0.47197,25.917
950.44,0.97109,0.47197,25.918
950.65,0.97296,0.46729,25.918
951,0.97245,0.47065,25.92
951.03,0.97406,0.47024,NaN
951.24,0.97352,0.47907,25.92
951.58,0.97373,0.49335,25.921
951.64,0.97387,0.49319,NaN
951.85,0.97564,0.49083,25.921
952.11,0.97099,0.47778,25.921
952.23,0.97243,0.469,25.922
952.59,0.9722,0.4663,25.922
952.63,0.97263,0.46381,NaN
952.84,0.97232,0.45907,25.922
953.11,0.96921,0.44927,25.922
953.25,0.97001,0.44187,25.922
953.53,0.96974,0.45864,25.922
953.65,0.97337,0.45835,25.922
953.85,0.97271,0.45911,25.922
954.04,0.97048,0.4589,25.922
954.24,0.96911,0.45984,25.922
954.45,0.97132,0.45631,25.922
954.63,0.97128,0.45532,25.923
954.92,0.96986,0.43877,25.923
955.04,0.96739,0.43324,25.924
955.25,0.97049,0.43451,25.924
955.44,0.96891,0.43468,25.925
955.65,0.9709,0.44327,25.925
955.94,0.97121,0.45563,25.926
956.04,0.97082,0.4574,25.927
956.36,0.97115,0.45526,25.928
956.44,0.96949,0.45295,25.928
956.63,0.96998,0.45006,25.929
956.85,0.97067,0.44534,25.93
957.04,0.97022,0.44445,25.931
957.31,0.97163,0.44658,25.935
957.45,0.9701,0.44946,25.936
957.72,0.97011,0.45275,25.937
957.83,0.97223,0.45372,25.938
958.05,0.9716,0.45441,25.939
958.24,0.97021,0.46866,25.939
958.45,0.97182,0.4702,25.94
958.73,0.97185,0.47141,25.94
958.84,0.97029,0.46744,NaN
959.04,0.97132,0.45833,25.94
959.32,0.97033,0.45745,25.941
959.45,0.971,0.46036,25.941
959.66,0.96971,0.45707,25.941
959.99,0.97093,0.4546,25.942
960.04,0.96942,0.45419,NaN
960.24,0.97111,0.45203,25.942
960.47,0.97181,0.46708,25.943
960.65,0.97203,0.4653,25.944
960.99,0.9708,0.45867,25.946
961.05,0.97073,0.4546,NaN
961.25,0.96942,0.44801,25.947
961.44,0.96849,0.44126,25.947
961.66,0.967,0.4255,25.947
961.83,0.96757,0.41546,25.948
962.04,0.97011,0.4383,25.948
962.25,0.96827,0.44319,25.948
962.55,0.96918,0.43551,25.948
962.64,0.96748,0.43445,25.948
962.84,0.96913,0.44749,25.949
963.03,0.97183,0.44148,25.949
963.25,0.96804,0.43573,25.949
963.57,0.9673,0.42729,25.95
963.63,0.96824,0.42821,NaN
963.84,0.96798,0.4327,25.951
964.11,0.9693,0.44755,25.952
964.25,0.97104,0.4589,25.952
964.58,0.971,0.45909,25.953
964.66,0.96955,0.4549,25.954
964.83,0.97085,0.45807,25.954
965.04,0.97183,0.46217,25.956
965.25,0.97226,0.45278,25.959
965.49,0.9707,0.45054,25.962
965.63,0.9702,0.45683,25.963
965.84,0.97381,0.46691,25.964
966.06,0.97026,0.45784,25.965
966.23,0.9708,0.45403,25.965
966.46,0.97123,0.46913,25.967
966.64,0.97407,0.47796,25.969
967,0.97039,0.47501,25.97
967.03,0.97287,0.47534,NaN
967.25,0.97199,0.47177,25.972
967.6,0.97192,0.47042,25.973
967.63,0.97391,0.46934,NaN
967.86,0.97377,0.48217,25.974
968.07,0.97207,0.4831,25.974
968.25,0.97362,0.48177,25.975
968.44,0.97217,0.47342,25.975
968.68,0.97331,0.47453,25.975
968.85,0.9722,0.47606,25.975
969.16,0.97076,0.46511,25.976
969.26,0.97014,0.45804,25.976
969.43,0.97262,0.47826,25.976
969.65,0.97361,0.47422,25.976
969.84,0.97269,0.46976,25.976
970.1,0.97239,0.46539,25.976
970.25,0.97176,0.47322,25.977
970.56,0.97187,0.46073,25.977
970.64,0.97156,0.4609,NaN
970.84,0.97021,0.44389,25.978
971.06,0.9717,0.44955,25.978
971.25,0.97042,0.44949,25.979
971.54,0.97306,0.46361,25.98
971.63,0.97178,0.47393,25.98
971.85,0.97084,0.4785,25.981
972.11,0.97271,0.47791,25.985
972.25,0.9728,0.47506,25.987
972.46,0.9709,0.48234,25.988
972.65,0.97363,0.47645,25.989
972.86,0.97205,0.46634,25.99
973.22,0.97189,0.47398,25.992
973.25,0.97132,0.47505,NaN
973.45,0.97232,0.47197,25.993
973.72,0.97213,0.47151,25.993
973.84,0.97292,0.46863,25.994
974.03,0.97043,0.47537,25.994
974.24,0.97254,0.4761,25.996
974.46,0.97379,0.47415,25.997
974.81,0.97238,0.47223,25.999
974.84,0.97209,0.47405,NaN
975.03,0.97332,0.47412,25.999
975.29,0.97613,0.49355,26
975.45,0.97812,0.49308,26
975.79,0.97678,0.49002,26.001
975.86,0.97393,0.48754,26.001
976.05,0.97398,0.48659,26.001
976.23,0.97292,0.48005,26.001
976.45,0.9736,0.47514,26.001
976.74,0.97045,0.45633,26.001
976.86,0.97145,0.4541,26.001
977.05,0.97156,0.4657,26.001
977.25,0.9713,0.46623,26.001
977.44,0.97204,0.46667,26.001
977.71,0.97452,0.4748,26.002
977.84,0.97112,0.47094,26.002
978.06,0.97342,0.47504,26.002
978.25,0.97221,0.4793,26.002
978.44,0.97339,0.47367,26.003
978.71,0.97146,0.4687,26.003
978.85,0.97169,0.46285,26.003
979.04,0.97177,0.45179,26.004
979.26,0.97021,0.44605,26.004
979.44,0.96993,0.46321,26.005
979.68,0.97176,0.46496,26.006
979.85,0.97148,0.47558,26.006
980.04,0.97201,0.46686,26.007
980.25,0.97081,0.45569,26.01
980.46,0.97216,0.46132,26.012
980.65,0.97136,0.46719,26.013
980.84,0.97352,0.46784,26.014
981.04,0.97272,0.45964,26.015
981.27,0.97215,0.46831,26.017
981.44,0.97158,0.47519,26.018
981.64,0.97344,0.47889,26.019
981.84,0.97361,0.47846,26.02
982.05,0.97421,0.47632,26.02
982.39,0.97311,0.4742,26.021
982.43,0.97235,0.4735,26.022
982.66,0.97592,0.48553,26.023
982.9,0.97417,0.48519,26.023
983.04,0.97476,0.48355,26.024
983.23,0.97382,0.47717,26.024
983.44,0.97153,0.47266,26.024
983.65,0.97353,0.47871,26.024
983.95,0.97377,0.46805,26.024
984.06,0.97128,0.46217,26.024
984.23,0.97333,0.47877,26.025
984.45,0.97342,0.47222,26.025
984.64,0.97302,0.46628,26.025
985.01,0.97239,0.4656,26.025
985.04,0.9705,0.46631,NaN
985.24,0.9721,0.45874,26.026
985.47,0.97133,0.44723,26.026
985.63,0.97006,0.43823,26.027
985.98,0.9711,0.44781,26.027
986.05,0.97103,0.44988,26.028
986.24,0.97106,0.45528,26.028
986.44,0.97278,0.47316,26.029
986.65,0.9736,0.48073,26.029
987.01,0.97329,0.47427,26.031
987.04,0.97258,0.47431,NaN
987.25,0.97374,0.47632,26.035
987.54,0.97191,0.46056,26.037
987.66,0.97429,0.45879,26.038
987.85,0.97005,0.46642,26.04
988.14,0.97402,0.47662,26.041
988.24,0.97228,0.47144,26.042
988.44,0.97481,0.46719,26.043
988.7,0.97502,0.47526,26.045
988.85,0.97565,0.48107,26.046
989.19,0.97254,0.48179,26.047
989.26,0.97127,0.4819,NaN
989.46,0.97346,0.47974,26.048
989.74,0.97218,0.47687,26.049
989.84,0.97205,0.47582,26.05
990.05,0.9734,0.48991,26.051
990.28,0.97419,0.48979,26.051
990.45,0.97431,0.48917,26.051
990.76,0.97402,0.48587,26.052
990.85,0.97421,0.48354,26.052
991.04,0.97396,0.48184,26.052
991.24,0.97264,0.47728,26.052
991.45,0.97502,0.47797,26.052
991.77,0.97246,0.46963,26.052
991.86,0.97391,0.46985,26.052
992.05,0.97371,0.47179,26.052
992.25,0.97176,0.4723,26.052
992.45,0.97145,0.46973,26.053
992.65,0.97189,0.46797,26.053
992.89,0.9726,0.46553,26.053
993.04,0.9741,0.47297,26.053
993.26,0.97388,0.47488,26.053
993.52,0.97391,0.47343,26.053
993.65,0.97425,0.46622,26.053
993.85,0.97112,0.46518,26.053
994.13,0.97222,0.46646,26.054
994.24,0.97107,0.4581,26.054
994.44,0.96586,0.41472,26.055
994.74,0.96592,0.41291,26.055
994.86,0.96935,0.44498,26.056
995.05,0.9712,0.45438,26.056
995.34,0.97314,0.45566,26.058
995.45,0.97108,0.45589,26.061
995.65,0.97446,0.46909,26.062
995.92,0.97055,0.46593,26.064
996.04,0.97209,0.46164,26.065
996.26,0.97204,0.46832,26.066
996.47,0.97272,0.48819,26.067
996.64,0.97504,0.48765,26.069
996.86,0.97412,0.48071,26.07
997.16,0.9759,0.48927,26.071
997.25,0.9744,0.48863,26.072
997.44,0.97583,0.48331,26.072
997.69,0.97328,0.47562,26.074
997.83,0.97366,0.48015,26.074
998.22,0.97559,0.48446,26.076
998.25,0.97253,0.48556,NaN
998.45,0.97564,0.48553,26.077
998.79,0.97448,0.48283,26.078
998.86,0.97502,0.48309,NaN
999.04,0.97172,0.48302,26.079
999.34,0.97581,0.49903,26.08
999.45,0.97573,0.49897,26.08
999.65,0.97476,0.49813,26.08
999.97,0.9754,0.49441,26.08
1000,0.97401,0.49028,26.081
1000.2,0.97283,0.48318,26.081
1000.5,0.97182,0.47344,26.081
1000.6,0.97109,0.46715,26.081
1000.8,0.97288,0.47092,26.081
1001,0.97235,0.46496,26.081
1001.2,0.97224,0.47151,26.081
1001.4,0.97165,0.47783,26.081
1001.6,0.97482,0.48915,26.081
1001.8,0.97463,0.49084,26.081
1002.2,0.97287,0.48297,26.082
1002.2,0.97378,0.48595,NaN
1002.5,0.97494,0.48755,26.082
1002.7,0.97399,0.48317,26.083
1002.8,0.97324,0.48294,26.085
1003.1,0.9719,0.46584,26.086
1003.3,0.96872,0.46209,26.087
1003.4,0.97015,0.45379,26.088
1003.6,0.97287,0.46183,26.088
1003.9,0.97002,0.47076,26.088
1004.1,0.97382,0.47198,26.089
1004.2,0.97354,0.47994,26.089
1004.6,0.97257,0.48185,26.09
1004.7,0.97402,0.48454,26.091
1004.8,0.97279,0.47147,26.091
1005.1,0.97248,0.46121,26.092
1005.2,0.97105,0.45832,NaN
1005.5,0.97322,0.46905,26.093
1005.7,0.97268,0.46593,26.093
1005.9,0.97267,0.46747,26.094
1006,0.97199,0.46495,26.094
1006.3,0.97046,0.46379,26.096
1006.4,0.97012,0.46272,26.099
1006.8,0.97245,0.46501,26.101
1006.8,0.97358,0.46678,NaN
1007.1,0.97268,0.46426,26.102
1007.4,0.97026,0.4557,26.102
1007.5,0.97303,0.46137,NaN
1007.6,0.97243,0.46849,26.103
1007.8,0.97395,0.46962,26.103
1008.1,0.97345,0.46372,26.103
1008.2,0.97322,0.47522,26.104
1008.6,0.97078,0.46941,26.104
1008.7,0.97226,0.46701,NaN
1008.8,0.97406,0.46511,26.104
1009.2,0.97183,0.46634,26.105
1009.2,0.97118,0.46303,NaN
1009.4,0.9709,0.44729,26.105
1009.7,0.96927,0.44321,26.106
1009.8,0.96917,0.45022,26.106
1010,0.97199,0.45558,26.106
1010.2,0.97036,0.45513,26.107
1010.4,0.97248,0.46457,26.109
1010.6,0.97214,0.46627,26.112
1010.8,0.97121,0.45515,26.113
1011,0.97166,0.4628,26.115
1011.4,0.97131,0.47517,26.117
1011.4,0.97407,0.4739,NaN
1011.6,0.9681,0.46215,26.118
1012,0.97282,0.47315,26.119
1012,0.97228,0.47401,26.12
1012.2,0.9704,0.46241,26.12
1012.5,0.96875,0.45158,26.121
1012.6,0.97117,0.45722,26.122
1012.9,0.97234,0.46772,26.123
1013,0.97041,0.4677,26.125
1013.2,0.97171,0.46799,26.126
1013.4,0.97115,0.4682,26.127
1013.6,0.97116,0.46451,26.127
1013.8,0.97348,0.4632,26.128
1014.1,0.9728,0.47292,26.129
1014.3,0.97246,0.47156,26.13
1014.4,0.97231,0.46838,26.13
1014.7,0.97003,0.45936,26.131
1014.9,0.97211,0.46431,26.131
1015.1,0.97428,0.46687,26.131
1015.3,0.97122,0.46569,26.131
1015.4,0.97135,0.46055,26.131
1015.7,0.9756,0.48251,26.132
1015.8,0.97282,0.47991,26.132
1016.1,0.97271,0.47189,26.132
1016.3,0.97153,0.45682,26.132
1016.4,0.97077,0.46638,26.132
1016.8,0.97015,0.45357,26.133
1016.8,0.96897,0.44124,NaN
1017,0.96856,0.43007,26.134
1017.3,0.96747,0.43573,26.137
1017.4,0.96844,0.43931,26.139
1017.7,0.97201,0.44636,26.139
1017.9,0.97409,0.46175,26.14
1018,0.97347,0.46329,26.142
1018.3,0.97066,0.45834,26.142
1018.5,0.97242,0.46223,26.143
1018.6,0.97381,0.47732,26.144
1018.9,0.97263,0.47131,26.146
1019,0.97201,0.46518,26.147
1019.3,0.97237,0.47536,26.148
1019.5,0.97507,0.47959,26.149
1019.7,0.97139,0.47112,26.149
1019.8,0.96995,0.46419,26.15
1020.1,0.97165,0.47192,26.151
1020.3,0.97332,0.47723,26.153
1020.6,0.97309,0.47977,26.154
1020.6,0.97262,0.47717,NaN
1020.8,0.97269,0.47697,26.155
1021.1,0.97256,0.4751,26.156
1021.3,0.97334,0.47362,26.157
1021.4,0.97292,0.483,26.157
1021.7,0.97209,0.48135,26.158
1021.8,0.97336,0.48198,26.158
1022.2,0.97091,0.46919,26.159
1022.3,0.97144,0.4673,26.159
1022.4,0.97552,0.48021,26.159
1022.6,0.97169,0.46989,26.159
1022.8,0.97132,0.4702,26.159
1023.2,0.97245,0.47795,26.159
1023.2,0.973,0.4794,NaN
1023.5,0.97232,0.48328,26.16
1023.7,0.97564,0.48469,26.16
1023.8,0.97403,0.48821,26.16
1024.3,0.97237,0.4771,26.16
1024.3,0.97331,0.47741,NaN
1024.5,0.97484,0.48153,26.161
1024.8,0.97434,0.46532,26.162
1024.8,0.96998,0.46328,NaN
1025.1,0.97142,0.45678,26.162
1025.3,0.96908,0.45506,26.163
1025.4,0.97078,0.46288,26.163
1025.8,0.97243,0.47508,26.165
1025.9,0.97063,0.47574,NaN
1026.1,0.97414,0.47872,26.165
1026.4,0.97237,0.47123,26.166
1026.4,0.97257,0.47319,26.167
1026.6,0.97247,0.46716,26.167
1026.9,0.97258,0.46902,26.168
1027,0.97023,0.46669,26.169
1027.3,0.97006,0.46541,26.169
1027.4,0.97117,0.46361,26.17
1027.6,0.97018,0.46072,26.17
1027.9,0.96998,0.4588,26.172
1028,0.9715,0.4585,26.175
1028.3,0.96968,0.45875,26.177
1028.5,0.97138,0.45859,26.178
1028.6,0.97,0.45632,NaN
1028.8,0.9724,0.46338,26.179
1029,0.97095,0.46501,26.179
1029.2,0.97247,0.46282,26.18
1029.6,0.97197,0.45797,26.18
1029.7,0.96905,0.45762,NaN
1029.8,0.97114,0.46525,26.18
1030.2,0.97084,0.45504,26.181
1030.3,0.97164,0.45338,NaN
1030.4,0.97206,0.46259,26.181
1030.7,0.97036,0.45486,26.181
1030.8,0.97047,0.45473,26.181
1031,0.96957,0.45656,26.181
1031.2,0.97062,0.46022,26.181
1031.5,0.9702,0.45452,26.181
1031.8,0.96867,0.42445,26.182
1031.8,0.96627,0.43,26.183
1032,0.96847,0.43137,26.183
1032.3,0.97144,0.43711,26.183
1032.5,0.96883,0.44037,26.185
1032.7,0.9683,0.45159,26.187
1032.8,0.97109,0.45973,26.189
1033,0.97066,0.45186,26.19
1033.4,0.97219,0.46261,26.192
1033.4,0.97255,0.46673,NaN
1033.6,0.97224,0.47116,26.194
1033.9,0.973,0.46758,26.195
1034,0.97108,0.47616,26.196
1034.3,0.9721,0.47487,26.197
1034.5,0.97141,0.46325,26.198
1034.7,0.97088,0.45492,26.199
1034.8,0.97181,0.45878,26.2
1035,0.97209,0.46878,26.201
1035.3,0.97298,0.471,26.202
1035.5,0.97184,0.46608,26.203
1035.7,0.97186,0.46675,26.204
1035.8,0.97176,0.46597,26.204
1036.1,0.97127,0.4622,26.205
1036.2,0.9722,0.47315,26.205
1036.6,0.97284,0.46578,26.206
1036.7,0.97132,0.46496,NaN
1036.8,0.97,0.45785,26.206
1037.2,0.97069,0.46421,26.206
1037.3,0.97232,0.46267,26.207
1037.4,0.97187,0.4681,26.207
1037.7,0.97151,0.46013,26.207
1037.9,0.97213,0.47661,26.207
1038.1,0.97466,0.47987,26.208
1038.3,0.97364,0.47272,26.208
1038.5,0.97255,0.46634,26.208
1038.7,0.97147,0.46628,26.208
1038.8,0.96952,0.46312,26.209
1039,0.96917,0.44975,26.21
1039.3,0.96799,0.42791,26.213
1039.5,0.96942,0.4365,26.214
1039.6,0.96974,0.44302,26.215
1039.9,0.9699,0.44518,26.216
1040,0.97113,0.45248,NaN
1040.3,0.97249,0.46046,26.218
1040.4,0.96866,0.45333,26.219
1040.6,0.97207,0.45782,26.22
1041,0.973,0.46732,26.222
1041.1,0.97628,0.46849,NaN
1041.3,0.97194,0.46406,26.223
1041.6,0.96985,0.46057,26.225
1041.6,0.96987,0.45963,NaN
1041.9,0.97157,0.4647,26.226
1042.2,0.97219,0.46771,26.227
1042.3,0.97197,0.46778,NaN
1042.4,0.9737,0.46638,26.228
1042.7,0.97206,0.46692,26.229
1042.8,0.9719,0.46459,26.229
1043.2,0.97272,0.47395,26.23
1043.2,0.97245,0.47697,NaN
1043.5,0.97496,0.48564,26.23
1043.7,0.97553,0.48976,26.231
1043.8,0.9719,0.48851,26.232
1044,0.97288,0.47991,26.232
1044.3,0.97423,0.4847,26.232
1044.4,0.97331,0.48485,26.232
1044.8,0.97274,0.47972,26.234
1044.9,0.97212,0.47662,NaN
1045.1,0.97222,0.47561,26.235
1045.3,0.97309,0.49186,26.236
1045.4,0.97303,0.49229,NaN
1045.6,0.97442,0.49389,26.237
1045.9,0.97189,0.4859,26.238
1046,0.97067,0.47736,26.238
1046.2,0.96983,0.4701,26.238
1046.4,0.97012,0.4643,26.238
1046.6,0.97052,0.45945,26.238
1046.9,0.96885,0.44982,26.238
1047,0.97003,0.46011,26.238
1047.2,0.97074,0.45938,26.238
1047.4,0.97076,0.46674,26.239
1047.7,0.97201,0.46201,26.239
1047.9,0.97221,0.47211,26.239
1048.1,0.97461,0.4773,26.239
1048.2,0.97082,0.47642,26.24
1048.6,0.97303,0.46772,26.241
1048.7,0.97125,0.46362,NaN
1048.9,0.96948,0.45795,26.241
1049.2,0.96973,0.45636,26.242
1049.2,0.97137,0.46515,26.242
1049.4,0.97223,0.47231,26.243
1049.7,0.97025,0.47628,26.244
1049.8,0.97145,0.48122,26.244
1050,0.97178,0.48101,26.245
1050.4,0.97268,0.47815,26.246
1050.4,0.97187,0.47881,NaN
1050.6,0.97283,0.47626,26.247
1050.9,0.97171,0.47385,26.251
1051,0.97171,0.47119,26.253
1051.3,0.97215,0.47192,26.253
1051.5,0.97291,0.47111,26.255
1051.7,0.97307,0.47341,26.255
1051.8,0.97189,0.47481,26.256
1052.1,0.9707,0.47683,26.257
1052.2,0.97089,0.47522,26.257
1052.7,0.97309,0.48108,26.258
1052.7,0.97384,0.48605,26.258
1052.8,0.97554,0.49367,26.259
1053.1,0.97286,0.49614,26.259
1053.3,0.97434,0.49147,26.259
1053.4,0.97367,0.48696,26.259
1053.7,0.97235,0.46768,26.259
1053.8,0.96848,0.45231,26.259
1054.2,0.96887,0.43723,26.259
1054.3,0.96913,0.43165,26.26
1054.4,0.97046,0.45418,26.26
1054.7,0.96944,0.44715,26.26
1054.8,0.97073,0.44759,26.26
1055.2,0.96731,0.45108,26.26
1055.2,0.96711,0.44991,26.261
1055.4,0.96791,0.44798,26.261
1055.6,0.97228,0.44049,26.263
1055.9,0.9676,0.4328,26.265
1056.1,0.96737,0.43767,26.266
1056.4,0.96844,0.43338,26.267
1056.5,0.96759,0.43999,NaN
1056.6,0.97061,0.45602,26.268
1056.9,0.97111,0.44653,26.27
1057.1,0.96967,0.44277,26.271
1057.3,0.96932,0.44822,26.271
1057.5,0.97146,0.45476,26.272
1057.6,0.96959,0.45153,26.274
1057.8,0.97076,0.45132,26.274
1058.1,0.97154,0.45896,26.275
1058.2,0.97092,0.46323,26.276
1058.5,0.96982,0.44867,26.277
1058.6,0.97034,0.44922,26.278
1058.8,0.97241,0.46255,26.278
1059.1,0.97233,0.4701,26.279
1059.2,0.97043,0.46679,26.279
1059.4,0.97179,0.46432,26.279
1059.6,0.97172,0.45727,26.28
1059.8,0.97128,0.45195,26.281
1060.2,0.97387,0.47128,26.281
1060.3,0.97245,0.47132,26.282
1060.4,0.97205,0.47166,26.282
1060.7,0.97157,0.46162,26.283
1060.8,0.97006,0.44881,26.283
1061,0.9716,0.44953,26.284
1061.3,0.96937,0.44952,26.284
1061.4,0.97005,0.44441,26.284
1061.8,0.97099,0.45474,26.285
1061.9,0.97107,0.45456,NaN
1062,0.9682,0.44949,26.286
1062.2,0.96843,0.44116,26.286
1062.5,0.9711,0.44439,26.289
1062.8,0.97128,0.44785,26.29
1062.9,0.9698,0.44228,26.291
1063,0.9692,0.43508,26.291
1063.2,0.96668,0.42302,26.292
1063.4,0.96653,0.42243,26.293
1063.8,0.96791,0.43749,26.295
1063.9,0.96903,0.44098,NaN
1064.1,0.97108,0.45571,26.296
1064.3,0.96894,0.44848,26.298
1064.4,0.96947,0.44626,26.299
1064.7,0.9687,0.45137,26.299
1064.8,0.97039,0.4592,26.3
1065,0.9709,0.44698,26.301
1065.3,0.97263,0.45316,26.302
1065.5,0.97197,0.46486,26.303
1065.6,0.97009,0.47288,26.303
1066,0.97092,0.45882,26.304
1066,0.97344,0.4617,NaN
1066.3,0.97138,0.47264,26.305
1066.6,0.97274,0.48303,26.305
1066.6,0.97326,0.48155,26.306
1066.8,0.97298,0.47968,26.306
1067.1,0.97296,0.47622,26.307
1067.3,0.9759,0.47422,26.308
1067.4,0.9725,0.47449,26.308
1067.7,0.97478,0.4902,26.309
1067.9,0.97612,0.48751,26.309
1068.2,0.97458,0.48206,26.31
1068.3,0.97285,0.47538,NaN
1068.5,0.97332,0.47265,26.313
1068.7,0.97365,0.46975,26.314
1068.8,0.97409,0.46863,26.314
1069.1,0.97274,0.46364,26.315
1069.3,0.97248,0.47714,26.315
1069.4,0.97114,0.4741,26.315
1069.6,0.97291,0.47156,26.315
1069.9,0.97309,0.4728,26.316
1070,0.97349,0.47802,26.316
1070.2,0.97247,0.47295,26.316
1070.4,0.96961,0.46758,26.317
1070.7,0.97049,0.45093,26.317
1070.9,0.96892,0.44576,26.318
1071,0.97094,0.45342,26.318
1071.2,0.97179,0.45705,26.319
1071.5,0.97315,0.48024,26.32
1071.6,0.97094,0.48004,26.32
1071.8,0.97439,0.47174,26.321
1072.1,0.97366,0.46864,26.322
1072.2,0.97337,0.46237,26.323
1072.4,0.97193,0.45956,26.324
1072.7,0.96926,0.44813,26.328
1072.8,0.96993,0.4567,26.33
1073,0.97264,0.46467,26.331
1073.3,0.97015,0.45806,26.331
1073.4,0.97021,0.45844,26.333
1073.8,0.97048,0.45286,26.334
1073.8,0.96986,0.45484,NaN
1074.1,0.96974,0.45438,26.336
1074.3,0.97011,0.45397,26.337
1074.4,0.97065,0.45357,26.338
1074.6,0.97132,0.45409,26.338
1074.9,0.97375,0.47041,26.339
1075.1,0.97229,0.47463,26.339
1075.2,0.97368,0.47854,26.339
1075.4,0.97187,0.47511,26.34
1075.6,0.97095,0.46918,26.34
1075.9,0.96933,0.46206,26.34
1076,0.9727,0.46026,26.34
1076.3,0.97055,0.45513,26.34
1076.4,0.96989,0.44393,26.34
1076.6,0.96903,0.43658,26.34
1077,0.96926,0.44507,26.34
1077,0.97145,0.44688,NaN
1077.3,0.9726,0.45221,26.34
1077.5,0.96983,0.45092,26.34
1077.6,0.97043,0.44872,NaN
1077.8,0.96949,0.45357,26.341
1078.1,0.97139,0.45441,26.341
1078.2,0.97091,0.44958,26.341
1078.6,0.96853,0.43666,26.342
1078.6,0.96769,0.4273,NaN
1078.8,0.96752,0.42645,26.343
1079.1,0.96983,0.43358,26.343
1079.3,0.96975,0.44572,26.344
1079.4,0.96819,0.43645,26.344
1079.7,0.97032,0.44635,26.345
1079.8,0.96879,0.43755,26.346
1080.2,0.96969,0.43562,26.347
1080.3,0.96821,0.43772,NaN
1080.4,0.9702,0.43831,26.348
1080.8,0.96818,0.43676,26.352
1080.9,0.96906,0.43513,26.354
1081.1,0.96803,0.43768,26.355
1081.4,0.97277,0.45336,26.356
1081.4,0.96968,0.45234,26.357
1081.6,0.97365,0.45415,26.357
1081.9,0.97106,0.45536,26.358
1082,0.97131,0.45685,26.359
1082.3,0.9712,0.46283,26.359
1082.5,0.97204,0.47164,26.36
1082.7,0.97322,0.47658,26.36
1082.9,0.97397,0.47007,26.361
1083.1,0.97309,0.47206,26.361
1083.2,0.97257,0.4692,26.362
1083.5,0.97304,0.46725,26.362
1083.6,0.97318,0.46663,26.363
1083.8,0.97181,0.46065,26.363
1084,0.97242,0.46837,26.364
1084.3,0.97154,0.4707,26.364
1084.6,0.97156,0.46876,26.365
1084.6,0.97044,0.46546,26.365
1084.8,0.97288,0.46261,26.365
1085.1,0.9727,0.45939,26.366
1085.2,0.97028,0.45201,26.366
1085.4,0.96911,0.44295,26.366
1085.7,0.9691,0.43319,26.366
1085.8,0.96781,0.42807,26.366
1086.1,0.96682,0.41854,26.366
1086.2,0.96751,0.41949,26.366
1086.4,0.96925,0.43834,26.367
1086.8,0.96749,0.42568,26.367
1086.8,0.96702,0.42308,26.368
1087.1,0.96735,0.4079,26.368
1087.3,0.96671,0.41718,26.369
1087.4,0.9668,0.41893,26.369
1087.8,0.96824,0.43512,26.37
1087.8,0.97087,0.44036,NaN
1088,0.9695,0.44701,26.37
1088.3,0.97093,0.44623,26.372
1088.5,0.96972,0.44539,26.372
1088.6,0.97119,0.46007,26.373
1088.8,0.97103,0.46214,26.374
1089,0.97024,0.44933,26.378
1089.4,0.97177,0.45361,26.381
1089.4,0.97099,0.4544,26.382
1089.6,0.972,0.45782,26.382
1089.9,0.9697,0.4472,26.384
1090,0.96973,0.45115,26.385
1090.2,0.97035,0.46135,26.386
1090.5,0.97289,0.46691,26.387
1090.6,0.97025,0.46745,26.388
1090.9,0.97086,0.46373,26.39
1091,0.97039,0.46222,26.39
1091.2,0.96968,0.45932,26.391
1091.4,0.97215,0.46674,26.392
1091.6,0.97064,0.46982,26.392
1091.9,0.9725,0.46555,26.393
1092.1,0.9705,0.46163,26.393
1092.2,0.9714,0.45866,26.393
1092.4,0.97382,0.46998,26.393
1092.6,0.97243,0.46832,26.393
1093,0.97099,0.45975,26.394
1093,0.97123,0.46477,26.394
1093.2,0.97195,0.47872,26.394
1093.5,0.97031,0.47246,26.394
1093.7,0.97348,0.46802,26.394
1094,0.97253,0.47354,26.395
1094,0.97324,0.4715,NaN
1094.3,0.96995,0.45379,26.395
1094.5,0.96949,0.43475,26.395
1094.7,0.96993,0.44189,26.396
1094.8,0.97001,0.44442,26.397
1095.1,0.97143,0.44767,26.397
1095.2,0.97157,0.45825,26.398
1095.5,0.97084,0.46272,26.398
1095.7,0.97134,0.46087,26.4
1095.8,0.97056,0.45809,26.404
1096,0.97236,0.46763,26.405
1096.2,0.97266,0.46758,26.406
1096.4,0.97372,0.46735,26.407
1096.7,0.97109,0.46281,26.409
1096.8,0.97223,0.47036,NaN
1097,0.97176,0.46053,26.41
1097.4,0.97083,0.4519,26.411
1097.4,0.97031,0.44637,NaN
1097.6,0.96969,0.44834,26.412
1097.9,0.97037,0.45331,26.414
1098,0.97106,0.45441,26.416
1098.3,0.96941,0.45313,26.416
1098.6,0.97225,0.45169,26.418
1098.6,0.96882,0.45101,NaN
1098.8,0.97197,0.45671,26.418
1099.1,0.97188,0.46757,26.419
1099.2,0.97172,0.4707,26.419
1099.4,0.97259,0.46907,26.42
1099.7,0.97223,0.4629,26.42
1099.8,0.96959,0.45475,26.42
1100,0.96903,0.44834,26.42
1100.2,0.96879,0.44097,26.42
1100.5,0.97157,0.43092,26.42
1100.6,0.96793,0.43665,26.42
1100.9,0.96998,0.44094,26.42
1101,0.96905,0.4492,26.42
1101.2,0.97084,0.45012,26.42
1101.5,0.97048,0.46109,26.421
1101.6,0.97059,0.45884,26.421
1101.9,0.97076,0.4541,26.421
1102.1,0.97114,0.45517,26.421
1102.3,0.96988,0.44848,26.422
1102.6,0.96994,0.44601,26.422
1102.6,0.96933,0.4441,NaN
1102.9,0.96769,0.43297,26.423
1103.2,0.9663,0.42811,26.424
1103.2,0.96866,0.42803,NaN
1103.4,0.96652,0.44316,26.425
1103.7,0.9711,0.45257,26.428
1103.8,0.96964,0.45604,26.429
1104,0.96793,0.44978,26.43
1104.3,0.97115,0.45258,26.431
1104.4,0.96872,0.45516,26.432
1104.7,0.96797,0.44177,26.433
1104.8,0.97024,0.44052,26.434
1105.1,0.96928,0.44314,26.435
1105.2,0.96895,0.44995,26.436
1105.5,0.97069,0.44828,26.437
1105.7,0.9673,0.44361,26.438
1106,0.96929,0.44267,26.439
1106.1,0.97012,0.44153,26.44
1106.2,0.96991,0.44548,26.44
1106.6,0.96988,0.44857,26.441
1106.6,0.97007,0.44781,26.442
1106.8,0.96967,0.44389,26.442
1107.1,0.9683,0.42819,26.442
1107.3,0.9677,0.4389,26.442
1107.5,0.97061,0.43835,26.443
1107.7,0.96962,0.44038,26.443
1107.9,0.96658,0.42666,26.443
1108.1,0.96724,0.43938,26.444
1108.2,0.96925,0.44049,26.444
1108.5,0.969,0.43007,26.444
1108.7,0.96734,0.43107,26.444
1108.9,0.96681,0.42059,26.444
1109,0.968,0.40943,26.444
1109.3,0.96427,0.38803,26.445
1109.4,0.96614,0.4017,26.445
1109.6,0.96568,0.40691,26.446
1109.9,0.96579,0.41247,26.447
1110,0.96698,0.4204,26.447
1110.3,0.96904,0.42954,26.448
1110.4,0.96887,0.4293,26.448
1110.6,0.96918,0.42152,26.449
1111,0.97164,0.44706,26.451
1111,0.97166,0.44811,NaN
1111.3,0.97079,0.43429,26.455
1111.5,0.97056,0.43599,26.457
1111.7,0.97095,0.44299,26.458
1112,0.96932,0.43858,26.46
1112,0.96921,0.43474,NaN
1112.2,0.96828,0.43319,26.462
1112.5,0.97012,0.44721,26.463
1112.6,0.96985,0.45386,26.464
1112.9,0.97156,0.45347,26.465
1113.1,0.97001,0.45127,26.466
1113.2,0.97082,0.44896,26.467
1113.5,0.9711,0.44886,26.467
1113.8,0.97113,0.45789,26.469
1113.8,0.97142,0.45847,NaN
1114.1,0.97229,0.45579,26.469
1114.4,0.96927,0.44598,26.47
1114.4,0.97087,0.44661,NaN
1114.7,0.97251,0.45595,26.47
1114.9,0.97093,0.45642,26.471
1115.1,0.97057,0.45567,26.471
1115.3,0.9724,0.45432,26.471
1115.5,0.97272,0.46918,26.471
1115.6,0.97113,0.4657,26.471
1115.9,0.96935,0.45016,26.471
1116.1,0.96954,0.45173,26.472
1116.2,0.97147,0.45694,26.472
1116.4,0.97099,0.44554,26.472
1116.7,0.96743,0.42077,26.473
1116.9,0.9683,0.4253,26.473
1117.1,0.96793,0.42637,26.474
1117.2,0.97023,0.43644,26.474
1117.5,0.97167,0.44709,26.475
1117.6,0.97209,0.45692,26.477
1117.8,0.97086,0.45312,26.48
1118,0.97079,0.44912,26.481
1118.2,0.97272,0.46119,26.482
1118.4,0.97284,0.46853,26.484
1118.7,0.97148,0.45969,26.485
1118.8,0.97291,0.45727,26.486
1119.2,0.97249,0.46266,26.488
1119.3,0.97117,0.46212,NaN
1119.4,0.96928,0.45184,26.489
1119.7,0.9689,0.44662,26.49
1119.8,0.97176,0.45661,26.49
1120.2,0.97161,0.45956,26.491
1120.2,0.97185,0.45974,NaN
1120.5,0.97419,0.45837,26.492
1120.7,0.97245,0.45522,26.492
1120.8,0.97195,0.45632,26.493
1121.1,0.96967,0.45499,26.493
1121.2,0.97207,0.4615,26.494
1121.4,0.9747,0.4631,26.494
1121.8,0.97391,0.45701,26.495
1121.8,0.97203,0.45204,26.495
1122,0.97225,0.45359,26.495
1122.3,0.97111,0.45614,26.496
1122.5,0.96966,0.4547,26.496
1122.6,0.97207,0.45797,26.496
1122.9,0.97171,0.46123,26.497
1123,0.97088,0.45975,26.497
1123.4,0.97327,0.46633,26.498
1123.4,0.97318,0.46935,NaN
1123.6,0.97309,0.46643,26.498
1124,0.97205,0.45892,26.499
1124,0.97094,0.45826,NaN
1124.2,0.97353,0.46571,26.5
1124.6,0.97108,0.44648,26.501
1124.7,0.9718,0.44553,NaN
1124.9,0.97046,0.44011,26.503
1125.2,0.97113,0.44744,26.506
1125.2,0.9701,0.44863,NaN
1125.5,0.9723,0.45451,26.507
1125.6,0.97284,0.46106,26.507
1125.9,0.97035,0.46423,26.509
1126,0.971,0.45992,26.51
1126.4,0.96847,0.45545,26.511
1126.4,0.97105,0.45594,NaN
1126.6,0.97083,0.45572,26.512
1126.9,0.97052,0.45294,26.514
1127,0.96895,0.4532,26.514
1127.3,0.9704,0.44858,26.514
1127.5,0.96944,0.45113,26.515
1127.6,0.97252,0.45264,26.516
1128,0.96995,0.45124,26.517
1128,0.97262,0.45197,NaN
1128.3,0.96982,0.45111,26.518
1128.5,0.96849,0.44838,26.518
1128.6,0.97096,0.44901,26.518
1128.8,0.96988,0.44587,26.518
1129,0.96954,0.44681,26.519
1129.2,0.97113,0.44822,26.519
1129.4,0.96999,0.44933,26.519
1129.6,0.97113,0.44967,26.519
1129.8,0.97074,0.44969,26.519
1130.2,0.97119,0.45055,26.52
1130.2,0.97059,0.45038,NaN
1130.4,0.97119,0.45066,26.52
1130.7,0.97236,0.45292,26.52
1130.8,0.97233,0.45476,26.52
1131,0.97099,0.45608,26.52
1131.4,0.97082,0.45945,26.52
1131.4,0.96978,0.45127,26.52
1131.6,0.97102,0.44737,26.52
1131.9,0.9713,0.44505,26.52
1132,0.96874,0.45298,26.52
1132.2,0.97033,0.44544,26.521
1132.4,0.96815,0.44353,26.521
1132.6,0.96964,0.43928,26.521
1133,0.96952,0.4122,26.522
1133.1,0.96727,0.40734,NaN
1133.2,0.96629,0.41007,26.523
1133.6,0.97155,0.44753,26.524
1133.6,0.96974,0.44463,26.524
1133.8,0.97043,0.4391,26.524
1134.1,0.97036,0.43928,26.526
1134.2,0.97065,0.44322,26.529
1134.4,0.96926,0.43765,26.53
1134.7,0.97088,0.45087,26.532
1134.8,0.97124,0.46395,26.534
1135,0.96917,0.46424,26.535
1135.3,0.9717,0.44976,26.537
1135.4,0.97219,0.45266,26.538
1135.7,0.97489,0.46836,26.538
1135.9,0.97404,0.4696,26.54
1136,0.97314,0.46408,26.54
1136.3,0.96994,0.46036,26.541
1136.5,0.97092,0.46426,26.541
1136.7,0.97155,0.46531,26.542
1137,0.97438,0.46654,26.542
1137.1,0.97171,0.46517,NaN
1137.3,0.97073,0.46439,26.543
1137.5,0.97082,0.46209,26.543
1137.6,0.97159,0.46969,26.544
1137.8,0.97242,0.47573,26.544
1138.2,0.97264,0.46733,26.545
1138.3,0.9715,0.46725,NaN
1138.5,0.97372,0.45329,26.546
1138.8,0.97113,0.46096,26.547
1138.9,0.97171,0.45686,26.547
1139,0.96982,0.45211,26.547
1139.3,0.97185,0.4581,26.547
1139.4,0.97007,0.46389,26.548
1139.7,0.97302,0.45898,26.548
1139.8,0.96996,0.45736,26.549
1140,0.97212,0.46066,26.549
1140.2,0.97405,0.4638,26.549
1140.4,0.97022,0.45383,26.55
1140.6,0.96912,0.43489,26.551
1140.8,0.9682,0.43747,26.552
1141,0.97018,0.44209,26.554
1141.4,0.96948,0.4545,26.557
1141.4,0.97146,0.45572,NaN
1141.6,0.97131,0.46068,26.559
1141.8,0.96973,0.45186,26.56
1142.1,0.97159,0.45354,26.561
1142.2,0.97361,0.46088,26.562
1142.6,0.97239,0.45676,26.564
1142.7,0.97254,0.45723,NaN
1142.8,0.97204,0.45877,26.566
1143.2,0.97369,0.48361,26.567
1143.3,0.97325,0.47842,NaN
1143.4,0.97291,0.47433,26.568
1143.8,0.97326,0.47926,26.569
1143.8,0.97425,0.47954,NaN
1144.2,0.97482,0.48346,26.57
1144.3,0.97398,0.48094,NaN
1144.4,0.97264,0.48047,26.57
1144.8,0.97271,0.47616,26.571
1144.8,0.97383,0.47674,26.572
1145,0.97355,0.48252,26.572
1145.3,0.97294,0.49111,26.573
1145.5,0.97275,0.48954,26.573
1145.6,0.97451,0.4878,26.573
1146,0.97385,0.4717,26.574
1146.1,0.97361,0.4723,NaN
1146.2,0.97343,0.47454,26.575
1146.5,0.9724,0.46727,26.575
1146.6,0.97259,0.46882,26.576
1146.8,0.9731,0.48424,26.576
1147,0.97204,0.48457,26.576
1147.2,0.9739,0.48128,26.577
1147.6,0.97363,0.48089,26.579
1147.7,0.97279,0.48144,NaN
1147.8,0.97451,0.48224,26.581
1148.2,0.97463,0.48333,26.582
1148.2,0.97438,0.48135,NaN
1148.4,0.97326,0.4675,26.583
1148.7,0.97403,0.46859,26.584
1148.8,0.97313,0.46151,26.585
1149,0.97216,0.47717,26.585
1149.3,0.9746,0.48467,26.587
1149.4,0.97469,0.49027,26.588
1149.8,0.97526,0.48807,26.589
1149.8,0.97452,0.48762,NaN
1150,0.97419,0.48042,26.59
1150.4,0.97511,0.47891,26.591
1150.4,0.97333,0.47924,26.592
1150.6,0.97412,0.47898,26.592
1150.9,0.9725,0.47831,26.593
1151,0.9706,0.47959,26.594
1151.2,0.9748,0.47865,26.594
1151.5,0.97351,0.48205,26.595
1151.7,0.97425,0.48228,26.596
1151.8,0.97349,0.48085,26.596
1152,0.97291,0.47996,26.597
1152.2,0.9739,0.4796,26.597
1152.5,0.97465,0.49597,26.597
1152.6,0.97403,0.49908,NaN
1152.8,0.97604,0.50254,26.598
1153.1,0.97516,0.49329,26.598
1153.2,0.97308,0.4853,26.598
1153.4,0.9718,0.46498,26.598
1153.7,0.9719,0.46233,26.599
1153.8,0.97224,0.45419,26.599
1154,0.96819,0.44365,26.599
1154.3,0.9725,0.46474,26.599
1154.4,0.97205,0.45783,26.599
1154.8,0.97157,0.45849,26.599
1154.8,0.97379,0.46399,NaN
1155,0.97109,0.45836,26.6
1155.3,0.97125,0.45866,26.6
1155.4,0.97211,0.45761,26.601
1155.8,0.97195,0.45364,26.601
1155.8,0.97289,0.45102,NaN
1156.1,0.96941,0.44692,26.602
1156.2,0.97139,0.45788,26.604
1156.5,0.97362,0.46493,26.606
1156.6,0.97162,0.46342,26.608
1156.8,0.97196,0.45921,26.609
1157.1,0.97288,0.46668,26.61
1157.2,0.97163,0.47303,26.611
1157.6,0.97094,0.46621,26.613
1157.6,0.9725,0.46694,NaN
1157.8,0.97289,0.47594,26.615
1158.1,0.97356,0.47692,26.616
1158.2,0.97458,0.47177,26.617
1158.5,0.97255,0.47193,26.618
1158.7,0.97436,0.47585,26.619
1158.8,0.9737,0.48162,26.62
1159.2,0.97186,0.4748,26.622
1159.3,0.97141,0.47236,NaN
1159.4,0.97146,0.46453,26.622
1159.7,0.97221,0.46219,26.624
1159.8,0.97084,0.466,26.624
1160,0.97318,0.48014,26.625
1160.3,0.9735,0.48,26.625
1160.5,0.97347,0.47143,26.626
1160.6,0.97293,0.45702,26.626
1160.9,0.97182,0.46399,26.626
1161,0.97333,0.46752,26.627
1161.2,0.97123,0.4562,26.627
1161.5,0.97143,0.4678,26.627
1161.7,0.97291,0.46965,26.627
1161.8,0.97105,0.46505,26.627
1162,0.97215,0.46307,26.627
1162.2,0.97222,0.46174,26.628
1162.4,0.97613,0.47342,26.628
1162.7,0.97261,0.45837,26.63
1162.8,0.97173,0.44586,26.631
1163,0.96951,0.44492,26.632
1163.4,0.97175,0.45752,26.633
1163.4,0.97011,0.45914,NaN
1163.6,0.97186,0.46036,26.634
1164,0.97289,0.46292,26.636
1164,0.96983,0.45806,NaN
1164.2,0.97075,0.45269,26.638
1164.6,0.97375,0.469,26.639
1164.6,0.9728,0.46962,26.64
1164.8,0.97193,0.4595,26.64
1165.1,0.97342,0.46763,26.641
1165.3,0.97605,0.47736,26.643
1165.5,0.97533,0.4836,26.644
1165.6,0.97314,0.47461,26.645
1165.8,0.97503,0.47698,26.645
1166,0.97491,0.4885,26.646
1166.4,0.97338,0.48724,26.647
1166.5,0.97697,0.48747,NaN
1166.7,0.97333,0.48604,26.648
1167,0.97437,0.48003,26.648
1167,0.97411,0.47978,NaN
1167.2,0.97285,0.48015,26.649
1167.6,0.97325,0.493,26.65
1167.6,0.97491,0.49303,26.65
1167.8,0.97557,0.48917,26.65
1168.1,0.97518,0.47483,26.651
1168.2,0.97438,0.48239,26.651
1168.5,0.97195,0.47833,26.652
1168.7,0.9725,0.47402,26.652
1168.8,0.97206,0.47625,26.652
1169.1,0.9756,0.49193,26.653
1169.3,0.97498,0.48242,26.654
1169.4,0.97326,0.48065,26.655
1169.7,0.97553,0.48431,26.656
1169.9,0.97372,0.49139,26.657
1170,0.97396,0.48723,26.658
1170.2,0.97363,0.47853,26.659
1170.4,0.97365,0.47043,26.66
1170.7,0.97263,0.47161,26.661
1171,0.97141,0.48083,26.663
1171,0.97394,0.48028,NaN
1171.2,0.97394,0.49314,26.664
1171.6,0.97274,0.48701,26.666
1171.6,0.974,0.48616,NaN
1171.9,0.97428,0.48936,26.666
1172.1,0.97452,0.48637,26.668
1172.2,0.97359,0.48408,26.669
1172.4,0.97364,0.47942,26.67
1172.7,0.97298,0.48355,26.671
1172.8,0.97463,0.48472,26.672
1173.1,0.97452,0.47796,26.672
1173.3,0.97267,0.4802,26.673
1173.5,0.97511,0.48061,26.674
1173.6,0.97451,0.48024,26.675
1173.8,0.97353,0.47888,26.675
1174,0.97486,0.48072,26.676
1174.4,0.97357,0.47666,26.677
1174.4,0.97273,0.4782,NaN
1174.6,0.97372,0.47783,26.678
1175,0.97541,0.50076,26.679
1175,0.97589,0.50005,NaN
1175.2,0.97632,0.50118,26.679
1175.5,0.97461,0.48997,26.679
1175.6,0.97425,0.48768,NaN
1175.9,0.97432,0.48334,26.679
1176.1,0.97367,0.47939,26.679
1176.2,0.97341,0.47182,26.679
1176.6,0.97313,0.45346,26.679
1176.6,0.97115,0.45332,26.68
1176.8,0.97203,0.46583,26.68
1177.2,0.97284,0.47311,26.68
1177.2,0.97157,0.47065,NaN
1177.5,0.9726,0.46925,26.68
1177.7,0.9745,0.47012,26.68
1177.8,0.975,0.47066,26.681
1178,0.97168,0.46871,26.681
1178.3,0.97275,0.4646,26.681
1178.5,0.97027,0.44382,26.682
1178.7,0.97116,0.44217,26.682
1179,0.96948,0.44828,26.683
1179,0.96992,0.44699,26.683
1179.2,0.97065,0.45296,26.684
1179.5,0.9727,0.46229,26.684
1179.6,0.96909,0.45934,26.685
1179.8,0.97068,0.45589,26.686
1180,0.97237,0.46567,26.686
1180.2,0.97208,0.47413,26.687
1180.5,0.97475,0.47628,26.688
1180.7,0.97291,0.47095,26.689
1180.8,0.97303,0.48331,26.69
1181.2,0.97345,0.48204,26.694
1181.2,0.97387,0.48305,NaN
1181.5,0.9722,0.47837,26.697
1181.8,0.97329,0.47259,26.698
1181.8,0.97399,0.47155,26.699
1182,0.97306,0.46941,26.699
1182.4,0.97509,0.4853,26.7
1182.4,0.97353,0.4869,26.701
1182.6,0.97118,0.47957,26.701
1182.8,0.97262,0.46649,26.701
1183.1,0.97194,0.4693,26.702
1183.2,0.97108,0.46263,26.702
1183.4,0.97149,0.45578,26.702
1183.6,0.97013,0.45888,26.702
1183.8,0.97191,0.46907,26.702
1184.2,0.97235,0.46081,26.703
1184.2,0.97049,0.45966,26.703
1184.4,0.97195,0.45987,26.703
1184.9,0.97066,0.46156,26.705
1184.9,0.97267,0.45942,NaN
1185.1,0.96953,0.44568,26.708
1185.4,0.96978,0.44137,26.709
1185.5,0.97112,0.44132,NaN
1185.6,0.97111,0.45859,26.71
1186,0.97235,0.46755,26.712
1186.1,0.97164,0.46668,NaN
1186.2,0.97278,0.46285,26.713
1186.5,0.97187,0.45464,26.715
1186.6,0.97068,0.46012,26.716
1186.8,0.97501,0.46866,26.717
1187.1,0.97089,0.46034,26.718
1187.3,0.97227,0.46164,26.719
1187.4,0.97269,0.47245,26.72
1187.7,0.97342,0.4779,26.721
1187.8,0.97315,0.47515,26.722
1188.2,0.97621,0.48187,26.723
1188.2,0.9755,0.48627,26.724
1188.4,0.97594,0.49203,26.724
1188.8,0.97495,0.48762,26.726
1188.8,0.97388,0.48399,26.727
1189,0.97468,0.48316,26.727
1189.3,0.97588,0.47889,26.729
1189.4,0.97263,0.47769,NaN
1189.7,0.9746,0.49158,26.73
1189.9,0.97608,0.48928,26.73
1190.1,0.97422,0.4846,26.73
1190.2,0.9737,0.4786,NaN
1190.5,0.97346,0.4767,26.731
1190.8,0.9728,0.47561,26.732
1190.8,0.97152,0.4753,NaN
1191,0.97294,0.47306,26.732
1191.3,0.97373,0.48591,26.732
1191.5,0.97301,0.48105,26.732
1191.6,0.97138,0.47609,26.732
1191.9,0.97465,0.48136,26.732
1192.1,0.97509,0.48725,26.732
1192.2,0.97172,0.48117,26.733
1192.5,0.97116,0.45491,26.733
1192.7,0.97044,0.4582,NaN
1192.8,0.96949,0.4565,26.734
1193.2,0.97432,0.47895,26.735
1193.2,0.97346,0.48014,26.736
1193.5,0.97265,0.48868,26.736
1193.7,0.97207,0.4772,26.737
1193.8,0.97365,0.47447,26.738
1194,0.97344,0.47611,26.738
1194.3,0.97394,0.47399,26.739
1194.5,0.97385,0.47127,26.74
1194.6,0.97149,0.46612,26.74
1194.8,0.97244,0.47644,26.742
1195,0.97131,0.47876,26.746
1195.4,0.97128,0.46353,26.749
1195.5,0.97226,0.46112,26.75
1195.7,0.97155,0.4685,26.75
1196,0.97237,0.47837,26.752
1196,0.97176,0.47837,26.753
1196.2,0.97169,0.47682,26.754
1196.5,0.97291,0.47395,26.755
1196.6,0.97238,0.47439,26.756
1196.8,0.97266,0.47265,26.756
1197.1,0.97504,0.49142,26.757
1197.2,0.97477,0.4931,26.757
1197.6,0.97341,0.48609,26.758
1197.7,0.97442,0.48469,NaN
1197.9,0.97169,0.47859,26.758
1198.2,0.97091,0.45551,26.758
1198.2,0.97303,0.45409,NaN
1198.4,0.9722,0.45495,26.758
1198.7,0.96879,0.45398,26.759
1198.9,0.97071,0.45711,26.759
1199,0.96885,0.45377,26.759
1199.3,0.97033,0.46494,26.759
1199.4,0.97211,0.46881,26.759
1199.6,0.97254,0.46662,26.759
1199.9,0.97176,0.46618,26.76
1200,0.97247,0.46667,26.76
1200.2,0.97139,0.46472,26.76
1200.4,0.97215,0.45708,26.761
1200.7,0.97103,0.45255,26.761
1201,0.97154,0.43754,26.762
1201.1,0.96763,0.4325,NaN
1201.2,0.96796,0.42956,26.763
1201.6,0.97049,0.45122,26.764
1201.7,0.97155,0.4537,NaN
1201.9,0.9696,0.45079,26.765
1202.2,0.9707,0.45894,26.766
1202.3,0.96838,0.4567,NaN
1202.4,0.97195,0.4639,26.767
1202.8,0.97144,0.46239,26.77
1202.9,0.97095,0.46249,26.772
1203,0.97163,0.4634,26.772
1203.3,0.97073,0.46082,26.773
1203.4,0.97172,0.45853,26.774
1203.6,0.97183,0.45905,26.774
1203.9,0.97271,0.45652,26.775
1204,0.97004,0.45745,26.776
1204.2,0.97203,0.45541,26.776
1204.5,0.96929,0.47041,26.776
1204.6,0.97159,0.4698,26.777
1204.8,0.9722,0.46886,26.777
1205.1,0.97058,0.46219,26.777
1205.3,0.97169,0.45986,26.778
1205.5,0.9698,0.44917,26.778
1205.7,0.96991,0.44273,26.778
1205.8,0.96795,0.4388,26.779
1206.2,0.97199,0.455,26.779
1206.2,0.97113,0.45188,26.779
1206.5,0.96968,0.44728,26.779
1206.7,0.97038,0.44037,26.78
1206.9,0.96961,0.44999,26.782
1207,0.97028,0.44198,26.784
1207.4,0.96831,0.41913,26.785
1207.4,0.96573,0.41915,NaN
1207.6,0.96868,0.42455,26.786
1208,0.96903,0.44175,26.788
1208,0.97038,0.44868,26.789
1208.2,0.97153,0.45852,26.789
1208.5,0.97242,0.44613,26.791
1208.7,0.97018,0.44583,26.792
1208.9,0.97146,0.44942,26.792
1209.1,0.97122,0.46176,26.794
1209.2,0.97253,0.4566,26.794
1209.4,0.97135,0.45542,26.794
1209.7,0.97125,0.46754,26.795
1209.9,0.97262,0.47267,26.796
1210,0.97085,0.46476,26.796
1210.3,0.97,0.4616,26.797
1210.5,0.97226,0.476,26.797
1210.6,0.97348,0.48512,26.797
1210.9,0.97454,0.48152,26.798
1211,0.97162,0.47854,26.799
1211.2,0.97451,0.47664,26.799
1211.5,0.97261,0.47356,26.8
1211.6,0.97241,0.47183,26.801
1211.8,0.97342,0.48487,26.801
1212.1,0.97439,0.48712,26.802
1212.3,0.97245,0.48315,26.803
1212.4,0.9731,0.47501,26.803
1212.7,0.9721,0.47036,26.804
1212.8,0.97234,0.47331,26.805
1213,0.97286,0.4659,26.806
1213.2,0.97153,0.46436,26.807
1213.4,0.97285,0.48077,26.808
1213.7,0.97284,0.47701,26.809
1213.8,0.97283,0.47121,26.809
1214,0.97275,0.46539,26.81
1214.2,0.9741,0.47835,26.811
1214.5,0.97236,0.47338,26.812
1214.6,0.97297,0.46349,26.813
1214.9,0.97188,0.4566,26.814
1215.1,0.9707,0.44977,26.815
1215.2,0.97147,0.45956,26.816
1215.6,0.9744,0.48614,26.817
1215.7,0.97367,0.48571,NaN
1215.8,0.97418,0.48493,26.817
1216.2,0.97218,0.47661,26.819
1216.2,0.97533,0.47463,26.821
1216.5,0.97304,0.47719,26.821
1216.8,0.97271,0.4684,26.823
1216.8,0.97192,0.46796,26.824
1217.1,0.97217,0.47843,26.824
1217.3,0.97232,0.48245,26.825
1217.4,0.9746,0.47397,26.827
1217.6,0.97016,0.46556,26.827
1217.9,0.97372,0.47519,26.829
1218,0.97333,0.48758,26.83
1218.2,0.9742,0.48505,26.83
1218.5,0.97425,0.48422,26.831
1218.6,0.97117,0.47837,26.832
1218.8,0.97329,0.47669,26.833
1219.2,0.97402,0.48982,26.834
1219.2,0.97278,0.48955,NaN
1219.5,0.97339,0.49175,26.835
1219.7,0.97588,0.48612,26.836
1219.8,0.97365,0.48331,26.836
1220,0.97362,0.47397,26.836
1220.2,0.97367,0.47936,26.836
1220.5,0.9741,0.47303,26.837
1220.7,0.97189,0.46549,26.837
1220.9,0.97151,0.46975,26.837
1221.1,0.97293,0.47518,26.837
1221.2,0.97099,0.47534,26.837
1221.4,0.97226,0.46834,26.837
1221.6,0.9741,0.47736,26.837
1221.8,0.97248,0.47678,26.837
1222.2,0.9712,0.46557,26.838
1222.3,0.97233,0.46459,26.838
1222.5,0.97193,0.45374,26.839
1222.6,0.97034,0.45047,26.839
1222.9,0.97162,0.44592,26.84
1223,0.97068,0.45949,26.84
1223.3,0.97595,0.47229,26.841
1223.5,0.97533,0.48071,26.842
1223.6,0.97425,0.4814,26.843
1223.8,0.97519,0.48167,26.844
1224.2,0.97495,0.4823,26.848
1224.2,0.97353,0.48282,NaN
1224.4,0.97354,0.47855,26.849
1224.8,0.97407,0.4731,26.852
1224.9,0.97327,0.4735,NaN
1225,0.97113,0.47789,26.853
1225.2,0.97282,0.47661,26.853
1225.5,0.97404,0.48145,26.854
1225.6,0.97369,0.48083,26.855
1226,0.97358,0.48088,26.856
1226.1,0.97359,0.48092,26.857
1226.3,0.97304,0.4793,26.857
1226.5,0.97376,0.4859,26.857
1226.6,0.97371,0.49573,26.858
1226.8,0.9771,0.49952,26.858
1227.2,0.97295,0.49641,26.858
1227.3,0.9777,0.49693,NaN
1227.5,0.97384,0.48772,26.858
1227.8,0.97262,0.46032,26.858
1227.9,0.9731,0.46281,NaN
1228.1,0.96966,0.44674,26.858
1228.4,0.97047,0.45976,26.859
1228.4,0.97229,0.46095,NaN
1228.7,0.97126,0.45412,26.859
1229,0.97097,0.4561,26.859
1229.1,0.97224,0.45564,NaN
1229.2,0.9715,0.44921,26.859
1229.6,0.96979,0.44718,26.86
1229.7,0.97051,0.45015,NaN
1229.8,0.96877,0.43725,26.86
1230.1,0.96965,0.43168,26.861
1230.2,0.96978,0.42968,26.861
1230.4,0.97112,0.45977,26.862
1230.7,0.9729,0.4646,26.863
1230.8,0.97257,0.45795,NaN
1231.1,0.97171,0.46031,26.864
1231.3,0.97346,0.46557,26.865
1231.4,0.97162,0.4617,26.866
1231.6,0.97271,0.46284,26.866
1231.9,0.97481,0.47728,26.868
1232,0.97478,0.48309,26.871
1232.3,0.97255,0.47525,26.873
1232.6,0.97329,0.47211,26.876
1232.7,0.97264,0.47734,NaN
1232.8,0.97485,0.48763,26.877
1233.2,0.97404,0.48684,26.878
1233.2,0.97423,0.48531,NaN
1233.4,0.97397,0.48438,26.879
1233.8,0.97288,0.47883,26.88
1233.8,0.97318,0.47913,NaN
1234,0.9757,0.49356,26.881
1234.4,0.97669,0.49354,26.882
1234.4,0.97355,0.49243,NaN
1234.6,0.97374,0.48331,26.884
1235,0.97266,0.48285,26.885
1235,0.97344,0.48444,26.885
1235.2,0.97427,0.47379,26.885
1235.6,0.97644,0.47861,26.886
1235.7,0.97491,0.48575,NaN
1235.8,0.97672,0.47949,26.886
1236.1,0.97353,0.46664,26.886
1236.2,0.97381,0.46187,NaN
1236.4,0.97267,0.47471,26.887
1236.8,0.97366,0.46679,26.887
1236.9,0.97397,0.46266,26.888
1237,0.97228,0.44853,26.888
1237.3,0.97132,0.44552,26.889
1237.4,0.97237,0.44889,26.889
1237.7,0.96997,0.45727,26.889
1237.9,0.97231,0.48021,26.89
1238.1,0.97453,0.48532,26.891
1238.2,0.97337,0.47625,26.891
1238.5,0.97374,0.47623,26.892
1238.6,0.97447,0.47596,26.893
1238.8,0.97368,0.47377,26.896
1239.1,0.97462,0.46961,26.899
1239.2,0.97485,0.47837,26.9
1239.4,0.97358,0.48137,26.901
1239.6,0.97215,0.47412,26.902
1239.8,0.9712,0.46818,26.903
1240,0.97479,0.47114,26.905
1240.3,0.97268,0.48589,26.906
1240.4,0.97505,0.48648,26.907
1240.8,0.97438,0.48146,26.909
1240.8,0.97326,0.48019,NaN
1241,0.97187,0.47704,26.91
1241.4,0.97417,0.47971,26.911
1241.5,0.97439,0.48336,NaN
1241.6,0.97412,0.48485,26.912
1242,0.97449,0.48256,26.913
1242,0.97454,0.48142,NaN
1242.3,0.97382,0.48066,26.913
1242.4,0.9733,0.47662,26.913
1242.8,0.97421,0.46966,26.914
1242.8,0.97379,0.46694,26.914
1243,0.97497,0.47313,26.914
1243.3,0.97378,0.48051,26.914
1243.4,0.97369,0.47612,26.914
1243.7,0.97364,0.47446,26.914
1243.9,0.97353,0.47751,26.914
1244.1,0.97225,0.47863,26.914
1244.3,0.97294,0.47457,26.914
1244.5,0.97445,0.46809,26.915
1244.6,0.97451,0.4707,26.915
1244.9,0.97487,0.47294,26.915
1245.1,0.97113,0.46256,26.916
1245.2,0.97153,0.45432,26.916
1245.6,0.9727,0.46843,26.917
1245.7,0.97188,0.46874,NaN
1245.8,0.97621,0.47452,26.918
1246.2,0.97503,0.48155,26.919
1246.2,0.97462,0.4803,NaN
1246.5,0.97324,0.47756,26.922
1246.6,0.9721,0.4722,26.924
1247,0.97472,0.48076,26.927
1247,0.97554,0.47904,NaN
1247.3,0.97463,0.47361,26.928
1247.5,0.97298,0.47449,26.929
1247.6,0.97134,0.47446,26.93
1247.8,0.97427,0.48556,26.93
1248.1,0.97314,0.48044,26.931
1248.2,0.9743,0.47721,26.931
1248.5,0.97361,0.47885,26.932
1248.7,0.97361,0.47596,26.933
1248.8,0.97516,0.47541,26.935
1249.1,0.97295,0.47433,26.936
1249.3,0.97352,0.47291,26.936
1249.4,0.97315,0.47294,26.937
1249.9,0.97441,0.49518,26.937
1249.9,0.97328,0.49451,NaN
1250,0.9758,0.49483,26.938
1250.2,0.97451,0.4935,26.938
1250.4,0.97397,0.48718,26.938
1250.6,0.97344,0.47445,26.938
1250.8,0.9751,0.47116,26.938
1251,0.97231,0.46706,26.938
1251.2,0.96893,0.45917,26.938
1251.4,0.97133,0.44673,26.938
1251.6,0.96857,0.44749,26.939
1251.8,0.96794,0.45258,26.939
1252.2,0.97123,0.46308,26.939
1252.3,0.97242,0.46149,NaN
1252.4,0.97211,0.45672,26.939
1252.8,0.97267,0.45842,26.94
1252.9,0.97002,0.45344,NaN
1253,0.97258,0.45662,26.94
1253.3,0.96932,0.43016,26.941
1253.5,0.9652,0.4159,26.941
1253.6,0.96591,0.4213,26.942
1254.1,0.96912,0.44255,26.943
1254.1,0.96998,0.44532,NaN
1254.3,0.9699,0.4476,26.943
1254.4,0.97245,0.45412,26.944
1254.6,0.97093,0.44874,26.947
1254.9,0.97182,0.44882,26.949
1255.1,0.97243,0.46604,26.951
1255.4,0.97379,0.47205,26.953
1255.5,0.97184,0.47299,NaN
1255.6,0.97468,0.46885,26.954
1256,0.97248,0.47746,26.956
1256.1,0.97335,0.47754,NaN
1256.2,0.97432,0.47653,26.958
1256.6,0.97272,0.47245,26.959
1256.6,0.9736,0.47091,NaN
1256.8,0.97313,0.46882,26.96
1257.2,0.97413,0.4796,26.961
1257.3,0.97331,0.48059,26.962
1257.4,0.97514,0.47979,26.962
1257.7,0.97313,0.46964,26.963
1257.9,0.9721,0.46235,26.963
1258,0.97331,0.47209,26.963
1258.3,0.97343,0.4661,26.963
1258.5,0.97204,0.46009,26.963
1258.6,0.97022,0.45585,26.963
1259,0.97328,0.46779,26.964
1259.1,0.97112,0.46842,26.964
1259.2,0.97228,0.46884,26.964
1259.6,0.97208,0.47095,26.964
1259.6,0.97263,0.4728,NaN
1259.8,0.9732,0.46078,26.965
1260.2,0.96796,0.43146,26.965
1260.2,0.96899,0.43551,26.966
1260.5,0.97124,0.45289,26.966
1260.8,0.97138,0.45469,26.967
1260.9,0.96952,0.4536,NaN
1261,0.97162,0.4563,26.968
1261.4,0.96942,0.45297,26.97
1261.4,0.9707,0.45191,NaN
1261.7,0.97077,0.46049,26.974
1262,0.97214,0.47268,26.976
1262,0.97148,0.46699,NaN
1262.2,0.97235,0.46697,26.978
1262.5,0.97327,0.48253,26.979
1262.7,0.97414,0.48447,26.981
1262.9,0.97449,0.48043,26.981
1263,0.9737,0.47735,26.983
1263.3,0.97609,0.48797,26.984
1263.5,0.97249,0.48723,26.985
1263.8,0.9717,0.48342,26.986
1263.8,0.97321,0.48495,NaN
1264,0.97277,0.48173,26.987
1264.4,0.97447,0.47416,26.989
1264.5,0.97311,0.47447,NaN
1264.7,0.97549,0.49387,26.99
1264.8,0.97441,0.49351,26.99
1265.1,0.97549,0.48757,26.99
1265.2,0.97405,0.47315,26.991
1265.4,0.9734,0.48134,26.991
1265.7,0.97533,0.47854,26.991
1265.8,0.9717,0.4719,26.991
1266.1,0.97317,0.47269,26.991
1266.3,0.97192,0.48247,26.991
1266.4,0.97253,0.48207,26.992
1266.7,0.97447,0.48414,26.992
1266.9,0.97397,0.49072,26.992
1267.1,0.97628,0.49821,26.992
1267.2,0.9744,0.4838,26.993
1267.5,0.96999,0.4518,26.993
1267.7,0.97166,0.45341,26.994
1267.8,0.97387,0.47028,26.994
1268.1,0.97424,0.48513,26.995
1268.3,0.97348,0.48402,26.998
1268.5,0.97706,0.48733,27
1268.7,0.97427,0.48384,27.001
1268.8,0.97287,0.48106,27.002
1269,0.97576,0.48343,27.003
1269.3,0.97591,0.49686,27.005
1269.4,0.97094,0.48787,27.006
1269.6,0.97427,0.48057,27.007
1269.9,0.97591,0.49187,27.008
1270,0.97336,0.49703,27.009
1270.4,0.97277,0.48666,27.011
1270.5,0.97423,0.48315,NaN
1270.7,0.97313,0.49062,27.012
1271,0.97586,0.49309,27.013
1271,0.97386,0.49334,NaN
1271.2,0.97411,0.4891,27.014
1271.5,0.97457,0.48966,27.015
1271.6,0.97335,0.48837,27.016
1271.8,0.97379,0.48743,27.017
1272.3,0.97589,0.51234,27.018
1272.3,0.97689,0.5129,NaN
1272.4,0.97476,0.51213,27.018
1272.6,0.97668,0.50604,27.018
1272.9,0.97596,0.49301,27.018
1273,0.97323,0.48288,27.019
1273.2,0.97285,0.46819,27.019
1273.4,0.97248,0.46179,27.019
1273.6,0.97119,0.46438,27.019
1273.8,0.9712,0.4622,27.019
1274.1,0.97263,0.46607,27.019
1274.2,0.97257,0.4699,27.019
1274.6,0.97323,0.47808,27.02
1274.7,0.97325,0.47807,NaN
1274.8,0.97452,0.47743,27.02
1275.2,0.97468,0.48087,27.02
1275.2,0.97368,0.47926,NaN
1275.5,0.9734,0.48058,27.021
1275.7,0.97247,0.4785,27.023
1276,0.97292,0.45812,27.025
1276,0.97282,0.45636,NaN
1276.3,0.97172,0.44616,27.026
1276.4,0.97145,0.45787,27.027
1276.7,0.96997,0.46762,27.027
1276.8,0.97344,0.46541,27.029
1277,0.9729,0.47134,27.03
1277.3,0.97324,0.47809,27.031
1277.4,0.97458,0.47817,27.032
1277.6,0.97488,0.47818,27.032
1277.9,0.97389,0.47314,27.033
1278,0.97238,0.47913,27.034
1278.2,0.97246,0.47987,27.034
1278.5,0.97506,0.48218,27.035
1278.6,0.97468,0.48063,27.036
1278.9,0.9747,0.47868,27.037
1279.1,0.97203,0.47607,27.038
1279.2,0.97206,0.47671,NaN
1279.4,0.97355,0.48695,27.039
1279.7,0.97384,0.48803,27.039
1279.8,0.97239,0.48607,27.04
1280,0.97678,0.48362,27.04
1280.4,0.9744,0.47795,27.04
1280.4,0.97269,0.47518,27.04
1280.6,0.97107,0.47106,27.04
1281,0.97076,0.46644,27.04
1281,0.97141,0.46542,NaN
1281.3,0.97045,0.46291,27.041
1281.6,0.97094,0.45684,27.041
1281.6,0.97175,0.45867,NaN
1281.9,0.97046,0.45323,27.041
1282.2,0.96998,0.44874,27.041
1282.3,0.96986,0.44742,27.041
1282.4,0.97123,0.45498,27.041
1282.8,0.97321,0.46384,27.041
1282.9,0.97395,0.46451,NaN
1283,0.97223,0.46146,27.041
1283.5,0.97275,0.45723,27.042
1283.5,0.97075,0.45711,NaN
1283.7,0.96829,0.44083,27.042
1283.8,0.96611,0.40832,27.043
1284.2,0.96609,0.40532,27.043
1284.3,0.96714,0.42707,27.044
1284.4,0.97031,0.45557,27.044
1284.8,0.97091,0.45317,27.046
1284.9,0.97017,0.45375,NaN
1285,0.97366,0.47074,27.05
1285.4,0.97385,0.46225,27.052
1285.4,0.96942,0.45999,NaN
1285.7,0.97252,0.46422,27.054
1286,0.97178,0.47047,27.056
1286,0.97202,0.46964,NaN
1286.2,0.96951,0.46124,27.057
1286.7,0.97537,0.48143,27.06
1286.7,0.97311,0.48064,NaN
1286.9,0.97288,0.47807,27.06
1287,0.97342,0.46986,27.061
1287.3,0.97465,0.48057,27.061
1287.4,0.97419,0.48462,27.062
1287.6,0.97497,0.48889,27.062
1287.9,0.97323,0.48662,27.063
1288,0.97228,0.48674,27.063
1288.2,0.97186,0.48361,27.064
1288.4,0.97349,0.4845,27.064
1288.7,0.97339,0.49552,27.065
1288.8,0.9744,0.49573,27.065
1289.2,0.97274,0.49368,27.066
1289.2,0.97162,0.49246,27.067
1289.4,0.97195,0.48397,27.067
1289.8,0.97385,0.47969,27.067
1289.9,0.97125,0.47954,NaN
1290,0.97307,0.47205,27.068
1290.2,0.9721,0.48501,27.068
1290.5,0.97335,0.483,27.069
1290.6,0.9723,0.48063,27.069
1290.8,0.97315,0.47246,27.07
1291.1,0.97331,0.4808,27.07
1291.3,0.9727,0.47459,27.071
1291.4,0.97191,0.46801,27.072
1291.7,0.97087,0.44962,27.075
1291.8,0.97118,0.45277,27.076
1292,0.97051,0.45611,27.077
1292.4,0.97223,0.4757,27.079
1292.5,0.97307,0.47991,27.08
1292.6,0.97356,0.48882,27.081
1293,0.97413,0.48163,27.082
1293,0.97385,0.48254,NaN
1293.2,0.97369,0.48052,27.084
1293.6,0.97107,0.46833,27.085
1293.7,0.97134,0.46405,NaN
1293.8,0.97209,0.46853,27.086
1294.2,0.97252,0.47055,27.087
1294.3,0.97104,0.46925,NaN
1294.5,0.97119,0.46205,27.087
1294.6,0.97219,0.46156,27.088
1294.9,0.97356,0.47532,27.088
1295,0.97461,0.47745,27.089
1295.2,0.97264,0.47806,27.089
1295.5,0.97305,0.47783,27.09
1295.6,0.97334,0.4779,27.09
1295.8,0.97251,0.47697,27.091
1296.2,0.97529,0.48459,27.092
1296.3,0.97249,0.48188,NaN
1296.5,0.97441,0.48215,27.093
1296.6,0.97224,0.48108,27.094
1296.8,0.97298,0.47628,27.094
1297,0.97102,0.46568,27.095
1297.2,0.97166,0.46775,27.095
1297.5,0.97137,0.46874,27.095
1297.6,0.97285,0.47155,27.096
1297.8,0.97287,0.46995,27.096
1298.2,0.97229,0.46684,27.098
1298.3,0.972,0.47125,NaN
1298.5,0.97278,0.47966,27.099
1298.8,0.97196,0.47646,27.101
1298.8,0.97227,0.47552,NaN
1299,0.97206,0.47089,27.102
1299.2,0.97266,0.47504,27.102
1299.5,0.97256,0.46433,27.103
1299.6,0.97007,0.46342,27.104
1299.8,0.97033,0.45259,27.105
1300.2,0.97056,0.44574,27.106
1300.2,0.97006,0.4471,NaN
1300.5,0.97056,0.46019,27.107
1300.8,0.97069,0.4644,27.108
1300.8,0.97094,0.4625,27.109
1301,0.97216,0.46562,27.109
1301.4,0.97092,0.47089,27.11
1301.5,0.97139,0.47075,NaN
1301.7,0.97139,0.47258,27.112
1302,0.96995,0.47256,27.113
1302.1,0.973,0.47322,NaN
1302.2,0.97181,0.46928,27.114
1302.4,0.97241,0.46668,27.114
1302.8,0.97014,0.4603,27.116
1302.9,0.97238,0.46182,27.116
1303,0.97081,0.46214,27.116
1303.4,0.97215,0.46459,27.117
1303.4,0.97234,0.47174,27.118
1303.6,0.97133,0.47047,27.118
1303.9,0.97323,0.47101,27.119
1304,0.97277,0.4685,27.119
1304.2,0.97234,0.46094,27.119
1304.5,0.97334,0.46922,27.119
1304.7,0.97149,0.46464,27.12
1304.8,0.97216,0.45965,27.12
1305.2,0.97042,0.45502,27.12
1305.2,0.97285,0.45763,NaN
1305.4,0.97059,0.45087,27.12
1305.7,0.96914,0.44456,27.12
1305.8,0.96982,0.44752,27.121
1306,0.97017,0.44977,27.121
1306.3,0.97104,0.44025,27.121
1306.4,0.96915,0.42967,27.122
1306.7,0.96831,0.43683,27.123
1306.9,0.96893,0.43447,27.126
1307,0.96892,0.43953,27.127
1307.2,0.96909,0.45472,27.128
1307.5,0.97176,0.46624,27.129
1307.7,0.96977,0.45984,27.13
1307.8,0.97223,0.46542,27.131
1308.1,0.97285,0.46814,27.133
1308.2,0.97109,0.4638,27.134
1308.4,0.9724,0.45738,27.135
1308.7,0.97196,0.46712,27.136
1308.9,0.97336,0.47759,27.137
1309.2,0.97184,0.47073,27.139
1309.3,0.97143,0.46832,NaN
1309.5,0.97087,0.47203,27.14
1309.6,0.97381,0.48481,27.14
1309.9,0.9743,0.49076,27.142
1310.1,0.97303,0.4866,27.143
1310.2,0.9748,0.48711,27.143
1310.5,0.97388,0.48415,27.144
1310.6,0.97174,0.48347,27.145
1310.8,0.97461,0.49596,27.145
1311.2,0.97519,0.49749,27.146
1311.2,0.97513,0.49724,NaN
1311.5,0.9738,0.49339,27.147
1311.8,0.97386,0.48934,27.147
1311.8,0.97515,0.49183,NaN
1312.1,0.97266,0.48168,27.148
1312.2,0.96989,0.47187,27.148
1312.5,0.97513,0.48185,27.148
1312.6,0.97443,0.48404,27.148
1312.8,0.97317,0.48233,27.148
1313.1,0.97154,0.47431,27.148
1313.2,0.97303,0.48004,27.148
1313.4,0.9737,0.4778,27.149
1313.8,0.96962,0.44732,27.149
1313.8,0.96904,0.43884,NaN
1314,0.9718,0.45024,27.15
1314.4,0.97081,0.45886,27.151
1314.5,0.97095,0.45979,27.152
1314.6,0.97214,0.47191,27.152
1315,0.97434,0.48394,27.153
1315,0.97354,0.4826,NaN
1315.3,0.97474,0.48542,27.154
1315.6,0.97423,0.49245,27.156
1315.7,0.97589,0.48965,NaN
1315.8,0.97353,0.4746,27.156
1316,0.97153,0.47979,27.157
1316.3,0.97409,0.48687,27.159
1316.4,0.97393,0.48807,27.16
1316.6,0.97339,0.4825,27.163
1316.9,0.97267,0.4771,27.166
1317,0.97174,0.47494,27.168
1317.2,0.96987,0.46967,27.168
1317.5,0.97112,0.47016,27.17
1317.6,0.97274,0.47101,NaN
1317.9,0.97553,0.47415,27.171
1318.1,0.97406,0.47932,27.172
1318.3,0.9729,0.47965,27.173
1318.4,0.97322,0.48018,27.173
1318.7,0.97359,0.48651,27.173
1318.8,0.97617,0.49337,27.173
1319.1,0.97747,0.49954,27.173
1319.3,0.97583,0.50146,27.173
1319.5,0.9744,0.49949,27.173
1319.6,0.97606,0.49849,27.174
1319.9,0.97494,0.49785,27.174
1320.1,0.97301,0.4963,27.174
1320.2,0.97549,0.50314,27.174
1320.5,0.9769,0.50055,27.175
1320.6,0.97552,0.5,27.175
1320.8,0.9737,0.49436,27.175
1321.1,0.97364,0.49307,27.175
1321.2,0.97466,0.49053,27.176
1321.4,0.9715,0.48816,27.176
1321.7,0.97594,0.48508,27.176
1321.8,0.97259,0.48314,27.176
1322,0.97121,0.48222,27.177
1322.3,0.97467,0.4785,27.177
1322.4,0.97361,0.47719,27.177
1322.6,0.97474,0.47584,27.177
1323.1,0.97228,0.47234,27.178
1323.1,0.97237,0.4699,NaN
1323.2,0.97315,0.47119,NaN
1323.4,0.97291,0.47097,27.178
1323.7,0.97483,0.48774,27.178
1323.8,0.97195,0.48245,27.179
1324,0.97259,0.47899,27.179
1324.3,0.97186,0.47394,27.179
1324.5,0.97222,0.47185,27.179
1324.7,0.97135,0.45994,27.179
1325,0.97041,0.46184,27.18
1325,0.97321,0.46532,NaN
1325.2,0.97144,0.47051,27.18
1325.5,0.97184,0.46407,27.181
1325.7,0.971,0.46222,27.181
1325.8,0.96965,0.45093,27.182
1326,0.97012,0.44488,27.182
1326.5,0.96987,0.45314,27.183
1326.5,0.97144,0.4546,NaN
1326.6,0.97363,0.46664,27.184
1326.9,0.97161,0.46362,27.184
1327.1,0.97348,0.47113,27.186
1327.2,0.97174,0.46589,27.189
1327.5,0.97106,0.46562,27.189
1327.8,0.96905,0.45784,27.192
1327.9,0.96929,0.45897,NaN
1328,0.97,0.45941,27.193
1328.2,0.97034,0.46712,27.194
1328.5,0.97093,0.4682,27.195
1328.6,0.97212,0.4683,27.196
1328.8,0.9699,0.46496,27.197
1329.2,0.9726,0.46217,27.198
1329.2,0.96896,0.46125,27.199
1329.4,0.97118,0.47406,27.199
1329.8,0.97134,0.47164,27.2
1329.8,0.97236,0.4712,NaN
1330,0.97348,0.45951,27.2
1330.4,0.97347,0.46235,27.201
1330.5,0.97022,0.45881,NaN
1330.6,0.96951,0.45002,27.201
1331,0.97009,0.45469,27.201
1331,0.9699,0.45966,NaN
1331.2,0.97034,0.46251,27.201
1331.6,0.97147,0.46179,27.201
1331.6,0.97064,0.45892,NaN
1331.8,0.96947,0.46504,27.202
1332.1,0.96908,0.45758,27.202
1332.4,0.96851,0.42869,27.203
1332.4,0.9697,0.43288,NaN
1332.7,0.9692,0.45227,27.203
1333,0.96905,0.44472,27.204
1333,0.96967,0.4463,NaN
1333.2,0.9696,0.44873,27.205
1333.6,0.96964,0.45357,27.206
1333.6,0.96815,0.45185,NaN
1333.9,0.97063,0.46218,27.208
1334.2,0.97089,0.46323,27.209
1334.3,0.9714,0.46249,NaN
1334.4,0.97052,0.45676,27.21
1334.8,0.97271,0.47548,27.215
1334.9,0.97311,0.47464,NaN
1335,0.97072,0.4684,27.217
1335.4,0.97044,0.46728,27.22
1335.4,0.97279,0.46806,NaN
1335.7,0.97231,0.47332,27.221
1336,0.97241,0.47081,27.223
1336.1,0.97233,0.47349,NaN
1336.2,0.97178,0.4724,27.224
1336.7,0.97175,0.46484,27.227
1336.7,0.97241,0.4646,NaN
1336.9,0.97268,0.47735,27.227
1337.2,0.97296,0.47611,27.228
1337.2,0.97391,0.47525,NaN
1337.4,0.97138,0.46599,27.228
1337.9,0.97171,0.46623,27.229
1337.9,0.97322,0.46657,27.229
1338,0.97079,0.46379,27.229
1338.2,0.97002,0.46024,27.229
1338.6,0.97002,0.45818,27.229
1338.7,0.97053,0.45678,27.229
1338.8,0.97206,0.45412,27.229
1339.2,0.97054,0.4519,27.229
1339.2,0.96865,0.45048,NaN
1339.5,0.96953,0.44802,27.23
1339.7,0.97065,0.45122,27.23
1339.9,0.97111,0.45269,NaN
1340,0.97157,0.4596,27.23
1340.4,0.97332,0.47831,27.231
1340.4,0.97313,0.47893,NaN
1340.6,0.97337,0.47056,27.231
1340.8,0.97345,0.46546,27.232
1341.1,0.96742,0.43115,27.232
1341.2,0.96817,0.4323,27.232
1341.5,0.96622,0.43042,27.233
1341.7,0.96855,0.43541,27.233
1341.8,0.96971,0.43487,27.234
1342.1,0.96849,0.42985,27.234
1342.2,0.96596,0.41639,27.235
1342.4,0.96587,0.43595,27.235
1342.6,0.97158,0.46016,27.236
1342.8,0.96902,0.45666,27.239
1343.1,0.97141,0.45563,27.241
1343.2,0.96945,0.46242,27.243
1343.4,0.97192,0.46937,27.244
1343.7,0.97076,0.46236,27.245
1343.8,0.97135,0.46459,27.246
1344,0.96913,0.47032,27.247
1344.3,0.97296,0.48075,27.249
1344.4,0.97239,0.48066,27.25
1344.6,0.97127,0.4767,27.25
1344.9,0.97464,0.49212,27.252
1345,0.97379,0.49617,27.253
1345.2,0.97403,0.49304,27.253
1345.6,0.97214,0.48902,27.255
1345.7,0.97457,0.4904,NaN
1345.8,0.97272,0.48855,27.256
1346,0.97153,0.48614,27.256
1346.3,0.97494,0.50461,27.256
1346.5,0.97433,0.50597,27.257
1346.6,0.97573,0.50375,27.257
1346.9,0.97429,0.49936,27.257
1347,0.97464,0.49638,27.257
1347.2,0.97469,0.48676,27.258
1347.5,0.97332,0.47927,27.258
1347.7,0.97372,0.48057,27.258
1347.9,0.97175,0.47226,27.258
1348.3,0.97141,0.47318,27.258
1348.3,0.97239,0.47373,NaN
1348.4,0.97128,0.48472,27.259
1348.6,0.97607,0.48642,27.259
1348.9,0.97353,0.48993,27.259
1349,0.97354,0.48709,NaN
1349.2,0.97509,0.49005,27.26
1349.6,0.97305,0.48481,27.26
1349.7,0.97393,0.48427,27.261
1349.8,0.97384,0.48128,27.261
1350.2,0.96994,0.46016,27.264
1350.3,0.97065,0.45855,NaN
1350.4,0.97283,0.45408,27.266
1350.8,0.97061,0.46894,27.267
1350.9,0.96956,0.46661,NaN
1351.1,0.97401,0.46272,27.268
1351.3,0.97212,0.46917,27.269
1351.6,0.97141,0.47178,27.271
1351.7,0.97208,0.47312,NaN
1351.8,0.97274,0.46621,27.272
1352.2,0.97255,0.4678,27.273
1352.2,0.9705,0.46762,27.274
1352.4,0.97041,0.4726,27.274
1352.9,0.97172,0.46765,27.275
1352.9,0.96948,0.46614,NaN
1353.1,0.97308,0.46509,27.277
1353.2,0.97046,0.4671,27.277
1353.5,0.97239,0.467,27.278
1353.6,0.97295,0.47759,27.278
1353.8,0.97414,0.47857,27.278
1354.1,0.97023,0.47341,27.279
1354.2,0.97348,0.4695,27.279
1354.4,0.97109,0.46693,27.279
1354.7,0.97037,0.45801,27.279
1354.8,0.97007,0.46255,27.279
1355.1,0.9722,0.45423,27.28
1355.5,0.97267,0.45859,27.28
1355.5,0.97111,0.45742,NaN
1355.7,0.97086,0.45521,27.28
1355.8,0.96922,0.4552,27.28
1356.1,0.97282,0.46502,27.281
1356.2,0.97238,0.45974,27.281
1356.4,0.96766,0.4529,27.282
1356.7,0.96818,0.44559,27.282
1356.8,0.96874,0.44117,27.282
1357.1,0.96844,0.45072,27.283
1357.3,0.96889,0.46894,27.284
1357.4,0.97206,0.47377,27.285
1357.6,0.97216,0.46464,27.285
1357.9,0.96993,0.46089,27.287
1358,0.97036,0.46292,NaN
1358.2,0.97133,0.46761,27.292
1358.5,0.96819,0.45158,27.294
1358.6,0.97039,0.45422,27.295
1358.9,0.97248,0.46662,27.295
1359.1,0.97131,0.46536,27.297
1359.2,0.97217,0.45793,27.298
1359.5,0.97102,0.45237,27.299
1359.7,0.97106,0.46947,27.301
1359.9,0.97231,0.47741,27.302
1360,0.9714,0.47649,27.302
1360.4,0.97153,0.47069,27.304
1360.5,0.969,0.47018,NaN
1360.6,0.97125,0.46708,27.305
1360.8,0.96996,0.46365,27.306
1361.1,0.97255,0.48042,27.306
1361.2,0.97322,0.48129,27.307
1361.4,0.97471,0.47649,27.307
1361.8,0.96978,0.45397,27.307
1361.9,0.97011,0.45532,27.307
1362,0.97017,0.45762,27.308
1362.3,0.97045,0.45012,27.308
1362.4,0.96851,0.44634,27.308
1362.6,0.97144,0.46362,27.308
1363,0.97124,0.4533,27.308
1363.1,0.96745,0.45071,NaN
1363.2,0.96961,0.44448,27.309
1363.6,0.97019,0.45433,27.309
1363.6,0.97007,0.45007,NaN
1363.9,0.97122,0.43992,27.31
1364,0.96681,0.43131,27.31
1364.3,0.96945,0.42638,27.311
1364.4,0.97033,0.43956,27.312
1364.6,0.97133,0.44642,27.312
1365,0.97311,0.4674,27.317
1365,0.97231,0.463,NaN
1365.2,0.96961,0.45144,27.318
1365.5,0.97122,0.45831,27.319
1365.7,0.97106,0.46042,27.321
1365.8,0.96942,0.45339,27.322
1366,0.97152,0.45235,27.323
1366.3,0.97257,0.46861,27.325
1366.4,0.97244,0.47401,27.326
1366.6,0.97378,0.4662,27.326
1367.1,0.97243,0.47492,27.327
1367.1,0.97299,0.47397,NaN
1367.2,0.97497,0.48431,27.328
1367.4,0.97352,0.48371,27.328
1367.7,0.97421,0.47991,27.329
1367.8,0.97271,0.47885,27.329
1368.1,0.97237,0.47851,27.329
1368.4,0.97353,0.48836,27.33
1368.4,0.97393,0.48989,27.331
1368.6,0.97401,0.49216,27.331
1369,0.9744,0.48281,27.332
1369.1,0.97409,0.48184,27.332
1369.2,0.97284,0.47902,27.333
1369.5,0.97521,0.48399,27.333
1369.6,0.97433,0.4799,NaN
1369.8,0.97362,0.47063,27.334
1370.1,0.97532,0.48604,27.334
1370.2,0.97399,0.48466,27.335
1370.4,0.97331,0.48383,27.335
1370.8,0.97286,0.48666,27.335
1370.8,0.97494,0.48795,27.336
1371,0.97635,0.48911,27.336
1371.2,0.97415,0.48135,27.337
1371.5,0.97436,0.46959,27.338
1371.6,0.97295,0.46249,27.34
1371.9,0.97171,0.46196,27.342
1372.2,0.97017,0.46228,27.344
1372.2,0.9717,0.4688,NaN
1372.4,0.97342,0.47867,27.345
1372.8,0.9714,0.47953,27.347
1372.8,0.97129,0.47905,NaN
1373,0.97168,0.47715,27.348
1373.2,0.97278,0.47329,27.348
1373.5,0.97133,0.47476,27.35
1373.6,0.97243,0.47642,27.351
1373.8,0.9721,0.47475,27.351
1374.1,0.97429,0.4741,27.352
1374.3,0.97182,0.47206,27.353
1374.5,0.97249,0.47001,27.354
1374.8,0.97256,0.47743,27.354
1374.8,0.97348,0.47522,NaN
1375,0.97172,0.47566,27.356
1375.4,0.97485,0.47415,27.357
1375.5,0.97217,0.47545,NaN
1375.7,0.97146,0.47753,27.357
1376.1,0.97649,0.49498,27.358
1376.1,0.97572,0.49523,NaN
1376.3,0.97405,0.49587,27.358
1376.4,0.97394,0.49025,27.358
1376.9,0.97266,0.46591,27.358
1376.9,0.97048,0.46132,NaN
1377,0.97192,0.45871,27.358
1377.5,0.97044,0.44723,27.358
1377.5,0.97126,0.45137,NaN
1377.7,0.97117,0.4593,27.359
1377.8,0.97188,0.45452,27.359
1378.2,0.97244,0.4613,27.359
1378.2,0.97364,0.4624,NaN
1378.5,0.97136,0.45574,27.359
1378.9,0.97064,0.45487,27.36
1378.9,0.97035,0.45044,NaN
1379,0.96955,0.44203,27.36
1379.2,0.97051,0.43982,27.361
1379.6,0.97147,0.45445,27.361
1379.6,0.97368,0.46244,27.362
1379.8,0.97296,0.47595,27.363
1380.2,0.9711,0.4671,27.367
1380.3,0.971,0.46668,27.369
1380.4,0.97249,0.46991,27.369
1380.6,0.97081,0.46231,27.37
1380.9,0.97222,0.46384,27.372
1381,0.97273,0.47069,27.373
1381.2,0.97414,0.47777,27.374
1381.5,0.9721,0.46408,27.374
1381.6,0.97268,0.45867,27.375
1381.9,0.97374,0.46666,27.375
1382.1,0.97178,0.47937,27.376
1382.3,0.97398,0.47887,27.379
1382.4,0.97262,0.47732,27.38
1382.7,0.97252,0.47672,27.38
1382.9,0.97268,0.47384,27.381
1383,0.97099,0.47047,27.382
1383.2,0.9716,0.48788,27.382
1383.6,0.97437,0.48694,27.384
1383.6,0.97435,0.48536,NaN
1383.9,0.97285,0.47761,27.384
1384.3,0.97214,0.47308,27.385
1384.3,0.97066,0.46992,NaN
1384.4,0.97208,0.46278,27.385
1384.6,0.97186,0.4566,27.385
1384.9,0.97423,0.47836,27.385
1385,0.97278,0.4716,27.385
1385.2,0.97141,0.46372,27.385
1385.5,0.9723,0.459,27.386
1385.7,0.97391,0.46501,27.386
1385.8,0.97199,0.45787,27.386
1386.2,0.9695,0.43452,27.387
1386.3,0.9694,0.43845,NaN
1386.4,0.96897,0.43582,27.388
1386.6,0.9693,0.44124,27.389
1386.9,0.97006,0.45688,27.392
1387,0.97243,0.4736,27.393
1387.3,0.97408,0.47615,27.395
1387.6,0.97353,0.47141,27.397
1387.7,0.97216,0.47306,NaN
1387.9,0.97154,0.47459,27.398
1388,0.9728,0.46348,27.399
1388.3,0.97373,0.46347,27.401
1388.4,0.97177,0.47109,27.401
1388.7,0.97523,0.48437,27.402
1389,0.97348,0.47693,27.404
1389.1,0.97252,0.4778,NaN
1389.2,0.97542,0.4846,27.405
1389.6,0.977,0.49334,27.407
1389.7,0.97628,0.49469,NaN
1389.9,0.97312,0.49144,27.408
1390,0.97543,0.48857,27.408
1390.4,0.97557,0.48499,27.409
1390.4,0.97348,0.48586,27.409
1390.6,0.97499,0.49802,27.409
1391,0.97488,0.4981,27.41
1391,0.97461,0.49667,NaN
1391.3,0.97417,0.49089,27.41
1391.4,0.97221,0.49026,27.411
1391.8,0.97264,0.48466,27.411
1391.9,0.97396,0.48261,NaN
1392,0.97418,0.47575,27.412
1392.4,0.97746,0.49945,27.412
1392.4,0.97561,0.49813,NaN
1392.6,0.97436,0.49098,27.413
1393,0.97385,0.48892,27.413
1393,0.97293,0.49008,27.414
1393.2,0.97375,0.48615,27.414
1393.6,0.97164,0.46382,27.418
1393.7,0.97199,0.46599,NaN
1393.8,0.9711,0.46338,27.419
1394,0.97262,0.45344,27.42
1394.3,0.97104,0.46066,27.42
1394.4,0.97223,0.47629,27.422
1394.6,0.97302,0.48216,27.423
1394.9,0.97274,0.47339,27.424
1395,0.97287,0.46528,27.425
1395.2,0.97192,0.46832,27.426
1395.6,0.96971,0.4437,27.427
1395.6,0.96908,0.44325,NaN
1395.8,0.97038,0.44768,27.429
1396,0.97182,0.45979,27.43
1396.3,0.97045,0.46193,27.431
1396.4,0.97046,0.45917,27.432
1396.7,0.96989,0.45486,27.433
1396.9,0.97083,0.45986,27.434
1397.1,0.97322,0.46008,27.435
1397.3,0.97007,0.45848,27.435
1397.6,0.97131,0.45739,27.436
1397.6,0.97116,0.45678,NaN
1397.8,0.97298,0.45677,27.437
1398.3,0.97394,0.4756,27.438
1398.3,0.97095,0.47686,NaN
1398.4,0.97171,0.47509,27.438
1398.7,0.97339,0.47294,27.438
1398.9,0.9714,0.46325,27.438
1399,0.97261,0.46298,27.439
1399.2,0.97132,0.45544,27.439
1399.5,0.96986,0.43674,27.439
1399.6,0.9657,0.43202,27.439
1399.8,0.96903,0.44422,27.439
1400.2,0.97146,0.4562,27.439
1400.3,0.97031,0.45628,NaN
1400.4,0.97022,0.45929,27.439
1400.6,0.97173,0.45744,27.439
1401.1,0.9714,0.45893,27.44
1401.1,0.97199,0.46079,NaN
1401.2,0.9722,0.45741,27.442
1401.4,0.9687,0.44834,27.443
1401.7,0.96934,0.43064,27.444
1401.9,0.96744,0.42574,27.445
1402,0.96706,0.42603,27.445
1402.3,0.96984,0.4402,27.446
1402.4,0.96928,0.44598,27.447
1402.6,0.9706,0.45771,27.448
1403,0.96985,0.43891,27.449
1403,0.96793,0.43566,27.449
1403.2,0.96838,0.43522,27.45
1403.6,0.96894,0.4387,27.452
1403.6,0.96871,0.44357,NaN
1403.8,0.97088,0.44033,27.453
1404.2,0.97232,0.45406,27.455
1404.3,0.97115,0.45728,27.456
1404.5,0.97066,0.45606,27.456
1404.8,0.97182,0.45986,27.458
1404.9,0.97033,0.45847,NaN
1405,0.97099,0.45687,27.458
1405.5,0.97158,0.47206,27.46
1405.5,0.97228,0.46983,NaN
1405.6,0.97058,0.47065,27.461
1405.9,0.97408,0.46585,27.461
1406.2,0.97256,0.45124,27.462
1406.2,0.96984,0.45409,NaN
1406.4,0.97282,0.4617,27.462
1406.9,0.96907,0.44199,27.462
1406.9,0.97147,0.44668,NaN
1407.1,0.97271,0.46115,27.462
1407.2,0.97297,0.45747,27.462
1407.5,0.96884,0.4426,27.462
1407.6,0.96895,0.43437,27.463
1407.8,0.97093,0.44619,27.463
1408.2,0.96843,0.43889,27.463
1408.3,0.97033,0.43585,27.464
1408.4,0.96853,0.42576,27.464
1408.8,0.9688,0.41877,27.468
1408.9,0.96824,0.42057,NaN
1409.1,0.97087,0.43202,27.469
1409.2,0.97081,0.44578,27.471
1409.6,0.97012,0.46567,27.472
1409.6,0.96986,0.46213,NaN
1409.8,0.97339,0.46529,27.474
1410.2,0.97177,0.45717,27.475
1410.2,0.97125,0.45233,NaN
1410.4,0.97125,0.45057,27.476
1410.6,0.97197,0.45678,27.476
1410.9,0.97197,0.46953,27.477
1411.1,0.97186,0.46656,27.478
1411.2,0.97321,0.46153,27.48
1411.5,0.97586,0.47375,27.482
1411.6,0.9736,0.47697,27.483
1411.8,0.97104,0.47879,27.483
1412.3,0.9727,0.47572,27.485
1412.3,0.97324,0.47771,NaN
1412.4,0.97461,0.47417,27.486
1412.6,0.97134,0.47256,27.487
1413,0.9743,0.48652,27.488
1413.1,0.97229,0.48609,NaN
1413.2,0.97383,0.48513,27.489
1413.4,0.97358,0.48195,27.489
1413.8,0.97431,0.4815,27.49
1413.8,0.9728,0.48051,27.49
1414,0.9723,0.47065,27.49
1414.4,0.97173,0.46475,27.49
1414.4,0.9737,0.47552,NaN
1414.6,0.97493,0.47874,27.49
1415.1,0.9727,0.46886,27.491
1415.1,0.97398,0.46923,NaN
1415.2,0.9716,0.4755,27.491
1415.4,0.97303,0.46389,27.491
1415.8,0.97048,0.43311,27.492
1415.9,0.97093,0.43557,27.492
1416,0.96981,0.43873,27.492
1416.2,0.97093,0.44726,27.493
1416.5,0.97156,0.45923,27.494
1416.7,0.97249,0.47264,27.494
1416.8,0.97295,0.48192,27.495
1417.1,0.9743,0.47704,27.496
1417.2,0.97492,0.48308,27.497
1417.5,0.97322,0.48386,27.497
1417.8,0.97267,0.47409,27.499
1417.9,0.97161,0.47327,27.5
1418.1,0.97378,0.47961,27.5
1418.2,0.97507,0.48474,27.501
1418.5,0.97381,0.47893,27.502
1418.6,0.97336,0.47548,27.506
1418.9,0.97105,0.47804,27.508
1419.2,0.97366,0.48804,27.51
1419.2,0.9746,0.48887,27.511
1419.4,0.97433,0.48796,27.511
1419.6,0.973,0.4896,27.512
1419.9,0.9739,0.48683,27.512
1420,0.97335,0.48646,27.513
1420.2,0.97685,0.49796,27.514
1420.5,0.97611,0.49917,27.514
1420.7,0.97485,0.4976,27.515
1420.8,0.9744,0.49507,27.515
1421.1,0.97296,0.48799,27.516
1421.2,0.97385,0.49009,NaN
1421.5,0.97298,0.49274,27.517
1421.8,0.97316,0.4821,27.518
1421.8,0.9734,0.48321,27.518
1422,0.97422,0.48495,27.518
1422.3,0.97535,0.48229,27.518
1422.5,0.97614,0.49555,27.518
1422.6,0.97626,0.49768,27.518
1422.8,0.97436,0.49543,27.518
1423.2,0.97445,0.48896,27.519
1423.3,0.97494,0.49162,NaN
1423.4,0.97392,0.49162,27.52
1423.8,0.97311,0.48101,27.52
1423.8,0.97329,0.47694,NaN
1424.1,0.9722,0.46476,27.521
1424.4,0.97208,0.45824,27.522
1424.5,0.97145,0.46181,NaN
1424.6,0.97082,0.46898,27.522
1425,0.97346,0.47793,27.523
1425,0.97354,0.4766,NaN
1425.2,0.97277,0.47807,27.524
1425.4,0.97428,0.48091,27.525
1425.7,0.97335,0.48226,27.526
1425.9,0.97118,0.47751,27.526
1426.1,0.97125,0.47656,27.527
1426.4,0.97213,0.47913,27.53
1426.4,0.97425,0.47983,27.532
1426.6,0.97434,0.48114,27.533
1426.8,0.97298,0.47976,27.534
1427.2,0.97276,0.47554,27.535
1427.2,0.97408,0.47615,NaN
1427.5,0.97287,0.47386,27.535
1427.8,0.97498,0.49005,27.536
1427.9,0.97471,0.48683,NaN
1428,0.97625,0.48606,27.536
1428.5,0.97319,0.48273,27.537
1428.5,0.97397,0.48166,NaN
1428.7,0.97258,0.47555,27.537
1428.8,0.97145,0.47309,27.537
1429.1,0.97218,0.46849,27.538
1429.2,0.97144,0.46594,27.538
1429.5,0.97279,0.46821,27.538
1429.7,0.97298,0.46361,27.538
1429.8,0.96977,0.46102,27.539
1430.1,0.97215,0.4666,27.539
1430.4,0.97052,0.4513,27.54
1430.4,0.97048,0.45088,NaN
1430.6,0.96889,0.43352,27.541
1430.8,0.96958,0.44438,27.544
1431.2,0.97127,0.44983,27.546
1431.2,0.97234,0.45249,NaN
1431.4,0.97145,0.46946,27.547
1431.8,0.97221,0.47082,27.549
1431.9,0.97152,0.46828,NaN
1432.1,0.97319,0.47929,27.551
1432.2,0.97293,0.47979,27.552
1432.5,0.97197,0.46428,27.553
1432.6,0.9727,0.45832,27.554
1432.8,0.97076,0.45898,27.555
1433.1,0.97314,0.47173,27.556
1433.2,0.97202,0.46807,27.557
1433.4,0.97291,0.45906,27.558
1433.8,0.97083,0.47111,27.56
1433.8,0.97381,0.47064,NaN
1434,0.97254,0.47506,27.56
1434.4,0.97112,0.47195,27.561
1434.5,0.97231,0.4707,NaN
1434.6,0.97151,0.46977,27.561
1434.9,0.97195,0.46739,27.562
1435.2,0.97188,0.48341,27.563
1435.2,0.9718,0.48115,NaN
1435.4,0.97326,0.48198,27.563
1435.6,0.97269,0.47586,27.564
1436,0.97183,0.47284,27.564
1436.1,0.97329,0.47693,27.564
1436.2,0.97311,0.46605,27.565
1436.4,0.97123,0.46032,27.565
1436.7,0.97139,0.46702,27.565
1436.8,0.97433,0.46641,27.566
1437.1,0.96991,0.46827,27.566
1437.4,0.97343,0.46042,27.569
1437.4,0.97151,0.46196,NaN
1437.6,0.96999,0.45193,27.57
1437.8,0.96878,0.44282,27.571
1438.1,0.96752,0.42666,27.572
1438.2,0.96666,0.42954,27.573
1438.5,0.9675,0.43367,27.574
1438.7,0.96935,0.44804,27.576
1438.8,0.97111,0.45446,NaN
1439,0.97336,0.46671,27.577
1439.4,0.97214,0.45786,27.578
1439.5,0.97085,0.46213,27.579
1439.7,0.97126,0.46572,27.58
1440.1,0.96909,0.44909,27.582
1440.1,0.97081,0.45025,NaN
1440.2,0.9699,0.45442,27.583
1440.4,0.96959,0.45632,27.584
1440.7,0.96957,0.45308,27.585
1440.8,0.96805,0.44615,27.586
1441,0.97012,0.44927,27.587
1441.3,0.96911,0.46277,27.588
1441.5,0.97126,0.46292,27.589
1441.7,0.96916,0.4613,27.59
1442,0.973,0.45964,27.591
1442,0.97246,0.45976,27.592
1442.3,0.9716,0.45531,27.592
1442.6,0.97371,0.46999,27.593
1442.7,0.97328,0.47028,NaN
1442.9,0.97279,0.4698,27.594
1443,0.97054,0.46418,27.594
1443.3,0.97136,0.46479,27.595
1443.4,0.9726,0.4652,27.595
1443.7,0.97259,0.47104,27.595
1444,0.97106,0.45432,27.595
1444.1,0.97081,0.45552,NaN
1444.2,0.97386,0.47063,27.595
1444.7,0.97027,0.46458,27.596
1444.7,0.97194,0.46033,NaN
1444.8,0.97251,0.46468,27.596
1445,0.97051,0.46556,27.596
1445.3,0.97012,0.44969,27.597
1445.5,0.97134,0.44373,27.597
1445.6,0.96918,0.43536,27.597
1446,0.96571,0.42922,27.598
1446.1,0.96821,0.42932,NaN
1446.3,0.97021,0.44504,27.599
1446.5,0.97069,0.4609,27.6
1446.7,0.96984,0.46774,27.601
1446.8,0.97138,0.4669,27.601
1447.1,0.97114,0.46764,27.602
1447.3,0.97199,0.47242,27.604
1447.4,0.97193,0.47298,NaN
1447.7,0.97224,0.47009,27.607
1448,0.97313,0.46955,27.61
1448,0.97281,0.46682,27.61
1448.3,0.97172,0.46616,27.611
1448.6,0.97221,0.4632,27.613
1448.6,0.97204,0.4623,NaN
1448.8,0.97191,0.46381,27.613
1449.3,0.9733,0.46077,27.615
1449.3,0.97196,0.46116,NaN
1449.4,0.97144,0.45604,27.616
1449.7,0.9694,0.45574,27.617
1450,0.97234,0.48966,27.617
1450.1,0.97586,0.48846,27.618
1450.3,0.9747,0.49078,27.618
1450.5,0.97287,0.48779,27.618
1450.8,0.97212,0.4685,27.618
1450.9,0.96946,0.45195,27.618
1451,0.96967,0.44159,27.618
1451.2,0.96753,0.43355,27.618
1451.6,0.96742,0.41608,27.618
1451.6,0.96575,0.41255,27.618
1451.9,0.96783,0.42773,27.618
1452.1,0.96672,0.41872,27.618
1452.3,0.96713,0.42691,27.619
1452.4,0.96633,0.42071,27.619
1452.7,0.97037,0.42357,27.619
1453,0.96712,0.41847,27.619
1453,0.96728,0.42039,NaN
1453.2,0.96386,0.39889,27.62
1453.6,0.96184,0.39539,27.621
1453.7,0.96585,0.39919,NaN
1453.8,0.96815,0.42386,27.622
1454,0.96758,0.42911,27.622
1454.3,0.96775,0.42909,27.623
1454.5,0.96889,0.44128,27.624
1454.6,0.9669,0.43729,27.625
1454.8,0.96927,0.42811,27.625
1455.1,0.97129,0.43392,27.626
1455.2,0.96757,0.44174,27.627
1455.4,0.96854,0.44452,27.627
1455.8,0.96999,0.43665,27.632
1455.8,0.9692,0.4413,NaN
1456.1,0.96831,0.45048,27.635
1456.2,0.96868,0.45258,27.636
1456.6,0.97178,0.44879,27.639
1456.7,0.97116,0.44843,NaN
1456.8,0.97171,0.44569,27.64
1457.1,0.96829,0.44384,27.641
1457.4,0.97112,0.45799,27.642
1457.5,0.97215,0.45906,NaN
1457.7,0.96966,0.45827,27.642
1457.9,0.97114,0.45262,27.643
1458.1,0.96959,0.45427,27.643
1458.3,0.97035,0.45589,27.644
1458.4,0.9708,0.45553,27.644
1458.7,0.97013,0.43981,27.644
1458.8,0.97004,0.44809,NaN
1459,0.97074,0.4616,27.645
1459.4,0.9699,0.45473,27.645
1459.4,0.97029,0.45347,27.645
1459.6,0.97231,0.45688,27.645
1459.9,0.96843,0.43679,27.645
1460,0.96827,0.43443,27.646
1460.2,0.96587,0.40652,27.646
1460.4,0.96499,0.41389,27.646
1460.8,0.96828,0.42949,27.648
1460.8,0.9667,0.43171,NaN
1461.1,0.97096,0.44864,27.648
1461.5,0.97136,0.45154,27.65
1461.5,0.97013,0.45039,NaN
1461.6,0.97226,0.4534,27.651
1461.9,0.97383,0.46876,27.651
1462.2,0.96855,0.45352,27.653
1462.3,0.97116,0.45371,NaN
1462.4,0.97128,0.45845,27.654
1462.6,0.97202,0.46831,27.657
1462.9,0.97015,0.46131,27.66
1463,0.97067,0.45738,27.662
1463.2,0.97027,0.46126,27.662
1463.6,0.97372,0.47637,27.664
1463.6,0.97354,0.4762,27.665
1463.8,0.97289,0.47248,27.666
1464.2,0.97088,0.46665,27.668
1464.3,0.96991,0.46784,NaN
1464.5,0.9718,0.46512,27.669
1464.6,0.97261,0.47712,27.67
1465,0.97293,0.47688,27.671
1465.1,0.97283,0.47482,NaN
1465.2,0.97213,0.47073,27.671
1465.6,0.97236,0.47133,27.671
1465.7,0.97152,0.4723,NaN
1465.8,0.9718,0.46948,27.672
1466,0.97135,0.46615,27.672
1466.4,0.97206,0.48265,27.672
1466.4,0.97216,0.48427,27.672
1466.6,0.97097,0.47391,27.672
1467,0.97273,0.47265,27.673
1467.1,0.97246,0.47495,NaN
1467.2,0.97314,0.46709,27.673
1467.5,0.97017,0.458,27.673
1467.7,0.96802,0.43125,27.674
1467.9,0.96694,0.43482,27.675
1468,0.96669,0.43777,27.675
1468.4,0.9713,0.46043,27.676
1468.4,0.97192,0.46417,27.676
1468.7,0.97172,0.47017,27.677
1468.9,0.97128,0.47079,27.677
1469.2,0.97437,0.48337,27.679
1469.2,0.97169,0.48177,NaN
1469.4,0.97525,0.48536,27.681
1469.7,0.97349,0.48613,27.682
1469.9,0.97416,0.48105,27.685
1470.1,0.97324,0.47988,NaN
1470.2,0.97143,0.4754,27.688
1470.5,0.97106,0.46639,27.689
1470.6,0.9715,0.46115,NaN
1470.8,0.97227,0.46352,27.692
1471,0.9727,0.46876,27.693
1471.3,0.97064,0.46832,27.694
1471.4,0.97034,0.46625,27.695
1471.7,0.97192,0.46816,27.695
1471.9,0.96963,0.4652,27.696
1472,0.9722,0.47953,27.697
1472.2,0.97383,0.48671,27.697
1472.7,0.97337,0.48482,27.698
1472.7,0.9733,0.48236,NaN
1472.8,0.97304,0.48009,27.698
1473,0.97087,0.46927,27.698
1473.3,0.97156,0.45978,27.698
1473.4,0.97075,0.45642,27.698
1473.6,0.97051,0.44072,27.698
1473.9,0.97078,0.44266,27.698
1474,0.97021,0.44945,27.698
1474.3,0.9684,0.45812,27.698
1474.4,0.97079,0.46026,27.698
1474.7,0.97288,0.46553,27.698
1474.8,0.97303,0.46726,27.699
1475,0.9712,0.46362,27.699
1475.5,0.97137,0.45266,27.7
1475.5,0.9707,0.45245,NaN
1475.6,0.97168,0.45247,27.7
1475.9,0.9706,0.43449,27.701
1476.3,0.96886,0.42852,27.701
1476.3,0.96571,0.42593,NaN
1476.5,0.96791,0.43413,27.702
1476.6,0.96956,0.44843,27.703
1476.9,0.97111,0.46081,27.703
1477,0.9703,0.45661,27.704
1477.3,0.96917,0.44834,27.704
1477.5,0.96996,0.45446,27.708
1477.6,0.96828,0.4495,27.71
1477.8,0.97173,0.45508,27.71
1478.2,0.97005,0.46072,27.712
1478.2,0.97405,0.46219,27.713
1478.4,0.97212,0.46646,27.714
1479,0.97001,0.46227,27.717
1479,0.97301,0.46371,NaN
1479.1,0.97108,0.46271,NaN
1479.3,0.97141,0.46198,27.718
1479.4,0.9719,0.47081,27.718
1479.7,0.97273,0.47253,27.718
1479.8,0.97284,0.47128,27.719
1480.1,0.97246,0.46689,27.719
1480.2,0.97164,0.46074,27.719
1480.5,0.97032,0.46933,27.719
1480.6,0.97137,0.47229,27.72
1480.8,0.97125,0.46372,27.72
1481.1,0.97186,0.46502,27.72
1481.2,0.97322,0.47488,27.72
1481.4,0.97084,0.46658,27.72
1481.7,0.97227,0.45543,27.721
1481.8,0.97222,0.46208,NaN
1482.1,0.96869,0.44631,27.721
1482.4,0.96648,0.42766,27.722
1482.5,0.96676,0.41145,27.723
1482.6,0.96489,0.42308,27.723
1483,0.96779,0.43942,27.724
1483,0.9698,0.44109,NaN
1483.2,0.96971,0.45083,27.725
1483.4,0.97075,0.45985,27.725
1483.7,0.9694,0.45412,27.726
1483.8,0.96893,0.45613,27.727
1484,0.97129,0.47236,27.728
1484.4,0.96989,0.46272,27.729
1484.4,0.97228,0.46127,NaN
1484.6,0.97056,0.46412,27.73
1485.1,0.97134,0.4744,27.737
1485.1,0.97221,0.47072,NaN
1485.2,0.9712,0.46742,27.738
1485.4,0.9723,0.46838,27.739
1485.9,0.97168,0.48288,27.742
1485.9,0.97299,0.48347,NaN
1486,0.9732,0.48124,27.743
1486.2,0.97108,0.48027,27.744
1486.5,0.97287,0.47725,27.745
1486.6,0.97483,0.47729,27.746
1486.8,0.97161,0.48061,27.747
1487.2,0.97158,0.48392,27.747
1487.2,0.97322,0.48508,NaN
1487.5,0.97333,0.47904,27.748
1487.6,0.97291,0.47323,27.749
1488,0.97184,0.48381,27.749
1488.1,0.97367,0.48559,NaN
1488.3,0.9726,0.48339,27.749
1488.4,0.97392,0.48081,27.749
1488.7,0.97459,0.4956,27.749
1488.8,0.97387,0.48643,27.749
1489,0.97311,0.48273,27.75
1489.3,0.97237,0.49106,27.75
1489.4,0.97131,0.4822,27.75
1489.6,0.97149,0.4672,27.75
1489.8,0.97016,0.44042,27.751
1490.1,0.96995,0.45122,27.751
1490.2,0.97069,0.45867,27.752
1490.5,0.97127,0.46665,27.753
1490.8,0.97378,0.48015,27.753
1490.8,0.97136,0.48183,NaN
1491,0.97276,0.48186,27.755
1491.5,0.9741,0.4908,27.758
1491.5,0.97385,0.49237,NaN
1491.6,0.97409,0.50297,27.761
1491.8,0.9756,0.49102,27.762
1492.1,0.97203,0.48992,27.764
1492.2,0.97251,0.4894,27.765
1492.5,0.9731,0.48527,27.765
1492.8,0.97066,0.46951,27.768
1492.8,0.97222,0.468,NaN
1493,0.97205,0.47477,27.769
1493.4,0.97217,0.48007,27.771
1493.5,0.97242,0.47904,NaN
1493.6,0.97427,0.47875,27.772
1494,0.97241,0.47783,27.773
1494.1,0.97089,0.47516,27.774
1494.2,0.97407,0.48021,27.774
1494.6,0.97264,0.48659,27.775
1494.7,0.97384,0.48711,27.775
1494.8,0.97403,0.48221,27.775
1495.2,0.97159,0.47658,27.776
1495.3,0.97264,0.47623,NaN
1495.5,0.97079,0.47345,27.776
1495.6,0.97134,0.47208,27.776
1495.9,0.97066,0.473,27.776
1496,0.97244,0.47336,27.776
1496.2,0.971,0.46883,27.776
1496.5,0.97088,0.47614,27.777
1496.6,0.97218,0.48036,27.777
1496.9,0.9721,0.47647,27.777
1497,0.97107,0.4748,27.777
1497.3,0.97356,0.47536,27.778
1497.4,0.97056,0.47373,27.779
1497.6,0.96982,0.45425,27.779
1498,0.9657,0.43121,27.779
1498,0.96441,0.42616,NaN
1498.2,0.96727,0.44338,27.78
1498.6,0.96839,0.47168,27.782
1498.7,0.97254,0.4731,NaN
1498.8,0.97278,0.47323,27.785
1499,0.97209,0.47603,27.786
1499.4,0.97176,0.47192,27.788
1499.4,0.97018,0.47114,NaN
1499.7,0.97109,0.47423,27.789
1500,0.97251,0.47194,27.791
1500.1,0.9714,0.47244,NaN
1500.2,0.97059,0.47558,27.791
1500.4,0.97154,0.47919,27.792
1500.7,0.97231,0.47852,27.794
1500.9,0.97008,0.47732,27.794
1501.1,0.97034,0.47575,27.795
1501.3,0.96963,0.47598,27.795
1501.5,0.97177,0.4701,27.795
1501.6,0.96951,0.47376,27.796
1501.9,0.9714,0.48159,27.796
1502.2,0.97183,0.47927,27.796
1502.3,0.97247,0.47504,NaN
1502.4,0.97228,0.46953,27.797
1502.8,0.97173,0.47279,27.797
1502.9,0.97135,0.4708,NaN
1503,0.97206,0.46182,27.797
1503.2,0.97115,0.46391,27.797
1503.5,0.97103,0.46468,27.797
1503.6,0.97054,0.4612,27.797
1503.8,0.9709,0.46023,27.798
1504.1,0.9714,0.45686,27.798
1504.3,0.96834,0.45553,27.799
1504.5,0.97015,0.44735,27.799
1504.6,0.96675,0.43004,27.799
1504.9,0.96603,0.42902,27.8
1505.1,0.96622,0.42556,27.8
1505.2,0.96847,0.43707,27.801
1505.5,0.97039,0.44875,27.802
1505.7,0.97116,0.45988,27.803
1505.8,0.96958,0.45354,27.803
1506,0.9703,0.45202,27.804
1506.5,0.97085,0.47347,27.805
1506.5,0.97169,0.47262,NaN
1506.6,0.97205,0.46235,27.808
1506.9,0.97126,0.46731,27.809
1507.1,0.97342,0.47964,27.813
1507.2,0.97238,0.47614,27.814
1507.4,0.97389,0.46781,27.815
1507.8,0.97197,0.47263,27.817
1507.8,0.97293,0.4794,NaN
1508.1,0.97462,0.48333,27.819
1508.5,0.97196,0.47986,27.821
1508.5,0.97228,0.47955,NaN
1508.6,0.97213,0.47866,27.822
1508.8,0.97189,0.47695,27.823
1509.2,0.97341,0.48266,27.824
1509.2,0.97128,0.48353,NaN
1509.4,0.97337,0.48323,27.824
1509.9,0.97394,0.47687,27.825
1509.9,0.97332,0.47933,NaN
1510,0.97238,0.48347,27.825
1510.2,0.97016,0.47863,27.825
1510.6,0.97353,0.48604,27.825
1510.7,0.97367,0.49108,NaN
1510.8,0.97321,0.50205,27.825
1511,0.97193,0.49445,27.826
1511.4,0.97312,0.47994,27.826
1511.4,0.9742,0.48244,NaN
1511.6,0.97132,0.48505,27.826
1511.8,0.97267,0.47643,27.827
1512.1,0.96831,0.44938,27.828
1512.3,0.9696,0.45271,27.828
1512.4,0.96931,0.45137,27.828
1512.8,0.96928,0.46634,27.83
1512.8,0.97064,0.46832,NaN
1513,0.97237,0.48037,27.83
1513.2,0.9719,0.47942,27.831
1513.6,0.9724,0.4828,27.836
1513.7,0.97266,0.48807,27.838
1513.8,0.97263,0.49574,27.838
1514.1,0.97181,0.48519,27.839
1514.3,0.97235,0.4852,27.84
1514.4,0.97364,0.49394,27.842
1514.7,0.97273,0.486,27.842
1514.8,0.97074,0.47211,27.844
1515.2,0.97124,0.47676,27.846
1515.2,0.9715,0.47918,NaN
1515.5,0.97092,0.48285,27.847
1515.6,0.97027,0.4796,27.847
1515.9,0.97266,0.47807,27.848
1516,0.97107,0.47682,27.848
1516.2,0.97272,0.47534,27.848
1516.5,0.97241,0.48438,27.849
1516.6,0.97175,0.48283,NaN
1516.9,0.97295,0.48253,27.85
1517.2,0.97174,0.46997,27.851
1517.2,0.972,0.46991,27.851
1517.4,0.96893,0.47171,27.851
1517.9,0.97041,0.4755,27.852
1517.9,0.97174,0.47201,NaN
1518.1,0.97098,0.4713,27.852
1518.2,0.97435,0.48831,27.852
1518.5,0.9713,0.48621,27.853
1518.7,0.97082,0.48595,27.853
1518.8,0.97163,0.47632,27.853
1519.2,0.97273,0.47724,27.854
1519.2,0.9715,0.47648,NaN
1519.5,0.97036,0.46567,27.855
1519.9,0.96862,0.44492,27.856
1519.9,0.96853,0.44205,NaN
1520,0.96889,0.44716,27.857
1520.2,0.96949,0.45497,27.858
1520.5,0.97135,0.4744,27.862
1520.7,0.96982,0.47353,27.863
1520.8,0.97239,0.47734,27.864
1521.2,0.97501,0.48847,27.866
1521.3,0.97423,0.48786,NaN
1521.5,0.97113,0.47836,27.867
1521.6,0.97196,0.48144,27.868
1521.9,0.9728,0.48697,27.869
1522,0.9719,0.48841,27.87
1522.2,0.9743,0.48664,27.87
1522.6,0.97319,0.48889,27.872
1522.7,0.9736,0.48798,NaN
1522.9,0.97271,0.49121,27.873
1523,0.97302,0.48841,27.874
1523.4,0.97288,0.48607,27.875
1523.5,0.97315,0.48632,27.875
1523.6,0.97201,0.48532,27.876
1524,0.97556,0.5033,27.876
1524,0.97454,0.50771,NaN
1524.2,0.97346,0.50554,27.877
1524.4,0.97653,0.50433,27.877
1524.8,0.97495,0.49281,27.877
1524.8,0.97352,0.48903,NaN
1525,0.97329,0.47368,27.877
1525.5,0.97085,0.4615,27.877
1525.5,0.97197,0.46191,NaN
1525.6,0.97018,0.45835,NaN
1525.8,0.96929,0.4539,27.877
1526.1,0.97015,0.46025,27.877
1526.2,0.96956,0.45591,27.878
1526.5,0.96977,0.46264,27.878
1526.8,0.97206,0.46329,27.878
1526.9,0.97279,0.46015,27.878
1527,0.97101,0.45372,27.878
1527.2,0.9697,0.44542,27.879
1527.6,0.96428,0.40477,27.879
1527.6,0.9651,0.40134,27.88
1527.9,0.96633,0.42437,27.88
1528,0.969,0.43848,27.881
1528.3,0.96792,0.44367,27.882
1528.4,0.97034,0.45694,27.883
1528.6,0.97081,0.46903,27.886
1529,0.9699,0.46091,27.889
1529,0.97102,0.465,NaN
1529.2,0.97292,0.4785,27.89
1529.4,0.97325,0.47771,27.891
1529.8,0.97043,0.46636,27.894
1529.9,0.97175,0.46569,NaN
1530.1,0.97346,0.47569,27.895
1530.2,0.97266,0.48249,27.896
1530.7,0.97377,0.4769,27.898
1530.7,0.97024,0.47836,NaN
1530.8,0.97173,0.47659,27.899
1531,0.97118,0.47521,27.899
1531.4,0.9734,0.48245,27.899
1531.4,0.9733,0.48354,NaN
1531.7,0.97243,0.4793,27.9
1531.8,0.97283,0.47518,27.9
1532.2,0.97351,0.47833,27.901
1532.2,0.97358,0.48011,27.901
1532.4,0.97275,0.47813,27.901
1532.6,0.97317,0.47816,27.901
1532.9,0.97393,0.48259,27.902
1533,0.97578,0.49589,27.902
1533.2,0.97481,0.49341,27.902
1533.7,0.97208,0.48168,27.903
1533.7,0.97491,0.48576,NaN
1533.8,0.97446,0.48635,NaN
1534.1,0.97275,0.47722,27.904
1534.4,0.97054,0.43956,27.904
1534.4,0.97111,0.43676,NaN
1534.7,0.9691,0.4511,27.905
1534.8,0.96964,0.45869,27.906
1535.2,0.97078,0.47432,27.907
1535.3,0.9711,0.47349,27.908
1535.4,0.97429,0.47694,27.909
1535.9,0.97356,0.48273,27.914
1535.9,0.97598,0.48354,NaN
1536.1,0.97319,0.49674,27.916
1536.2,0.97381,0.49249,27.916
1536.6,0.97619,0.49789,27.918
1536.7,0.97608,0.49927,NaN
1536.8,0.97637,0.49708,27.92
1537.1,0.97488,0.48618,27.921
1537.3,0.97356,0.48336,27.922
1537.4,0.97519,0.48752,27.923
1537.6,0.97474,0.49371,27.924
1538,0.97502,0.4932,27.926
1538,0.97588,0.49184,27.927
1538.2,0.97419,0.48912,27.927
1538.4,0.9732,0.48782,27.928
1538.7,0.97553,0.49668,27.929
1538.8,0.97546,0.49947,27.929
1539,0.97439,0.49847,27.93
1539.4,0.97308,0.48891,27.93
1539.5,0.97469,0.48908,27.93
1539.6,0.9755,0.49526,27.93
1539.8,0.97585,0.49746,27.931
1540.2,0.97336,0.48895,27.931
1540.2,0.97516,0.49344,27.931
1540.4,0.97571,0.50625,27.931
1540.6,0.97224,0.5052,27.931
1541,0.97511,0.49956,27.931
1541,0.97512,0.50407,27.932
1541.2,0.97661,0.50546,27.932
1541.6,0.97312,0.47278,27.933
1541.6,0.97444,0.46765,NaN
1541.9,0.97251,0.47021,27.933
1542.1,0.97507,0.48019,27.936
1542.4,0.97301,0.48018,27.938
1542.5,0.97416,0.48291,NaN
1542.6,0.9731,0.48676,27.94
1542.9,0.97525,0.48717,27.941
1543.2,0.9744,0.49113,27.943
1543.3,0.97364,0.49657,NaN
1543.5,0.97706,0.51163,27.944
1543.7,0.97746,0.50928,27.944
1544,0.97612,0.50873,27.945
1544.1,0.97597,0.51072,NaN
1544.3,0.97663,0.5159,27.945
1544.4,0.97549,0.50526,27.947
1544.7,0.97574,0.49008,27.949
1544.8,0.97536,0.49456,27.95
1545,0.97578,0.49988,27.951
1545.4,0.97666,0.49656,27.952
1545.4,0.9751,0.49615,NaN
1545.6,0.97473,0.4963,27.954
1546.1,0.97644,0.49675,27.956
1546.1,0.97617,0.50782,NaN
1546.3,0.97768,0.51773,27.956
1546.5,0.9785,0.52099,27.956
1546.8,0.97726,0.51754,27.957
1546.8,0.97767,0.51576,NaN
1547.1,0.97583,0.50198,27.957
1547.2,0.9757,0.49819,27.957
1547.6,0.97317,0.47987,27.957
1547.6,0.97189,0.47118,27.957
1547.8,0.97366,0.47078,27.957
1548.2,0.97333,0.47113,27.957
1548.2,0.97125,0.47487,NaN
1548.4,0.97496,0.47789,27.957
1548.7,0.97606,0.49282,27.958
1548.9,0.976,0.49033,27.958
1549.1,0.97455,0.48997,27.958
1549.2,0.97633,0.4883,27.958
1549.4,0.97466,0.48562,27.959
1549.8,0.97646,0.48226,27.962
1549.9,0.97443,0.47976,27.963
1550,0.97311,0.46206,27.963
1550.2,0.97335,0.4567,27.964
1550.6,0.9722,0.44895,27.965
1550.6,0.97319,0.46152,27.965
1550.8,0.97389,0.47437,27.966
1551.1,0.97252,0.4738,27.967
1551.4,0.97272,0.48051,27.969
1551.4,0.97273,0.48264,NaN
1551.6,0.97344,0.49238,27.97
1551.8,0.97455,0.48738,27.971
1552.2,0.97502,0.47669,27.972
1552.3,0.97416,0.47742,NaN
1552.5,0.97602,0.48396,27.973
1552.8,0.97354,0.48326,27.975
1552.9,0.97408,0.48345,NaN
1553,0.97233,0.4802,27.976
1553.2,0.97592,0.47877,27.976
1553.5,0.97633,0.48749,27.977
1553.6,0.97643,0.48913,27.978
1553.8,0.97429,0.48828,27.978
1554,0.97574,0.48349,27.978
1554.3,0.97455,0.47453,27.979
1554.4,0.97456,0.47735,27.979
1554.7,0.97716,0.48005,27.979
1554.8,0.97335,0.47347,27.979
1555.3,0.97551,0.48457,27.979
1555.3,0.97712,0.48588,NaN
1555.4,0.9767,0.48903,27.98
1555.6,0.97419,0.48247,27.98
1555.9,0.97225,0.48419,27.98
1556,0.97517,0.48886,27.98
1556.2,0.97294,0.47255,27.981
1556.7,0.96946,0.44775,27.982
1556.7,0.9699,0.44959,NaN
1556.8,0.9715,0.46153,27.982
1557.1,0.97072,0.46161,27.983
1557.3,0.97273,0.46755,27.985
1557.4,0.97364,0.47094,27.988
1557.6,0.97316,0.47576,27.989
1558,0.97439,0.47621,27.991
1558,0.97307,0.476,27.992
1558.2,0.97389,0.48769,27.992
1558.4,0.9741,0.48746,27.994
1558.7,0.97288,0.48507,27.995
1558.8,0.97586,0.4909,27.996
1559.1,0.97651,0.49305,27.997
1559.2,0.97419,0.48169,27.998
1559.6,0.97501,0.48391,28
1559.6,0.97463,0.48658,NaN
1559.8,0.97714,0.49104,28.001
1560,0.97576,0.49179,28.002
1560.4,0.97473,0.48888,28.003
1560.4,0.97437,0.48816,NaN
1560.7,0.97456,0.48642,28.005
1561.1,0.97529,0.49677,28.006
1561.1,0.97513,0.49531,NaN
1561.2,0.97654,0.49538,28.007
1561.4,0.97353,0.49059,28.007
1561.8,0.97752,0.49591,28.007
1561.9,0.97702,0.49835,NaN
1562.1,0.9739,0.49306,28.007
1562.3,0.97361,0.49081,28.008
1562.6,0.97697,0.50385,28.008
1562.7,0.97831,0.50385,NaN
1562.9,0.97724,0.50328,28.008
1563,0.97933,0.50141,28.008
1563.3,0.97469,0.50046,28.009
1563.4,0.97768,0.50425,28.009
1563.6,0.97662,0.49496,28.009
1564,0.97351,0.46469,28.012
1564,0.9728,0.46645,28.013
1564.3,0.97497,0.48349,28.014
1564.4,0.97416,0.48186,28.015
1564.7,0.9736,0.48804,28.016
1564.9,0.97437,0.49078,28.017
1565,0.97372,0.49649,28.018
1565.3,0.97551,0.49522,28.019
1565.4,0.9752,0.49745,28.02
1565.6,0.97397,0.50479,28.021
1566.1,0.97588,0.49633,28.023
1566.1,0.97466,0.5004,NaN
1566.2,0.97574,0.50948,28.024
1566.5,0.97557,0.51121,28.025
1566.9,0.97494,0.48625,28.027
1566.9,0.9741,0.48748,NaN
1567,0.97501,0.49196,28.028
1567.3,0.97481,0.49565,28.029
1567.6,0.97456,0.49347,28.031
1567.6,0.97345,0.49134,NaN
1567.9,0.97466,0.49101,28.032
1568.1,0.97409,0.48874,28.032
1568.3,0.97492,0.49208,28.034
1568.4,0.97664,0.50196,28.034
1568.6,0.9742,0.50319,28.034
1569,0.97635,0.49972,28.035
1569,0.97528,0.49317,NaN
1569.3,0.97216,0.4805,28.035
1569.4,0.97558,0.48507,28.035
1569.8,0.97258,0.47717,28.035
1569.9,0.97347,0.47552,28.035
1570,0.97478,0.4833,28.035
1570.5,0.97487,0.48822,28.036
1570.5,0.97613,0.48784,NaN
1570.6,0.97421,0.48875,28.036
1570.8,0.97406,0.49499,28.036
1571.2,0.97559,0.49085,28.037
1571.3,0.97569,0.49032,NaN
1571.5,0.97552,0.48804,28.038
1571.7,0.97328,0.46526,28.038
1571.9,0.97103,0.45563,28.038
1572,0.97047,0.45607,NaN
1572.2,0.96959,0.45434,28.039
1572.7,0.9736,0.48265,28.041
1572.7,0.97188,0.48179,28.041
1572.8,0.976,0.48954,28.041
1573.1,0.97482,0.49118,28.042
1573.3,0.97527,0.4894,28.042
1573.5,0.9758,0.48469,28.043
1573.6,0.97419,0.48182,28.044
1573.8,0.97435,0.48692,28.044
1574,0.97622,0.48741,28.046
1574.4,0.97559,0.4893,28.047
1574.4,0.97414,0.49052,NaN
1574.7,0.97648,0.4888,28.05
1574.8,0.9757,0.48997,28.052
1575.2,0.97601,0.48786,28.053
1575.2,0.97412,0.48709,NaN
1575.4,0.97506,0.48757,28.055
1575.6,0.97493,0.48533,28.055
1576,0.97663,0.50676,28.056
1576.1,0.97673,0.50583,28.057
1576.2,0.9762,0.50235,28.057
1576.7,0.97376,0.47396,28.057
1576.7,0.97297,0.47586,NaN
1576.8,0.97553,0.47763,28.057
1577,0.97155,0.46319,28.057
1577.4,0.97123,0.4593,28.057
1577.5,0.97109,0.45519,NaN
1577.7,0.97162,0.45982,28.057
1577.8,0.9717,0.46852,28.058
1578.3,0.97325,0.47525,28.058
1578.3,0.97389,0.47342,NaN
1578.4,0.97172,0.4659,28.058
1578.6,0.96983,0.45594,28.058
1579,0.96955,0.44347,28.059
1579,0.97097,0.44463,NaN
1579.2,0.97062,0.45549,28.061
1579.7,0.9709,0.46465,28.065
1579.7,0.97243,0.46579,NaN
1579.9,0.97084,0.46804,28.066
1580,0.97293,0.46328,28.067
1580.3,0.97487,0.48052,28.069
1580.4,0.9763,0.48657,NaN
1580.7,0.97364,0.47831,28.071
1581,0.97494,0.48377,28.073
1581,0.97407,0.48806,NaN
1581.2,0.97512,0.49511,28.074
1581.5,0.97491,0.48286,28.075
1581.7,0.97459,0.47971,28.076
1581.8,0.97441,0.48463,28.077
1582,0.97506,0.49041,28.078
1582.4,0.9749,0.48945,28.079
1582.5,0.97364,0.48853,NaN
1582.6,0.97326,0.4875,28.08
1582.8,0.97503,0.48592,28.081
1583.1,0.97363,0.48233,28.082
1583.2,0.97316,0.49403,28.083
1583.5,0.97627,0.49403,28.083
1583.7,0.97537,0.48921,28.084
1583.9,0.97355,0.48349,28.084
1584.1,0.97448,0.49432,28.084
1584.2,0.97523,0.49034,28.085
1584.7,0.97484,0.48617,28.085
1584.7,0.97577,0.48961,NaN
1584.8,0.97318,0.49757,28.085
1585.1,0.97608,0.50111,28.085
1585.5,0.97483,0.49563,28.086
1585.5,0.97445,0.49702,NaN
1585.6,0.97492,0.50446,28.086
1585.9,0.97319,0.49488,28.087
1586.3,0.97444,0.46246,28.09
1586.4,0.97196,0.462,NaN
1586.4,0.97189,0.46987,NaN
1586.6,0.97426,0.479,28.091
1586.8,0.97496,0.48106,28.092
1587.1,0.97345,0.49013,28.094
1587.2,0.97426,0.49128,28.095
1587.4,0.97472,0.48583,28.096
1587.8,0.97703,0.50158,28.098
1587.9,0.97683,0.50287,NaN
1588.1,0.97633,0.49894,28.099
1588.3,0.97455,0.4888,28.1
1588.4,0.97495,0.49601,28.1
1588.8,0.97466,0.49911,28.101
1588.8,0.97363,0.49579,NaN
1589.1,0.97284,0.48557,28.101
1589.5,0.97448,0.49707,28.103
1589.6,0.97497,0.49632,NaN
1589.6,0.97449,0.49487,28.103
1589.8,0.97546,0.49407,28.104
1590.1,0.97509,0.48892,28.104
1590.4,0.97647,0.48415,28.105
1590.4,0.97573,0.48531,28.106
1590.6,0.97778,0.50039,28.106
1591,0.97558,0.49622,28.107
1591,0.97275,0.49531,NaN
1591.2,0.97422,0.48407,28.108
1591.7,0.97583,0.4846,28.109
1591.7,0.97411,0.48388,NaN
1591.9,0.97363,0.48522,28.11
1592.1,0.97413,0.47551,28.11
1592.4,0.97577,0.49213,28.111
1592.5,0.97401,0.49141,28.113
1592.6,0.97297,0.49016,28.114
1592.9,0.97275,0.48837,28.115
1593.2,0.97486,0.49221,28.116
1593.2,0.97526,0.49139,NaN
1593.4,0.97496,0.4856,28.117
1593.6,0.97358,0.46195,28.118
1593.9,0.9698,0.46419,28.12
1594,0.97331,0.4685,28.12
1594.2,0.97439,0.47993,28.121
1594.6,0.97363,0.48976,28.122
1594.6,0.97455,0.49067,NaN
1594.8,0.97396,0.48769,28.122
1595.2,0.97509,0.49062,28.123
1595.3,0.97385,0.49099,NaN
1595.4,0.9748,0.48659,28.124
1595.6,0.9743,0.48754,28.127
1595.9,0.97464,0.49071,28.128
1596,0.97446,0.49623,28.129
1596.2,0.97783,0.50095,28.129
1596.4,0.97556,0.49554,28.13
1596.7,0.97568,0.49152,28.132
1596.8,0.97494,0.49129,28.133
1597.1,0.97146,0.49256,28.133
1597.4,0.974,0.48855,28.135
1597.5,0.97263,0.48856,NaN
1597.6,0.97394,0.48887,28.136
1597.9,0.97486,0.48811,28.136
1598.2,0.97607,0.5114,28.137
1598.3,0.97464,0.51017,NaN
1598.5,0.97747,0.50841,28.137
1598.7,0.9769,0.50771,28.137
1599,0.97558,0.48837,28.137
1599.1,0.97436,0.48817,NaN
1599.3,0.97404,0.48523,28.137
1599.4,0.97466,0.48369,28.137
1599.8,0.97183,0.46649,28.137
1599.9,0.97361,0.46476,NaN
1600.1,0.97284,0.46812,28.137
1600.2,0.97137,0.47245,28.137
1600.5,0.97416,0.47678,28.138
1600.6,0.97536,0.47346,NaN
1600.9,0.97346,0.47759,28.138
1601,0.97456,0.47417,28.138
1601.4,0.97284,0.46609,28.139
1601.4,0.97217,0.46073,28.139
1601.6,0.97088,0.43612,28.139
1601.8,0.96708,0.42849,28.14
1602.1,0.96993,0.44556,28.141
1602.2,0.96973,0.44639,28.141
1602.4,0.97166,0.45719,28.142
1602.8,0.97194,0.46833,28.143
1602.9,0.97244,0.46805,NaN
1603,0.97181,0.46446,28.144
1603.2,0.97386,0.47305,28.145
1603.5,0.9751,0.49054,28.145
1603.7,0.97478,0.48912,28.146
1603.8,0.97384,0.483,28.147
1604.2,0.97526,0.48846,28.149
1604.2,0.97661,0.48885,28.153
1604.5,0.97586,0.4913,28.154
1604.8,0.97407,0.48766,28.156
1604.8,0.97478,0.48572,NaN
1605,0.97269,0.48369,28.157
1605.2,0.97329,0.48221,28.158
1605.6,0.97483,0.49525,28.16
1605.6,0.97629,0.49549,NaN
1605.9,0.97508,0.49213,28.161
1606,0.97226,0.48209,28.161
1606.4,0.97544,0.48867,28.162
1606.5,0.97302,0.48551,28.162
1606.6,0.97409,0.48158,28.162
1607,0.97277,0.4854,28.162
1607.1,0.97571,0.48693,NaN
1607.2,0.9738,0.48822,28.162
1607.4,0.97381,0.48613,28.162
1607.8,0.97457,0.4908,28.163
1607.9,0.97484,0.49288,NaN
1608,0.97292,0.48618,28.163
1608.2,0.97332,0.47447,28.163
1608.7,0.97248,0.46805,28.165
1608.8,0.97226,0.4695,28.165
1608.8,0.97092,0.46967,NaN
1609.1,0.9743,0.47089,28.166
1609.2,0.97253,0.47184,28.166
1609.6,0.97158,0.47356,28.168
1609.6,0.97396,0.47298,NaN
1609.9,0.97268,0.47431,28.168
1610,0.97464,0.48567,28.169
1610.4,0.97185,0.48495,28.17
1610.5,0.97393,0.48101,28.171
1610.7,0.97513,0.49129,28.172
1611,0.9762,0.50104,28.174
1611.1,0.9747,0.49871,NaN
1611.2,0.97581,0.49494,28.177
1611.5,0.97665,0.49868,28.18
1611.7,0.97735,0.5044,28.181
1611.8,0.97683,0.50397,28.183
1612,0.97535,0.50124,28.184
1612.3,0.97648,0.49578,28.186
1612.5,0.97601,0.49489,28.187
1612.6,0.97343,0.49155,28.187
1613,0.97783,0.51062,28.188
1613.1,0.97716,0.51199,NaN
1613.2,0.97656,0.50796,28.188
1613.4,0.97531,0.49963,28.188
1613.8,0.97538,0.49788,28.189
1613.9,0.97547,0.49884,NaN
1614,0.97548,0.49291,28.189
1614.2,0.97471,0.48591,28.189
1614.6,0.9764,0.49853,28.189
1614.7,0.97558,0.49851,NaN
1614.8,0.97453,0.49913,28.19
1615,0.97675,0.49845,28.19
1615.4,0.97535,0.50718,28.191
1615.4,0.97617,0.50382,NaN
1615.6,0.97284,0.48216,28.191
1615.8,0.96982,0.45781,28.192
1616.1,0.97305,0.48734,28.192
1616.2,0.97481,0.4962,28.193
1616.4,0.97775,0.49932,28.193
1616.8,0.97564,0.50292,28.194
1616.8,0.97637,0.50261,NaN
1617,0.97503,0.49392,28.195
1617.3,0.97471,0.49563,28.196
1617.6,0.97624,0.50731,28.198
1617.7,0.97814,0.50778,NaN
1617.8,0.97629,0.49895,28.199
1618.3,0.97651,0.51101,28.205
1618.3,0.97564,0.51135,NaN
1618.4,0.97735,0.50856,28.206
1618.6,0.97676,0.50337,28.207
1618.9,0.97528,0.5054,28.209
1619,0.9771,0.50779,28.21
1619.2,0.97697,0.51009,28.211
1619.7,0.97682,0.50323,28.213
1619.7,0.97824,0.5032,NaN
1619.8,0.97533,0.5033,28.214
1620.1,0.97578,0.50244,28.214
1620.4,0.97884,0.53092,28.215
1620.4,0.97892,0.53006,NaN
1620.6,0.97729,0.52805,28.216
1621.1,0.97698,0.51443,28.216
1621.1,0.97662,0.51255,NaN
1621.2,0.97445,0.50139,28.216
1621.5,0.97528,0.48346,28.216
1621.8,0.97452,0.47518,28.217
1621.9,0.97237,0.47344,NaN
1622,0.97602,0.47573,28.217
1622.2,0.97399,0.48245,28.217
1622.5,0.97347,0.48332,28.217
1622.6,0.97591,0.49471,28.217
1622.9,0.97471,0.49607,28.217
1623.2,0.97479,0.49593,28.218
1623.2,0.97486,0.49188,NaN
1623.5,0.97552,0.49445,28.218
1623.7,0.97526,0.49136,28.219
1624,0.97446,0.47236,28.219
1624,0.97157,0.46424,NaN
1624.2,0.97373,0.46682,28.22
1624.4,0.97259,0.45212,28.221
1624.7,0.97349,0.47245,28.221
1624.8,0.97477,0.47901,28.222
1625.1,0.97212,0.47971,28.222
1625.4,0.97599,0.48505,28.224
1625.4,0.97471,0.48167,NaN
1625.7,0.97422,0.48804,28.225
1625.8,0.97392,0.48912,28.227
1626.1,0.97403,0.491,28.23
1626.2,0.97571,0.48763,28.231
1626.5,0.97689,0.48918,28.231
1626.8,0.97474,0.49218,28.232
1626.8,0.97468,0.49164,NaN
1627.1,0.97333,0.48858,28.233
1627.2,0.97522,0.48733,28.233
1627.5,0.97365,0.48451,28.234
1627.6,0.97598,0.49934,28.234
1627.9,0.97516,0.49678,28.235
1628.2,0.97554,0.496,28.235
1628.2,0.97464,0.49494,NaN
1628.4,0.97462,0.4907,28.236
1628.6,0.97501,0.48597,28.236
1628.9,0.97461,0.47975,28.236
1629,0.97155,0.47821,28.237
1629.2,0.97219,0.47436,28.237
1629.6,0.97305,0.46837,28.238
1629.6,0.97324,0.46995,NaN
1629.9,0.97211,0.46431,28.238
1630,0.97362,0.46468,28.239
1630.5,0.97356,0.46206,28.24
1630.6,0.97151,0.46184,NaN
1630.6,0.97117,0.46769,28.24
1630.9,0.97361,0.4745,28.24
1631.3,0.97216,0.47423,28.24
1631.3,0.97409,0.47461,NaN
1631.4,0.97322,0.47183,28.241
1631.6,0.97244,0.46912,28.241
1632,0.9714,0.46824,28.241
1632.1,0.97178,0.46733,NaN
1632.2,0.96675,0.43196,28.241
1632.7,0.96506,0.41015,28.242
1632.7,0.96827,0.41875,NaN
1632.9,0.97102,0.44911,28.243
1633,0.9724,0.47107,28.243
1633.4,0.97597,0.47744,28.245
1633.5,0.97524,0.47975,NaN
1633.6,0.97323,0.48285,28.245
1633.8,0.97393,0.47037,28.246
1634.1,0.97224,0.46745,28.247
1634.2,0.97318,0.47149,28.248
1634.5,0.97391,0.48294,28.248
1634.7,0.97238,0.47706,28.25
1634.9,0.97347,0.47808,28.254
1635,0.97465,0.48466,28.256
1635.2,0.97511,0.49027,28.258
1635.6,0.97448,0.48083,28.259
1635.7,0.97382,0.48048,NaN
1635.8,0.97554,0.48813,28.26
1636.1,0.97508,0.49023,28.26
1636.3,0.97372,0.49541,28.261
1636.5,0.9758,0.49574,28.262
1636.6,0.97501,0.4944,28.262
1636.8,0.97442,0.49245,28.263
1637.4,0.97447,0.48489,28.267
1637.4,0.97526,0.4867,28.267
1637.4,0.97413,0.48626,NaN
1637.6,0.9736,0.48189,28.267
1638.1,0.97336,0.48251,28.269
1638.1,0.97252,0.48151,NaN
1638.2,0.97427,0.48302,NaN
1638.4,0.97489,0.48502,28.269
1638.7,0.97464,0.48925,28.27
1639,0.97509,0.48483,28.27
1639,0.97363,0.48368,28.27
1639.2,0.97872,0.4872,28.27
1639.4,0.97473,0.49054,28.27
1639.8,0.97488,0.48799,28.27
1639.8,0.97366,0.48838,28.27
1640,0.97441,0.4911,28.27
1640.5,0.97398,0.50367,28.271
1640.5,0.97609,0.50363,NaN
1640.7,0.97603,0.49653,28.271
1640.8,0.9769,0.49859,28.271
1641.2,0.97445,0.48585,28.272
1641.2,0.97503,0.48397,28.272
1641.4,0.97431,0.47319,28.272
1641.9,0.97341,0.45099,28.273
1641.9,0.97109,0.44908,28.273
1642,0.97109,0.44785,28.273
1642.2,0.96924,0.43828,28.273
1642.6,0.97173,0.45815,28.274
1642.7,0.97227,0.45836,NaN
1642.9,0.97163,0.46881,28.276
1643,0.97198,0.47622,28.278
1643.2,0.9746,0.4906,28.28
1643.5,0.974,0.48534,28.282
1643.6,0.9737,0.47819,28.283
1643.8,0.97556,0.48726,28.284
1644.2,0.9712,0.47251,28.286
1644.2,0.9726,0.47099,NaN
1644.4,0.97247,0.46153,28.287
1644.7,0.97299,0.46985,28.288
1645,0.9711,0.47303,28.289
1645,0.97194,0.47311,NaN
1645.2,0.97036,0.47029,28.29
1645.4,0.97253,0.47155,28.29
1645.8,0.97488,0.47812,28.291
1645.8,0.97435,0.47792,28.291
1646,0.97298,0.47751,28.291
1646.3,0.97119,0.47692,28.292
1646.5,0.97173,0.47455,28.292
1646.6,0.97438,0.47519,28.293
1646.9,0.97188,0.47452,28.293
1647.3,0.97312,0.47289,28.294
1647.4,0.97242,0.47172,NaN
1647.4,0.97317,0.47255,NaN
1647.7,0.97247,0.47095,28.295
1647.8,0.9735,0.46965,28.295
1648.1,0.97438,0.47229,28.296
1648.2,0.97315,0.47944,28.296
1648.5,0.97448,0.47876,28.296
1648.9,0.97231,0.48332,28.297
1649,0.97381,0.48348,NaN
1649,0.97429,0.48477,NaN
1649.3,0.97351,0.47953,28.297
1649.6,0.97276,0.47444,28.297
1649.7,0.97357,0.47426,NaN
1649.8,0.97333,0.46667,28.297
1650,0.97252,0.46041,28.297
1650.3,0.97073,0.4501,28.297
1650.5,0.96982,0.44913,28.297
1650.7,0.96962,0.45604,28.297
1651,0.97104,0.45844,28.297
1651,0.97098,0.45704,NaN
1651.2,0.97295,0.46984,28.297
1651.4,0.97282,0.45963,28.298
1651.8,0.9714,0.45363,28.298
1651.8,0.97052,0.45353,NaN
1652.1,0.97112,0.44843,28.299
1652.3,0.97,0.44654,28.299
1652.6,0.96803,0.44492,28.3
1652.6,0.97025,0.44616,NaN
1652.8,0.97083,0.44479,28.302
1653,0.9672,0.44489,28.304
1653.3,0.96944,0.44489,28.305
1653.4,0.97143,0.44452,28.306
1653.6,0.97089,0.44599,28.307
1653.8,0.97052,0.45085,28.307
1654.3,0.97011,0.45051,28.308
1654.3,0.9719,0.45149,NaN
1654.4,0.97127,0.4614,28.308
1654.6,0.97423,0.46983,28.309
1655,0.97435,0.48213,28.309
1655.1,0.97353,0.48272,NaN
1655.2,0.97349,0.47623,28.309
1655.4,0.97229,0.45891,28.31
1655.8,0.9691,0.44187,28.31
1655.8,0.96922,0.43643,28.311
1656,0.96979,0.42911,28.311
1656.4,0.96717,0.4209,28.312
1656.5,0.96805,0.41948,NaN
1656.7,0.96729,0.41533,28.312
1656.9,0.96712,0.4267,28.313
1657.2,0.96839,0.44762,28.315
1657.3,0.97219,0.44805,28.318
1657.4,0.97089,0.44722,28.319
1657.9,0.96946,0.44662,28.322
1658,0.96853,0.44633,NaN
1658,0.96944,0.4466,NaN
1658.2,0.96991,0.45339,28.323
1658.6,0.96919,0.44946,28.325
1658.7,0.96954,0.44794,NaN
1658.8,0.96926,0.44295,28.325
1659,0.97052,0.44415,28.326
1659.5,0.97043,0.45309,28.326
1659.5,0.96963,0.45558,NaN
1659.6,0.9688,0.45318,28.326
1659.9,0.97102,0.45309,28.326
1660.3,0.97196,0.4578,28.326
1660.3,0.96959,0.45658,NaN
1660.4,0.97117,0.45248,28.326
1660.6,0.97105,0.45106,28.327
1661.1,0.9711,0.43281,28.33
1661.1,0.96913,0.42873,NaN
1661.3,0.96843,0.41739,NaN
1661.4,0.96797,0.42247,28.331
1661.9,0.96864,0.4363,28.333
1661.9,0.96986,0.4393,28.334
1662,0.96933,0.44531,28.334
1662.2,0.97097,0.45266,28.335
1662.6,0.96993,0.45055,28.337
1662.6,0.9719,0.45362,NaN
1662.8,0.97106,0.46701,28.338
1663.1,0.97268,0.47261,28.339
1663.4,0.97226,0.46148,28.341
1663.5,0.97195,0.46668,NaN
1663.6,0.97241,0.47236,28.343
1664.2,0.97214,0.46167,28.345
1664.2,0.97354,0.46096,NaN
1664.2,0.97176,0.46519,NaN
1664.5,0.97373,0.47431,28.346
1664.7,0.97338,0.47871,28.348
1664.9,0.97368,0.47798,28.349
1665,0.97285,0.47662,28.35
1665.2,0.97301,0.47616,28.35
1665.4,0.97153,0.47209,28.351
1665.8,0.97388,0.48216,28.352
1665.8,0.97239,0.48205,NaN
1666.1,0.9735,0.47942,28.352
1666.6,0.97179,0.47912,28.353
1666.6,0.97366,0.47867,NaN
1666.7,0.97256,0.47539,NaN
1666.8,0.97229,0.47212,28.353
1667.3,0.97387,0.47917,28.353
1667.3,0.97382,0.48303,NaN
1667.5,0.97491,0.49085,28.354
1667.6,0.9743,0.48641,28.354
1668,0.97102,0.48129,28.354
1668,0.97375,0.4814,28.354
1668.3,0.9742,0.48232,28.355
1668.4,0.97111,0.47474,28.355
1668.7,0.97058,0.44216,28.355
1668.9,0.97004,0.44762,28.356
1669.1,0.9687,0.43808,28.356
1669.4,0.9737,0.45895,28.357
1669.5,0.97297,0.46196,28.358
1669.6,0.97227,0.46543,28.358
1669.8,0.97215,0.4645,28.359
1670.2,0.9716,0.46024,28.36
1670.2,0.97024,0.46636,NaN
1670.4,0.97231,0.46956,28.361
1670.9,0.97159,0.47032,28.363
1670.9,0.97182,0.46616,NaN
1671,0.97386,0.46356,28.365
1671.3,0.97327,0.4742,28.367
1671.7,0.97373,0.47363,28.371
1671.7,0.97171,0.4755,NaN
1671.8,0.97356,0.47665,28.372
1672,0.97242,0.47714,28.372
1672.4,0.97185,0.47375,28.374
1672.4,0.97193,0.47464,NaN
1672.7,0.97112,0.47334,28.375
1672.9,0.97147,0.47346,28.376
1673.1,0.97327,0.4891,28.377
1673.2,0.97489,0.48983,NaN
1673.4,0.97484,0.48958,28.377
1673.8,0.97229,0.48707,28.377
1673.9,0.97197,0.48524,NaN
1674,0.9718,0.47381,28.377
1674.3,0.9715,0.46452,28.378
1674.5,0.97207,0.46218,28.378
1674.7,0.9699,0.45598,28.378
1674.8,0.97088,0.45222,28.378
1675.3,0.97167,0.4616,28.378
1675.3,0.97227,0.46084,NaN
1675.5,0.97323,0.46602,28.378
1675.6,0.97139,0.47013,28.378
1676,0.97299,0.46244,28.378
1676.1,0.97404,0.46429,28.379
1676.2,0.97172,0.46622,28.379
1676.4,0.97362,0.46756,28.379
1676.8,0.97294,0.46565,28.38
1676.8,0.97346,0.46311,28.38
1677,0.972,0.46166,28.38
1677.2,0.9696,0.45987,28.381
1677.6,0.97119,0.45525,28.382
1677.7,0.9704,0.45692,NaN
1677.8,0.97218,0.45804,28.382
1678,0.97096,0.46141,28.383
1678.3,0.96975,0.43952,28.383
1678.6,0.97076,0.43938,28.384
1678.6,0.97021,0.4426,NaN
1678.8,0.96973,0.44697,28.384
1679,0.97113,0.45488,28.384
1679.3,0.97124,0.46441,28.385
1679.4,0.96939,0.46477,28.386
1679.6,0.97008,0.45429,28.386
1680,0.96859,0.43194,28.387
1680,0.96862,0.42339,28.387
1680.2,0.96912,0.42607,28.388
1680.4,0.97026,0.44529,28.388
1680.8,0.97152,0.46232,28.39
1680.8,0.97181,0.46043,NaN
1681,0.97099,0.45566,28.394
1681.2,0.97136,0.4584,28.395
1681.6,0.972,0.46874,28.398
1681.7,0.97156,0.46849,NaN
1681.8,0.97055,0.46753,28.399
1682,0.97137,0.4653,28.4
1682.4,0.9725,0.45962,28.402
1682.4,0.97035,0.45913,NaN
1682.6,0.97471,0.47886,28.403
1682.9,0.97283,0.47909,28.404
1683.1,0.97261,0.46613,28.404
1683.2,0.97145,0.46006,28.405
1683.4,0.97397,0.46801,28.405
1683.9,0.97151,0.45894,28.405
1684,0.96918,0.45367,NaN
1684,0.97091,0.45196,NaN
1684.3,0.9727,0.4709,28.406
1684.7,0.9726,0.47406,28.406
1684.8,0.97187,0.4737,28.406
1684.8,0.9719,0.46949,NaN
1685,0.97351,0.47564,28.406
1685.4,0.9697,0.45548,28.407
1685.5,0.97153,0.45302,NaN
1685.7,0.96737,0.4321,28.407
1685.9,0.96967,0.43645,28.408
1686.1,0.96876,0.45519,28.409
1686.2,0.97135,0.45448,28.409
1686.4,0.9695,0.45023,28.41
1686.6,0.97119,0.45023,28.41
1687,0.96832,0.45117,28.412
1687,0.96828,0.45143,NaN
1687.2,0.96743,0.45075,28.413
1687.4,0.97109,0.45323,28.413
1687.8,0.97113,0.45692,28.415
1687.8,0.96896,0.45758,NaN
1688.1,0.96847,0.45686,28.418
1688.2,0.97137,0.45921,28.419
1688.5,0.97218,0.47062,28.42
1688.6,0.97194,0.47319,28.421
1688.9,0.97131,0.47417,28.421
1689.3,0.97275,0.4797,28.422
1689.3,0.97462,0.4817,NaN
1689.4,0.9751,0.48655,28.422
1689.7,0.97357,0.48093,28.422
1690,0.97216,0.46838,28.423
1690.1,0.97206,0.4633,28.423
1690.2,0.9706,0.45754,28.424
1690.5,0.97134,0.44183,28.424
1690.7,0.97032,0.44058,28.424
1690.8,0.97139,0.44414,28.425
1691,0.97022,0.45009,28.425
1691.5,0.96933,0.44965,28.426
1691.5,0.97116,0.44869,NaN
1691.6,0.97126,0.44602,28.428
1691.8,0.97056,0.44585,28.428
1692.2,0.97291,0.45837,28.433
1692.2,0.97224,0.45957,NaN
1692.4,0.97249,0.45793,28.433
1692.6,0.97087,0.45455,28.434
1693,0.96954,0.43962,28.435
1693,0.9691,0.442,NaN
1693.3,0.97131,0.45046,28.435
1693.7,0.97173,0.45094,28.436
1693.7,0.96991,0.45615,NaN
1693.9,0.97202,0.46496,28.436
1694,0.97043,0.46586,28.436
1694.4,0.97046,0.4634,28.436
1694.5,0.96996,0.46489,NaN
1694.7,0.97076,0.46726,28.436
1694.9,0.97232,0.4683,28.437
1695.2,0.97204,0.46557,28.438
1695.2,0.97151,0.46391,NaN
1695.4,0.97115,0.45151,28.438
1695.6,0.9697,0.44776,28.439
1696,0.9705,0.45179,28.439
1696,0.97135,0.45747,NaN
1696.3,0.97155,0.4652,28.441
1696.5,0.97089,0.47114,28.444
1696.9,0.97095,0.46988,28.447
1697,0.97183,0.46773,NaN
1697,0.97317,0.46827,28.447
1697.2,0.97021,0.47075,28.448
1697.7,0.97193,0.47277,28.45
1697.7,0.97287,0.47236,NaN
1697.8,0.97151,0.47512,28.451
1698,0.97506,0.47351,28.451
1698.3,0.97348,0.47446,28.453
1698.6,0.97206,0.47921,28.453
1698.6,0.97205,0.47848,NaN
1698.9,0.97212,0.47961,28.454
1699,0.97236,0.47939,28.455
1699.3,0.97339,0.47771,28.456
1699.4,0.97327,0.48065,28.456
1699.6,0.97317,0.49888,28.457
1700,0.97491,0.49798,28.457
1700.1,0.97524,0.49885,NaN
1700.3,0.97331,0.48947,28.457
1700.4,0.97122,0.46978,28.457
1700.8,0.97273,0.45857,28.457
1700.8,0.97131,0.45501,NaN
1701,0.97,0.44263,28.457
1701.5,0.96955,0.45979,28.458
1701.6,0.97046,0.46035,NaN
1701.6,0.97177,0.46166,NaN
1701.9,0.97263,0.46717,28.458
1702,0.97232,0.46602,28.458
1702.4,0.97387,0.47344,28.459
1702.5,0.97311,0.47038,NaN
1702.6,0.97127,0.45432,28.459
1702.9,0.97097,0.4626,28.459
1703,0.97245,0.45074,28.46
1703.4,0.9722,0.47472,28.461
1703.4,0.9738,0.47505,NaN
1703.6,0.97056,0.46786,28.462
1704.1,0.97193,0.46915,28.463
1704.1,0.97116,0.46938,NaN
1704.2,0.97174,0.47315,28.464
1704.4,0.97205,0.46403,28.465
1704.9,0.97313,0.47278,28.469
1704.9,0.97268,0.47623,NaN
1705.1,0.97265,0.47738,28.472
1705.2,0.97118,0.47059,28.473
1705.7,0.97314,0.48372,28.476
1705.7,0.97208,0.48312,NaN
1705.8,0.97328,0.4843,28.478
1706,0.97259,0.48078,28.478
1706.4,0.97415,0.4749,28.48
1706.5,0.97128,0.47304,28.481
1706.7,0.97158,0.47083,28.481
1706.8,0.97025,0.46687,28.482
1707.2,0.97241,0.45828,28.483
1707.3,0.97085,0.45585,NaN
1707.4,0.97221,0.45591,28.484
1707.6,0.97286,0.4546,28.484
1708.1,0.97017,0.45826,28.485
1708.1,0.97056,0.45745,28.485
1708.2,0.97253,0.45914,28.485
1708.4,0.9701,0.45722,28.485
1708.7,0.9722,0.45557,28.485
1709,0.97018,0.45677,28.485
1709.1,0.97234,0.47233,28.485
1709.3,0.97247,0.47391,28.485
1709.4,0.97194,0.47161,28.485
1709.8,0.97261,0.4674,28.486
1709.9,0.97196,0.46402,NaN
1710,0.97209,0.46276,28.486
1710.2,0.97237,0.46875,28.486
1710.7,0.97311,0.4677,28.486
1710.8,0.97128,0.47119,28.486
1710.8,0.97347,0.47139,NaN
1711.1,0.97295,0.47391,28.487
1711.2,0.97264,0.47416,28.487
1711.5,0.9703,0.45377,28.487
1711.6,0.96852,0.44146,28.488
1711.9,0.96803,0.43684,28.488
1712.3,0.96435,0.41795,28.489
1712.3,0.96604,0.41622,NaN
1712.4,0.96738,0.4253,28.49
1712.6,0.96887,0.44151,28.49
1713,0.97141,0.46932,28.495
1713.1,0.97222,0.46998,NaN
1713.3,0.97051,0.45949,28.497
1713.4,0.97204,0.45925,28.498
1713.8,0.97168,0.4656,28.5
1713.8,0.97203,0.45926,28.501
1714.1,0.96806,0.4478,28.501
1714.5,0.9714,0.46762,28.503
1714.5,0.97145,0.46923,NaN
1714.6,0.97066,0.46716,28.503
1714.8,0.97219,0.46049,28.504
1715.2,0.96966,0.46957,28.507
1715.2,0.97259,0.47254,NaN
1715.5,0.97459,0.47508,28.508
1715.6,0.97254,0.47626,28.509
1716,0.97148,0.47478,28.51
1716,0.97186,0.47357,NaN
1716.2,0.97247,0.47287,28.512
1716.7,0.97442,0.48755,28.513
1716.7,0.97393,0.48508,NaN
1716.8,0.974,0.4841,NaN
1717.1,0.97453,0.48154,28.514
1717.2,0.9737,0.47065,28.514
1717.6,0.9733,0.4736,28.515
1717.6,0.97212,0.46999,NaN
1717.9,0.97186,0.46272,28.515
1718.1,0.97221,0.46314,28.515
1718.5,0.9723,0.47902,28.515
1718.5,0.97023,0.47755,NaN
1718.6,0.9738,0.47327,28.515
1718.8,0.97442,0.47706,28.515
1719.4,0.9726,0.46917,28.517
1719.4,0.97126,0.46944,NaN
1719.4,0.9722,0.46322,NaN
1719.6,0.97002,0.44404,28.52
1720,0.96996,0.43826,28.522
1720.1,0.96815,0.43521,NaN
1720.2,0.97121,0.45037,28.522
1720.4,0.97343,0.47186,28.523
1720.7,0.97226,0.48056,28.525
1720.9,0.97367,0.47977,28.526
1721,0.97359,0.48252,28.526
1721.6,0.97127,0.48259,28.528
1721.6,0.97414,0.48198,NaN
1721.6,0.97195,0.48299,NaN
1721.9,0.97394,0.48522,28.529
1722,0.97449,0.48377,28.53
1722.6,0.97323,0.48671,28.532
1722.6,0.97518,0.48619,NaN
1722.6,0.97226,0.48671,28.533
1722.8,0.97425,0.48741,28.533
1723,0.97248,0.48468,28.534
1723.4,0.97357,0.48596,28.535
1723.5,0.97395,0.48498,NaN
1723.6,0.97349,0.48602,28.536
1723.8,0.97542,0.50116,28.536
1724.2,0.97577,0.50829,28.537
1724.2,0.97597,0.50736,NaN
1724.4,0.97583,0.50677,28.537
1724.7,0.97541,0.50102,28.537
1725,0.97186,0.47474,28.537
1725,0.97291,0.47311,NaN
1725.3,0.97103,0.46802,28.537
1725.4,0.97294,0.45762,28.537
1725.9,0.97314,0.46985,28.537
1725.9,0.97095,0.46727,28.537
1726,0.9717,0.47149,28.538
1726.2,0.97331,0.47681,28.538
1726.6,0.9716,0.47318,28.538
1726.7,0.97067,0.47009,NaN
1726.8,0.9704,0.46614,28.538
1727,0.9702,0.43688,28.539
1727.3,0.96691,0.43241,28.539
1727.5,0.96693,0.41989,28.54
1727.6,0.96821,0.44394,28.54
1728.1,0.9713,0.47345,28.543
1728.1,0.97146,0.47184,NaN
1728.2,0.97082,0.46697,28.546
1728.5,0.97326,0.47327,28.547
1728.8,0.97039,0.45811,28.549
1728.9,0.97361,0.45737,NaN
1729,0.97108,0.45995,28.551
1729.3,0.97061,0.47398,28.552
1729.6,0.97092,0.4651,28.554
1729.7,0.96981,0.46471,NaN
1729.8,0.9708,0.46763,28.555
1730,0.97253,0.47845,28.556
1730.4,0.97402,0.48141,28.558
1730.5,0.97315,0.48022,NaN
1730.6,0.97329,0.47962,28.559
1730.9,0.97157,0.4768,28.56
1731.2,0.97176,0.47791,28.561
1731.2,0.97517,0.48881,NaN
1731.5,0.97533,0.49118,28.562
1731.9,0.97352,0.4827,28.563
1731.9,0.97285,0.4803,NaN
1732,0.97242,0.47445,28.564
1732.3,0.97242,0.48301,28.564
1732.4,0.97148,0.47336,28.564
1732.7,0.97341,0.46282,28.564
1732.8,0.97374,0.47744,28.564
1733.1,0.97404,0.48747,28.564
1733.2,0.97201,0.47871,28.564
1733.6,0.97237,0.47669,28.564
1733.6,0.96879,0.47659,NaN
1733.9,0.97246,0.47545,28.565
1734,0.97364,0.46872,28.565
1734.4,0.97015,0.44794,28.566
1734.5,0.96828,0.44712,NaN
1734.6,0.96811,0.44445,28.567
1734.9,0.97079,0.44973,28.568
1735.2,0.97226,0.47489,28.572
1735.3,0.97148,0.47542,NaN
1735.4,0.97236,0.47341,28.574
1735.6,0.97045,0.46295,28.574
1736,0.97204,0.46423,28.575
1736,0.97038,0.46076,NaN
1736.3,0.9684,0.45005,28.576
1736.4,0.97091,0.45248,28.577
1736.9,0.97336,0.46067,28.578
1736.9,0.97076,0.46083,NaN
1737,0.96998,0.45587,28.578
1737.2,0.97303,0.45859,28.579
1737.7,0.97395,0.47467,28.583
1737.7,0.97219,0.4736,NaN
1737.8,0.97128,0.47209,28.586
1738.1,0.97302,0.47224,28.586
1738.6,0.97157,0.4638,28.588
1738.6,0.97082,0.46741,NaN
1738.6,0.97404,0.4828,NaN
1738.8,0.97182,0.48584,28.59
1739,0.97386,0.48618,28.59
1739.4,0.97228,0.47208,28.591
1739.4,0.97159,0.47336,NaN
1739.6,0.97278,0.47764,28.592
1739.8,0.97181,0.48106,28.592
1740.1,0.96805,0.45555,28.592
1740.2,0.9705,0.46288,28.592
1740.4,0.9736,0.48582,28.592
1740.8,0.97111,0.47285,28.592
1740.8,0.97308,0.47172,NaN
1741.1,0.97352,0.47794,28.593
1741.2,0.97173,0.47146,28.594
1741.5,0.97181,0.46229,28.596
1741.6,0.96942,0.44849,28.597
1741.9,0.96841,0.44626,28.598
1742.3,0.9696,0.45482,28.599
1742.3,0.96952,0.45398,NaN
1742.5,0.9716,0.4666,28.6
1742.6,0.97443,0.48192,28.602
1743.1,0.9726,0.47914,28.604
1743.1,0.97297,0.47761,NaN
1743.2,0.97207,0.48979,28.605
1743.4,0.9717,0.48598,28.605
1743.9,0.97203,0.47934,28.608
1743.9,0.97269,0.48108,NaN
1744.1,0.97239,0.48891,28.609
1744.2,0.97498,0.49083,28.609
1744.4,0.97189,0.48945,28.61
1744.7,0.97317,0.48255,28.611
1744.8,0.97524,0.48684,28.612
1745,0.9736,0.4916,28.613
1745.4,0.97409,0.48998,28.614
1745.4,0.97357,0.49038,NaN
1745.6,0.97389,0.48897,28.615
1745.8,0.97398,0.48909,28.616
1746.2,0.97511,0.50802,28.616
1746.2,0.97813,0.50796,28.617
1746.5,0.97452,0.50998,28.617
1746.7,0.97584,0.50659,28.617
1746.9,0.97482,0.50235,28.617
1747,0.97477,0.49464,28.618
1747.3,0.97365,0.48848,28.618
1747.4,0.97209,0.48485,28.618
1747.8,0.97102,0.46312,28.618
1747.8,0.97276,0.46677,NaN
1748,0.97209,0.47292,28.618
1748.2,0.97186,0.47423,28.618
1748.5,0.9743,0.48595,28.618
1748.8,0.97307,0.48538,28.618
1748.8,0.97519,0.49012,28.619
1749,0.97481,0.49116,28.62
1749.5,0.97112,0.47246,28.622
1749.5,0.97383,0.47001,NaN
1749.6,0.96997,0.46774,28.623
1749.8,0.96774,0.43906,28.623
1750,0.96824,0.43542,28.624
1750.4,0.96878,0.44369,28.625
1750.5,0.96931,0.44869,28.625
1750.6,0.96996,0.44297,28.626
1751.2,0.96814,0.42995,28.628
1751.2,0.96721,0.43075,NaN
1751.2,0.9685,0.42995,NaN
1751.5,0.96851,0.44193,28.63
1751.6,0.97089,0.44017,28.631
1751.9,0.96856,0.43475,28.632
1752,0.96803,0.43061,28.633
1752.2,0.96921,0.44102,28.633
1752.5,0.96978,0.44565,28.634
1752.7,0.96916,0.44679,28.636
1752.9,0.9674,0.44898,28.636
1753,0.97063,0.45189,28.637
1753.5,0.96906,0.44675,28.638
1753.5,0.96807,0.44821,NaN
1753.6,0.9695,0.44629,28.639
1753.8,0.96929,0.45682,28.64
1754.3,0.97057,0.45455,28.64
1754.3,0.96989,0.45447,NaN
1754.4,0.97243,0.45243,28.64
1754.6,0.97136,0.44814,28.64
1754.9,0.97074,0.44452,28.641
1755.2,0.96931,0.44088,28.641
1755.3,0.96792,0.44105,NaN
1755.5,0.96994,0.44284,28.641
1755.7,0.96959,0.44497,28.641
1756,0.96889,0.44517,28.641
1756,0.96999,0.44843,NaN
1756.3,0.96973,0.45013,28.641
1756.5,0.9703,0.44745,28.641
1756.8,0.96949,0.45804,28.641
1756.9,0.97037,0.46227,NaN
1757,0.97044,0.46152,28.641
1757.2,0.97063,0.45443,28.641
1757.8,0.96948,0.44569,28.642
1757.8,0.97099,0.44407,NaN
1757.9,0.96798,0.44041,28.642
1758.1,0.96524,0.42043,28.642
1758.2,0.96477,0.40752,28.643
1758.6,0.96411,0.3961,28.647
1758.7,0.9635,0.40534,NaN
1758.8,0.96696,0.42624,28.649
1759,0.96755,0.42571,28.649
1759.4,0.96965,0.43666,28.651
1759.5,0.97168,0.43641,NaN
1759.6,0.96914,0.43731,28.653
1759.9,0.96867,0.42011,28.654
1760.3,0.96998,0.44047,28.656
1760.4,0.96909,0.43911,NaN
1760.5,0.96957,0.43237,28.657
1760.7,0.96564,0.41453,28.658
1760.8,0.96877,0.42097,28.659
1761.3,0.9672,0.42378,28.661
1761.3,0.9662,0.42305,NaN
1761.5,0.96732,0.41592,28.662
1761.6,0.9667,0.41479,28.663
1762,0.96626,0.43193,28.665
1762,0.97028,0.43308,NaN
1762.2,0.96727,0.43311,28.665
1762.4,0.96862,0.43386,28.666
1762.6,0.96588,0.43093,28.666
1763,0.96653,0.42494,28.667
1763,0.9672,0.44058,NaN
1763.2,0.96789,0.4415,28.668
1763.7,0.96967,0.42843,28.668
1763.7,0.96761,0.4249,NaN
1763.8,0.96672,0.42815,28.669
1764.1,0.96781,0.43587,28.67
1764.4,0.96764,0.43441,28.671
1764.5,0.96974,0.432,NaN
1764.7,0.96785,0.42758,28.671
1764.8,0.9702,0.4396,28.672
1765.2,0.96609,0.42842,28.672
1765.2,0.96718,0.42444,NaN
1765.5,0.96834,0.42481,28.672
1765.6,0.96701,0.42604,28.673
1766,0.96496,0.3878,28.674
1766.1,0.96356,0.38474,NaN
1766.3,0.96261,0.39793,28.674
1766.4,0.96425,0.39394,28.674
1766.9,0.96689,0.42099,28.675
1766.9,0.96623,0.42574,NaN
1767,0.96763,0.43284,28.676
1767.2,0.96648,0.43206,28.677
1767.5,0.96802,0.43305,28.678
1767.6,0.96872,0.44586,28.678
1767.8,0.97089,0.44599,28.679
1768,0.96943,0.44241,28.68
1768.3,0.96755,0.43941,28.682
1768.5,0.96983,0.44739,28.685
1768.6,0.969,0.44354,28.687
1769.1,0.96824,0.42821,28.689
1769.1,0.9668,0.4309,28.69
1769.2,0.96757,0.43672,28.691
1769.4,0.97092,0.44141,28.691
1769.6,0.96741,0.442,28.693
1770,0.9687,0.43856,28.694
1770,0.96841,0.44137,28.695
1770.3,0.96886,0.43895,28.695
1770.4,0.96807,0.44781,28.696
1770.8,0.97086,0.45593,28.697
1770.8,0.97059,0.45707,NaN
1771,0.97029,0.45354,28.697
1771.3,0.96861,0.45129,28.697
1771.5,0.96852,0.43572,28.697
1771.6,0.96785,0.43285,28.697
1771.8,0.96883,0.42459,28.697
1772.3,0.96388,0.41381,28.698
1772.3,0.96637,0.41449,NaN
1772.5,0.96506,0.41542,28.698
1772.7,0.96803,0.42597,28.698
1772.9,0.96936,0.43876,28.698
1773.1,0.96943,0.43966,28.698
1773.3,0.96828,0.43733,28.698
1773.4,0.96833,0.43596,28.698
1773.6,0.96974,0.43558,28.699
1774,0.9674,0.42075,28.699
1774,0.96764,0.42387,NaN
1774.2,0.96869,0.41506,28.7
1774.4,0.96549,0.40755,28.7
1774.8,0.96503,0.40443,28.701
1774.9,0.96559,0.40689,NaN
1775.1,0.96743,0.41968,28.702
1775.2,0.96635,0.41671,28.703
1775.6,0.96788,0.42206,28.703
1775.6,0.96639,0.42103,28.704
1775.8,0.96753,0.42742,28.704
1776,0.96876,0.42468,28.705
1776.4,0.96432,0.41843,28.707
1776.5,0.96603,0.41682,28.71
1776.6,0.96806,0.42211,28.711
1777.1,0.96883,0.42618,28.715
1777.2,0.96477,0.42684,NaN
1777.2,0.96789,0.42578,NaN
1777.5,0.96546,0.42727,28.716
1777.6,0.96759,0.42597,28.717
1778,0.96736,0.43548,28.718
1778,0.96738,0.43371,NaN
1778.2,0.96848,0.43347,28.719
1778.4,0.96884,0.43101,28.719
1778.7,0.96808,0.42466,28.72
1778.8,0.96594,0.42897,28.72
1779,0.96819,0.42982,28.72
1779.6,0.96856,0.44036,28.72
1779.6,0.97009,0.44454,NaN
1779.6,0.96885,0.44637,NaN
1779.9,0.96841,0.43982,28.72
1780,0.96859,0.43576,28.721
1780.4,0.96851,0.43434,28.721
1780.4,0.96645,0.42263,28.721
1780.6,0.96612,0.40715,28.721
1780.9,0.96101,0.38176,28.722
1781.2,0.9632,0.40614,28.723
1781.2,0.96733,0.409,28.723
1781.5,0.96818,0.41863,28.724
1781.9,0.96834,0.43481,28.725
1781.9,0.96969,0.43598,NaN
1782,0.9669,0.43286,28.726
1782.2,0.96865,0.432,28.726
1782.6,0.96889,0.45573,28.728
1782.7,0.96868,0.45192,NaN
1782.8,0.9697,0.43579,28.729
1783,0.97058,0.43938,28.73
1783.4,0.96949,0.44254,28.734
1783.5,0.96871,0.44042,NaN
1783.6,0.96889,0.43028,28.737
1783.9,0.96911,0.42918,28.738
1784.2,0.97027,0.4454,28.74
1784.2,0.97001,0.44424,NaN
1784.4,0.96938,0.44495,28.741
1784.6,0.96968,0.44325,28.743
1785.1,0.96916,0.43847,28.745
1785.1,0.96975,0.43838,NaN
1785.2,0.96987,0.44402,28.746
1785.5,0.96955,0.44824,28.747
1785.7,0.96728,0.44774,28.747
1786.1,0.96985,0.44766,28.748
1786.2,0.97028,0.4472,NaN
1786.3,0.97029,0.45075,28.748
1786.4,0.96986,0.45042,28.748
1786.6,0.96821,0.44856,28.748
1786.9,0.97213,0.45689,28.748
1787.1,0.97074,0.45852,28.748
1787.2,0.96799,0.45296,28.748
1787.7,0.97061,0.44116,28.749
1787.7,0.96983,0.44234,NaN
1787.8,0.96837,0.43956,28.749
1788,0.96926,0.42818,28.75
1788.3,0.96315,0.40308,28.75
1788.5,0.96514,0.40476,28.751
1788.6,0.96485,0.41149,28.751
1789,0.96858,0.43209,28.752
1789,0.96946,0.43525,NaN
1789.3,0.96851,0.44941,28.753
1789.4,0.96793,0.44498,28.754
1789.7,0.97072,0.44622,28.755
1789.8,0.9711,0.45784,28.756
1790.1,0.97142,0.46285,28.756
1790.2,0.9701,0.45535,28.758
1790.5,0.97294,0.45683,28.761
1790.7,0.97008,0.46465,28.764
1790.9,0.97148,0.46337,28.765
1791,0.9691,0.45165,28.765
1791.4,0.9713,0.4558,28.767
1791.5,0.97086,0.45782,NaN
1791.6,0.97159,0.4592,28.77
1791.9,0.97043,0.45768,28.771
1792.2,0.96782,0.4566,28.772
1792.3,0.97157,0.45668,NaN
1792.4,0.97077,0.45514,28.773
1792.7,0.97019,0.45919,28.774
1793,0.97185,0.46463,28.774
1793.1,0.97015,0.46477,NaN
1793.2,0.9705,0.46161,28.775
1793.5,0.97075,0.45073,28.775
1793.8,0.97158,0.45827,28.775
1793.9,0.97244,0.45654,28.775
1794.1,0.97224,0.45298,28.775
1794.2,0.97141,0.45427,28.776
1794.7,0.9706,0.4588,28.776
1794.7,0.9712,0.4606,NaN
1794.8,0.97125,0.46171,28.776
1795.1,0.97101,0.46396,28.776
1795.3,0.97319,0.46079,28.776
1795.6,0.97139,0.45632,28.777
1795.6,0.97122,0.45576,NaN
1795.8,0.97096,0.4577,28.777
1796.1,0.96934,0.45205,28.778
1796.4,0.96947,0.43061,28.779
1796.5,0.96834,0.42999,NaN
1796.6,0.96792,0.42687,28.78
1796.8,0.96797,0.43473,28.78
1797.3,0.96703,0.44901,28.782
1797.4,0.97038,0.44973,28.782
1797.4,0.97095,0.44844,NaN
1797.6,0.96744,0.44421,28.784
1798.1,0.96845,0.44261,28.788
1798.1,0.96729,0.44075,NaN
1798.3,0.97062,0.44325,28.789
1798.4,0.96932,0.44107,28.79
1798.9,0.96803,0.43672,28.792
1798.9,0.96906,0.4365,NaN
1799.1,0.9672,0.43758,28.793
1799.2,0.96658,0.43749,28.793
1799.6,0.96855,0.43642,28.795
1799.6,0.96816,0.43555,NaN
1799.8,0.9685,0.43615,28.795
1800,0.96943,0.43715,28.796
1800.5,0.96975,0.44295,28.796
1800.5,0.97121,0.44191,NaN
1800.6,0.9686,0.44077,28.797
1800.8,0.97068,0.43634,28.797
1801.3,0.96973,0.44187,28.797
1801.3,0.96794,0.43876,NaN
1801.5,0.96996,0.43293,28.797
1801.6,0.96871,0.43698,28.797
1802.1,0.96896,0.4407,28.797
1802.1,0.96963,0.44077,28.797
1802.2,0.96908,0.43564,28.798
1802.4,0.96911,0.44015,28.798
1802.8,0.96685,0.42127,28.798
1802.8,0.96829,0.41702,NaN
1803.1,0.96388,0.38528,28.799
1803.3,0.96433,0.3949,28.799
1803.7,0.96551,0.41124,28.8
1803.7,0.96666,0.41175,NaN
1803.9,0.96732,0.42006,28.801
1804,0.96758,0.42724,28.802
1804.2,0.96652,0.421,28.802
1804.5,0.96544,0.42469,28.803
1804.6,0.96729,0.43927,28.804
1804.8,0.96725,0.44626,28.805
1805.1,0.96728,0.4375,28.805
1805.4,0.9682,0.44164,28.808
1805.5,0.97005,0.44329,NaN
1805.6,0.96873,0.43974,28.813
1805.8,0.96507,0.42334,28.814
1806.2,0.96806,0.43514,28.816
1806.2,0.96881,0.43681,NaN
1806.4,0.96833,0.44401,28.817
1806.7,0.96719,0.44336,28.819
1807,0.97044,0.44059,28.821
1807,0.96751,0.439,28.822
1807.2,0.97041,0.43768,28.822
1807.4,0.96863,0.43912,28.823
1807.7,0.96825,0.44283,28.824
1807.8,0.96846,0.44119,28.824
1808,0.96839,0.43587,28.824
1808.5,0.969,0.43961,28.825
1808.5,0.96891,0.43958,NaN
1808.7,0.9698,0.43794,28.825
1808.9,0.96968,0.44195,28.825
1809,0.96752,0.43363,28.825
1809.4,0.96911,0.44658,28.825
1809.4,0.97029,0.44579,28.826
1809.6,0.97004,0.44167,28.826
1809.8,0.96841,0.43497,28.826
1810.2,0.96717,0.42973,28.827
1810.2,0.96949,0.42958,NaN
1810.4,0.96443,0.39841,28.827
1810.6,0.96548,0.40188,28.828
1811.1,0.96616,0.41755,28.829
1811.1,0.96534,0.41864,NaN
1811.2,0.96678,0.42449,28.829
1811.4,0.96895,0.43286,28.83
1811.9,0.96706,0.43146,28.832
1811.9,0.96953,0.43142,NaN
1812,0.97044,0.43834,28.832
1812.2,0.97108,0.45489,28.836
1812.6,0.9684,0.44637,28.839
1812.6,0.96997,0.4498,NaN
1812.9,0.97033,0.45339,28.841
1813,0.97068,0.45087,28.841
1813.4,0.9702,0.44115,28.843
1813.5,0.96883,0.44129,28.845
1813.6,0.96925,0.44997,28.845
1813.8,0.97155,0.45849,28.846
1814.2,0.96967,0.4536,28.848
1814.2,0.97018,0.45516,NaN
1814.4,0.97104,0.45088,28.85
1814.6,0.96971,0.45096,28.851
1815.1,0.97085,0.45519,28.852
1815.1,0.96869,0.4557,NaN
1815.2,0.97033,0.45549,28.852
1815.4,0.97017,0.44761,28.852
1815.9,0.97037,0.4556,28.853
1815.9,0.97073,0.45597,NaN
1816.1,0.97154,0.45722,28.853
1816.2,0.96778,0.45828,28.853
1816.4,0.96983,0.45826,28.853
1816.8,0.97087,0.47624,28.853
1816.8,0.97158,0.47536,NaN
1817.1,0.97348,0.47217,28.853
1817.3,0.9708,0.46339,28.854
1817.4,0.97078,0.46696,28.854
1817.8,0.97101,0.45539,28.855
1817.9,0.97293,0.4521,NaN
1818,0.96928,0.43221,28.855
1818.3,0.96955,0.43981,28.856
1818.6,0.96964,0.44843,28.857
1818.7,0.97041,0.45044,NaN
1818.8,0.96966,0.45174,28.858
1819,0.97211,0.45909,28.859
1819.5,0.97188,0.46118,28.864
1819.5,0.97108,0.4664,NaN
1819.6,0.97172,0.47026,28.865
1819.9,0.97023,0.46389,28.866
1820,0.96976,0.45911,28.867
1820.4,0.96913,0.45359,28.869
1820.5,0.96988,0.4541,28.87
1820.7,0.96922,0.45171,28.87
1820.9,0.97225,0.4498,28.871
1821.2,0.96932,0.45531,28.872
1821.3,0.96931,0.45373,NaN
1821.4,0.97043,0.45425,28.873
1821.6,0.96946,0.45167,28.874
1822,0.96795,0.44961,28.875
1822.1,0.96895,0.44971,NaN
1822.2,0.96703,0.45216,28.876
1822.4,0.97327,0.47116,28.876
1822.9,0.96913,0.46995,28.877
1822.9,0.97138,0.46948,NaN
1823.1,0.97111,0.46848,28.877
1823.2,0.96918,0.4477,28.877
1823.8,0.96731,0.42838,28.877
1823.8,0.96794,0.42533,NaN
1823.9,0.96633,0.42198,NaN
1824.1,0.9612,0.41367,28.877
1824.2,0.9656,0.40633,28.877
1824.6,0.96556,0.41561,28.877
1824.7,0.96592,0.41633,NaN
1824.8,0.96556,0.4179,28.877
1825,0.96533,0.41973,28.877
1825.5,0.96326,0.41316,28.878
1825.6,0.96695,0.41388,NaN
1825.6,0.96538,0.41153,28.878
1825.9,0.96087,0.38319,28.879
1826.3,0.96334,0.39235,28.88
1826.3,0.96305,0.3939,NaN
1826.4,0.96356,0.39968,NaN
1826.7,0.96376,0.40399,28.881
1826.8,0.96762,0.41875,28.882
1827.1,0.96767,0.4283,28.883
1827.2,0.96757,0.42787,28.883
1827.5,0.96695,0.42436,28.884
1827.9,0.96793,0.43488,28.89
1828,0.96765,0.43292,NaN
1828,0.9674,0.42363,28.891
1828.2,0.96686,0.42344,28.892
1828.7,0.96632,0.43752,28.894
1828.7,0.96819,0.43673,NaN
1828.8,0.96718,0.43864,28.896
1829.1,0.96831,0.43571,28.897
1829.5,0.9674,0.43065,28.899
1829.5,0.96567,0.42986,NaN
1829.7,0.96788,0.4291,28.899
1829.8,0.96891,0.44029,28.9
1830.3,0.96792,0.42961,28.901
1830.3,0.96611,0.4273,NaN
1830.4,0.96793,0.42543,28.901
1830.6,0.96661,0.43344,28.901
1830.9,0.96798,0.42943,28.901
1831.2,0.9665,0.42573,28.902
1831.2,0.96839,0.42579,NaN
1831.4,0.97061,0.44907,28.902
1831.9,0.9702,0.43873,28.902
1831.9,0.96879,0.43644,NaN
1832.1,0.97065,0.4295,28.903
1832.2,0.96854,0.4364,28.903
1832.6,0.96167,0.38431,28.904
1832.7,0.96105,0.38329,NaN
1832.9,0.96477,0.39011,28.904
1833,0.9637,0.40511,28.905
1833.5,0.96466,0.4194,28.906
1833.5,0.96591,0.42129,NaN
1833.6,0.96684,0.42397,28.907
1833.9,0.96762,0.42789,28.907
1834.2,0.96746,0.4325,28.909
1834.2,0.96841,0.43271,NaN
1834.4,0.97176,0.44863,28.912
1834.7,0.96754,0.44058,28.915
1835,0.96845,0.44959,28.917
1835.1,0.96874,0.45007,NaN
1835.2,0.96919,0.45234,28.918
1835.5,0.97064,0.43834,28.919
1835.9,0.97034,0.44873,28.922
1835.9,0.96897,0.4493,NaN
1836,0.97017,0.45114,28.924
1836.2,0.9697,0.45045,28.924
1836.6,0.96838,0.44765,28.926
1836.7,0.9703,0.44881,NaN
1836.9,0.97062,0.44658,28.927
1837,0.96851,0.44464,28.928
1837.4,0.96955,0.45827,28.929
1837.4,0.97087,0.45498,NaN
1837.7,0.97123,0.45083,28.929
1837.8,0.96977,0.44194,28.929
1838.1,0.97094,0.45532,28.93
1838.5,0.9696,0.44549,28.93
1838.5,0.96952,0.44248,NaN
1838.7,0.96979,0.44539,28.93
1838.9,0.97094,0.46298,28.93
1839.3,0.97116,0.46264,28.931
1839.3,0.97039,0.46081,NaN
1839.4,0.97176,0.45937,28.931
1839.6,0.97105,0.46785,28.931
1839.8,0.96992,0.45949,28.931
1840.2,0.96633,0.42204,28.932
1840.3,0.96667,0.42616,NaN
1840.4,0.96949,0.44112,28.933
1840.9,0.97331,0.45376,28.935
1840.9,0.97076,0.45623,NaN
1841,0.96998,0.4573,NaN
1841.2,0.97063,0.46075,28.939
1841.4,0.96736,0.45713,28.941
1841.7,0.97166,0.4657,28.942
1841.8,0.97273,0.46907,28.944
1842,0.97198,0.47313,28.944
1842.6,0.97114,0.47514,28.947
1842.6,0.97257,0.47627,NaN
1842.6,0.97174,0.4737,NaN
1842.8,0.97109,0.46763,28.948
1843,0.96813,0.45721,28.949
1843.4,0.97013,0.46112,28.951
1843.5,0.97026,0.46316,NaN
1843.7,0.97054,0.46296,28.952
1843.9,0.9697,0.46363,28.953
1844.2,0.96913,0.4596,28.954
1844.2,0.97113,0.46167,28.954
1844.5,0.97209,0.4606,28.955
1844.6,0.97277,0.48373,28.956
1845.1,0.97204,0.48545,28.956
1845.1,0.97088,0.48546,NaN
1845.2,0.97183,0.48344,28.957
1845.5,0.96982,0.46604,28.957
1845.8,0.96799,0.43659,28.957
1845.9,0.96652,0.43597,NaN
1846.1,0.96758,0.42637,28.957
1846.3,0.96791,0.42418,28.957
1846.7,0.96878,0.44232,28.957
1846.7,0.96853,0.44146,NaN
1846.8,0.97026,0.44384,28.957
1847,0.97077,0.46002,28.957
1847.5,0.97061,0.45891,28.958
1847.5,0.97056,0.45784,NaN
1847.7,0.97003,0.45521,28.958
1847.8,0.97124,0.45435,28.958
1848,0.97111,0.44916,28.959
1848.4,0.96725,0.41864,28.96
1848.4,0.96776,0.42082,NaN
1848.7,0.96743,0.42019,28.962
1848.8,0.96775,0.41109,28.963
1849.2,0.97208,0.44467,28.965
1849.3,0.96925,0.44686,28.966
1849.4,0.97163,0.44943,28.966
1849.6,0.97048,0.45234,28.967
1849.9,0.97038,0.45111,28.968
1850.3,0.97136,0.46155,28.97
1850.3,0.97299,0.46308,NaN
1850.4,0.96887,0.45687,28.971
1850.6,0.96971,0.45072,28.972
1851.1,0.97232,0.45107,28.973
1851.1,0.97022,0.45232,NaN
1851.3,0.97026,0.44981,28.974
1851.4,0.97012,0.44912,28.974
1851.7,0.96951,0.44631,28.974
1852,0.97132,0.45996,28.975
1852.1,0.97089,0.46061,NaN
1852.2,0.97149,0.46131,28.976
1852.4,0.97241,0.45256,28.976
1852.9,0.9686,0.44902,28.977
1852.9,0.9688,0.44832,NaN
1853,0.96977,0.44442,28.977
1853.2,0.97176,0.44235,28.977
1853.7,0.97312,0.4549,28.978
1853.7,0.97075,0.45556,NaN
1853.8,0.97261,0.45531,28.978
1854,0.97088,0.45646,28.978
1854.5,0.97138,0.45566,28.979
1854.5,0.97106,0.45336,NaN
1854.7,0.96817,0.4363,28.98
1854.8,0.96327,0.39902,28.98
1855.5,0.96885,0.43132,28.982
1855.5,0.9694,0.43213,NaN
1855.5,0.96658,0.4333,NaN
1855.7,0.97034,0.43417,28.983
1855.9,0.97024,0.44459,28.983
1856,0.97142,0.44685,28.984
1856.4,0.96791,0.44492,28.988
1856.4,0.96906,0.44947,NaN
1856.6,0.9702,0.46522,28.991
1856.8,0.97185,0.46309,28.992
1857.2,0.97255,0.46651,28.994
1857.3,0.97269,0.47147,NaN
1857.4,0.97209,0.47327,28.995
1857.7,0.97242,0.45841,28.997
1858.1,0.97239,0.46527,28.999
1858.1,0.97355,0.46532,NaN
1858.2,0.97225,0.46909,29
1858.5,0.9731,0.46734,29.001
1858.8,0.97181,0.46487,29.003
1858.8,0.97404,0.46559,29.003
1859,0.97037,0.46354,29.004
1859.3,0.97197,0.46214,29.005
1859.6,0.97262,0.47315,29.005
1859.6,0.97264,0.47265,NaN
1859.9,0.97376,0.46894,29.006
1860,0.97256,0.46475,29.006
1860.4,0.97285,0.47116,29.007
1860.4,0.97024,0.47078,NaN
1860.6,0.97169,0.46817,29.007
1860.8,0.96998,0.46262,29.007
1861.2,0.97299,0.47911,29.007
1861.3,0.97261,0.48013,NaN
1861.4,0.97137,0.47757,29.008
1861.7,0.97352,0.4762,29.008
1862,0.97263,0.47591,29.008
1862.1,0.97365,0.47346,NaN
1862.2,0.97167,0.4529,29.009
1862.5,0.96958,0.45044,29.009
1862.8,0.97159,0.46423,29.011
1862.9,0.96984,0.4644,NaN
1863,0.97089,0.46769,29.014
1863.2,0.9713,0.47009,29.015
1863.7,0.97169,0.46607,29.018
1863.7,0.97174,0.46672,NaN
1863.8,0.97368,0.4693,29.019
1864,0.97191,0.47168,29.02
1864.3,0.97209,0.46956,29.021
1864.6,0.9727,0.4652,29.023
1864.7,0.9725,0.46684,NaN
1864.9,0.97087,0.46831,29.024
1865.1,0.96961,0.45264,29.024
1865.4,0.96876,0.44236,29.025
1865.5,0.96864,0.44267,NaN
1865.6,0.97083,0.4463,29.026
1865.9,0.96883,0.44599,29.026
1866.2,0.96931,0.44434,29.027
1866.2,0.96883,0.44439,NaN
1866.5,0.96678,0.44137,29.028
1866.6,0.96815,0.44096,29.029
1867,0.96922,0.45649,29.029
1867,0.97117,0.45702,NaN
1867.3,0.96885,0.45555,29.03
1867.4,0.96941,0.44407,29.031
1867.9,0.96754,0.43032,29.032
1867.9,0.96826,0.42799,NaN
1868,0.96672,0.42649,29.032
1868.2,0.96605,0.42398,29.032
1868.6,0.96785,0.43465,29.033
1868.7,0.96659,0.43445,NaN
1868.8,0.96663,0.43643,29.034
1869,0.96901,0.44042,29.034
1869.5,0.969,0.43651,29.035
1869.5,0.96558,0.43566,NaN
1869.6,0.96883,0.43728,29.036
1869.8,0.96706,0.43275,29.038
1870.2,0.96577,0.40707,29.041
1870.3,0.9645,0.40772,NaN
1870.4,0.96462,0.4051,29.042
1870.7,0.96616,0.41646,29.042
1871,0.9674,0.43575,29.044
1871,0.96818,0.43711,NaN
1871.2,0.96836,0.44305,29.045
1871.5,0.96827,0.44123,29.046
1871.9,0.96759,0.43835,29.048
1871.9,0.96959,0.43816,29.048
1872,0.96978,0.43527,29.049
1872.2,0.96821,0.44188,29.049
1872.4,0.96883,0.4392,29.05
1872.7,0.96871,0.44619,29.051
1872.9,0.9701,0.44313,29.052
1873.1,0.96783,0.4415,29.052
1873.5,0.96947,0.44233,29.054
1873.6,0.96848,0.44205,NaN
1873.6,0.97099,0.44265,29.055
1873.9,0.96919,0.44059,29.055
1874,0.96907,0.44086,29.055
1874.4,0.97253,0.4632,29.056
1874.5,0.9722,0.46186,NaN
1874.6,0.97171,0.45579,29.056
1874.9,0.96929,0.44654,29.057
1875.3,0.96925,0.42891,29.057
1875.3,0.96862,0.4275,NaN
1875.4,0.96705,0.42242,NaN
1875.6,0.96633,0.41314,29.057
1875.8,0.96848,0.4292,29.057
1876.2,0.96686,0.41999,29.057
1876.2,0.96707,0.41839,29.057
1876.5,0.96664,0.4191,29.057
1876.6,0.96798,0.4227,29.058
1877,0.96593,0.41395,29.058
1877,0.96244,0.41386,NaN
1877.2,0.96397,0.3965,29.058
1877.5,0.96467,0.40095,29.059
1877.8,0.96701,0.40587,29.06
1877.8,0.96405,0.40646,NaN
1878,0.96573,0.41562,29.061
1878.2,0.96626,0.42843,29.062
1878.7,0.96917,0.43565,29.067
1878.7,0.96783,0.43479,NaN
1878.8,0.96821,0.43907,29.069
1879,0.96839,0.43817,29.07
1879.5,0.96863,0.44732,29.072
1879.5,0.97101,0.44952,NaN
1879.6,0.97082,0.45498,29.073
1879.8,0.96908,0.44766,29.074
1880,0.96956,0.4422,29.075
1880.4,0.97089,0.44845,29.077
1880.4,0.9704,0.45094,NaN
1880.7,0.96883,0.45256,29.078
1880.8,0.97085,0.45067,29.078
1881.2,0.96978,0.44606,29.079
1881.2,0.96902,0.44209,NaN
1881.6,0.96918,0.44195,29.08
1881.6,0.9706,0.45555,NaN
1882,0.96792,0.45395,29.081
1882.1,0.97035,0.45155,NaN
1882.2,0.96633,0.44559,29.081
1882.4,0.97171,0.45473,29.081
1882.8,0.97092,0.44849,29.082
1882.8,0.97053,0.44795,NaN
1883,0.97032,0.44018,29.082
1883.3,0.97099,0.45813,29.083
1883.4,0.97094,0.46221,29.083
1883.7,0.97093,0.46206,29.083
1883.9,0.97184,0.45573,29.084
1884,0.97137,0.46213,29.084
1884.2,0.97074,0.46064,29.085
1884.6,0.96999,0.42596,29.085
1884.6,0.96698,0.42969,NaN
1884.9,0.96681,0.43431,29.086
1885,0.96786,0.44306,29.087
1885.5,0.97002,0.44206,29.092
1885.5,0.97048,0.44231,NaN
1885.7,0.9666,0.44213,29.094
1885.8,0.97012,0.43987,29.094
1886.1,0.96829,0.44155,29.095
1886.4,0.97038,0.44132,29.097
1886.4,0.96841,0.44153,NaN
1886.6,0.9683,0.44237,29.097
1886.8,0.96813,0.44319,29.098
1887.2,0.96873,0.45069,29.098
1887.2,0.97033,0.45113,NaN
1887.4,0.96909,0.46017,29.098
1887.7,0.9722,0.46789,29.099
1888,0.97293,0.46913,29.099
1888,0.97199,0.47086,29.099
1888.3,0.97155,0.4705,29.099
1888.4,0.97123,0.48109,29.1
1888.8,0.97133,0.47676,29.102
1888.9,0.97339,0.4753,NaN
1889,0.96908,0.45936,29.103
1889.2,0.96995,0.44347,29.104
1889.4,0.96479,0.42836,29.104
1889.8,0.96695,0.42828,29.106
1889.8,0.96728,0.42698,NaN
1890,0.96712,0.4325,29.108
1890.3,0.97005,0.43977,29.108
1890.7,0.96802,0.43661,29.11
1890.7,0.96908,0.43744,NaN
1890.8,0.96721,0.43528,29.111
1891,0.96888,0.43367,29.112
1891.3,0.97049,0.45104,29.112
1891.5,0.9684,0.44951,29.113
1891.7,0.97022,0.44822,29.113
1891.9,0.96943,0.44304,29.114
1892.3,0.96723,0.43862,29.114
1892.3,0.96914,0.4391,NaN
1892.4,0.96912,0.43574,29.114
1892.7,0.96851,0.43795,29.115
1893.1,0.97062,0.45383,29.115
1893.2,0.9698,0.4537,NaN
1893.2,0.97005,0.45253,NaN
1893.5,0.97028,0.44981,29.115
1893.6,0.9702,0.45164,29.115
1894.1,0.97136,0.45623,29.116
1894.1,0.97105,0.45636,NaN
1894.3,0.97004,0.45461,29.116
1894.4,0.96771,0.43994,29.116
1894.8,0.96712,0.43284,29.117
1894.9,0.96787,0.43006,NaN
1895.1,0.96695,0.42596,29.118
1895.3,0.96913,0.447,29.119
1895.7,0.96976,0.45963,29.12
1895.7,0.96913,0.46053,NaN
1895.8,0.97188,0.46415,29.121
1896,0.97116,0.45885,29.121
1896.5,0.97139,0.45235,29.123
1896.5,0.96894,0.45196,NaN
1896.7,0.968,0.44966,29.124
1896.9,0.97054,0.44939,29.125
1897.3,0.97015,0.44408,29.129
1897.3,0.96894,0.4433,NaN
1897.5,0.96781,0.4496,29.131
1897.7,0.96843,0.45087,29.131
1898.1,0.96955,0.44933,29.134
1898.1,0.96971,0.45015,NaN
1898.2,0.96875,0.45122,29.134
1898.5,0.9668,0.44765,29.135
1898.7,0.97021,0.45869,29.136
1899,0.97143,0.46694,29.136
1899,0.97125,0.4664,NaN
1899.3,0.97107,0.46101,29.137
1899.4,0.96968,0.45371,29.137
1899.9,0.96927,0.4376,29.137
1899.9,0.96919,0.43679,NaN
1900,0.96916,0.4273,29.137
1900.2,0.96575,0.42937,29.137
1900.4,0.96777,0.43871,29.137
1900.7,0.97028,0.43651,29.137
1900.9,0.96921,0.43549,29.137
1901,0.97053,0.44675,29.137
1901.2,0.96789,0.43858,29.137
1901.5,0.96709,0.43223,29.138
1901.8,0.96374,0.41263,29.14
1901.9,0.96624,0.42296,29.142
1902.1,0.96527,0.41242,29.142
1902.5,0.97021,0.44584,29.144
1902.5,0.97037,0.44625,NaN
1902.6,0.96806,0.44758,29.145
1902.9,0.9681,0.43689,29.146
1903.3,0.96906,0.44797,29.149
1903.4,0.97031,0.45057,NaN
1903.5,0.96861,0.45375,29.15
1903.7,0.96889,0.44377,29.15
1903.8,0.96942,0.4519,29.152
1904.1,0.97073,0.45893,29.153
1904.4,0.96945,0.45209,29.154
1904.4,0.96997,0.44972,NaN
1904.7,0.9728,0.46025,29.155
1904.8,0.9715,0.46402,29.157
1905.3,0.97176,0.46351,29.158
1905.3,0.97232,0.46146,NaN
1905.4,0.97157,0.45907,29.16
1905.7,0.96915,0.4548,29.16
1906.1,0.96999,0.46786,29.162
1906.1,0.97288,0.46744,NaN
1906.2,0.97157,0.46687,29.163
1906.5,0.97096,0.46715,29.163
1906.9,0.97005,0.4433,29.163
1906.9,0.97091,0.44602,NaN
1907,0.97052,0.45229,29.163
1907.2,0.96798,0.45125,29.164
1907.4,0.96774,0.44537,29.164
1907.8,0.9688,0.45788,29.164
1907.8,0.97002,0.45766,NaN
1908.1,0.97169,0.45412,29.164
1908.2,0.97002,0.45193,29.164
1908.6,0.97113,0.46654,29.165
1908.6,0.9706,0.46687,NaN
1908.9,0.97093,0.45809,29.165
1909,0.96671,0.42801,29.166
1909.2,0.96923,0.43716,29.166
1909.6,0.96835,0.42859,29.167
1909.6,0.96633,0.43186,NaN
1909.8,0.97193,0.44228,29.168
1910,0.96788,0.45159,29.168
1910.4,0.97048,0.45147,29.17
1910.5,0.97055,0.45103,NaN
1910.6,0.96894,0.44863,29.171
1910.8,0.97108,0.45877,29.171
1911.2,0.9724,0.47597,29.173
1911.3,0.9694,0.47348,NaN
1911.4,0.97212,0.47212,29.173
1911.6,0.97057,0.46622,29.174
1912.1,0.97204,0.47651,29.176
1912.1,0.96957,0.47243,NaN
1912.2,0.97071,0.46521,29.179
1912.4,0.97139,0.46265,29.179
1912.9,0.97097,0.44523,29.183
1913,0.97008,0.44579,NaN
1913,0.96709,0.44525,NaN
1913.3,0.96962,0.45652,29.185
1913.5,0.97175,0.46224,29.186
1913.8,0.97182,0.46614,29.187
1913.9,0.97146,0.46674,29.187
1914,0.97174,0.46633,29.187
1914.2,0.97125,0.46674,29.188
1914.7,0.97208,0.47337,29.189
1914.7,0.97216,0.4749,29.19
1914.9,0.97342,0.47631,29.191
1915,0.97338,0.4737,29.191
1915.4,0.97017,0.46975,29.192
1915.5,0.97025,0.47507,NaN
1915.6,0.97275,0.48124,29.192
1915.8,0.96924,0.47975,29.193
1916.2,0.97242,0.47755,29.193
1916.2,0.97219,0.48186,NaN
1916.4,0.97309,0.49362,29.193
1916.6,0.97339,0.48858,29.193
1916.8,0.97365,0.48552,29.193
1917.2,0.9734,0.49039,29.194
1917.2,0.97426,0.49037,NaN
1917.4,0.97271,0.48629,29.194
1917.6,0.9689,0.45662,29.195
1918.1,0.97019,0.44983,29.196
1918.1,0.96948,0.45432,NaN
1918.2,0.97132,0.46114,NaN
1918.4,0.97334,0.47078,29.197
1918.6,0.9736,0.48154,29.197
1919,0.97239,0.47945,29.199
1919,0.97256,0.48042,NaN
1919.3,0.97295,0.48517,29.2
1919.4,0.97238,0.4876,29.201
1919.8,0.97177,0.48146,29.206
1919.9,0.97148,0.48267,NaN
1920,0.97347,0.48326,29.207
1920.2,0.9732,0.48584,29.208
1920.7,0.97299,0.48526,29.211
1920.7,0.97369,0.48573,NaN
1920.8,0.97342,0.48682,29.212
1921.1,0.97374,0.48808,29.212
1921.5,0.97237,0.48531,29.214
1921.5,0.97207,0.48448,NaN
1921.7,0.97452,0.48444,29.214
1921.9,0.97317,0.48228,29.215
1922,0.97614,0.49653,29.215
1922.5,0.97581,0.50198,29.216
1922.5,0.97526,0.50219,NaN
1922.7,0.97612,0.49888,29.216
1922.9,0.97319,0.49582,29.216
1923,0.97172,0.47982,29.216
1923.4,0.97144,0.46931,29.216
1923.5,0.97161,0.46619,NaN
1923.6,0.97206,0.46208,29.216
1923.8,0.96999,0.45617,29.216
1924,0.97015,0.45932,29.216
1924.4,0.971,0.46596,29.216
1924.4,0.97224,0.46699,NaN
1924.7,0.97269,0.4736,29.217
1924.8,0.97333,0.46898,29.217
1925,0.96949,0.45731,29.217
1925.4,0.97102,0.44807,29.218
1925.4,0.96696,0.43892,29.218
1925.6,0.96855,0.42924,29.218
1925.8,0.96915,0.43123,29.219
1926.2,0.97121,0.45751,29.22
1926.2,0.97013,0.45757,NaN
1926.4,0.97096,0.45596,29.221
1926.6,0.9732,0.47415,29.221
1927,0.97229,0.47558,29.223
1927,0.97015,0.47072,NaN
1927.2,0.97206,0.4724,29.224
1927.4,0.97185,0.47544,29.224
1927.8,0.97124,0.46304,29.229
1927.9,0.97177,0.46063,29.231
1928,0.96998,0.46298,29.232
1928.3,0.97402,0.47137,29.233
1928.7,0.97165,0.47309,29.235
1928.7,0.97175,0.47369,29.236
1928.8,0.97293,0.46963,29.237
1929,0.97053,0.46839,29.238
1929.5,0.97264,0.47464,29.24
1929.5,0.97353,0.47581,NaN
1929.6,0.97194,0.47533,29.241
1929.8,0.97329,0.47221,29.241
1930,0.97096,0.4663,29.241
1930.4,0.97269,0.47061,29.242
1930.4,0.97226,0.47005,NaN
1930.6,0.9738,0.47184,29.242
1930.8,0.97175,0.46438,29.242
1931.2,0.974,0.4792,29.242
1931.3,0.97201,0.4766,29.242
1931.4,0.97305,0.47207,29.242
1931.6,0.9705,0.46722,29.242
1932,0.97085,0.46183,29.243
1932,0.97269,0.46203,NaN
1932.2,0.96908,0.44319,29.243
1932.4,0.96393,0.4127,29.244
1932.9,0.96731,0.44122,29.245
1932.9,0.96705,0.44344,NaN
1933.1,0.96886,0.44922,29.246
1933.2,0.97187,0.46102,29.246
1933.4,0.96937,0.46665,29.247
1933.7,0.97216,0.46072,29.248
1933.8,0.97155,0.46483,NaN
1934,0.97161,0.48385,29.249
1934.5,0.97105,0.47698,29.251
1934.5,0.97149,0.47591,NaN
1934.6,0.97324,0.47753,29.256
1934.9,0.97169,0.47878,29.257
1935.1,0.97154,0.47754,29.258
1935.4,0.97209,0.46552,29.26
1935.4,0.97231,0.46683,NaN
1935.7,0.9716,0.47585,29.261
1935.8,0.97365,0.47989,29.262
1936,0.96988,0.47918,29.262
1936.4,0.97343,0.47791,29.263
1936.4,0.97034,0.47731,NaN
1936.7,0.97317,0.47544,29.265
1936.8,0.9724,0.48404,29.267
1937.1,0.97202,0.48495,29.268
1937.4,0.97497,0.47894,29.269
1937.4,0.97437,0.4782,NaN
1937.6,0.97189,0.48199,29.27
1937.9,0.97312,0.48309,29.27
1938.3,0.97107,0.47786,29.27
1938.3,0.97318,0.48132,NaN
1938.4,0.97353,0.49093,29.271
1938.7,0.97463,0.50226,29.271
1938.8,0.97507,0.49539,29.271
1939.3,0.97273,0.49215,29.271
1939.3,0.97506,0.49512,NaN
1939.4,0.97339,0.4894,29.271
1939.6,0.97363,0.48492,29.272
1940.1,0.97159,0.45893,29.273
1940.2,0.97133,0.46055,NaN
1940.2,0.97027,0.46514,29.273
1940.5,0.97206,0.47142,29.274
1940.6,0.9722,0.47813,29.274
1941.1,0.97163,0.4817,29.276
1941.1,0.97191,0.48192,NaN
1941.2,0.97263,0.47996,29.279
1941.4,0.97233,0.49092,29.28
1941.6,0.97365,0.49166,29.283
1942,0.97329,0.47799,29.285
1942.1,0.97429,0.47818,29.286
1942.2,0.97491,0.49013,29.286
1942.4,0.97428,0.48456,29.287
1942.9,0.97475,0.47683,29.288
1942.9,0.97343,0.47861,29.289
1943.1,0.97298,0.48002,29.289
1943.2,0.97408,0.48243,29.29
1943.7,0.97257,0.48491,29.292
1943.8,0.97311,0.48133,NaN
1943.8,0.97542,0.48133,NaN
1944,0.97143,0.48128,29.294
1944.3,0.97611,0.49402,29.295
1944.7,0.97576,0.5036,29.296
1944.7,0.97464,0.50077,NaN
1944.8,0.9743,0.50081,29.296
1945.1,0.97635,0.49387,29.296
1945.4,0.97093,0.47651,29.297
1945.5,0.97231,0.47342,NaN
1945.6,0.97136,0.46261,29.297
1945.8,0.97063,0.45353,29.297
1946.3,0.96998,0.45273,29.297
1946.3,0.96916,0.45551,29.297
1946.4,0.97078,0.46501,29.297
1946.6,0.97219,0.47262,29.297
1946.8,0.97264,0.48093,29.297
1947.3,0.97354,0.47892,29.298
1947.3,0.97251,0.47878,NaN
1947.5,0.97177,0.47701,29.298
1947.7,0.9713,0.47045,29.298
1947.8,0.97171,0.4739,29.299
1948.2,0.97128,0.45177,29.299
1948.2,0.97043,0.45112,NaN
1948.4,0.97092,0.446,29.3
1948.6,0.96785,0.44006,29.3
1949,0.97091,0.46707,29.302
1949,0.97032,0.46516,NaN
1949.2,0.97181,0.46942,29.303
1949.4,0.97386,0.47497,29.306
1949.7,0.97327,0.47392,29.307
1950,0.97207,0.46797,29.309
1950,0.97198,0.46272,NaN
1950.3,0.97104,0.45868,29.309
1950.4,0.97004,0.46206,29.31
1950.8,0.97152,0.46608,29.311
1950.8,0.97295,0.4675,NaN
1951,0.97099,0.46687,29.311
1951.3,0.97183,0.46363,29.312
1951.6,0.97178,0.46738,29.313
1951.6,0.97244,0.47129,NaN
1951.8,0.97055,0.47071,29.313
1952,0.97121,0.46921,29.314
1952.6,0.97036,0.46072,29.317
1952.6,0.96908,0.46143,NaN
1952.7,0.97225,0.46262,NaN
1952.9,0.97089,0.45819,29.318
1953,0.97099,0.45548,29.318
1953.5,0.97319,0.47796,29.319
1953.5,0.97296,0.4777,NaN
1953.6,0.97174,0.47451,NaN
1953.8,0.97166,0.46933,29.319
1954.4,0.97036,0.4577,29.32
1954.4,0.97132,0.45383,NaN
1954.4,0.97051,0.44207,29.32
1954.6,0.96795,0.42023,29.321
1954.8,0.96816,0.43329,29.321
1955.2,0.96934,0.44755,29.322
1955.3,0.96887,0.44773,NaN
1955.4,0.97155,0.45642,29.323
1955.7,0.97068,0.46344,29.323
1955.8,0.9717,0.45996,29.325
1956.2,0.97075,0.46954,29.326
1956.3,0.97189,0.47515,29.326
1956.4,0.97149,0.48428,29.327
1956.7,0.97122,0.4754,29.331
1957.2,0.97194,0.4834,29.335
1957.2,0.97185,0.48091,NaN
1957.2,0.97224,0.47734,NaN
1957.4,0.97235,0.46826,29.336
1957.9,0.97207,0.47874,29.34
1958,0.9738,0.47899,NaN
1958,0.97183,0.47946,NaN
1958.2,0.97244,0.47905,29.341
1958.4,0.97181,0.47695,29.342
1958.8,0.97217,0.47314,29.343
1958.8,0.9721,0.47434,NaN
1959.1,0.97175,0.4815,29.344
1959.2,0.97185,0.4883,29.344
1959.7,0.97254,0.47795,29.345
1959.7,0.97148,0.4758,NaN
1959.8,0.9723,0.47983,NaN
1960.1,0.974,0.48506,29.345
1960.2,0.97317,0.48414,29.345
1960.7,0.97418,0.48869,29.346
1960.7,0.97529,0.4932,NaN
1960.8,0.97619,0.49898,29.346
1961,0.97495,0.49569,29.346
1961.3,0.97373,0.48893,29.347
1961.6,0.97337,0.49062,29.348
1961.6,0.97382,0.48791,NaN
1961.8,0.97425,0.47506,29.348
1962.1,0.96972,0.44051,29.349
1962.5,0.97261,0.47071,29.35
1962.6,0.97163,0.47027,NaN
1962.6,0.9688,0.47005,NaN
1962.8,0.97231,0.47419,29.351
1963,0.97221,0.47798,29.352
1963.4,0.97287,0.47302,29.356
1963.4,0.97294,0.47559,29.358
1963.7,0.97271,0.48533,29.359
1963.8,0.97204,0.49066,29.36
1964.3,0.97309,0.47958,29.362
1964.3,0.9757,0.48052,29.363
1964.4,0.9739,0.48798,29.363
1964.6,0.97322,0.48303,29.364
1964.8,0.97074,0.46831,29.366
1965.2,0.97236,0.4816,29.367
1965.2,0.97207,0.48266,NaN
1965.4,0.97318,0.48388,29.369
1965.6,0.97374,0.48384,29.37
1965.9,0.97344,0.48162,29.371
1966.2,0.9719,0.48171,29.372
1966.2,0.97441,0.48023,29.372
1966.5,0.97435,0.48384,29.373
1966.7,0.97339,0.49268,29.373
1967,0.97342,0.49025,29.374
1967,0.97378,0.48885,NaN
1967.2,0.97429,0.47876,29.374
1967.4,0.97334,0.47838,29.374
1968,0.97108,0.46826,29.374
1968,0.97427,0.46881,NaN
1968,0.97218,0.46808,NaN
1968.3,0.97586,0.47835,29.375
1968.4,0.97198,0.48295,29.375
1968.9,0.97176,0.48901,29.375
1968.9,0.97491,0.49105,NaN
1969,0.97414,0.49002,29.375
1969.3,0.97403,0.48149,29.376
1969.4,0.97397,0.48433,29.376
1969.9,0.96897,0.44606,29.377
1969.9,0.97064,0.44528,NaN
1970.1,0.96941,0.44753,29.378
1970.3,0.96796,0.43889,29.38
1970.4,0.97145,0.46234,29.382
1970.7,0.97154,0.47421,29.384
1970.8,0.97205,0.47997,NaN
1971,0.97278,0.4847,29.384
1971.2,0.97275,0.48295,29.385
1971.6,0.97377,0.47759,29.387
1971.6,0.97269,0.47579,29.388
1971.9,0.97199,0.4779,29.388
1972.1,0.97358,0.47766,29.389
1972.5,0.97488,0.47735,29.391
1972.5,0.97238,0.47537,NaN
1972.6,0.9731,0.47676,29.392
1972.8,0.97242,0.47686,29.392
1973.1,0.9734,0.47345,29.393
1973.4,0.97191,0.4732,29.394
1973.4,0.97148,0.47167,NaN
1973.7,0.97354,0.47262,29.395
1973.8,0.97365,0.47684,29.395
1974.4,0.97279,0.48527,29.396
1974.4,0.97423,0.48185,NaN
1974.4,0.97111,0.48045,NaN
1974.6,0.97283,0.46415,29.396
1974.8,0.97067,0.46571,29.396
1975.2,0.96949,0.44448,29.396
1975.3,0.9702,0.44112,NaN
1975.4,0.97082,0.44902,29.396
1975.7,0.97053,0.45068,29.396
1976.2,0.97015,0.46208,29.397
1976.2,0.97352,0.46598,NaN
1976.2,0.9729,0.46649,NaN
1976.5,0.97014,0.46161,29.397
1976.6,0.97065,0.4569,29.398
1977,0.96899,0.432,29.398
1977,0.96846,0.43139,NaN
1977.2,0.96877,0.44405,29.399
1977.4,0.97036,0.44836,29.399
1977.9,0.97272,0.46388,29.401
1978,0.97307,0.46302,NaN
1978.1,0.97075,0.45968,29.402
1978.3,0.9701,0.46538,29.402
1978.4,0.97351,0.47654,29.403
1978.7,0.97242,0.48441,29.406
1979,0.9725,0.47257,29.41
1979,0.97365,0.47428,NaN
1979.3,0.97446,0.48879,29.411
1979.5,0.97354,0.48193,29.412
1979.8,0.97295,0.46739,29.414
1979.8,0.97231,0.46745,29.416
1980,0.97336,0.4771,29.416
1980.2,0.9742,0.48122,29.418
1980.7,0.97407,0.48134,29.419
1980.7,0.97322,0.48013,NaN
1980.8,0.97392,0.48006,29.421
1981.1,0.97391,0.47702,29.421
1981.6,0.97232,0.49005,29.423
1981.6,0.975,0.48898,NaN
1981.6,0.97375,0.48949,NaN
1981.9,0.9723,0.47928,29.423
1982,0.9735,0.47643,29.423
1982.4,0.97262,0.4777,29.424
1982.5,0.97275,0.47611,NaN
1982.6,0.97411,0.47396,29.424
1982.8,0.97402,0.47361,29.424
1983.3,0.97479,0.49036,29.424
1983.3,0.97503,0.48925,NaN
1983.4,0.9736,0.48707,29.425
1983.6,0.9729,0.47767,29.425
1983.9,0.97205,0.48159,29.425
1984.3,0.96909,0.4376,29.426
1984.3,0.97024,0.43629,NaN
1984.4,0.96821,0.44098,29.427
1984.6,0.97039,0.44774,29.427
1984.8,0.97042,0.45527,29.427
1985.1,0.97276,0.46878,29.429
1985.2,0.97084,0.47056,NaN
1985.4,0.97034,0.47097,29.433
1985.6,0.97131,0.46913,29.435
1986,0.9726,0.48438,29.436
1986,0.97412,0.48746,NaN
1986.2,0.97227,0.47952,29.438
1986.4,0.97358,0.48126,29.439
1986.9,0.973,0.49256,29.442
1986.9,0.97568,0.48877,NaN
1987,0.97371,0.48609,29.443
1987.3,0.97463,0.48443,29.444
1987.7,0.97379,0.49085,29.446
1987.8,0.97413,0.49205,NaN
1987.9,0.97282,0.49202,NaN
1988,0.97343,0.48943,29.448
1988.3,0.97368,0.48716,29.449
1988.6,0.97394,0.48264,29.45
1988.7,0.97541,0.48754,NaN
1988.8,0.97602,0.49968,29.451
1989,0.97532,0.49789,29.451
1989.2,0.97433,0.49039,29.451
1989.6,0.9738,0.49132,29.452
1989.6,0.97314,0.49288,NaN
1989.8,0.97596,0.4925,29.452
1990,0.97193,0.48609,29.452
1990.5,0.9749,0.50236,29.453
1990.5,0.97418,0.50352,NaN
1990.6,0.97308,0.50134,29.453
1990.9,0.97495,0.50007,29.453
1991,0.97486,0.50002,29.453
1991.4,0.97518,0.5042,29.454
1991.5,0.97602,0.49929,NaN
1991.7,0.97229,0.48892,29.455
1991.9,0.96976,0.46793,29.457
1992.3,0.97201,0.47812,29.459
1992.3,0.97332,0.47902,NaN
1992.4,0.97278,0.48748,29.46
1992.6,0.97466,0.49898,29.461
1992.8,0.97375,0.49627,29.462
1993.2,0.97553,0.49012,29.464
1993.3,0.97468,0.49345,NaN
1993.4,0.97396,0.49751,29.465
1993.6,0.9739,0.48933,29.466
1994.1,0.97479,0.48999,29.468
1994.1,0.97439,0.49045,NaN
1994.2,0.97599,0.49625,29.469
1994.4,0.97408,0.49916,29.469
1994.9,0.97472,0.49562,29.47
1994.9,0.97535,0.49502,NaN
1995,0.97475,0.49567,29.47
1995.3,0.97294,0.4952,29.471
1995.7,0.97343,0.49106,29.472
1995.8,0.97253,0.49127,NaN
1995.8,0.97333,0.48966,29.472
1996,0.97332,0.4938,29.472
1996.6,0.97624,0.51723,29.474
1996.6,0.97725,0.51764,NaN
1996.6,0.97664,0.51371,NaN
1996.8,0.97694,0.50838,29.474
1997,0.97495,0.49401,29.474
1997.4,0.97536,0.48474,29.475
1997.4,0.97405,0.48405,NaN
1997.6,0.97183,0.47828,29.475
1997.8,0.97419,0.46834,29.475
1998,0.97099,0.46019,29.476
1998.4,0.97302,0.47453,29.476
1998.4,0.97314,0.47439,NaN
1998.6,0.97349,0.47694,29.476
1998.8,0.97281,0.47709,29.477
1999.3,0.97285,0.47197,29.478
1999.4,0.97025,0.46995,NaN
1999.4,0.97009,0.46926,NaN
1999.6,0.97193,0.44276,29.478
1999.9,0.96999,0.4234,29.479
2000.3,0.96732,0.44311,29.48
2000.3,0.96899,0.44512,NaN
2000.4,0.96887,0.44625,29.484
2000.6,0.97159,0.45205,29.485
2000.8,0.9707,0.45813,29.486
2001.2,0.9712,0.45557,29.488
2001.3,0.97268,0.45423,NaN
2001.4,0.97217,0.46956,29.489
2001.6,0.97416,0.47756,29.49
2002,0.97151,0.45932,29.491
2002.1,0.97029,0.46155,NaN
2002.2,0.97072,0.46515,29.492
2002.4,0.97036,0.47034,29.493
2002.7,0.97241,0.46868,29.495
2003,0.97215,0.46792,29.497
2003,0.97228,0.46595,29.497
2003.3,0.97179,0.46438,29.498
2003.4,0.97344,0.462,29.498
2003.9,0.97423,0.47582,29.499
2003.9,0.97469,0.47449,NaN
2004,0.97253,0.46895,29.5
2004.2,0.97163,0.45858,29.5
2004.4,0.97114,0.46765,29.501
2004.9,0.97023,0.4536,29.501
2004.9,0.97074,0.45244,29.501
2005,0.96755,0.44827,29.501
2005.2,0.97153,0.47103,29.502
2005.5,0.97051,0.47049,29.502
2005.8,0.97206,0.46479,29.502
2005.9,0.97435,0.4665,NaN
2006,0.97299,0.46979,29.502
2006.3,0.96937,0.45272,29.503
2006.5,0.96565,0.4107,29.503
2006.8,0.96934,0.44567,29.504
2006.9,0.96969,0.45044,29.504
2007.1,0.96916,0.44558,29.505
2007.2,0.97067,0.44793,29.506
2007.7,0.97107,0.45533,29.511
2007.7,0.97031,0.45255,NaN
2007.8,0.97295,0.45715,29.512
2008,0.97384,0.46507,29.513
2008.5,0.97016,0.46297,29.516
2008.5,0.97057,0.46026,NaN
2008.6,0.96995,0.46073,NaN
2008.8,0.97184,0.47506,29.518
2009.4,0.97313,0.47188,29.52
2009.4,0.97103,0.47206,NaN
2009.4,0.97084,0.47049,NaN
2009.6,0.9743,0.47999,29.521
2009.8,0.97399,0.48427,29.522
2010.1,0.97172,0.48576,29.523
2010.4,0.97226,0.48086,29.525
2010.4,0.97416,0.47993,NaN
2010.6,0.97352,0.47895,29.526
2010.9,0.97192,0.4771,29.527
2011.2,0.97428,0.49294,29.528
2011.3,0.97298,0.49192,29.528
2011.5,0.97228,0.48894,29.528
2011.6,0.97124,0.47362,29.529
2012.2,0.97295,0.47034,29.529
2012.2,0.97216,0.47028,NaN
2012.2,0.97096,0.46762,NaN
2012.5,0.97168,0.47077,29.529
2012.7,0.97251,0.48872,29.529
2013,0.9737,0.48737,29.53
2013.1,0.97551,0.4855,NaN
2013.2,0.97342,0.48116,29.53
2013.5,0.97457,0.48799,29.53
2013.7,0.97036,0.4842,29.531
2014,0.97039,0.45107,29.534
2014,0.97201,0.45792,NaN
2014.2,0.97174,0.46051,29.536
2014.5,0.97172,0.47235,29.536
2014.8,0.97224,0.48019,29.537
2014.9,0.97312,0.48126,29.539
2015,0.97302,0.48364,29.539
2015.2,0.97134,0.47668,29.541
2015.7,0.97365,0.48893,29.542
2015.7,0.97527,0.48699,NaN
2015.8,0.97345,0.48456,29.543
2016,0.97277,0.47443,29.544
2016.2,0.97296,0.48676,29.545
2016.6,0.97246,0.48768,29.547
2016.7,0.97431,0.48613,NaN
2016.8,0.97324,0.48241,29.549
2017,0.97323,0.48424,29.55
2017.5,0.97292,0.48806,29.551
2017.5,0.97427,0.48827,NaN
2017.7,0.97411,0.48669,29.553
2017.9,0.97434,0.48371,29.553
2018.4,0.97604,0.50739,29.555
2018.4,0.97697,0.5092,NaN
2018.4,0.97604,0.50887,NaN
2018.7,0.97677,0.51094,29.556
2018.8,0.97592,0.51022,29.556
2019.2,0.97394,0.49542,29.556
2019.2,0.97533,0.49004,NaN
2019.4,0.9726,0.4779,29.556
2019.6,0.9706,0.45987,29.557
2020.1,0.97047,0.44958,29.557
2020.2,0.96871,0.44833,NaN
2020.2,0.97045,0.44966,NaN
2020.4,0.9734,0.45846,29.557
2020.6,0.97114,0.46267,29.557
2021,0.97119,0.47318,29.557
2021,0.97165,0.47307,29.557
2021.2,0.97444,0.47296,29.558
2021.5,0.97334,0.47202,29.558
2021.9,0.9718,0.46828,29.559
2022,0.97048,0.46722,NaN
2022,0.97204,0.46454,29.559
2022.2,0.96905,0.44219,29.559
2022.4,0.9696,0.43683,29.56
2022.8,0.96821,0.44047,29.561
2022.8,0.97048,0.44551,NaN
2023,0.9709,0.45696,29.562
2023.2,0.97198,0.45475,29.562
2023.7,0.97004,0.45836,29.564
2023.8,0.96878,0.45964,NaN
2023.9,0.97091,0.46005,29.564
2024.1,0.9721,0.46299,29.565
2024.2,0.97054,0.45883,29.566
2024.4,0.97157,0.46445,29.566
2024.8,0.97024,0.46695,29.568
2024.9,0.96973,0.46662,NaN
2025,0.97048,0.4653,29.571
2025.3,0.97042,0.46305,29.572
2025.7,0.97132,0.47141,29.575
2025.8,0.97203,0.47528,29.576
2025.9,0.97117,0.47625,29.576
2026,0.97153,0.47747,29.577
2026.2,0.97206,0.47349,29.577
2026.7,0.96901,0.45581,29.578
2026.7,0.96973,0.45599,NaN
2026.9,0.96884,0.45493,29.578
2027,0.96856,0.4411,29.578
2027.5,0.97247,0.45482,29.578
2027.5,0.9708,0.45504,NaN
2027.7,0.9706,0.46171,29.579
2027.8,0.97044,0.46213,29.579
2028,0.97081,0.45802,29.579
2028.5,0.96932,0.44857,29.58
2028.5,0.96799,0.44323,NaN
2028.6,0.96501,0.41337,29.58
2028.8,0.96675,0.42574,29.581
2029.3,0.96942,0.44774,29.585
2029.4,0.96943,0.44648,NaN
2029.4,0.97128,0.44913,29.586
2029.6,0.97142,0.45314,29.587
2029.8,0.96962,0.45385,29.588
2030.4,0.97386,0.47319,29.591
2030.4,0.97176,0.47432,NaN
2030.4,0.97195,0.47563,NaN
2030.6,0.97152,0.46327,29.593
2030.8,0.97026,0.45918,29.594
2031.2,0.97226,0.48225,29.596
2031.3,0.97191,0.48179,29.596
2031.4,0.97408,0.47834,29.597
2031.7,0.97378,0.4745,29.598
2031.8,0.97229,0.48,29.598
2032.2,0.97363,0.48158,29.599
2032.3,0.9726,0.48196,29.599
2032.4,0.97429,0.47942,29.599
2032.6,0.9728,0.47821,29.6
2033.1,0.97137,0.47499,29.601
2033.1,0.9729,0.47786,NaN
2033.2,0.9736,0.48905,29.601
2033.5,0.97374,0.48932,29.602
2033.6,0.97227,0.48725,29.602
2034.1,0.97334,0.4818,29.603
2034.1,0.97427,0.4833,NaN
2034.2,0.97442,0.47845,29.604
2034.4,0.97158,0.47182,29.604
2034.7,0.9711,0.46762,29.604
2035,0.9744,0.482,29.605
2035.1,0.97538,0.48062,NaN
2035.2,0.97442,0.48139,29.605
2035.4,0.972,0.47869,29.606
2035.9,0.97184,0.48006,29.609
2035.9,0.97264,0.4795,29.61
2036,0.97112,0.45675,29.611
2036.2,0.96985,0.44943,29.611
2036.7,0.97157,0.47391,29.613
2036.7,0.97206,0.47197,NaN
2036.8,0.97345,0.47659,29.614
2037.1,0.9725,0.47932,29.616
2037.5,0.97212,0.47729,29.618
2037.6,0.97425,0.47745,NaN
2037.6,0.97363,0.47845,29.619
2037.8,0.97407,0.48966,29.62
2038,0.97431,0.48278,29.621
2038.4,0.97508,0.48425,29.623
2038.5,0.9738,0.48803,NaN
2038.6,0.97222,0.49228,29.624
2038.8,0.97501,0.48424,29.625
2039.2,0.97239,0.48398,29.627
2039.3,0.9729,0.48454,NaN
2039.4,0.97463,0.48828,29.627
2039.6,0.97427,0.48769,29.628
2040.1,0.97457,0.48264,29.63
2040.1,0.97317,0.48209,NaN
2040.2,0.97188,0.48045,29.631
2040.4,0.97375,0.4776,29.632
2040.6,0.97567,0.49901,29.632
2041,0.97593,0.49954,29.633
2041,0.97608,0.49891,NaN
2041.2,0.97462,0.48929,29.634
2041.4,0.974,0.47013,29.634
2041.6,0.9704,0.47402,29.634
2042.1,0.97222,0.45933,29.634
2042.1,0.97098,0.46051,29.634
2042.2,0.97217,0.47231,29.634
2042.4,0.9719,0.47718,29.634
2042.7,0.97264,0.47479,29.635
2043,0.97331,0.47562,29.635
2043.1,0.97249,0.47609,29.635
2043.2,0.97347,0.47262,29.635
2043.5,0.97298,0.47666,29.636
2043.9,0.97175,0.45362,29.636
2043.9,0.97138,0.45243,NaN
2044,0.97167,0.45087,29.637
2044.2,0.97237,0.44621,29.637
2044.4,0.96946,0.44737,29.638
2044.8,0.9716,0.47392,29.639
2044.9,0.97143,0.47471,NaN
2045,0.97289,0.48083,29.64
2045.2,0.97165,0.48275,29.64
2045.7,0.97082,0.4783,29.642
2045.8,0.97366,0.47779,NaN
2045.8,0.97336,0.47469,NaN
2046,0.97424,0.47774,29.643
2046.2,0.97192,0.47368,29.645
2046.6,0.9717,0.47075,29.648
2046.6,0.97219,0.46909,NaN
2046.8,0.97252,0.46796,29.65
2047,0.97011,0.46995,29.651
2047.2,0.97373,0.4681,29.652
2047.7,0.97266,0.46711,29.653
2047.7,0.97195,0.46726,29.653
2047.8,0.9717,0.46648,29.654
2048.1,0.97425,0.48976,29.654
2048.2,0.97494,0.49484,29.654
2048.6,0.97272,0.48157,29.655
2048.7,0.97463,0.48071,NaN
2048.8,0.97338,0.46549,29.655
2049,0.9727,0.46046,29.655
2049.5,0.96947,0.44408,29.655
2049.6,0.96822,0.44719,NaN
2049.6,0.97148,0.45526,29.655
2049.9,0.97206,0.4509,29.656
2050.1,0.97014,0.45358,29.656
2050.2,0.97051,0.45262,29.656
2050.6,0.97074,0.45493,29.657
2050.7,0.9716,0.45458,NaN
2050.8,0.96968,0.45107,29.658
2051,0.96562,0.41909,29.659
2051.5,0.97146,0.44193,29.663
2051.6,0.96958,0.44234,29.663
2051.6,0.97075,0.44648,NaN
2051.8,0.97117,0.45715,29.664
2052,0.97141,0.46069,29.665
2052.4,0.97026,0.45772,29.668
2052.5,0.97141,0.45962,NaN
2052.6,0.97238,0.47163,29.669
2052.9,0.97068,0.46737,29.67
2053.3,0.973,0.47331,29.672
2053.3,0.97375,0.47722,NaN
2053.5,0.97452,0.48332,29.673
2053.6,0.972,0.47722,29.674
2054.1,0.97263,0.48546,29.676
2054.2,0.97361,0.48834,29.677
2054.2,0.97301,0.48818,NaN
2054.4,0.97328,0.48764,29.677
2054.6,0.9748,0.48339,29.679
2055.1,0.97335,0.47465,29.68
2055.1,0.97196,0.47521,NaN
2055.3,0.97203,0.473,29.681
2055.4,0.974,0.49146,29.681
2055.7,0.97331,0.49245,29.681
2056.1,0.97355,0.47488,29.682
2056.1,0.9724,0.47165,NaN
2056.3,0.97277,0.47365,29.682
2056.4,0.97313,0.47543,29.682
2056.9,0.97071,0.47125,29.683
2056.9,0.97133,0.47596,NaN
2057,0.97211,0.48119,29.684
2057.2,0.97352,0.48177,29.684
2057.4,0.97323,0.48015,29.685
2057.8,0.97356,0.48683,29.686
2057.8,0.97472,0.4941,NaN
2058.1,0.9764,0.48882,29.687
2058.2,0.97384,0.47325,29.687
2058.7,0.97141,0.46747,29.688
2058.8,0.97,0.47016,NaN
2058.8,0.97281,0.47739,29.689
2059,0.97526,0.47848,29.689
2059.3,0.9721,0.48579,29.689
2059.6,0.97336,0.47821,29.69
2059.7,0.97384,0.47778,29.691
2059.8,0.97535,0.4798,29.691
2060,0.97564,0.48659,29.692
2060.5,0.97264,0.48334,29.693
2060.5,0.97327,0.48403,NaN
2060.6,0.97375,0.48702,29.694
2060.8,0.97533,0.49334,29.695
2061,0.97387,0.48966,29.699
2061.4,0.97536,0.48722,29.702
2061.4,0.97574,0.48804,29.703
2061.7,0.97526,0.49631,29.703
2061.8,0.97461,0.49371,29.704
2062.2,0.97235,0.48334,29.707
2062.3,0.97372,0.48424,NaN
2062.5,0.97392,0.48137,29.708
2062.6,0.97265,0.47729,29.709
2063.1,0.9761,0.50012,29.71
2063.1,0.9767,0.5004,NaN
2063.2,0.97562,0.49675,29.711
2063.4,0.97593,0.48853,29.711
2063.6,0.97443,0.47922,29.711
2064,0.97425,0.48036,29.711
2064.1,0.97289,0.47793,29.712
2064.2,0.97434,0.46489,29.712
2064.4,0.97418,0.48463,29.712
2064.8,0.97441,0.47903,29.712
2064.9,0.97238,0.47917,NaN
2065,0.9742,0.47339,29.712
2065.2,0.97295,0.48146,29.712
2065.4,0.97218,0.48544,29.713
2065.8,0.97178,0.44884,29.713
2065.9,0.96973,0.44715,NaN
2066,0.97183,0.4566,29.714
2066.3,0.96956,0.44596,29.715
2066.4,0.97223,0.46543,29.715
2066.9,0.97512,0.48791,29.716
2066.9,0.97414,0.48829,NaN
2067,0.97517,0.48354,29.718
2067.2,0.97381,0.47817,29.718
2067.4,0.97593,0.4873,29.719
2067.8,0.97397,0.48102,29.721
2067.9,0.97357,0.478,NaN
2068,0.97316,0.47662,29.724
2068.2,0.97803,0.49259,29.726
2068.7,0.97289,0.48475,29.728
2068.7,0.97296,0.48394,NaN
2068.8,0.97375,0.48284,29.729
2069.1,0.9746,0.48005,29.73
2069.3,0.97443,0.48332,29.73
2069.7,0.97367,0.48093,29.731
2069.7,0.97451,0.48119,NaN
2069.8,0.97248,0.48006,29.732
2070,0.9731,0.47869,29.732
2070.2,0.97688,0.50531,29.732
2070.6,0.97483,0.50606,29.733
2070.6,0.97671,0.50654,29.734
2070.8,0.97885,0.50472,29.734
2071,0.97479,0.49598,29.735
2071.5,0.97404,0.48004,29.736
2071.5,0.97332,0.47985,NaN
2071.6,0.9709,0.47424,29.736
2071.8,0.97068,0.45147,29.736
2072.3,0.97248,0.46498,29.736
2072.3,0.97239,0.46527,NaN
2072.4,0.97246,0.46619,NaN
2072.6,0.97512,0.47589,29.736
2072.8,0.97393,0.47266,29.736
2073.3,0.97257,0.47206,29.737
2073.3,0.97392,0.47172,NaN
2073.5,0.97214,0.46985,29.738
2073.6,0.97216,0.46282,29.738
2073.9,0.96932,0.42957,29.738
2074.2,0.96885,0.43466,29.739
2074.2,0.96886,0.44407,NaN
2074.4,0.96997,0.45499,29.74
2074.6,0.97031,0.4506,29.74
2075.1,0.97103,0.45656,29.742
2075.2,0.97097,0.45829,29.742
2075.2,0.96974,0.45739,29.743
2075.5,0.97188,0.46233,29.743
2075.7,0.9733,0.47484,29.744
2076,0.97388,0.47279,29.746
2076.1,0.97279,0.47195,NaN
2076.3,0.97276,0.47881,29.75
2076.5,0.97221,0.48827,29.752
2076.6,0.97318,0.48866,29.753
2077,0.97283,0.48319,29.755
2077,0.97157,0.48213,NaN
2077.2,0.97385,0.48064,29.755
2077.4,0.97388,0.47648,29.757
2077.9,0.97521,0.49278,29.759
2077.9,0.9748,0.49337,NaN
2078,0.97319,0.49019,NaN
2078.3,0.97467,0.48266,29.76
2078.4,0.97506,0.4715,29.76
2078.9,0.97234,0.46836,29.76
2078.9,0.97231,0.46853,NaN
2079.1,0.97455,0.46539,29.76
2079.2,0.97235,0.47856,29.761
2079.4,0.97515,0.47945,29.761
2079.8,0.97326,0.46821,29.761
2079.9,0.97218,0.46863,29.761
2080,0.97469,0.4812,29.762
2080.2,0.97275,0.48097,29.762
2080.8,0.97094,0.44657,29.763
2080.8,0.9701,0.44412,NaN
2080.8,0.96932,0.44499,NaN
2081,0.97271,0.46169,29.764
2081.2,0.97339,0.4711,29.764
2081.7,0.97419,0.47325,29.766
2081.7,0.97139,0.47239,29.766
2081.8,0.97267,0.46708,29.767
2082.1,0.97274,0.4671,29.767
2082.2,0.97466,0.47744,29.768
2082.6,0.97354,0.47366,29.77
2082.6,0.97406,0.47502,NaN
2082.8,0.97424,0.48225,29.771
2083,0.9737,0.49002,29.773
2083.3,0.97477,0.48996,29.777
2083.6,0.97639,0.49018,29.779
2083.7,0.97506,0.49335,NaN
2083.9,0.97512,0.50184,29.781
2084,0.97656,0.5025,29.782
2084.2,0.97793,0.49645,29.783
2084.6,0.97442,0.4908,29.785
2084.7,0.97573,0.49061,NaN
2084.9,0.97289,0.48745,29.785
2085,0.97559,0.50547,29.785
2085.5,0.97677,0.50332,29.786
2085.6,0.97617,0.50315,NaN
2085.6,0.97649,0.49818,NaN
2085.9,0.97692,0.49211,29.787
2086,0.9735,0.49191,29.787
2086.4,0.97427,0.47883,29.788
2086.5,0.97387,0.47962,NaN
2086.6,0.97534,0.49829,29.788
2086.9,0.97454,0.49799,29.788
2087,0.97651,0.49484,29.788
2087.4,0.97509,0.49478,29.789
2087.5,0.97548,0.49746,29.789
2087.7,0.97552,0.49402,29.789
2087.9,0.97577,0.48612,29.79
2088.3,0.97107,0.45419,29.791
2088.3,0.97205,0.45361,NaN
2088.5,0.97154,0.46279,29.792
2088.6,0.97456,0.48314,29.792
2088.8,0.97458,0.49954,29.793
2089.3,0.97543,0.49361,29.795
2089.3,0.97496,0.49452,NaN
2089.4,0.97225,0.4958,29.795
2089.6,0.97513,0.49926,29.797
2090.1,0.97593,0.49238,29.803
2090.1,0.97419,0.49139,NaN
2090.3,0.97526,0.49454,29.804
2090.4,0.97678,0.50352,29.805
2090.6,0.97396,0.50128,29.805
2091,0.97457,0.48693,29.808
2091.1,0.97515,0.49037,NaN
2091.2,0.97661,0.50154,29.809
2091.5,0.97394,0.50544,29.81
2091.6,0.97386,0.50169,29.811
2092,0.97549,0.50071,29.813
2092.1,0.9745,0.49931,29.813
2092.2,0.97404,0.49836,29.813
2092.5,0.97762,0.51538,29.814
2093,0.97737,0.52134,29.814
2093,0.97872,0.52098,NaN
2093,0.97508,0.51887,NaN
2093.2,0.97664,0.51218,29.815
2093.5,0.97325,0.49652,29.815
2093.6,0.97255,0.48087,29.815
2094,0.97269,0.47105,29.815
2094.1,0.97266,0.46882,NaN
2094.2,0.97377,0.47571,29.815
2094.5,0.97479,0.47557,29.816
2094.7,0.97271,0.47342,29.816
2095.1,0.97251,0.4918,29.816
2095.1,0.976,0.49155,NaN
2095.2,0.97451,0.49047,29.817
2095.5,0.974,0.48681,29.817
2095.9,0.97492,0.47897,29.818
2095.9,0.97342,0.48038,NaN
2096.1,0.97344,0.47572,29.818
2096.2,0.9725,0.45524,29.819
2096.7,0.97049,0.44371,29.82
2096.8,0.96988,0.4463,NaN
2096.8,0.96915,0.45391,29.82
2097.1,0.97322,0.47061,29.821
2097.3,0.97402,0.47162,29.822
2097.8,0.97525,0.48577,29.827
2097.9,0.97354,0.48602,29.828
2097.9,0.97268,0.48634,NaN
2098,0.97481,0.4831,29.828
2098.3,0.97349,0.48233,29.829
2098.4,0.97432,0.48447,29.83
2098.8,0.97259,0.48665,29.832
2098.8,0.97244,0.48467,NaN
2099.1,0.9746,0.48457,29.833
2099.2,0.97396,0.48381,29.834
2099.7,0.97462,0.48012,29.835
2099.8,0.97336,0.48028,NaN
2099.9,0.97554,0.492,NaN
2100.1,0.97405,0.49295,29.836
2100.2,0.97452,0.49089,29.836
2100.8,0.97272,0.47808,29.837
2100.8,0.97381,0.4766,NaN
2100.8,0.97169,0.47375,NaN
2101,0.9731,0.47456,29.837
2101.2,0.9726,0.464,29.838
2101.8,0.97306,0.47169,29.838
2101.8,0.97213,0.47033,NaN
2101.9,0.97365,0.46848,NaN
2102.1,0.97073,0.46256,29.838
2102.2,0.97171,0.4655,29.838
2102.7,0.97136,0.45246,29.839
2102.8,0.97121,0.44801,NaN
2102.8,0.96889,0.44261,29.84
2103.1,0.97039,0.45003,29.84
2103.2,0.96933,0.44876,29.84
2103.7,0.97413,0.47916,29.842
2103.7,0.97205,0.48039,NaN
2103.8,0.97217,0.47678,29.843
2104.1,0.97158,0.45973,29.843
2104.3,0.97245,0.46474,29.844
2104.7,0.974,0.47287,29.845
2104.7,0.97406,0.47148,NaN
2104.8,0.97207,0.47274,29.847
2105,0.97397,0.47313,29.85
2105.3,0.97384,0.48506,29.852
2105.6,0.97505,0.48268,29.855
2105.6,0.97287,0.48125,NaN
2105.9,0.97224,0.48632,29.856
2106,0.9752,0.4974,29.857
2106.5,0.97572,0.49499,29.86
2106.6,0.97295,0.4945,NaN
2106.7,0.97329,0.49258,NaN
2106.8,0.97411,0.49042,29.862
2107,0.97342,0.48844,29.863
2107.5,0.97487,0.50701,29.864
2107.6,0.97503,0.50538,NaN
2107.6,0.97715,0.50343,29.865
2107.8,0.97526,0.49829,29.865
2108.1,0.97238,0.48427,29.866
2108.5,0.97339,0.47827,29.866
2108.5,0.97512,0.47822,NaN
2108.6,0.97162,0.47673,29.866
2108.8,0.9756,0.48796,29.866
2109,0.97445,0.4959,29.866
2109.4,0.97372,0.48526,29.866
2109.4,0.97359,0.48411,NaN
2109.6,0.97556,0.49415,29.866
2109.9,0.97351,0.49458,29.867
2110.2,0.97113,0.46513,29.867
2110.2,0.96964,0.46163,29.868
2110.5,0.97051,0.46214,29.868
2110.6,0.9724,0.46654,29.869
2111.1,0.97352,0.49777,29.87
2111.1,0.97452,0.50028,NaN
2111.3,0.97558,0.50264,29.871
2111.4,0.97295,0.4901,29.871
2111.7,0.97425,0.48996,29.872
2112,0.97324,0.49341,29.878
2112,0.97335,0.49073,NaN
2112.3,0.97287,0.48184,29.88
2112.4,0.97525,0.48585,29.881
2112.6,0.97301,0.4899,29.881
2113,0.97223,0.47815,29.885
2113.1,0.97231,0.47707,NaN
2113.2,0.97327,0.47826,29.886
2113.4,0.9754,0.49293,29.887
2113.6,0.97426,0.49692,29.888
2114.1,0.97359,0.49326,29.889
2114.1,0.97517,0.49257,NaN
2114.2,0.97446,0.49025,29.891
2114.4,0.97462,0.48999,29.891
2114.6,0.97495,0.50165,29.892
2115,0.97501,0.50442,29.892
2115,0.9758,0.50415,NaN
2115.2,0.97543,0.50085,29.893
2115.4,0.9749,0.48846,29.893
2115.6,0.97472,0.48219,29.893
2116,0.97187,0.47061,29.893
2116,0.97346,0.47258,NaN
2116.3,0.97176,0.46989,29.894
2116.4,0.9703,0.48382,29.894
2116.9,0.97255,0.47632,29.894
2117,0.97309,0.47536,NaN
2117,0.97497,0.47665,29.895
2117.2,0.97161,0.48253,29.895
2117.4,0.97186,0.48081,29.895
2117.9,0.97092,0.44857,29.896
2118,0.96912,0.44508,29.896
2118,0.97082,0.44344,NaN
2118.3,0.968,0.43847,29.897
2118.4,0.97132,0.44797,29.898
2118.9,0.9735,0.48648,29.903
2119,0.97181,0.48552,NaN
2119,0.97281,0.48547,29.904
2119.2,0.97498,0.49156,29.904
2119.4,0.97297,0.48858,29.905
2119.9,0.97325,0.48712,29.908
2119.9,0.97274,0.48613,NaN
2120,0.974,0.4905,29.908
2120.2,0.97152,0.48735,29.909
2120.4,0.97451,0.48454,29.91
2120.8,0.97409,0.48985,29.911
2120.8,0.97406,0.48554,NaN
2121,0.97302,0.48379,29.912
2121.2,0.97328,0.48471,29.913
2121.7,0.97393,0.48488,29.914
2121.7,0.97311,0.48709,NaN
2121.9,0.9732,0.4856,29.915
2122,0.9751,0.50559,29.915
2122.2,0.97681,0.51094,29.916
2122.6,0.9781,0.51066,29.916
2122.6,0.97626,0.51104,29.916
2122.9,0.97769,0.50346,29.916
2123,0.97372,0.47738,29.916
2123.5,0.96909,0.44677,29.916
2123.6,0.97068,0.44137,NaN
2123.7,0.968,0.44129,NaN
2123.8,0.97148,0.46052,29.917
2124,0.96957,0.45315,29.917
2124.4,0.97091,0.45629,29.917
2124.5,0.97131,0.45874,29.917
2124.6,0.97222,0.46477,29.917
2124.9,0.97241,0.45662,29.917
2125.3,0.96667,0.42443,29.918
2125.3,0.96794,0.42258,NaN
2125.4,0.9684,0.42426,29.919
2125.6,0.96744,0.41661,29.919
2125.8,0.96911,0.4503,29.919
2126.2,0.97007,0.46536,29.921
2126.3,0.97221,0.46254,NaN
2126.4,0.97108,0.46087,29.921
2126.6,0.97232,0.46481,29.922
2127.2,0.97143,0.47113,29.929
2127.3,0.97391,0.47306,NaN
2127.3,0.97255,0.47352,NaN
2127.4,0.97281,0.47933,29.93
2127.6,0.97427,0.48222,29.931
2128.1,0.97351,0.47557,29.933
2128.1,0.97439,0.47782,NaN
2128.2,0.97398,0.48802,29.935
2128.4,0.97714,0.49306,29.936
2128.6,0.97454,0.49057,29.937
2129.1,0.97615,0.48778,29.939
2129.2,0.97545,0.48845,29.94
2129.2,0.97394,0.4864,NaN
2129.5,0.97404,0.49383,29.941
2129.7,0.97532,0.50161,29.941
2129.8,0.97397,0.5,29.942
2130.2,0.97509,0.48458,29.942
2130.3,0.97394,0.48223,NaN
2130.4,0.97499,0.49151,29.942
2130.6,0.97417,0.4842,29.943
2130.8,0.97447,0.47685,29.943
2131.2,0.97514,0.49609,29.943
2131.3,0.97516,0.49166,NaN
2131.4,0.9721,0.48501,29.943
2131.7,0.97332,0.48025,29.943
2131.8,0.97217,0.48119,29.944
2132.3,0.97408,0.47974,29.944
2132.3,0.97298,0.47991,NaN
2132.5,0.97,0.45435,29.945
2132.7,0.97206,0.45793,29.945
2132.8,0.97058,0.45195,29.946
2133.2,0.97317,0.4752,29.947
2133.3,0.97384,0.4863,29.947
2133.4,0.97499,0.49911,29.948
2133.6,0.97328,0.49341,29.949
2134.1,0.97637,0.49331,29.954
2134.1,0.97585,0.49376,NaN
2134.2,0.97565,0.49657,29.956
2134.5,0.97492,0.48505,29.956
2134.6,0.97574,0.48866,29.957
2135,0.97633,0.49377,29.959
2135.1,0.97404,0.49166,NaN
2135.3,0.97359,0.48505,29.961
2135.4,0.97324,0.48451,29.962
2135.9,0.9745,0.50207,29.964
2135.9,0.97578,0.5002,NaN
2136,0.97678,0.50028,NaN
2136.2,0.97616,0.4983,29.965
2136.4,0.97327,0.49178,29.967
2136.9,0.97626,0.50973,29.969
2136.9,0.97708,0.50941,NaN
2137,0.97668,0.51112,29.969
2137.2,0.97676,0.51212,29.97
2137.4,0.9751,0.50432,29.97
2137.9,0.97523,0.4962,29.971
2138,0.97685,0.49924,NaN
2138.1,0.97719,0.4953,NaN
2138.2,0.9744,0.48714,29.971
2138.4,0.97446,0.48504,29.971
2138.8,0.97567,0.49292,29.971
2138.8,0.97417,0.49261,NaN
2139.1,0.97328,0.48291,29.971
2139.2,0.97585,0.4858,29.972
2139.4,0.97375,0.48922,29.972
2139.8,0.9705,0.47173,29.973
2139.9,0.97207,0.46425,NaN
2140.1,0.97212,0.46065,29.973
2140.3,0.96934,0.45135,29.974
2140.4,0.96938,0.45808,29.976
2140.9,0.9755,0.49829,29.98
2140.9,0.97488,0.49837,NaN
2141.1,0.973,0.49733,29.981
2141.3,0.97492,0.49559,29.982
2141.4,0.97675,0.50201,29.983
2142,0.97443,0.48398,29.985
2142,0.97241,0.4825,NaN
2142.1,0.97327,0.48184,NaN
2142.3,0.97262,0.48871,29.985
2142.4,0.97426,0.49229,29.986
2143,0.97296,0.48444,29.989
2143,0.97487,0.48483,29.991
2143,0.9744,0.48675,NaN
2143.2,0.97465,0.49184,29.991
2143.4,0.9767,0.4906,29.992
2143.9,0.9747,0.49138,29.993
2144,0.97534,0.48954,NaN
2144,0.97482,0.48948,NaN
2144.3,0.97346,0.49337,29.994
2144.5,0.97803,0.5116,29.994
2144.9,0.97606,0.50957,29.995
2145,0.97701,0.50915,NaN
2145,0.97396,0.50538,29.995
2145.3,0.97412,0.49669,29.995
2145.4,0.97439,0.48868,29.995
2145.9,0.97316,0.46178,29.996
2146,0.9708,0.45919,NaN
2146,0.97246,0.4604,29.996
2146.2,0.97269,0.46637,29.996
2146.5,0.97168,0.46729,29.996
2146.9,0.97359,0.4781,29.996
2147,0.97418,0.47548,NaN
2147,0.97421,0.47763,NaN
2147.2,0.97451,0.48156,29.997
2147.5,0.97343,0.48144,29.997
2147.8,0.97513,0.47426,29.998
2147.9,0.97242,0.4738,NaN
2148.1,0.97279,0.45176,29.999
2148.2,0.96805,0.44062,29.999
2148.7,0.97221,0.46041,30.004
2148.8,0.97203,0.46076,NaN
2148.9,0.97173,0.46603,30.005
2149,0.9734,0.48028,30.005
2149.2,0.97276,0.4681,30.006
2149.6,0.97122,0.4725,30.008
2149.7,0.97236,0.47431,NaN
2149.8,0.97232,0.47543,30.01
2150,0.97262,0.47967,30.01
2150.2,0.97282,0.47264,30.012
2150.7,0.9749,0.49148,30.013
2150.7,0.97675,0.49193,NaN
2150.8,0.9736,0.49188,30.014
2151,0.97358,0.49126,30.015
2151.3,0.97426,0.48794,30.016
2151.7,0.97513,0.50061,30.018
2151.7,0.97563,0.50052,NaN
2151.8,0.97598,0.50391,30.018
2152,0.97458,0.50137,30.019
2152.3,0.9749,0.49652,30.019
2152.8,0.97498,0.48841,30.02
2152.8,0.97307,0.48599,NaN
2152.8,0.97295,0.4822,NaN
2153.1,0.97051,0.47222,30.02
2153.3,0.97176,0.47605,30.02
2153.4,0.97435,0.4896,30.02
2153.8,0.97255,0.4759,30.02
2153.8,0.97363,0.47389,NaN
2154,0.97344,0.4702,30.021
2154.2,0.97348,0.47412,30.021
2154.4,0.9713,0.46729,30.021
2154.9,0.96886,0.43498,30.022
2154.9,0.96747,0.43479,30.023
2155.1,0.96822,0.44311,30.023
2155.2,0.96867,0.45765,30.023
2155.8,0.97402,0.4878,30.027
2155.8,0.97389,0.48509,NaN
2155.8,0.97386,0.48397,NaN
2156.1,0.97407,0.48003,30.03
2156.2,0.97281,0.48204,30.032
2156.8,0.97233,0.4749,30.033
2156.8,0.97234,0.47655,NaN
2156.8,0.97297,0.48064,NaN
2157,0.97468,0.48938,30.034
2157.2,0.97481,0.49175,30.035
2157.4,0.97357,0.48681,30.035
2157.8,0.97426,0.49638,30.037
2157.9,0.97468,0.49789,NaN
2158,0.97587,0.50286,30.038
2158.3,0.97667,0.50381,30.04
2158.8,0.97701,0.49846,30.044
2158.8,0.9744,0.49622,NaN
2158.8,0.97376,0.4969,NaN
2159,0.97629,0.49849,30.045
2159.2,0.97758,0.51527,30.046
2159.7,0.97581,0.50777,30.047
2159.8,0.97627,0.50458,NaN
2159.8,0.97579,0.50176,30.047
2160.1,0.97522,0.50374,30.047
2160.3,0.97382,0.49733,30.047
2160.4,0.97413,0.48875,30.047
2160.9,0.97524,0.50229,30.048
2160.9,0.97505,0.50285,NaN
2161.1,0.97158,0.49648,30.048
2161.2,0.97446,0.4955,30.048
2161.5,0.97456,0.4938,30.048
2161.8,0.97529,0.48797,30.049
2161.8,0.97321,0.48873,NaN
2162.1,0.97071,0.45324,30.049
2162.2,0.96998,0.4562,30.05
2162.5,0.97089,0.45699,30.053
2162.8,0.97369,0.48502,30.055
2162.8,0.97342,0.48702,NaN
2163.1,0.97297,0.49896,30.057
2163.2,0.97396,0.50284,30.058
2163.4,0.97443,0.50064,30.059
2163.8,0.97618,0.51037,30.061
2163.8,0.97732,0.5107,NaN
2164,0.97335,0.49485,30.062
2164.2,0.97454,0.49241,30.063
2164.4,0.97372,0.49869,30.065
2164.9,0.97317,0.49014,30.067
2164.9,0.97413,0.48873,NaN
2165.1,0.97276,0.48271,30.068
2165.2,0.97385,0.49262,30.069
2165.5,0.97417,0.49812,30.069
2165.8,0.97462,0.49774,30.07
2165.8,0.97381,0.4974,30.071
2166,0.97279,0.49765,30.072
2166.2,0.97164,0.49565,30.073
2166.8,0.97586,0.50618,30.074
2166.8,0.97483,0.50739,NaN
2166.8,0.97523,0.50491,NaN
2167.1,0.9754,0.50379,30.075
2167.3,0.97296,0.50271,30.075
2167.8,0.97413,0.49133,30.076
2167.8,0.97296,0.4922,NaN
2167.8,0.97495,0.49221,NaN
2168.1,0.97149,0.48503,30.076
2168.3,0.97159,0.4818,30.076
2168.4,0.97373,0.48241,30.076
2168.8,0.97459,0.49103,30.076
2168.8,0.97427,0.49344,NaN
2169,0.97501,0.49475,30.076
2169.3,0.97248,0.48909,30.076
2169.8,0.97452,0.48961,30.078
2169.8,0.97355,0.48664,NaN
2169.9,0.97319,0.48283,NaN
2170,0.9736,0.48167,30.078
2170.3,0.97151,0.46152,30.079
2170.4,0.96904,0.45281,30.079
2170.9,0.97166,0.47047,30.08
2171,0.97243,0.47238,NaN
2171,0.97087,0.47672,NaN
2171.3,0.97273,0.48058,30.081
2171.5,0.96848,0.47643,30.082
2171.9,0.97183,0.48345,30.084
2171.9,0.97506,0.48542,NaN
2172,0.97255,0.48593,30.084
2172.2,0.9723,0.48207,30.085
2172.7,0.97438,0.48623,30.086
2172.8,0.97481,0.48793,30.087
2172.8,0.97417,0.48887,NaN
2173,0.97452,0.48533,30.087
2173.2,0.97258,0.48318,30.089
2173.6,0.9718,0.47951,30.093
2173.7,0.9723,0.4794,NaN
2173.8,0.97335,0.47915,30.094
2174,0.97184,0.49488,30.095
2174.2,0.97357,0.49416,30.095
2174.6,0.97473,0.48701,30.096
2174.7,0.97351,0.48686,NaN
2174.9,0.97192,0.48408,30.096
2175.1,0.9731,0.48255,30.096
2175.6,0.9713,0.46099,30.097
2175.6,0.96982,0.45769,NaN
2175.6,0.97077,0.46167,NaN
2175.9,0.9724,0.46432,30.097
2176,0.9697,0.46068,30.097
2176.6,0.97091,0.45565,30.098
2176.7,0.96967,0.45447,NaN
2176.7,0.96817,0.45446,NaN
2176.8,0.96905,0.4368,30.099
2177.1,0.96694,0.42798,30.099
2177.2,0.96566,0.42617,30.1
2177.6,0.96896,0.45778,30.103
2177.7,0.97099,0.46161,NaN
2177.8,0.97077,0.46915,30.105
2178.1,0.97139,0.47675,30.107
2178.2,0.97213,0.47242,30.108
2178.6,0.97295,0.48981,30.11
2178.6,0.97262,0.48687,NaN
2178.9,0.97293,0.46805,30.112
2179,0.97065,0.46895,30.113
2179.3,0.97239,0.47437,30.114
2179.6,0.96965,0.47377,30.116
2179.7,0.97115,0.47516,NaN
2179.8,0.97275,0.47381,30.117
2180,0.97276,0.48365,30.117
2180.2,0.97372,0.49273,30.118
2180.6,0.97445,0.49167,30.119
2180.7,0.97367,0.49147,NaN
2180.8,0.97471,0.49159,30.119
2181.1,0.97207,0.48549,30.119
2181.3,0.97222,0.48539,30.12
2181.7,0.97476,0.50684,30.121
2181.7,0.97635,0.50754,NaN
2181.9,0.97737,0.50402,30.121
2182.1,0.97558,0.49601,30.122
2182.2,0.97452,0.49857,30.122
2182.8,0.97241,0.4726,30.123
2182.8,0.96941,0.47131,NaN
2182.9,0.96906,0.46881,30.123
2183,0.97452,0.50264,30.124
2183.3,0.97263,0.49797,30.124
2183.8,0.97527,0.49276,30.125
2183.8,0.97143,0.49212,NaN
2183.9,0.97356,0.4901,NaN
2184,0.97379,0.48119,30.126
2184.2,0.97065,0.46922,30.127
2184.4,0.96862,0.45544,30.13
2184.8,0.97098,0.45169,30.132
2184.8,0.9721,0.45593,NaN
2185,0.97146,0.47003,30.133
2185.3,0.97246,0.48313,30.134
2185.4,0.97322,0.49111,30.135
2185.8,0.97582,0.50393,30.137
2185.9,0.97283,0.50137,NaN
2186,0.97314,0.49875,30.139
2186.2,0.97054,0.48189,30.139
2186.5,0.97146,0.48217,30.14
2186.9,0.9745,0.49174,30.143
2186.9,0.97336,0.49104,NaN
2187,0.97321,0.48366,30.144
2187.2,0.97335,0.47686,30.144
2187.5,0.97337,0.48679,30.146
2187.9,0.9722,0.49129,30.148
2187.9,0.97266,0.49021,NaN
2188,0.97207,0.48983,30.148
2188.3,0.9752,0.48858,30.149
2188.4,0.97506,0.48595,30.15
2188.9,0.9752,0.49992,30.151
2189,0.97409,0.50079,NaN
2189,0.97588,0.50087,30.152
2189.2,0.97392,0.49663,30.152
2189.4,0.9735,0.4886,30.152
2189.9,0.97474,0.49338,30.152
2189.9,0.9737,0.48917,NaN
2190,0.97286,0.48595,30.152
2190.3,0.97223,0.47464,30.152
2190.4,0.97402,0.48214,30.152
2190.9,0.97266,0.48301,30.153
2191,0.97309,0.48153,NaN
2191.1,0.9744,0.48049,30.153
2191.2,0.97376,0.48581,30.153
2191.5,0.9736,0.48084,30.154
2191.9,0.96888,0.43796,30.155
2191.9,0.96736,0.43966,NaN
2192.1,0.97036,0.44384,30.155
2192.2,0.96679,0.4369,30.156
2192.4,0.97054,0.44497,30.156
2192.9,0.9712,0.47743,30.158
2192.9,0.97181,0.4772,NaN
2193,0.9713,0.47955,30.159
2193.3,0.9696,0.48406,30.159
2193.5,0.97241,0.49333,30.16
2193.9,0.97263,0.48517,30.161
2193.9,0.97101,0.48574,NaN
2194,0.97508,0.49279,30.162
2194.2,0.97317,0.4903,30.163
2194.4,0.97391,0.4854,30.164
2194.9,0.97426,0.4897,30.169
2194.9,0.97475,0.49076,NaN
2195,0.97379,0.48781,30.171
2195.2,0.97307,0.48883,30.171
2195.4,0.97402,0.48737,30.172
2195.6,0.97228,0.48485,30.173
2196,0.97133,0.48625,30.174
2196.1,0.97128,0.48559,NaN
2196.2,0.97524,0.51898,30.175
2196.4,0.97646,0.52041,30.175
2196.9,0.97653,0.51401,30.175
2196.9,0.97506,0.51205,30.175
2197,0.97443,0.501,30.175
2197.2,0.97126,0.47102,30.175
2197.4,0.96953,0.45998,30.175
2197.8,0.96663,0.434,30.176
2197.9,0.96874,0.43771,NaN
2198.1,0.9704,0.45506,30.176
2198.2,0.97123,0.46098,30.176
2198.4,0.96913,0.46121,30.176
2198.8,0.9708,0.46175,30.176
2198.9,0.96781,0.45951,NaN
2199,0.96931,0.45372,30.177
2199.2,0.96925,0.44577,30.177
2199.8,0.96611,0.40981,30.182
2199.8,0.96274,0.40602,NaN
2199.9,0.96373,0.40772,NaN
2200,0.96965,0.44922,30.183
2200.2,0.97024,0.46563,30.183
2200.7,0.97269,0.48129,30.184
2200.7,0.97281,0.4826,NaN
2200.8,0.97072,0.48018,30.185
2201.1,0.97065,0.46763,30.185
2201.2,0.97101,0.4638,30.186
2201.6,0.97357,0.47897,30.187
2201.7,0.97123,0.47951,NaN
2201.8,0.97249,0.47334,30.188
2202.1,0.9697,0.47226,30.188
2202.2,0.97222,0.48063,30.189
2202.7,0.97246,0.49166,30.195
2202.7,0.97427,0.49003,NaN
2202.8,0.97395,0.48906,30.197
2203,0.97301,0.48691,30.197
2203.3,0.97178,0.48153,30.198
2203.7,0.97411,0.50104,30.2
2203.8,0.97261,0.5021,NaN
2203.9,0.9729,0.50021,30.201
2204,0.97421,0.497,30.201
2204.3,0.97351,0.48988,30.202
2204.5,0.9734,0.49955,30.202
2204.9,0.97382,0.49099,30.202
2204.9,0.9721,0.49031,NaN
2205.1,0.97143,0.4771,30.203
2205.2,0.97279,0.49463,30.203
2205.5,0.97256,0.49251,30.203
2205.6,0.97182,0.48985,30.203
2206,0.97271,0.4906,30.203
2206.1,0.97204,0.49009,NaN
2206.2,0.97391,0.47652,30.204
2206.4,0.97239,0.46623,30.204
2207,0.96867,0.44247,30.205
2207,0.96828,0.44588,NaN
2207,0.9674,0.44835,NaN
2207.2,0.97054,0.4707,30.206
2207.5,0.97219,0.48446,30.207
2207.9,0.97193,0.48769,30.209
2208,0.97504,0.49023,30.209
2208,0.97462,0.49769,NaN
2208.2,0.97401,0.50133,30.21
2208.4,0.97258,0.48971,30.211
2208.9,0.97411,0.49538,30.212
2208.9,0.97572,0.49587,NaN
2209,0.9755,0.50069,30.213
2209.2,0.97301,0.49212,30.215
2209.8,0.97499,0.50506,30.222
2209.8,0.97348,0.50415,NaN
2209.8,0.97281,0.50573,NaN
2210,0.97437,0.50538,30.223
2210.2,0.9747,0.50363,30.224
2210.7,0.97377,0.49631,30.227
2210.7,0.97258,0.49569,NaN
2210.9,0.97227,0.49217,30.228
2211.1,0.97648,0.50707,30.228
2211.2,0.9743,0.50875,30.229
2211.6,0.97273,0.50027,30.23
2211.6,0.97367,0.49846,NaN
2211.9,0.97466,0.50439,30.23
2212,0.97494,0.50053,30.23
2212.2,0.97443,0.50071,30.231
2212.6,0.97181,0.50048,30.231
2212.7,0.97524,0.50957,30.231
2212.9,0.97314,0.50847,30.231
2213,0.97539,0.50077,30.231
2213.5,0.97539,0.49959,30.232
2213.5,0.97343,0.49633,NaN
2213.6,0.97286,0.49223,30.232
2213.9,0.9722,0.47719,30.232
2214,0.9676,0.45553,30.233
2214.2,0.96836,0.45951,30.233
2214.7,0.97071,0.48179,30.234
2214.7,0.97293,0.48446,NaN
2214.8,0.9723,0.49068,30.235
2215,0.97142,0.49826,30.236
2215.2,0.97376,0.49761,30.236
2215.6,0.97508,0.51448,30.238
2215.7,0.97447,0.5166,NaN
2215.8,0.97418,0.50865,30.238
2216,0.97256,0.5,30.239
2216.2,0.97517,0.49963,30.244
2216.6,0.97378,0.49825,30.246
2216.7,0.97282,0.49733,NaN
2216.9,0.97183,0.49059,30.248
2217,0.97249,0.48728,30.249
2217.2,0.97325,0.49481,30.25
2217.6,0.97389,0.49424,30.252
2217.6,0.97423,0.49376,NaN
2217.9,0.97265,0.49588,30.253
2218,0.97431,0.49331,30.254
2218.2,0.9727,0.49321,30.255
2218.6,0.97554,0.51601,30.256
2218.6,0.97583,0.5172,NaN
2218.9,0.97635,0.51623,30.256
2219,0.97415,0.51235,30.256
2219.4,0.97296,0.4888,30.256
2219.4,0.97421,0.48877,NaN
2219.7,0.97338,0.48521,30.256
2219.8,0.97042,0.47485,30.256
2220.3,0.97181,0.46621,30.256
2220.4,0.96985,0.4651,NaN
2220.4,0.96876,0.46768,30.256
2220.6,0.97319,0.48174,30.256
2220.8,0.97209,0.48926,30.257
2221.3,0.97104,0.48694,30.257
2221.4,0.97247,0.48632,NaN
2221.4,0.97161,0.48595,NaN
2221.6,0.97256,0.48422,30.258
2221.8,0.97208,0.4777,30.258
2222.2,0.96865,0.45709,30.259
2222.2,0.96814,0.45286,NaN
2222.4,0.96957,0.45198,30.259
2222.6,0.96757,0.44256,30.26
2223.1,0.9721,0.47781,30.261
2223.1,0.97175,0.47912,NaN
2223.2,0.97339,0.48221,30.262
2223.4,0.97296,0.48574,30.262
2223.7,0.97191,0.47271,30.263
2224,0.97167,0.47472,30.264
2224,0.97153,0.4736,NaN
2224.3,0.9709,0.47645,30.265
2224.4,0.97267,0.47697,30.268
2224.9,0.97335,0.48342,30.272
2225,0.97102,0.48383,NaN
2225,0.97327,0.48124,NaN
2225.3,0.97192,0.48343,30.274
2225.4,0.97197,0.48533,30.275
2225.9,0.97279,0.48155,30.277
2226,0.97237,0.48175,NaN
2226,0.97307,0.4792,NaN
2226.2,0.97195,0.48093,30.278
2226.5,0.97223,0.48265,30.278
2226.9,0.97088,0.4821,30.279
2227,0.97158,0.48167,NaN
2227,0.9725,0.48199,30.279
2227.3,0.97397,0.48105,30.279
2227.4,0.97308,0.48223,30.279
2227.8,0.9713,0.47808,30.279
2227.9,0.9722,0.47982,NaN
2228.1,0.97195,0.48182,30.28
2228.2,0.97164,0.48602,30.28
2228.4,0.97114,0.48779,30.28
2228.8,0.97334,0.48562,30.28
2228.8,0.97182,0.48767,30.28
2229.1,0.97451,0.48815,30.28
2229.3,0.97549,0.50245,30.28
2229.4,0.97553,0.49648,30.281
2229.8,0.97108,0.48293,30.281
2229.9,0.97409,0.4828,NaN
2230,0.97067,0.474,30.281
2230.2,0.97024,0.46429,30.282
2230.4,0.96734,0.45464,30.282
2230.9,0.9668,0.43072,30.283
2230.9,0.96591,0.42853,NaN
2231.1,0.96459,0.41172,30.283
2231.2,0.96374,0.41733,30.284
2231.5,0.96536,0.43474,30.284
2231.6,0.96798,0.44838,30.285
2232,0.97085,0.46752,30.286
2232.1,0.9706,0.46983,NaN
2232.2,0.97193,0.47368,30.287
2232.4,0.96895,0.46667,30.288
2232.6,0.97084,0.4748,30.288
2233,0.97062,0.48656,30.29
2233.1,0.9711,0.48493,NaN
2233.2,0.97143,0.47559,30.293
2233.4,0.97161,0.4835,30.296
2233.9,0.97183,0.47653,30.299
2233.9,0.9739,0.47796,NaN
2234.1,0.97006,0.47581,30.301
2234.2,0.97109,0.48077,30.302
2234.5,0.97185,0.48764,30.303
2234.9,0.97178,0.49233,30.306
2234.9,0.97323,0.492,NaN
2235.1,0.97018,0.49144,30.306
2235.3,0.97326,0.48947,30.307
2235.4,0.97026,0.48524,30.308
2236,0.97091,0.49567,30.309
2236,0.97332,0.4956,NaN
2236,0.97353,0.49457,NaN
2236.3,0.97499,0.48708,30.31
2236.4,0.97262,0.49501,30.31
2236.9,0.97271,0.49284,30.311
2236.9,0.97316,0.4926,NaN
2237,0.97262,0.48904,30.311
2237.3,0.9741,0.50033,30.311
2237.4,0.97313,0.50254,30.311
2237.8,0.9734,0.48937,30.313
2237.9,0.97255,0.49005,NaN
2238,0.97424,0.4977,30.313
2238.2,0.97152,0.48751,30.314
2238.5,0.97103,0.47423,30.315
2238.9,0.96999,0.45236,30.317
2238.9,0.9697,0.4514,NaN
2239,0.96774,0.45945,30.318
2239.2,0.97086,0.47409,30.318
2239.4,0.97272,0.48796,30.318
2239.8,0.97128,0.48421,30.319
2239.9,0.97165,0.48271,NaN
2240,0.97173,0.48117,30.32
2240.2,0.97313,0.49066,30.32
2240.8,0.97083,0.48125,30.322
2240.8,0.97189,0.48112,NaN
2240.8,0.97193,0.48142,30.322
2241,0.96998,0.48977,30.323
2241.2,0.97097,0.48229,30.323
2241.4,0.97175,0.47458,30.324
2241.8,0.97033,0.47531,30.325
2241.8,0.97027,0.4766,NaN
2242,0.97231,0.47996,30.326
2242.2,0.97037,0.47985,30.327
2242.7,0.97096,0.47705,30.329
2242.7,0.971,0.47658,NaN
2242.8,0.97117,0.47671,NaN
2243.1,0.97391,0.4937,30.334
2243.3,0.97533,0.49806,30.335
2243.7,0.97316,0.49313,30.336
2243.7,0.974,0.49348,NaN
2243.8,0.97411,0.49026,30.336
2244,0.97075,0.47686,30.336
2244.2,0.96918,0.46862,30.337
2244.6,0.96759,0.45241,30.337
2244.7,0.96868,0.45279,NaN
2244.8,0.96811,0.44944,30.337
2245,0.96917,0.45337,30.337
2245.2,0.96906,0.4637,30.337
2245.6,0.97195,0.48191,30.337
2245.7,0.9715,0.48189,30.337
2245.8,0.97102,0.4766,30.337
2246.1,0.97138,0.47616,30.338
2246.6,0.96999,0.46508,30.338
2246.6,0.97157,0.46659,NaN
2246.7,0.97193,0.46422,NaN
2246.8,0.96789,0.44535,30.339
2247.1,0.96932,0.44644,30.34
2247.5,0.9676,0.46034,30.341
2247.6,0.96929,0.46048,NaN
2247.6,0.97009,0.46441,NaN
2247.8,0.96952,0.46603,30.344
2248.1,0.96885,0.47333,30.346
2248.6,0.97155,0.47359,30.348
2248.6,0.97179,0.47151,NaN
2248.7,0.96856,0.46861,NaN
2248.8,0.97111,0.4657,30.35
2249,0.97059,0.46695,30.351
2249.3,0.97148,0.47144,30.352
2249.6,0.97092,0.4768,30.354
2249.7,0.97156,0.47578,NaN
2249.8,0.97054,0.47092,30.355
2250.1,0.97027,0.47177,30.355
2250.3,0.97119,0.46907,30.355
2250.6,0.97174,0.48324,30.356
2250.7,0.97048,0.48229,30.357
2250.9,0.97069,0.48233,30.357
2251,0.97252,0.47736,30.357
2251.7,0.97197,0.46997,30.358
2251.7,0.96936,0.4699,NaN
2251.7,0.96922,0.46768,NaN
2251.8,0.97002,0.46637,NaN
2252.1,0.97025,0.47361,30.358
2252.2,0.97186,0.48339,30.358
2252.7,0.96999,0.46399,30.359
2252.7,0.96877,0.46333,30.359
2252.8,0.97071,0.46732,30.36
2253,0.96947,0.4497,30.36
2253.5,0.967,0.42427,30.361
2253.6,0.96691,0.42169,NaN
2253.6,0.96381,0.41976,NaN
2253.9,0.9696,0.44259,30.362
2254,0.9672,0.45276,30.363
2254.6,0.97033,0.46186,30.364
2254.6,0.97041,0.46273,NaN
2254.7,0.97005,0.4594,30.365
2254.8,0.96863,0.46582,30.366
2255,0.97076,0.48076,30.367
2255.2,0.9722,0.48253,30.371
2255.6,0.97262,0.48074,30.374
2255.7,0.97106,0.48118,NaN
2255.8,0.9717,0.48793,30.375
2256,0.97088,0.48113,30.376
2256.5,0.97141,0.48261,30.379
2256.5,0.97163,0.48346,NaN
2256.7,0.97242,0.4862,NaN
2256.9,0.96957,0.4896,30.381
2257.1,0.97125,0.49053,30.382
2257.4,0.97061,0.48605,30.383
2257.5,0.97133,0.48663,30.384
2257.6,0.97105,0.48218,30.384
2257.9,0.97359,0.49373,30.385
2258.1,0.97222,0.49629,30.386
2258.5,0.97126,0.48857,30.386
2258.5,0.97199,0.4893,NaN
2258.6,0.97293,0.49051,30.387
2258.8,0.97238,0.49509,30.387
2259,0.97199,0.49129,30.387
2259.5,0.97444,0.5091,30.387
2259.6,0.97343,0.50941,NaN
2259.6,0.97359,0.50606,NaN
2259.9,0.97471,0.50006,30.388
2260.1,0.97185,0.49282,30.388
2260.5,0.97224,0.48198,30.389
2260.6,0.97057,0.47969,NaN
2260.7,0.97178,0.47168,30.389
2260.8,0.96853,0.43946,30.389
2261.1,0.9668,0.44625,30.39
2261.5,0.97114,0.48059,30.391
2261.6,0.97134,0.48297,NaN
2261.6,0.97195,0.48642,30.392
2261.9,0.97091,0.49208,30.393
2262,0.97189,0.48267,30.396
2262.5,0.97073,0.49828,30.4
2262.5,0.97367,0.49902,NaN
2262.6,0.97287,0.49545,30.4
2262.8,0.97044,0.48225,30.401
2263,0.97321,0.4883,30.401
2263.4,0.97191,0.49161,30.402
2263.4,0.97318,0.48645,NaN
2263.6,0.97169,0.47311,30.403
2263.9,0.96994,0.47236,30.404
2264.4,0.97207,0.48442,30.409
2264.4,0.97325,0.48541,NaN
2264.5,0.97222,0.48422,NaN
2264.6,0.97351,0.48364,30.41
2264.9,0.96988,0.48234,30.411
2265,0.97066,0.4801,30.412
2265.5,0.97246,0.49453,30.414
2265.5,0.97218,0.49576,NaN
2265.7,0.97331,0.49263,30.414
2265.9,0.97323,0.4887,30.415
2266.1,0.96983,0.47424,30.415
2266.5,0.96777,0.46994,30.415
2266.6,0.97067,0.47082,NaN
2266.6,0.97131,0.46929,30.415
2266.8,0.96765,0.47552,30.415
2267.1,0.97273,0.47578,30.415
2267.5,0.97167,0.48613,30.416
2267.5,0.97204,0.49103,NaN
2267.6,0.97414,0.49344,30.416
2267.8,0.97339,0.48955,30.416
2268,0.97192,0.48404,30.416
2268.5,0.96557,0.4667,30.418
2268.5,0.9675,0.46084,NaN
2268.6,0.96529,0.44426,30.42
2268.8,0.96962,0.43935,30.421
2269,0.96751,0.43751,30.422
2269.4,0.97024,0.47011,30.424
2269.5,0.97095,0.47227,NaN
2269.7,0.9743,0.48174,30.424
2269.8,0.9731,0.4822,30.425
2270.4,0.97149,0.47958,30.427
2270.4,0.97029,0.47865,NaN
2270.5,0.97083,0.47787,NaN
2270.6,0.97257,0.48365,30.429
2270.8,0.97216,0.48337,30.429
2271,0.97237,0.4781,30.43
2271.5,0.97128,0.48306,30.431
2271.6,0.9706,0.48341,30.433
2271.6,0.97177,0.48178,NaN
2271.8,0.97113,0.48174,30.433
2272,0.97075,0.47985,30.434
2272.4,0.97132,0.47792,30.435
2272.5,0.97061,0.47651,NaN
2272.6,0.97187,0.48742,30.435
2272.8,0.97237,0.49119,30.436
2273,0.97208,0.48757,30.436
2273.5,0.97054,0.47333,30.437
2273.6,0.97079,0.4735,30.437
2273.7,0.96972,0.47093,NaN
2273.8,0.9724,0.46251,30.437
2274,0.96739,0.45371,30.437
2274.6,0.96932,0.46534,30.437
2274.6,0.96972,0.46577,NaN
2274.6,0.96947,0.46512,NaN
2274.8,0.97243,0.46735,30.437
2275,0.9723,0.46394,30.438
2275.2,0.96987,0.45955,30.438
2275.7,0.96685,0.42532,30.439
2275.7,0.96573,0.42801,NaN
2275.8,0.96415,0.43445,30.439
2276,0.968,0.44705,30.439
2276.3,0.96914,0.45421,30.44
2276.7,0.97015,0.46372,30.442
2276.7,0.97038,0.46285,NaN
2276.8,0.97007,0.46198,30.443
2277,0.96956,0.46825,30.444
2277.2,0.9722,0.48202,30.448
2277.7,0.97157,0.47664,30.45
2277.8,0.97132,0.47951,NaN
2277.8,0.97273,0.4826,30.452
2278,0.97308,0.48673,30.453
2278.3,0.97277,0.48051,30.454
2278.6,0.97039,0.47017,30.456
2278.6,0.97155,0.47221,NaN
2278.8,0.97174,0.4846,30.457
2279.1,0.97406,0.48968,30.458
2279.2,0.97344,0.48849,30.459
2279.8,0.97254,0.48372,30.462
2279.8,0.971,0.48429,NaN
2279.8,0.97366,0.48275,NaN
2280,0.97488,0.49047,30.462
2280.2,0.97373,0.49108,30.463
2280.8,0.97166,0.48216,30.464
2280.8,0.97106,0.48322,NaN
2280.8,0.97206,0.48638,30.464
2281,0.97222,0.48823,30.464
2281.2,0.97121,0.48554,30.465
2281.8,0.97377,0.50307,30.465
2281.8,0.9736,0.50599,NaN
2281.9,0.97449,0.50552,NaN
2282,0.97126,0.49609,30.465
2282.3,0.97092,0.48741,30.465
2282.8,0.9721,0.4869,30.466
2282.8,0.97314,0.48678,NaN
2282.8,0.97188,0.48537,NaN
2283,0.97316,0.48047,30.467
2283.2,0.97141,0.47359,30.467
2283.7,0.96862,0.44357,30.469
2283.8,0.96898,0.44226,NaN
2283.8,0.96878,0.44032,NaN
2284,0.96879,0.43879,30.472
2284.3,0.96965,0.4391,30.473
2284.8,0.96714,0.43731,30.474
2284.8,0.96765,0.43945,30.475
2284.8,0.96905,0.44059,NaN
2285.1,0.9689,0.4616,30.475
2285.2,0.9708,0.47503,30.476
2285.8,0.97367,0.49281,30.476
2285.8,0.97217,0.49265,NaN
2285.9,0.97504,0.49267,NaN
2286,0.97274,0.49328,30.477
2286.3,0.97255,0.49025,30.477
2286.7,0.97327,0.49519,30.477
2286.7,0.97402,0.49782,NaN
2286.8,0.97386,0.49495,30.478
2287,0.97323,0.47988,30.478
2287.2,0.96948,0.47057,30.478
2287.7,0.96995,0.45798,30.479
2287.8,0.96924,0.4631,NaN
2287.8,0.97102,0.46628,30.48
2288.1,0.97167,0.47168,30.48
2288.3,0.97058,0.46617,30.482
2288.4,0.97066,0.46841,30.485
2288.9,0.97107,0.4814,30.488
2288.9,0.97247,0.48165,NaN
2289,0.97338,0.48052,NaN
2289.3,0.9727,0.47918,30.49
2289.5,0.9705,0.4789,30.491
2289.9,0.973,0.48836,30.493
2289.9,0.97335,0.48885,30.494
2290.1,0.97406,0.49124,30.494
2290.3,0.97441,0.49111,30.494
2290.4,0.97284,0.48716,30.494
2291,0.97416,0.49174,30.495
2291,0.97281,0.49107,NaN
2291,0.9743,0.48893,NaN
2291.3,0.97164,0.47945,30.495
2291.4,0.97184,0.47963,30.495
2291.8,0.97259,0.4949,30.495
2291.9,0.97325,0.49461,NaN
2292,0.97272,0.49397,30.495
2292.3,0.97288,0.49534,30.496
2292.4,0.97466,0.49486,30.496
2292.8,0.97451,0.49044,30.497
2292.9,0.97377,0.49666,NaN
2293,0.97249,0.49141,30.497
2293.2,0.97122,0.47753,30.497
2293.4,0.96917,0.46546,30.498
2294,0.96922,0.46433,30.499
2294,0.97031,0.46678,NaN
2294,0.96989,0.47255,NaN
2294.2,0.97292,0.48386,30.5
2294.5,0.97354,0.48979,30.501
2294.6,0.97227,0.48642,30.502
2295,0.97249,0.48249,30.503
2295,0.97259,0.48042,NaN
2295.3,0.973,0.47736,30.504
2295.5,0.97086,0.48331,30.504
2295.6,0.97321,0.48023,30.505
2296.1,0.97249,0.47894,30.509
2296.1,0.97247,0.47821,NaN
2296.2,0.97286,0.48111,30.511
2296.4,0.97609,0.47926,30.512
2296.6,0.97351,0.47912,30.513
2296.8,0.96999,0.47755,30.514
2297.2,0.97074,0.47441,30.515
2297.2,0.97259,0.47742,NaN
2297.5,0.9765,0.49466,30.516
2297.6,0.97262,0.49183,30.516
2297.9,0.97361,0.48544,30.516
2298.3,0.9703,0.46847,30.516
2298.3,0.97084,0.46681,NaN
2298.5,0.96953,0.46254,30.517
2298.7,0.96814,0.45041,30.517
2298.8,0.96932,0.45691,30.517
2299.4,0.97131,0.46454,30.517
2299.5,0.97107,0.46636,NaN
2299.5,0.97135,0.4689,30.517
2299.7,0.9714,0.47283,30.517
2299.9,0.97161,0.46726,30.517
2300,0.97151,0.46179,30.518
2300.4,0.96695,0.42706,30.519
2300.5,0.96559,0.42486,NaN
2300.6,0.96588,0.4394,30.52
2300.8,0.96765,0.44792,30.523
2301,0.97023,0.45563,30.524
2301.4,0.97028,0.46716,30.526
2301.5,0.97104,0.46275,30.527
2301.6,0.97109,0.46098,30.527
2301.8,0.9708,0.46899,30.529
2302.3,0.96983,0.46604,30.531
2302.4,0.97141,0.46666,NaN
2302.5,0.97369,0.47002,NaN
2302.7,0.97271,0.48097,30.532
2302.8,0.97128,0.475,30.534
2303.3,0.96784,0.46112,30.536
2303.3,0.97064,0.4618,NaN
2303.4,0.97079,0.46963,30.537
2303.6,0.97168,0.47614,30.538
2303.9,0.97058,0.47555,30.539
2304.3,0.97234,0.47023,30.541
2304.3,0.97069,0.46853,30.541
2304.4,0.97168,0.46926,30.542
2304.6,0.97096,0.46865,30.542
2304.8,0.97229,0.48214,30.542
2305,0.97113,0.47759,30.543
2305.5,0.97052,0.46751,30.544
2305.5,0.97048,0.47059,NaN
2305.6,0.97186,0.47349,30.544
2305.9,0.96942,0.46715,30.544
2306,0.97042,0.46691,30.544
2306.6,0.97324,0.48499,30.545
2306.6,0.97453,0.48597,30.545
2306.7,0.97222,0.48662,NaN
2306.9,0.97227,0.48188,30.545
2307,0.9731,0.47747,30.545
2307.2,0.97167,0.48161,30.545
2307.4,0.97119,0.47187,30.546
2307.9,0.96888,0.43354,30.547
2307.9,0.96912,0.43999,NaN
2308,0.96892,0.45535,30.547
2308.3,0.97013,0.45776,30.548
2308.4,0.97308,0.46348,30.548
2308.9,0.97211,0.46965,30.55
2308.9,0.9711,0.46775,NaN
2309,0.97134,0.46966,30.551
2309.3,0.97141,0.48048,30.552
2309.4,0.97193,0.49361,30.552
2310,0.974,0.48804,30.554
2310,0.97314,0.49225,NaN
2310,0.97304,0.49264,NaN
2310.2,0.97411,0.49521,30.555
2310.4,0.97247,0.48189,30.557
2310.9,0.97433,0.48783,30.564
2311,0.97187,0.4867,NaN
2311.1,0.97408,0.49121,30.565
2311.2,0.97318,0.49072,30.565
2311.4,0.97315,0.48766,30.566
2311.9,0.97317,0.48438,30.57
2312,0.97287,0.48556,NaN
2312,0.97225,0.48512,NaN
2312.2,0.97465,0.49962,30.571
2312.5,0.97429,0.49979,30.571
2313,0.9741,0.4919,30.572
2313,0.97544,0.49483,30.572
2313.1,0.97299,0.49602,NaN
2313.2,0.97499,0.4897,30.572
2313.5,0.97189,0.48257,30.572
2313.6,0.97405,0.4817,30.573
2314,0.97483,0.50241,30.573
2314.1,0.97429,0.50131,NaN
2314.2,0.97351,0.49971,30.573
2314.4,0.9746,0.49862,30.573
2314.9,0.97349,0.49951,30.574
2315,0.97258,0.49737,NaN
2315,0.97265,0.49491,NaN
2315.2,0.97096,0.46914,30.575
2315.5,0.97225,0.46479,30.575
2316,0.97083,0.49323,30.576
2316,0.97337,0.49711,NaN
2316,0.97545,0.49832,NaN
2316.2,0.97259,0.49555,30.577
2316.4,0.9719,0.49032,30.578
2317,0.9718,0.48829,30.58
2317,0.97416,0.48621,NaN
2317,0.97252,0.48665,NaN
2317.2,0.97512,0.4877,30.581
2317.4,0.97269,0.48671,30.582
2317.9,0.97429,0.49716,30.588
2317.9,0.97439,0.49637,NaN
2318,0.9732,0.49414,30.589
2318.3,0.97497,0.49741,30.59
2318.4,0.97407,0.4946,30.591
2318.9,0.97243,0.4908,30.592
2318.9,0.9739,0.4909,NaN
2319,0.97281,0.48964,30.593
2319.3,0.97474,0.48617,30.593
2319.4,0.97305,0.48619,30.593
2319.9,0.97167,0.48408,30.594
2319.9,0.97201,0.4824,30.594
2320.1,0.97313,0.48004,30.594
2320.3,0.97308,0.48146,30.594
2320.4,0.97246,0.48265,30.595
2321,0.97345,0.48308,30.596
2321,0.97202,0.48347,NaN
2321,0.97402,0.48246,NaN
2321.2,0.97151,0.48156,30.596
2321.4,0.97345,0.47965,30.596
2321.6,0.9744,0.4783,30.596
2322,0.97574,0.49322,30.597
2322.1,0.97285,0.49233,NaN
2322.2,0.97403,0.49241,30.597
2322.5,0.97229,0.48788,30.597
2322.7,0.97217,0.47815,30.597
2323.1,0.97096,0.47725,30.597
2323.2,0.97086,0.47434,NaN
2323.2,0.96924,0.47155,NaN
2323.4,0.97206,0.4651,30.597
2323.6,0.97281,0.47388,30.597
2324,0.97158,0.4707,30.597
2324.1,0.97003,0.47012,NaN
2324.2,0.97143,0.4742,30.597
2324.4,0.97126,0.47629,30.597
2324.7,0.97072,0.4729,30.598
2325,0.97028,0.46436,30.598
2325.1,0.96999,0.46561,NaN
2325.2,0.97024,0.45981,30.599
2325.4,0.96868,0.45268,30.599
2325.7,0.96865,0.44647,30.6
2326.1,0.96771,0.43825,30.601
2326.2,0.96949,0.43602,NaN
2326.2,0.96841,0.43648,NaN
2326.5,0.96958,0.4389,30.602
2326.6,0.96774,0.44067,30.603
2327.2,0.96859,0.44919,30.604
2327.2,0.9698,0.45107,NaN
2327.2,0.96868,0.45183,30.605
2327.4,0.97156,0.46398,30.605
2327.6,0.97225,0.48865,30.605
2328.1,0.97057,0.46868,30.606
2328.1,0.97033,0.46754,NaN
2328.2,0.97127,0.46891,30.607
2328.4,0.97102,0.46822,30.607
2328.6,0.97224,0.46861,30.608
2329.1,0.9712,0.44966,30.612
2329.2,0.97131,0.44855,NaN
2329.2,0.96953,0.44293,NaN
2329.5,0.96649,0.42453,30.614
2329.6,0.9649,0.42569,30.614
2330,0.97142,0.46677,30.617
2330.1,0.97115,0.46608,NaN
2330.2,0.96856,0.45944,30.618
2330.4,0.97022,0.46089,30.619
2330.7,0.96779,0.46694,30.62
2331.1,0.97139,0.46656,30.622
2331.2,0.97183,0.46653,NaN
2331.2,0.97143,0.4656,30.623
2331.4,0.97197,0.46187,30.624
2331.6,0.97114,0.46258,30.624
2331.8,0.97206,0.46873,30.625
2332.2,0.97259,0.47259,30.626
2332.3,0.97337,0.47481,NaN
2332.4,0.97155,0.46519,30.627
2332.6,0.97184,0.45502,30.627
2332.8,0.97089,0.46644,30.627
2333.2,0.97044,0.45626,30.627
2333.3,0.97132,0.455,NaN
2333.4,0.97007,0.45962,30.627
2333.7,0.973,0.47395,30.628
2333.8,0.97189,0.47603,30.628
2334.2,0.97154,0.46848,30.628
2334.3,0.97067,0.47049,NaN
2334.4,0.97278,0.47392,30.628
2334.6,0.96936,0.46001,30.629
2334.8,0.96739,0.42567,30.629
2335.3,0.97058,0.4518,30.63
2335.3,0.97035,0.45327,NaN
2335.4,0.97156,0.45119,30.631
2335.7,0.96956,0.45548,30.631
2335.8,0.97081,0.46342,30.632
2336.3,0.97107,0.46042,30.637
2336.3,0.96907,0.46197,30.639
2336.5,0.97084,0.46721,30.639
2336.7,0.973,0.4789,30.64
2336.8,0.97333,0.46767,30.641
2337.3,0.97237,0.48775,30.644
2337.4,0.97498,0.48676,NaN
2337.4,0.97339,0.48775,NaN
2337.6,0.97191,0.48233,30.646
2337.9,0.97383,0.47837,30.646
2338.1,0.97116,0.4853,30.648
2338.5,0.97401,0.48384,30.65
2338.6,0.97125,0.48429,NaN
2338.7,0.97111,0.48344,30.651
2338.9,0.97167,0.48162,30.651
2339,0.97206,0.47959,30.652
2339.6,0.97383,0.49654,30.654
2339.6,0.97421,0.49775,NaN
2339.6,0.97546,0.49644,NaN
2339.9,0.97059,0.49339,30.654
2340.1,0.97293,0.47866,30.655
2340.5,0.9712,0.47477,30.655
2340.5,0.96855,0.47356,NaN
2340.7,0.97239,0.46882,30.655
2340.8,0.97223,0.46916,30.655
2341,0.97193,0.48507,30.655
2341.4,0.97267,0.48303,30.655
2341.4,0.97271,0.4854,30.656
2341.6,0.9729,0.48478,30.656
2341.8,0.97324,0.4827,30.656
2342.4,0.97089,0.47631,30.657
2342.4,0.97142,0.47273,NaN
2342.5,0.97217,0.47165,NaN
2342.7,0.96958,0.45308,30.657
2342.8,0.96674,0.44545,30.658
2343.1,0.96585,0.43484,30.659
2343.5,0.96947,0.45378,30.663
2343.5,0.96803,0.45328,30.664
2343.7,0.96877,0.45713,30.664
2343.8,0.968,0.45461,30.665
2344,0.96781,0.44916,30.666
2344.6,0.96675,0.43783,30.668
2344.6,0.96864,0.43889,NaN
2344.6,0.9679,0.43822,NaN
2344.9,0.96736,0.4354,30.669
2345.1,0.96886,0.43592,30.67
2345.2,0.96859,0.43511,30.671
2345.7,0.96623,0.43449,30.672
2345.7,0.9669,0.43464,30.673
2345.8,0.9688,0.43487,30.673
2346,0.9696,0.43472,30.674
2346.3,0.96803,0.43426,30.675
2346.8,0.96905,0.44843,30.676
2346.8,0.96858,0.45002,NaN
2346.8,0.97096,0.45213,NaN
2347.1,0.97117,0.45105,30.676
2347.2,0.96876,0.44523,30.677
2347.4,0.96923,0.43233,30.677
2347.9,0.96755,0.42731,30.677
2347.9,0.96368,0.42375,NaN
2348.1,0.96372,0.41658,30.677
2348.3,0.96405,0.41832,30.677
2348.4,0.96586,0.43115,30.677
2348.6,0.96341,0.4212,30.677
2349.1,0.96614,0.42656,30.677
2349.1,0.96532,0.42864,NaN
2349.2,0.96949,0.43764,30.677
2349.5,0.96667,0.43052,30.678
2349.6,0.96703,0.42336,30.678
2350.2,0.96375,0.41545,30.679
2350.2,0.96571,0.4185,NaN
2350.2,0.96651,0.42125,NaN
2350.5,0.96673,0.42552,30.68
2350.6,0.96828,0.43787,30.681
2350.8,0.96566,0.43496,30.681
2351.2,0.96765,0.44383,30.683
2351.3,0.96843,0.44676,NaN
2351.4,0.96971,0.44889,30.685
2351.6,0.96653,0.43543,30.688
2352.2,0.96824,0.45575,30.692
2352.2,0.96966,0.45527,NaN
2352.2,0.96785,0.45304,NaN
2352.5,0.96756,0.43959,30.693
2352.6,0.96685,0.44127,30.695
2352.9,0.96601,0.44731,30.696
2353.3,0.96832,0.45042,30.699
2353.3,0.96713,0.45016,NaN
2353.5,0.96866,0.4492,30.7
2353.6,0.96796,0.44759,30.7
2353.9,0.96698,0.44485,30.701
2354.3,0.97213,0.45806,30.703
2354.4,0.97197,0.45762,NaN
2354.4,0.97026,0.45904,NaN
2354.6,0.9683,0.45048,30.703
2354.8,0.96684,0.43435,30.703
2355,0.96841,0.44456,30.704
2355.5,0.96775,0.43095,30.704
2355.5,0.96813,0.43046,NaN
2355.6,0.96578,0.43206,30.704
2355.8,0.96851,0.45008,30.704
2356.1,0.97063,0.44875,30.704
2356.5,0.96885,0.44894,30.705
2356.5,0.96779,0.45172,NaN
2356.6,0.96664,0.45205,30.705
2356.9,0.9677,0.43677,30.706
2357,0.96355,0.4,30.706
2357.2,0.96318,0.4125,30.707
2357.7,0.96648,0.4388,30.708
2357.7,0.96972,0.43891,NaN
2357.8,0.96842,0.44501,30.709
2358,0.97016,0.44706,30.71
2358.3,0.96649,0.44227,30.713
2358.7,0.96967,0.46422,30.716
2358.7,0.97173,0.4639,NaN
2358.8,0.96962,0.46447,NaN
2359.1,0.97121,0.45448,30.718
2359.2,0.96867,0.45306,30.719
2359.7,0.97007,0.46845,30.722
2359.7,0.96843,0.46973,NaN
2359.8,0.96977,0.46353,30.723
2360,0.97011,0.46312,30.724
2360.3,0.9715,0.47476,30.725
2360.6,0.96929,0.47372,30.727
2360.6,0.97128,0.47542,NaN
2360.8,0.96831,0.47175,30.728
2361.1,0.97089,0.47022,30.729
2361.2,0.9712,0.4668,30.73
2361.6,0.97166,0.48215,30.731
2361.6,0.97171,0.48342,NaN
2361.9,0.9707,0.4832,30.732
2362.1,0.97393,0.47625,30.732
2362.2,0.96895,0.46371,30.732
2362.6,0.97193,0.46607,30.732
2362.6,0.97013,0.46304,NaN
2362.8,0.97145,0.45803,30.732
2363,0.97042,0.45922,30.733
2363.2,0.9716,0.47566,30.733
2363.7,0.97168,0.47342,30.733
2363.7,0.97252,0.47518,NaN
2363.8,0.97203,0.47487,30.733
2364,0.97394,0.48503,30.734
2364.2,0.9731,0.48145,30.734
2364.7,0.96822,0.44804,30.737
2364.7,0.96898,0.44975,NaN
2364.9,0.96706,0.44195,30.738
2365,0.9679,0.45603,30.739
2365.2,0.96949,0.46389,30.74
2365.7,0.96994,0.46947,30.743
2365.8,0.97271,0.4657,NaN
2365.8,0.97033,0.46484,30.744
2366,0.97056,0.46376,30.744
2366.3,0.97147,0.46929,30.745
2366.4,0.97008,0.46441,30.746
2366.9,0.97088,0.47375,30.747
2367,0.9721,0.47699,NaN
2367.1,0.97142,0.48123,NaN
2367.3,0.97185,0.47364,30.748
2367.4,0.97034,0.47096,30.75
2368,0.97161,0.47087,30.753
2368,0.97133,0.47245,NaN
2368.1,0.97165,0.47076,NaN
2368.2,0.97106,0.47184,30.753
2368.4,0.96877,0.46937,30.754
2369,0.97299,0.46713,30.756
2369,0.96968,0.46542,30.756
2369,0.96923,0.46699,NaN
2369.2,0.96894,0.46646,30.756
2369.5,0.97077,0.46528,30.757
2370,0.97212,0.46303,30.757
2370,0.97017,0.46276,NaN
2370.1,0.9713,0.46124,NaN
2370.2,0.97085,0.46369,30.757
2370.4,0.97036,0.46486,30.757
2371,0.97125,0.48172,30.757
2371,0.97208,0.48125,NaN
2371,0.972,0.48115,30.757
2371.3,0.97356,0.48131,30.757
2371.4,0.97129,0.48062,30.757
2372,0.97373,0.4776,30.757
2372,0.97136,0.47774,NaN
2372,0.97252,0.47562,NaN
2372.2,0.97127,0.46678,30.757
2372.4,0.97104,0.46181,30.757
2372.6,0.967,0.46165,30.757
2373,0.96842,0.44199,30.757
2373.1,0.96726,0.4438,NaN
2373.2,0.97028,0.45407,30.757
2373.4,0.97018,0.45362,30.757
2373.7,0.97083,0.45289,30.757
2374.1,0.97162,0.45786,30.757
2374.1,0.97064,0.4563,NaN
2374.2,0.97048,0.45238,30.758
2374.4,0.96887,0.44974,30.758
2374.7,0.96818,0.4452,30.759
2375.1,0.96802,0.45453,30.761
2375.2,0.96884,0.45455,NaN
2375.2,0.97004,0.45474,NaN
2375.4,0.96915,0.45566,30.765
2375.6,0.96667,0.45792,30.766
2376.1,0.97293,0.46395,30.769
2376.2,0.97017,0.46288,NaN
2376.2,0.97258,0.46584,NaN
2376.5,0.97083,0.4546,30.77
2376.7,0.968,0.44943,30.772
2377.1,0.97015,0.46971,30.774
2377.1,0.97,0.46854,NaN
2377.2,0.96904,0.46195,30.774
2377.5,0.9699,0.45638,30.776
2377.6,0.97028,0.46603,30.776
2378,0.97056,0.46623,30.778
2378.1,0.97028,0.46633,30.779
2378.3,0.97194,0.46558,30.78
2378.4,0.96874,0.46187,30.78
2378.6,0.96942,0.46153,30.781
2379,0.97043,0.47389,30.782
2379,0.97054,0.47066,30.783
2379.3,0.96956,0.47316,30.783
2379.4,0.9715,0.46927,30.783
2380,0.9683,0.45844,30.784
2380.1,0.96888,0.45554,NaN
2380.1,0.96937,0.45752,NaN
2380.2,0.97081,0.45235,30.785
2380.5,0.9686,0.44594,30.785
2380.6,0.96857,0.46198,30.785
2381.2,0.9705,0.46386,30.785
2381.2,0.96986,0.46367,NaN
2381.3,0.97062,0.46412,30.785
2381.4,0.97117,0.47095,30.786
2381.6,0.96987,0.45988,30.788
2381.8,0.96734,0.43767,30.789
2382.2,0.96674,0.43973,30.791
2382.3,0.96865,0.44331,NaN
2382.4,0.96805,0.45444,30.791
2382.7,0.96815,0.45483,30.792
2382.9,0.97033,0.45492,30.793
2383.3,0.96873,0.45021,30.796
2383.4,0.97009,0.45283,NaN
2383.4,0.96955,0.45625,NaN
2383.6,0.97125,0.46762,30.797
2383.9,0.97237,0.46112,30.799
2384.3,0.9739,0.47113,30.801
2384.3,0.97158,0.47249,NaN
2384.5,0.9705,0.47703,NaN
2384.7,0.97101,0.47033,30.803
2384.8,0.97241,0.4656,30.804
2385.3,0.97166,0.48318,30.806
2385.3,0.97207,0.48036,30.807
2385.4,0.97299,0.47782,30.807
2385.6,0.96996,0.47624,30.808
2385.8,0.96963,0.47164,30.808
2386.3,0.97167,0.47891,30.809
2386.4,0.97381,0.48594,NaN
2386.4,0.97297,0.48701,NaN
2386.7,0.97253,0.48841,30.809
2386.8,0.97249,0.48534,30.81
2387.4,0.97161,0.46741,30.811
2387.4,0.97098,0.46714,NaN
2387.4,0.9732,0.46759,NaN
2387.7,0.97052,0.45956,30.812
2387.9,0.96825,0.45536,30.813
2388.3,0.972,0.47317,30.814
2388.4,0.97345,0.47341,NaN
2388.4,0.97201,0.47215,30.814
2388.6,0.97036,0.46907,30.814
2388.9,0.97168,0.48163,30.815
2389.3,0.9691,0.45162,30.818
2389.4,0.968,0.43563,NaN
2389.5,0.96896,0.43271,NaN
2389.7,0.96877,0.44024,30.819
2389.8,0.96795,0.44259,30.82
2390.3,0.97286,0.48396,30.822
2390.4,0.97457,0.4828,NaN
2390.4,0.97301,0.48106,NaN
2390.7,0.97136,0.47532,30.824
2390.9,0.97128,0.47255,30.825
2391.3,0.97149,0.47836,30.827
2391.3,0.97089,0.47826,NaN
2391.5,0.97239,0.4765,30.827
2391.7,0.97064,0.47456,30.828
2391.8,0.97311,0.48687,30.828
2392,0.97327,0.48592,30.828
2392.5,0.97405,0.48731,30.829
2392.5,0.97246,0.48893,NaN
2392.6,0.97356,0.49076,30.83
2392.8,0.97526,0.4909,30.83
2393,0.97357,0.48887,30.831
2393.6,0.97362,0.4882,30.832
2393.6,0.97407,0.48692,NaN
2393.7,0.97198,0.4867,NaN
2393.8,0.97621,0.50695,30.833
2394,0.97479,0.51095,30.833
2394.6,0.9745,0.50476,30.834
2394.6,0.97341,0.50049,NaN
2394.7,0.97476,0.50324,NaN
2394.8,0.97586,0.4976,30.835
2395,0.97459,0.49401,30.835
2395.2,0.97365,0.48812,30.835
2395.8,0.97172,0.46494,30.837
2395.8,0.97264,0.46717,NaN
2395.8,0.97328,0.46883,NaN
2396,0.97419,0.48289,30.837
2396.2,0.97442,0.48671,30.838
2396.8,0.97389,0.48564,30.84
2396.9,0.9735,0.48799,30.841
2396.9,0.97421,0.49087,NaN
2397,0.97222,0.48707,30.841
2397.2,0.97127,0.48109,30.842
2397.4,0.96906,0.44993,30.843
2397.9,0.96999,0.45715,30.844
2397.9,0.96941,0.45793,NaN
2398,0.96989,0.46224,30.845
2398.2,0.97043,0.46231,30.846
2398.5,0.97161,0.47614,30.847
2398.8,0.97149,0.46532,30.848
2398.9,0.97098,0.46599,NaN
2399,0.97329,0.4743,30.848
2399.2,0.97381,0.48721,30.849
2399.4,0.97254,0.48443,30.85
2399.8,0.97376,0.48169,30.853
2399.8,0.97513,0.48423,30.854
2400,0.97359,0.48712,30.854
2400.2,0.97421,0.48707,30.855
2400.4,0.97371,0.48475,30.856
2400.9,0.97358,0.47623,30.858
2400.9,0.97257,0.47672,NaN
2401.1,0.97245,0.47435,30.859
2401.2,0.97298,0.49083,30.86
2401.4,0.97446,0.49314,30.86
2401.9,0.97031,0.47214,30.861
2401.9,0.97081,0.4681,NaN
2402,0.97147,0.46873,30.861
2402.3,0.96976,0.46756,30.861
2402.5,0.97006,0.45976,30.861
2402.6,0.96981,0.45085,30.862
2403.1,0.9712,0.46521,30.862
2403.1,0.97024,0.46384,NaN
2403.3,0.96897,0.46232,30.862
2403.5,0.97132,0.45919,30.862
2403.6,0.97025,0.47078,30.863
2404.1,0.96715,0.42419,30.863
2404.1,0.9652,0.42004,NaN
2404.3,0.96606,0.42151,30.864
2404.5,0.96722,0.43751,30.864
2404.6,0.97152,0.45755,30.865
2405,0.96886,0.45776,30.866
2405.1,0.97128,0.45727,NaN
2405.2,0.9689,0.45778,30.867
2405.4,0.96907,0.44724,30.867
2405.6,0.96801,0.45393,30.868
2406,0.97092,0.4645,30.87
2406,0.97203,0.46327,NaN
2406.2,0.97057,0.45407,30.871
2406.4,0.97144,0.46159,30.871
2407,0.97206,0.46377,30.878
2407.1,0.97048,0.46122,NaN
2407.1,0.96988,0.46291,NaN
2407.3,0.97087,0.46912,30.88
2407.5,0.97155,0.47239,30.881
2407.6,0.97078,0.47426,30.883
2408.2,0.97001,0.46449,30.886
2408.2,0.97049,0.46331,NaN
2408.3,0.97249,0.46358,NaN
2408.4,0.97046,0.45951,30.887
2408.6,0.97328,0.47678,30.887
2408.8,0.97363,0.47655,30.887
2409.3,0.97031,0.46512,30.888
2409.3,0.9714,0.46158,NaN
2409.4,0.97162,0.45709,30.888
2409.6,0.97147,0.45198,30.888
2409.9,0.97069,0.45214,30.889
2410.3,0.96984,0.45011,30.889
2410.3,0.96851,0.45006,NaN
2410.4,0.96856,0.44672,NaN
2410.7,0.96908,0.44445,30.889
2410.8,0.97044,0.44672,30.889
2411.3,0.9687,0.44547,30.89
2411.3,0.97014,0.44605,NaN
2411.4,0.96883,0.4449,30.89
2411.6,0.97039,0.44534,30.89
2411.8,0.96788,0.4496,30.89
2412.3,0.97213,0.46297,30.891
2412.3,0.97032,0.46409,NaN
2412.4,0.97137,0.46459,30.891
2412.6,0.97166,0.47058,30.892
2412.9,0.97146,0.4768,30.892
2413.3,0.97384,0.46963,30.893
2413.3,0.97174,0.46768,NaN
2413.4,0.96639,0.43731,30.893
2413.6,0.96576,0.41941,30.893
2413.8,0.96373,0.41016,30.894
2414.3,0.96687,0.42784,30.895
2414.3,0.96659,0.42942,NaN
2414.4,0.96613,0.43062,30.895
2414.6,0.96482,0.42395,30.896
2414.9,0.96702,0.42881,30.896
2415.3,0.96961,0.45498,30.898
2415.4,0.97031,0.45395,NaN
2415.5,0.9706,0.4542,NaN
2415.7,0.97199,0.4648,30.9
2415.8,0.9724,0.46746,30.903
2416.4,0.97055,0.46779,30.907
2416.5,0.97191,0.46921,NaN
2416.5,0.97044,0.47011,NaN
2416.7,0.97215,0.47301,30.908
2416.9,0.97031,0.47284,30.909
2417.3,0.97345,0.47976,30.912
2417.4,0.97202,0.47925,NaN
2417.4,0.97291,0.48082,30.913
2417.6,0.97481,0.4791,30.913
2417.8,0.97106,0.47939,30.914
2418.3,0.97164,0.4778,30.916
2418.4,0.97111,0.47951,NaN
2418.5,0.97326,0.48027,30.916
2418.6,0.97321,0.50301,30.916
2418.9,0.9762,0.50083,30.916
2419.4,0.97535,0.48912,30.917
2419.5,0.9728,0.48629,NaN
2419.5,0.97419,0.48587,NaN
2419.6,0.97296,0.48506,30.917
2419.9,0.97288,0.4776,30.917
2420,0.9715,0.46588,30.917
2420.6,0.97068,0.45578,30.917
2420.6,0.97056,0.45903,NaN
2420.6,0.97258,0.46294,NaN
2420.8,0.9702,0.46894,30.917
2421,0.96894,0.4746,30.917
2421.6,0.9732,0.47106,30.918
2421.6,0.97237,0.46941,NaN
2421.7,0.9717,0.46713,NaN
2421.8,0.97461,0.46749,30.919
2422.1,0.97048,0.45367,30.919
2422.2,0.9664,0.4299,30.92
2422.6,0.96569,0.4406,30.921
2422.7,0.96782,0.44104,NaN
2422.8,0.96655,0.44321,30.921
2423,0.96896,0.44785,30.922
2423.2,0.96822,0.45424,30.922
2423.5,0.96931,0.4497,30.923
2423.9,0.97023,0.46675,30.928
2424,0.97096,0.47017,NaN
2424.1,0.97134,0.47018,NaN
2424.2,0.97013,0.46168,30.931
2424.4,0.97036,0.46073,30.932
2424.9,0.97112,0.47264,30.935
2424.9,0.97073,0.47318,NaN
2425,0.97171,0.47195,30.936
2425.2,0.96973,0.46926,30.937
2425.4,0.96917,0.46545,30.938
2426.1,0.97256,0.48253,30.94
2426.1,0.97056,0.4816,NaN
2426.1,0.97125,0.4802,NaN
2426.3,0.97041,0.48041,30.941
2426.5,0.97143,0.47385,30.941
2426.6,0.97152,0.45485,30.941
2427.1,0.96979,0.44705,30.941
2427.1,0.96884,0.44493,NaN
2427.2,0.96807,0.44564,30.941
2427.5,0.96933,0.44936,30.941
2427.6,0.96886,0.46228,30.942
2428.1,0.97003,0.45352,30.942
2428.2,0.97055,0.45238,NaN
2428.3,0.9716,0.46191,30.942
2428.4,0.97013,0.46599,30.942
2428.7,0.9689,0.44796,30.943
2429.2,0.96889,0.43909,30.944
2429.2,0.96824,0.44144,NaN
2429.2,0.96862,0.44748,NaN
2429.4,0.97083,0.45986,30.945
2429.6,0.97051,0.45997,30.945
2430.2,0.96831,0.44042,30.948
2430.2,0.96682,0.442,NaN
2430.2,0.96759,0.44125,NaN
2430.5,0.96849,0.45303,30.949
2430.6,0.97125,0.46275,30.95
2430.8,0.9663,0.45034,30.954
2431.3,0.96937,0.45979,30.957
2431.3,0.97099,0.46248,NaN
2431.4,0.97059,0.46692,30.958
2431.6,0.96991,0.46136,30.959
2431.8,0.96842,0.45435,30.96
2432.1,0.97304,0.46961,30.961
2432.4,0.97014,0.47237,30.964
2432.5,0.97287,0.47113,NaN
2432.6,0.97019,0.46895,30.965
2432.9,0.97094,0.46616,30.965
2433.1,0.96851,0.46266,30.967
2433.2,0.96962,0.46271,30.967
2433.7,0.97065,0.47661,30.969
2433.8,0.97175,0.47692,NaN
2433.9,0.97143,0.47354,30.969
2434,0.9709,0.45999,30.969
2434.2,0.97161,0.46108,30.969
2434.7,0.9704,0.45044,30.97
2434.8,0.96867,0.44951,NaN
2434.8,0.96923,0.45544,30.97
2435,0.97153,0.46963,30.97
2435.2,0.96969,0.46541,30.97
2435.8,0.97312,0.46951,30.97
2435.8,0.97008,0.47012,NaN
2435.8,0.97075,0.47084,NaN
2436,0.97224,0.46527,30.971
2436.3,0.96663,0.43575,30.971
2436.4,0.9665,0.43003,30.972
2436.8,0.96906,0.4545,30.973
2436.8,0.97013,0.45592,NaN
2437,0.96996,0.46459,30.974
2437.2,0.97012,0.47181,30.974
2437.4,0.96881,0.46794,30.975
2438,0.96915,0.47473,30.981
2438,0.9706,0.47793,NaN
2438,0.97022,0.4793,NaN
2438.2,0.97243,0.47182,30.983
2438.5,0.97096,0.46824,30.984
2439,0.97074,0.48011,30.987
2439,0.9711,0.47987,30.988
2439,0.97138,0.47724,NaN
2439.2,0.9717,0.47055,30.989
2439.4,0.97273,0.47858,30.99
2439.6,0.97004,0.48591,30.991
2440.2,0.97334,0.48014,30.993
2440.2,0.97254,0.4788,NaN
2440.3,0.97124,0.48039,NaN
2440.4,0.97168,0.47814,30.994
2440.6,0.97251,0.47944,30.995
2441.2,0.97416,0.50219,30.996
2441.2,0.97305,0.49969,NaN
2441.2,0.97556,0.50042,NaN
2441.4,0.97411,0.49327,30.997
2441.6,0.97199,0.48376,30.997
2442.1,0.96844,0.45251,30.997
2442.1,0.97042,0.45236,NaN
2442.3,0.96785,0.45119,NaN
2442.5,0.96658,0.44716,30.997
2442.6,0.96607,0.44788,30.997
2443.1,0.97245,0.46224,30.997
2443.2,0.97065,0.46404,NaN
2443.2,0.9714,0.46375,30.997
2443.4,0.96955,0.4599,30.998
2443.6,0.97207,0.46163,30.998
2443.9,0.97165,0.46429,30.998
2444.3,0.96836,0.45769,30.999
2444.3,0.97145,0.45733,NaN
2444.4,0.96909,0.44558,31
2444.6,0.96846,0.421,31
2444.8,0.96457,0.41626,31.001
2445.3,0.96609,0.43189,31.005
2445.3,0.9665,0.43319,NaN
2445.4,0.96599,0.44033,31.006
2445.6,0.968,0.4421,31.007
2445.8,0.96842,0.44708,31.007
2446.3,0.96962,0.44506,31.009
2446.3,0.96752,0.44279,NaN
2446.4,0.9689,0.44463,31.011
2446.6,0.96824,0.44184,31.011
