0.032897,0.99673,0.99958,13.183
0.25405,0.99652,0.99907,13.183
0.45791,0.99602,0.99994,13.183
0.66266,0.99697,0.99996,13.183
0.83806,0.99661,0.9998,13.183
1.0403,0.99634,0.99997,13.183
1.2298,0.9956,0.99978,13.183
1.4505,0.99616,1,13.183
1.6552,0.99655,1,13.183
1.8515,0.99645,1,13.184
2.0364,0.99655,1,13.184
2.2511,0.9964,1,13.184
2.4443,0.99693,1,13.185
2.6327,0.99626,1,13.186
2.8458,0.99578,0.99914,13.187
3.0431,0.99666,1,13.188
3.2466,0.99661,0.99975,13.189
3.4568,0.99586,1,13.19
3.6394,0.99626,1,13.19
3.8544,0.99631,1,13.191
4.0579,0.99614,0.99997,13.193
4.2476,0.99565,0.99992,13.192
4.4546,0.9965,0.99915,13.197
4.6548,0.99635,1,13.198
4.8688,0.99657,0.99952,13.198
5.0516,0.99664,0.99938,13.2
5.2386,0.99709,0.99939,13.2
5.4296,0.99543,0.99981,13.201
5.6364,0.99609,0.99952,13.201
5.8407,0.99632,0.99986,13.202
6.0573,0.99629,0.99934,13.202
6.2358,0.99633,0.99994,13.202
6.4416,0.99585,1,13.202
6.6405,0.99532,0.99967,13.202
6.8351,0.99701,1,13.203
7.0387,0.99744,1,13.203
7.2401,0.99628,1,13.203
7.4298,0.99628,0.99994,13.204
7.6306,0.99637,0.99977,13.204
7.831,0.99589,0.99967,13.205
8.032,0.99724,1,13.206
8.2412,0.99655,0.99995,13.208
8.4482,0.99724,1,13.209
8.6452,0.99716,0.99992,13.209
8.8489,0.99597,0.99997,13.209
9.0414,0.99644,1,13.21
9.2388,0.9964,0.99962,13.21
9.4374,0.99596,1,13.21
9.6453,0.996,1,13.21
9.8473,0.99637,1,13.211
10.05,0.99651,1,13.211
10.245,0.99667,1,13.211
10.447,0.99567,1,13.211
10.653,0.996,0.99994,13.212
10.859,0.99635,0.99972,13.212
11.057,0.997,1,13.212
11.237,0.99632,0.9999,13.213
11.455,0.99577,1,13.213
11.654,0.99681,0.99972,13.213
11.84,0.99622,0.99983,13.213
12.049,0.99639,0.99964,13.214
12.253,0.99617,0.99963,13.214
12.43,0.9969,1,13.214
12.647,0.99541,1,13.214
12.846,0.99719,0.99999,13.214
13.052,0.9959,0.9999,13.215
13.256,0.99675,0.99992,13.215
13.454,0.99707,1,13.215
13.66,0.99598,0.99985,13.215
13.853,0.99615,0.99996,13.215
14.055,0.99642,0.99949,13.216
14.255,0.99651,1,13.216
14.434,0.99544,1,13.216
14.655,0.99621,0.99956,13.216
14.845,0.9965,1,13.216
15.054,0.99684,0.99998,13.216
15.254,0.99582,0.99976,13.216
15.437,0.99607,0.99963,13.216
15.648,0.99632,1,13.217
15.852,0.99658,0.99992,13.217
16.04,0.9965,1,13.217
16.259,0.99642,0.99963,13.218
16.444,0.99667,0.99999,13.219
16.635,0.99642,0.99987,13.22
16.835,0.99648,0.99997,13.22
17.058,0.99583,0.9999,13.221
17.251,0.99696,0.99972,13.221
17.454,0.996,0.99966,13.222
17.638,0.9966,1,13.222
17.844,0.99652,1,13.222
18.03,0.99611,1,13.222
18.233,0.99653,0.99997,13.223
18.448,0.99623,1,13.223
18.644,0.99676,1,13.223
18.844,0.99537,1,13.223
19.054,0.99708,0.99999,13.224
19.254,0.99625,1,13.224
19.45,0.99585,1,13.225
19.648,0.99586,0.99961,13.225
19.836,0.99622,0.99994,13.225
20.04,0.99647,0.99983,13.226
20.246,0.99586,1,13.226
20.448,0.99665,1,13.226
20.637,0.99602,0.99979,13.227
20.857,0.99588,0.99968,13.227
21.059,0.99689,1,13.227
21.251,0.99559,1,13.228
21.445,0.99645,1,13.228
21.635,0.99713,0.9999,13.229
21.85,0.9971,1,13.229
22.057,0.99675,0.99979,13.23
22.253,0.99692,1,13.231
22.445,0.99641,0.99999,13.231
22.659,0.99717,1,13.233
22.839,0.99637,0.99997,13.234
23.042,0.99656,0.99957,13.234
23.242,0.99666,1,13.235
23.441,0.99558,1,13.236
23.642,0.99658,1,13.236
23.847,0.99615,0.99993,13.237
24.049,0.99684,1,13.237
24.251,0.99632,0.99937,13.238
24.454,0.99685,1,13.238
24.655,0.99677,0.99988,13.239
24.856,0.9967,1,13.239
25.054,0.99719,0.99955,13.24
25.248,0.99751,0.99978,13.24
25.43,0.99668,1,13.24
25.641,0.99677,0.99973,13.241
25.848,0.99656,0.99961,13.241
26.035,0.99591,0.99943,13.242
26.245,0.99594,0.99983,13.242
26.441,0.99651,0.99952,13.242
26.65,0.99628,0.99977,13.243
26.853,0.99629,0.99898,13.243
27.055,0.99637,0.9991,13.243
27.231,0.99591,0.99967,13.244
27.453,0.9969,0.99934,13.244
27.655,0.99712,0.99892,13.245
27.846,0.99662,0.99998,13.245
28.055,0.99576,0.99975,13.245
28.252,0.99593,0.99986,13.246
28.446,0.99671,0.99968,13.246
28.643,0.99693,0.99917,13.246
28.856,0.99634,0.99917,13.246
29.045,0.99573,0.99957,13.246
29.255,0.99675,0.99945,13.247
29.433,0.99734,0.99939,13.247
29.653,0.99554,0.99934,13.247
29.854,0.9961,0.9997,13.247
30.054,0.99664,0.99906,13.247
30.256,0.9955,0.9996,13.247
30.458,0.99589,0.99932,13.247
30.671,0.99555,0.99795,13.247
30.857,0.99613,0.99946,13.247
31.047,0.99592,0.99972,13.247
31.255,0.9966,0.99968,13.248
31.456,0.99689,0.99994,13.248
31.653,0.99622,0.99935,13.248
31.853,0.99647,0.99983,13.248
32.055,0.99597,0.99965,13.248
32.235,0.99606,0.9988,13.248
32.448,0.99646,0.99956,13.248
32.646,0.99544,0.99926,13.248
32.847,0.99533,0.9996,13.248
33.049,0.99661,0.99951,13.248
33.254,0.9956,0.99962,13.248
33.458,0.99646,0.99948,13.248
33.651,0.99581,0.9997,13.248
33.85,0.99571,0.99948,13.248
34.04,0.99564,0.99947,13.248
34.248,0.99642,0.99982,13.248
34.448,0.99623,0.99911,13.248
34.65,0.99558,0.99886,13.248
34.856,0.99628,0.9987,13.249
35.046,0.99622,0.99847,13.249
35.255,0.99626,0.99905,13.249
35.446,0.99683,0.99738,13.249
35.653,0.99535,0.99762,13.25
35.834,0.99651,0.99779,13.25
36.045,0.99665,0.99872,13.25
36.253,0.9962,0.99843,13.251
36.451,0.99644,0.99887,13.251
36.654,0.99561,0.99899,13.251
36.856,0.99595,0.99939,13.252
37.055,0.9963,0.99726,13.252
37.238,0.99681,0.99841,13.252
37.438,0.99595,0.99779,13.253
37.639,0.99614,0.99756,13.253
37.848,0.9972,0.99832,13.253
38.052,0.99574,0.99821,13.254
38.247,0.99653,0.99826,13.254
38.441,0.9956,0.9961,13.254
38.648,0.99642,0.99766,13.255
38.85,0.99646,0.99796,13.255
39.054,0.99536,0.99823,13.256
39.244,0.99662,0.99691,13.256
39.455,0.99699,0.99836,13.258
39.653,0.9963,0.99717,13.258
39.853,0.99543,0.99834,13.259
40.059,0.99688,0.9978,13.259
40.256,0.99624,0.99768,13.259
40.458,0.99554,0.99786,13.259
40.655,0.99533,0.99892,13.259
40.845,0.99644,0.99859,13.259
41.057,0.99634,0.99853,13.259
41.239,0.99681,0.99882,13.26
41.451,0.99618,0.99986,13.26
41.629,0.99659,0.99871,13.26
41.834,0.99559,0.99955,13.26
42.035,0.99713,0.99967,13.261
42.254,0.99621,0.99881,13.261
42.433,0.99623,0.99929,13.261
42.649,0.99599,0.99918,13.262
42.845,0.99674,0.99979,13.262
43.035,0.9961,0.99952,13.262
43.238,0.9958,0.99928,13.262
43.448,0.9958,0.99936,13.263
43.628,0.99688,0.99941,13.263
43.859,0.99645,0.99986,13.263
44.053,0.99625,1,13.264
44.238,0.99619,0.99984,13.264
44.455,0.99534,0.99948,13.264
44.653,0.99556,0.99922,13.265
44.839,0.99687,0.99981,13.265
45.055,0.99599,0.99995,13.266
45.261,0.99679,0.99909,13.266
45.449,0.99621,0.99963,13.267
45.632,0.9956,0.99959,13.267
45.845,0.997,0.9997,13.267
46.037,0.99604,0.99976,13.268
46.25,0.99627,0.99995,13.269
46.435,0.99657,0.99945,13.27
46.631,0.99566,0.99979,13.27
46.848,0.99662,0.99937,13.271
47.049,0.99667,0.99988,13.271
47.253,0.99654,0.9996,13.271
47.461,0.99604,0.99964,13.271
47.653,0.99549,0.99945,13.271
47.853,0.99636,0.99992,13.271
48.057,0.99614,0.99984,13.272
48.239,0.99572,0.99992,13.272
48.44,0.99735,1,13.272
48.656,0.99542,0.99975,13.272
48.857,0.99661,0.99979,13.272
49.067,0.99695,1,13.272
49.249,0.99613,0.99975,13.272
49.441,0.99703,0.99998,13.272
49.652,0.99685,0.99978,13.272
49.839,0.99643,0.99933,13.272
50.038,0.99631,0.99967,13.272
50.232,0.99565,0.99988,13.272
50.439,0.9965,1,13.272
50.67,0.99559,0.99983,13.272
50.845,0.99634,1,13.272
51.072,0.99611,1,13.273
51.243,0.99613,1,13.273
51.446,0.99634,0.99987,13.273
51.655,0.99683,1,13.273
51.854,0.99669,1,13.273
52.035,0.99648,0.99971,13.274
52.253,0.99541,1,13.274
52.438,0.99635,0.99991,13.274
52.656,0.9963,1,13.275
52.854,0.9962,0.99913,13.275
53.036,0.9965,1,13.275
53.247,0.99666,0.99988,13.276
53.43,0.99573,0.99981,13.276
53.636,0.99529,1,13.277
53.849,0.99579,1,13.277
54.045,0.99575,0.99977,13.277
54.236,0.99596,1,13.278
54.468,0.99561,0.99922,13.278
54.647,0.99647,1,13.279
54.841,0.99592,0.99969,13.279
55.037,0.99612,0.99993,13.28
55.242,0.99631,1,13.28
55.446,0.99685,0.99963,13.281
55.642,0.99645,0.99968,13.283
55.83,0.99693,0.99959,13.283
56.044,0.99689,0.99991,13.284
56.232,0.99692,0.99987,13.285
56.455,0.99703,0.99978,13.285
56.646,0.9966,0.99939,13.285
56.846,0.99614,0.9996,13.286
57.048,0.99694,1,13.286
57.256,0.99556,0.9999,13.286
57.455,0.99561,1,13.286
57.652,0.99669,0.99947,13.286
57.858,0.99616,0.99998,13.287
58.058,0.99588,0.99939,13.287
58.252,0.99674,0.99966,13.287
58.45,0.99643,0.99965,13.287
58.654,0.997,1,13.288
58.857,0.99688,0.99945,13.288
59.053,0.99557,1,13.289
59.256,0.99578,0.99968,13.289
59.44,0.99601,0.99983,13.289
59.635,0.99692,0.99953,13.29
59.847,0.99647,1,13.29
60.046,0.99665,0.9998,13.291
60.25,0.99596,0.9992,13.291
60.45,0.99673,0.99969,13.292
60.633,0.9971,1,13.292
60.855,0.9961,0.9999,13.293
61.042,0.99621,1,13.293
61.249,0.99614,0.99956,13.294
61.431,0.99566,1,13.294
61.648,0.99736,1,13.296
61.836,0.99631,1,13.297
62.046,0.99611,1,13.297
62.238,0.99632,0.99932,13.298
62.455,0.99613,1,13.298
62.643,0.99634,0.99974,13.298
62.855,0.99665,0.99951,13.298
63.054,0.99645,0.99973,13.299
63.255,0.99525,0.99997,13.299
63.456,0.99558,1,13.299
63.637,0.99626,0.99992,13.299
63.837,0.99579,1,13.299
64.039,0.99697,0.99981,13.3
64.253,0.99588,0.99981,13.3
64.455,0.99604,1,13.3
64.638,0.99576,0.99994,13.3
64.844,0.99597,0.99984,13.301
65.045,0.99671,0.99996,13.301
65.259,0.99713,0.99992,13.301
65.462,0.9962,0.99958,13.302
65.654,0.99654,0.99994,13.302
65.855,0.99655,0.99969,13.302
66.055,0.99616,1,13.302
66.246,0.99679,1,13.302
66.454,0.99672,0.99984,13.302
66.667,0.99594,0.99958,13.303
66.857,0.99635,0.99993,13.303
67.055,0.9965,1,13.303
67.254,0.99634,1,13.303
67.458,0.99694,1,13.303
67.653,0.99591,0.99995,13.303
67.858,0.99693,0.99986,13.303
68.052,0.99699,0.99964,13.303
68.249,0.99503,0.99988,13.303
68.46,0.99591,1,13.303
68.656,0.99658,1,13.303
68.856,0.99611,0.99977,13.303
69.048,0.99619,1,13.303
69.268,0.99658,1,13.304
69.456,0.99611,0.99999,13.304
69.649,0.99627,0.99999,13.304
69.845,0.99557,0.99994,13.305
70.039,0.99641,1,13.305
70.234,0.99642,1,13.305
70.451,0.99584,0.99978,13.306
70.65,0.99682,1,13.306
70.851,0.99621,1,13.308
71.051,0.9963,1,13.309
71.256,0.99585,1,13.309
71.456,0.99666,0.99998,13.31
71.659,0.99518,0.99971,13.31
71.855,0.99693,0.99972,13.311
72.056,0.99617,1,13.312
72.256,0.99585,1,13.312
72.456,0.99529,0.99996,13.313
72.645,0.99652,1,13.313
72.857,0.99592,1,13.313
73.053,0.99685,1,13.313
73.259,0.99546,0.9999,13.313
73.448,0.99606,1,13.313
73.646,0.99576,0.99975,13.314
73.831,0.99628,1,13.314
74.057,0.99598,1,13.314
74.253,0.99593,0.99976,13.314
74.436,0.99614,1,13.315
74.639,0.99627,0.99959,13.315
74.851,0.99495,0.99995,13.315
75.051,0.9966,1,13.316
75.252,0.99543,0.99986,13.316
75.431,0.99672,0.9999,13.316
75.645,0.99644,1,13.317
75.831,0.99627,1,13.317
76.053,0.99637,0.99981,13.317
76.25,0.99761,0.99984,13.318
76.445,0.9962,1,13.318
76.654,0.99642,0.9999,13.319
76.855,0.99694,1,13.321
77.053,0.99633,1,13.322
77.254,0.99628,0.99998,13.322
77.482,0.99701,0.99997,13.323
77.674,0.9968,1,13.323
77.846,0.99613,1,13.324
78.081,0.99507,1,13.324
78.241,0.99667,0.99984,13.325
78.435,0.99633,1,13.325
78.641,0.99575,0.99997,13.325
78.836,0.99678,0.99993,13.325
79.035,0.99627,0.99982,13.326
79.249,0.99613,0.99994,13.326
79.454,0.99655,1,13.326
79.649,0.99547,0.99998,13.326
79.856,0.99516,1,13.327
80.056,0.99716,1,13.327
80.259,0.99567,1,13.327
80.44,0.99614,1,13.327
80.66,0.99686,1,13.328
80.856,0.99648,1,13.328
81.055,0.99725,1,13.328
81.246,0.99648,1,13.328
81.433,0.99607,0.99983,13.329
81.654,0.99576,0.99982,13.329
81.84,0.99718,1,13.329
82.052,0.99567,0.99986,13.33
82.257,0.99672,0.99995,13.33
82.435,0.99555,0.99991,13.33
82.629,0.99548,1,13.33
82.847,0.99615,0.99994,13.331
83.049,0.99635,0.99998,13.331
83.244,0.99618,1,13.331
83.456,0.99629,1,13.331
83.641,0.99592,0.99997,13.332
83.842,0.99633,1,13.332
84.047,0.99644,1,13.332
84.243,0.9961,0.99985,13.332
84.454,0.99635,0.99976,13.332
84.641,0.99615,1,13.332
84.841,0.99634,1,13.332
85.057,0.99602,1,13.332
85.247,0.99543,1,13.332
85.439,0.99671,0.99994,13.332
85.639,0.99675,1,13.332
85.836,0.99571,1,13.332
86.041,0.99645,1,13.332
86.257,0.99633,1,13.332
86.457,0.99668,0.99997,13.332
86.655,0.99653,0.99991,13.332
86.86,0.99592,1,13.332
87.058,0.99589,1,13.332
87.254,0.99795,1,13.332
87.459,0.99673,1,13.332
87.642,0.99583,0.99988,13.332
87.854,0.99544,0.99981,13.332
88.053,0.99645,1,13.332
88.253,0.99562,0.99984,13.333
88.455,0.99629,1,13.333
88.655,0.99662,0.99981,13.333
88.846,0.99616,0.99971,13.334
89.056,0.99668,1,13.334
89.291,0.99596,1,13.334
89.455,0.99603,1,13.334
89.649,0.99604,0.99973,13.335
89.857,0.99621,1,13.335
90.044,0.99657,1,13.335
90.253,0.99659,1,13.336
90.43,0.99684,1,13.336
90.657,0.99647,1,13.336
90.856,0.99638,1,13.336
91.046,0.9961,1,13.337
91.246,0.99596,1,13.337
91.442,0.99635,1,13.337
91.646,0.99656,0.99982,13.338
91.85,0.99547,1,13.338
92.057,0.99524,1,13.338
92.257,0.99556,1,13.339
92.446,0.99605,0.99983,13.339
92.655,0.99661,1,13.339
92.858,0.99653,1,13.34
93.046,0.996,1,13.34
93.254,0.99531,1,13.34
93.477,0.99619,1,13.341
93.647,0.99664,0.99983,13.341
93.874,0.99577,0.99987,13.341
94.044,0.99611,1,13.342
94.248,0.99567,1,13.342
94.462,0.99603,1,13.342
94.654,0.99596,1,13.343
94.858,0.99703,0.99985,13.343
95.057,0.99584,1,13.343
95.253,0.99637,1,13.344
95.453,0.99569,0.9999,13.345
95.643,0.997,1,13.346
95.855,0.99484,0.99982,13.347
96.057,0.99682,1,13.348
96.25,0.99538,0.99998,13.348
96.456,0.99635,1,13.348
96.662,0.99615,1,13.349
96.852,0.99569,0.99986,13.349
97.068,0.99477,0.99956,13.349
97.239,0.99613,1,13.349
97.435,0.99648,1,13.35
97.66,0.99665,1,13.35
97.838,0.99643,0.99996,13.35
98.053,0.99701,0.99984,13.35
98.253,0.99604,0.9996,13.351
98.455,0.99621,0.99991,13.351
98.657,0.9961,1,13.351
98.856,0.99537,1,13.351
99.054,0.99597,1,13.352
99.243,0.99549,0.99989,13.352
99.44,0.99679,0.99999,13.352
99.657,0.99626,1,13.353
99.853,0.9967,1,13.353
100.03,0.9963,0.99994,13.353
100.23,0.99545,1,13.354
100.46,0.99637,1,13.354
100.65,0.99646,1,13.354
100.86,0.9964,1,13.355
101.05,0.99598,1,13.355
101.26,0.99623,1,13.355
101.45,0.99522,0.99984,13.355
101.65,0.99659,1,13.355
101.86,0.99599,1,13.356
102.05,0.996,0.99986,13.356
102.25,0.99595,1,13.356
102.46,0.99588,1,13.356
102.63,0.99614,1,13.356
102.84,0.99601,0.99974,13.356
103.04,0.99673,0.99988,13.357
103.26,0.99649,1,13.357
103.46,0.99658,1,13.357
103.64,0.9956,0.99974,13.357
103.85,0.99728,0.99996,13.357
104.05,0.99582,1,13.357
104.26,0.99605,1,13.357
104.46,0.99616,1,13.357
104.64,0.99637,1,13.358
104.85,0.99615,1,13.359
105.05,0.99646,1,13.359
105.26,0.99664,1,13.36
105.46,0.99657,1,13.36
105.66,0.99612,1,13.361
105.85,0.99689,1,13.361
106.06,0.99611,1,13.361
106.26,0.99606,1,13.362
106.44,0.99593,1,13.363
106.65,0.99531,1,13.363
106.86,0.99689,1,13.363
107.06,0.99568,1,13.363
107.26,0.99629,1,13.364
107.45,0.99665,1,13.364
107.64,0.99638,1,13.364
107.86,0.99676,1,13.364
108.05,0.99622,1,13.364
108.25,0.99616,1,13.364
108.44,0.99654,1,13.364
108.66,0.99671,1,13.365
108.85,0.99572,1,13.365
109.05,0.99625,1,13.366
109.26,0.99556,0.99987,13.366
109.45,0.99584,1,13.366
109.65,0.9962,0.99998,13.367
109.85,0.99656,0.99995,13.367
110.04,0.99553,1,13.367
110.26,0.9965,0.99995,13.368
110.45,0.99651,0.99949,13.368
110.63,0.99681,1,13.369
110.85,0.99672,1,13.369
111.06,0.99583,1,13.37
111.26,0.99547,1,13.371
111.46,0.99504,0.99977,13.372
111.66,0.99662,0.99989,13.373
111.87,0.99636,1,13.374
112.07,0.99544,1,13.374
112.25,0.99677,1,13.374
112.45,0.99638,1,13.374
112.65,0.9952,1,13.374
112.84,0.99607,1,13.375
113.05,0.99524,1,13.375
113.25,0.99618,1,13.375
113.45,0.99587,1,13.375
113.65,0.99658,0.99994,13.376
113.84,0.9961,1,13.376
114.04,0.99598,0.99969,13.376
114.26,0.99611,1,13.377
114.44,0.99692,1,13.377
114.64,0.99577,1,13.377
114.84,0.99707,1,13.378
115.05,0.99541,0.9999,13.378
115.24,0.99509,0.99997,13.379
115.45,0.99687,1,13.379
115.66,0.99614,1,13.379
115.83,0.99623,1,13.38
116.04,0.99573,1,13.38
116.23,0.99587,1,13.381
116.44,0.99585,1,13.381
116.65,0.99568,1,13.382
116.84,0.99625,0.99971,13.382
117.03,0.99578,1,13.384
117.24,0.99628,1,13.384
117.44,0.99633,1,13.385
117.63,0.99666,1,13.385
117.86,0.99619,0.99998,13.386
118.04,0.99602,1,13.386
118.23,0.99601,0.99997,13.386
118.44,0.99671,1,13.386
118.64,0.9958,1,13.386
118.83,0.99639,1,13.387
119.05,0.99635,0.99958,13.387
119.24,0.99604,1,13.387
119.44,0.99672,0.99966,13.387
119.64,0.99609,1,13.387
119.83,0.99565,1,13.387
120.04,0.99721,1,13.387
120.24,0.99639,1,13.387
120.44,0.99624,1,13.387
120.63,0.99614,0.99962,13.387
120.84,0.99704,1,13.387
121.06,0.99688,1,13.387
121.26,0.99625,1,13.387
121.43,0.99591,1,13.387
121.63,0.99632,1,13.387
121.84,0.996,1,13.387
122.04,0.99666,1,13.387
122.24,0.99581,1,13.388
122.43,0.99622,1,13.388
122.64,0.99654,1,13.388
122.84,0.9975,1,13.388
123.03,0.996,1,13.388
123.24,0.99653,1,13.389
123.44,0.99665,1,13.389
123.65,0.99681,0.99959,13.389
123.84,0.99626,1,13.389
124.04,0.99641,1,13.39
124.26,0.99635,1,13.39
124.46,0.99641,1,13.39
124.66,0.99652,1,13.391
124.87,0.99661,1,13.391
125.04,0.99536,1,13.392
125.23,0.99573,0.9998,13.392
125.44,0.99612,1,13.392
125.65,0.9967,1,13.393
125.84,0.99615,0.99994,13.393
126.04,0.99611,1,13.393
126.23,0.99669,0.99982,13.394
126.45,0.99671,1,13.395
126.66,0.99662,1,13.396
126.85,0.99555,1,13.397
127.03,0.9953,0.99985,13.398
127.23,0.99626,1,13.399
127.44,0.99634,1,13.399
127.65,0.9962,1,13.4
127.86,0.99722,1,13.4
128.04,0.99605,1,13.4
128.25,0.99589,1,13.4
128.45,0.99568,1,13.401
128.65,0.99575,1,13.401
128.85,0.9965,1,13.401
129.03,0.99559,0.99991,13.401
129.24,0.99627,1,13.401
129.45,0.99617,1,13.402
129.65,0.99636,1,13.402
129.85,0.99632,1,13.402
130.06,0.99624,1,13.402
130.25,0.99608,0.99994,13.403
130.45,0.99624,1,13.403
130.66,0.99725,1,13.403
130.86,0.9955,0.99984,13.404
131.07,0.99607,1,13.404
131.25,0.99668,1,13.405
131.45,0.99644,1,13.405
131.65,0.99626,1,13.405
131.86,0.99653,0.99981,13.406
132.06,0.99591,1,13.406
132.24,0.99525,1,13.406
132.45,0.9966,1,13.407
132.65,0.996,1,13.408
132.86,0.9959,1,13.409
133.03,0.99692,1,13.41
133.23,0.99571,0.99996,13.411
133.43,0.99583,1,13.411
133.64,0.99575,1,13.411
133.84,0.9971,1,13.411
134.05,0.99631,1,13.412
134.24,0.99632,0.99991,13.412
134.45,0.99643,1,13.412
134.65,0.99646,0.99999,13.412
134.84,0.99585,1,13.412
135.06,0.99598,1,13.412
135.25,0.9966,0.99994,13.412
135.45,0.99677,1,13.413
135.66,0.99616,1,13.413
135.84,0.99637,1,13.413
136.06,0.99718,1,13.413
136.25,0.99583,1,13.413
136.45,0.99574,1,13.414
136.65,0.99589,1,13.414
136.85,0.99675,1,13.414
137.06,0.99677,0.9999,13.414
137.24,0.99599,1,13.414
137.5,0.996,1,13.414
137.64,0.99657,1,13.414
137.86,0.99578,1,13.414
138.04,0.99658,1,13.414
138.23,0.99675,0.99981,13.414
138.44,0.99645,1,13.414
138.65,0.99664,1,13.414
138.85,0.99663,1,13.414
139.06,0.99699,1,13.414
139.28,0.99693,1,13.414
139.43,0.99681,1,13.414
139.64,0.99641,1,13.414
139.84,0.99686,1,13.414
140.06,0.99603,1,13.414
140.24,0.99613,0.99991,13.414
140.45,0.99688,1,13.414
140.67,0.9963,1,13.414
140.86,0.99654,1,13.414
141.07,0.99611,0.99992,13.414
141.26,0.99619,1,13.415
141.45,0.99628,1,13.415
141.65,0.99586,1,13.415
141.88,0.99639,1,13.415
142.05,0.9966,0.9995,13.415
142.24,0.99639,1,13.416
142.45,0.99573,1,13.416
142.64,0.99663,0.99991,13.416
142.85,0.99643,1,13.416
143.07,0.99629,0.99992,13.417
143.23,0.99591,1,13.417
143.45,0.99582,1,13.417
143.65,0.99651,1,13.418
143.86,0.99675,1,13.418
144.06,0.99641,1,13.418
144.25,0.99653,1,13.418
144.43,0.99603,0.99994,13.419
144.69,0.99713,1,13.419
144.84,0.99601,1,13.419
145.04,0.99675,1,13.42
145.23,0.99628,0.9994,13.42
145.43,0.99588,1,13.421
145.65,0.99679,0.99927,13.422
145.85,0.9971,1,13.423
146.04,0.99719,1,13.424
146.25,0.99682,1,13.424
146.45,0.99646,1,13.424
146.65,0.9976,1,13.425
146.84,0.99664,1,13.425
147.06,0.99698,1,13.425
147.25,0.99672,1,13.425
147.46,0.99614,0.99986,13.425
147.68,0.99625,0.99995,13.426
147.88,0.99564,1,13.426
148.05,0.9962,1,13.426
148.23,0.99639,0.99994,13.427
148.45,0.99642,1,13.427
148.65,0.9962,1,13.427
148.85,0.996,1,13.427
149.06,0.99558,1,13.428
149.25,0.99619,1,13.428
149.45,0.99662,1,13.429
149.65,0.99628,1,13.429
149.85,0.99641,1,13.429
150.06,0.99634,1,13.43
150.3,0.99614,1,13.43
150.46,0.99643,1,13.43
150.64,0.99642,1,13.431
150.84,0.99695,1,13.431
151.04,0.99728,1,13.432
151.23,0.99593,1,13.432
151.43,0.99519,1,13.433
151.65,0.99558,1,13.434
151.84,0.99587,1,13.435
152.06,0.99619,1,13.436
152.25,0.99576,1,13.437
152.45,0.99624,1,13.437
152.65,0.99677,1,13.437
152.85,0.99589,1,13.437
153.06,0.99551,1,13.438
153.27,0.99627,1,13.438
153.44,0.99639,1,13.438
153.65,0.99633,1,13.438
153.86,0.99653,1,13.438
154.06,0.99663,1,13.438
154.24,0.99624,1,13.439
154.45,0.99617,1,13.439
154.68,0.99656,1,13.439
154.85,0.99705,1,13.439
155.05,0.99704,1,13.439
155.25,0.99607,1,13.439
155.45,0.99664,1,13.439
155.65,0.99633,1,13.439
155.84,0.99679,1,13.439
156.06,0.99579,1,13.439
156.24,0.99688,0.99987,13.439
156.45,0.99647,1,13.439
156.66,0.99614,1,13.439
156.89,0.996,0.99989,13.439
157.09,0.99579,1,13.439
157.23,0.9963,1,13.439
157.44,0.99658,1,13.439
157.63,0.99583,1,13.44
157.84,0.99603,1,13.44
158.04,0.99599,0.99992,13.44
158.23,0.99599,1,13.44
158.43,0.99615,0.99983,13.441
158.65,0.99693,1,13.441
158.85,0.99627,0.99986,13.441
159.06,0.99591,0.99985,13.441
159.24,0.99632,1,13.442
159.45,0.99545,0.99976,13.442
159.65,0.99604,1,13.442
159.85,0.9971,1,13.443
160.12,0.99643,1,13.443
160.23,0.99612,1,13.444
160.44,0.99634,1,13.444
160.65,0.99595,1,13.444
160.86,0.99551,1,13.444
161.05,0.99561,1,13.445
161.28,0.99532,1,13.446
161.45,0.996,1,13.447
161.63,0.99675,1,13.448
161.86,0.99507,0.99976,13.449
162.06,0.99723,1,13.45
162.24,0.99608,1,13.45
162.48,0.99589,0.99948,13.451
162.63,0.99588,1,13.451
162.85,0.99683,1,13.452
163.06,0.99762,1,13.452
163.23,0.99564,0.99967,13.452
163.45,0.99613,1,13.452
163.66,0.99587,1,13.452
163.85,0.99699,1,13.452
164.06,0.99674,1,13.453
164.24,0.99545,0.99978,13.453
164.45,0.99565,1,13.453
164.65,0.99627,1,13.453
164.85,0.99546,1,13.454
165.05,0.99542,0.99976,13.454
165.24,0.99667,1,13.454
165.43,0.99662,0.99965,13.455
165.65,0.99636,1,13.455
165.85,0.99659,1,13.455
166.06,0.99653,0.99973,13.456
166.24,0.99598,1,13.456
166.45,0.99602,1,13.457
166.65,0.99612,1,13.457
166.86,0.99588,1,13.457
167.05,0.99628,1,13.458
167.27,0.99645,1,13.459
167.47,0.99573,0.99978,13.46
167.64,0.99647,0.99986,13.461
167.84,0.99598,1,13.462
168.04,0.99633,1,13.463
168.25,0.99599,1,13.463
168.45,0.99616,1,13.463
168.66,0.99561,1,13.463
168.95,0.99643,1,13.464
169.04,0.99552,0.99991,13.464
169.24,0.99648,0.99953,13.464
169.45,0.99575,1,13.464
169.65,0.99599,0.99959,13.465
169.85,0.99565,0.99972,13.465
170.09,0.99705,1,13.465
170.23,0.99575,0.99994,13.466
170.45,0.99642,1,13.466
170.65,0.9958,1,13.466
170.85,0.99628,1,13.466
171.06,0.9958,1,13.467
171.27,0.99581,1,13.467
171.45,0.99658,1,13.467
171.68,0.99688,1,13.467
171.83,0.99621,1,13.468
172.07,0.9958,1,13.468
172.28,0.99648,1,13.468
172.45,0.99676,1,13.469
172.69,0.99536,1,13.469
172.84,0.9972,1,13.469
173.04,0.99598,1,13.469
173.26,0.99711,1,13.469
173.45,0.99547,1,13.469
173.65,0.99577,1,13.47
173.86,0.99536,1,13.47
174.08,0.99658,1,13.47
174.24,0.99559,1,13.47
174.44,0.99645,0.99992,13.47
174.65,0.99592,1,13.47
174.86,0.99589,1,13.47
175.06,0.99523,1,13.47
175.24,0.99599,1,13.47
175.43,0.99527,1,13.47
175.65,0.9969,1,13.47
175.84,0.99592,1,13.47
176.04,0.99548,1,13.47
176.26,0.9956,1,13.471
176.45,0.99687,1,13.472
176.68,0.99604,1,13.472
176.86,0.99616,1,13.473
177.05,0.99697,0.99987,13.474
177.24,0.99662,1,13.474
177.46,0.99667,1,13.475
177.65,0.99573,0.99983,13.475
177.84,0.99663,0.99964,13.475
178.04,0.99548,1,13.475
178.26,0.99571,1,13.476
178.47,0.99551,1,13.476
178.72,0.99602,0.99989,13.476
178.84,0.99489,1,13.476
179.04,0.99611,1,13.477
179.24,0.99633,1,13.477
179.45,0.99575,1,13.477
179.67,0.99744,1,13.477
179.9,0.99574,0.99995,13.478
180.05,0.99633,1,13.478
180.26,0.99633,1,13.478
180.44,0.99595,1,13.479
180.64,0.99652,1,13.479
180.85,0.99601,1,13.479
181.04,0.99579,1,13.479
181.26,0.99617,1,13.48
181.44,0.99676,1,13.48
181.65,0.9962,1,13.481
181.86,0.996,1,13.481
182.05,0.99588,0.99982,13.481
182.26,0.9961,1,13.482
182.43,0.99598,1,13.482
182.63,0.99586,1,13.482
182.85,0.99641,1,13.483
183.05,0.99598,1,13.484
183.26,0.99483,1,13.485
183.49,0.99589,1,13.486
183.64,0.99584,0.9996,13.487
183.85,0.99714,1,13.488
184.06,0.99583,0.99997,13.488
184.26,0.99577,1,13.489
184.44,0.99607,1,13.489
184.65,0.99586,1,13.489
184.85,0.99666,1,13.49
185.05,0.99684,1,13.49
185.27,0.99642,1,13.49
185.43,0.99652,1,13.49
185.65,0.99655,1,13.491
185.84,0.99669,1,13.491
186.06,0.99718,1,13.491
186.26,0.996,1,13.491
186.47,0.99551,1,13.491
186.63,0.99602,1,13.491
186.85,0.99678,1,13.491
187.06,0.99615,1,13.492
187.26,0.99637,1,13.492
187.45,0.99605,1,13.492
187.65,0.99612,1,13.492
187.84,0.99501,1,13.493
188.05,0.99604,1,13.493
188.26,0.99656,1,13.493
188.45,0.99647,1,13.493
188.65,0.99609,1,13.494
188.89,0.99503,1,13.494
189.04,0.99602,1,13.494
189.26,0.99644,1,13.494
189.46,0.99555,1,13.494
189.63,0.99631,1,13.495
189.85,0.99664,1,13.495
190.04,0.99563,1,13.495
190.26,0.99704,0.99996,13.495
190.45,0.99625,1,13.495
190.65,0.99583,0.99986,13.495
190.84,0.99617,1,13.495
191.06,0.99663,1,13.495
191.26,0.99745,1,13.495
191.49,0.99574,1,13.495
191.64,0.99634,1,13.495
191.84,0.99597,1,13.495
192.06,0.99654,1,13.495
192.26,0.99606,1,13.495
192.45,0.99599,1,13.495
192.68,0.99598,1,13.495
192.84,0.99636,1,13.495
193.04,0.99632,0.99962,13.495
193.26,0.99632,1,13.495
193.45,0.99668,1,13.495
193.68,0.99671,1,13.495
193.88,0.99568,1,13.495
194.05,0.99643,1,13.495
194.26,0.99625,1,13.495
194.45,0.99633,1,13.496
194.65,0.99573,1,13.496
194.89,0.99623,0.99994,13.496
195.09,0.99584,1,13.496
195.24,0.99583,1,13.497
195.43,0.99602,1,13.497
195.65,0.99614,1,13.498
195.85,0.99617,1,13.499
196.06,0.99616,1,13.499
196.26,0.99656,1,13.499
196.47,0.99606,1,13.5
196.66,0.99657,1,13.5
196.86,0.99529,1,13.501
197.08,0.99642,1,13.501
197.26,0.9955,1,13.502
197.44,0.9958,1,13.502
197.64,0.99688,0.99952,13.503
197.85,0.99523,1,13.503
198.06,0.99584,1,13.503
198.25,0.99604,1,13.503
198.44,0.9959,1,13.504
198.7,0.99685,1,13.504
198.85,0.99544,0.99989,13.504
199.05,0.99567,1,13.504
199.24,0.99663,1,13.504
199.45,0.99671,1,13.505
199.65,0.99676,1,13.505
199.85,0.99527,1,13.505
200.05,0.99696,1,13.505
200.26,0.99654,0.99987,13.506
200.45,0.99611,1,13.506
200.65,0.99637,1,13.506
200.9,0.99533,1,13.507
201.04,0.99669,0.99978,13.507
201.26,0.99615,1,13.508
201.44,0.9964,1,13.508
201.65,0.9966,1,13.508
201.85,0.99609,1,13.509
202.06,0.99618,1,13.511
202.25,0.99609,1,13.512
202.44,0.99614,1,13.512
202.64,0.99639,1,13.513
202.85,0.99681,1,13.514
203.05,0.99654,1,13.514
203.26,0.99689,1,13.515
203.45,0.99578,0.99982,13.515
203.66,0.99634,0.99999,13.515
203.84,0.99614,1,13.516
204.05,0.99692,1,13.516
204.24,0.9956,1,13.516
204.43,0.99626,1,13.517
204.63,0.99587,1,13.517
204.85,0.9964,1,13.518
205.11,0.99649,1,13.518
205.24,0.99567,1,13.519
205.45,0.99607,1,13.519
205.64,0.99606,1,13.519
205.84,0.99661,0.99995,13.519
206.03,0.9965,1,13.519
206.26,0.99669,1,13.519
206.5,0.997,0.99983,13.519
206.65,0.99586,1,13.52
206.85,0.99589,1,13.52
207.06,0.99547,1,13.52
207.26,0.99685,1,13.52
207.44,0.99581,1,13.521
207.64,0.99634,1,13.521
207.84,0.9963,1,13.521
208.05,0.9965,1,13.521
208.26,0.99692,1,13.522
208.49,0.99635,1,13.522
208.63,0.99565,1,13.522
208.85,0.99601,1,13.522
209.04,0.99681,1,13.523
209.24,0.99622,1,13.523
209.44,0.99592,1,13.523
209.66,0.9972,0.99999,13.523
209.84,0.99598,1,13.523
210.05,0.99565,1,13.523
210.24,0.99627,1,13.523
210.45,0.99677,1,13.523
210.65,0.9967,1,13.523
210.9,0.99658,1,13.523
211.04,0.99625,1,13.523
211.25,0.99591,1,13.523
211.44,0.99641,1,13.523
211.64,0.99716,1,13.523
211.85,0.99582,1,13.524
212.06,0.99619,1,13.524
212.26,0.99751,1,13.524
212.49,0.9964,0.99967,13.524
212.68,0.99609,1,13.525
212.84,0.99559,0.99998,13.525
213.06,0.99658,1,13.525
213.25,0.99674,1,13.525
213.44,0.99534,1,13.526
213.67,0.99665,0.99998,13.526
213.85,0.99612,1,13.527
214.04,0.99581,1,13.527
214.26,0.99612,1,13.527
214.45,0.99718,1,13.528
214.64,0.99692,1,13.528
214.87,0.9971,1,13.528
215.05,0.99584,1,13.529
215.24,0.9959,1,13.529
215.45,0.99583,1,13.529
215.65,0.99691,1,13.53
215.87,0.99642,1,13.53
216.04,0.99594,0.99973,13.531
216.26,0.99504,1,13.531
216.45,0.99639,1,13.531
216.65,0.9956,1,13.532
216.88,0.99604,1,13.532
217.04,0.99483,1,13.533
217.24,0.9969,1,13.533
217.44,0.99594,1,13.534
217.63,0.99549,1,13.534
217.85,0.99612,1,13.536
218.06,0.99604,1,13.537
218.28,0.99614,1,13.538
218.44,0.99664,1,13.539
218.65,0.99689,1,13.539
218.85,0.99675,0.9998,13.539
219.04,0.99617,1,13.539
219.26,0.99516,1,13.54
219.45,0.99581,1,13.54
219.67,0.99645,1,13.54
219.84,0.99686,1,13.54
220.04,0.99565,1,13.54
220.26,0.99677,0.99992,13.541
220.44,0.9965,1,13.541
220.67,0.99605,1,13.541
220.9,0.99658,0.99995,13.542
221.05,0.9964,1,13.542
221.24,0.99502,1,13.542
221.45,0.99627,1,13.543
221.65,0.99593,1,13.543
221.85,0.99643,0.99989,13.544
222.08,0.99572,1,13.544
222.24,0.99593,0.99925,13.544
222.43,0.99629,1,13.545
222.63,0.99652,1,13.545
222.84,0.99549,1,13.545
223.05,0.99685,1,13.546
223.27,0.99529,1,13.546
223.44,0.99649,1,13.547
223.65,0.9959,1,13.548
223.85,0.99574,1,13.549
224.05,0.99732,1,13.55
224.24,0.99652,1,13.55
224.45,0.99672,1,13.551
224.63,0.99688,1,13.551
224.85,0.99693,1,13.551
225.06,0.99651,1,13.552
225.25,0.9961,1,13.552
225.52,0.99644,1,13.552
225.63,0.99567,1,13.552
225.84,0.99609,1,13.552
226.06,0.99647,1,13.552
226.26,0.99552,1,13.552
226.43,0.99691,1,13.552
226.64,0.99587,0.99959,13.552
226.85,0.99643,1,13.552
227.09,0.99614,1,13.552
227.24,0.99645,0.99994,13.552
227.46,0.99661,0.99974,13.552
227.69,0.99674,1,13.552
227.85,0.99598,1,13.552
228.05,0.99608,1,13.552
228.25,0.99594,1,13.552
228.45,0.99561,1,13.552
228.65,0.99631,1,13.552
228.85,0.99682,1,13.552
229.05,0.99609,1,13.552
229.25,0.99633,1,13.553
229.44,0.99587,1,13.553
229.63,0.99647,1,13.553
229.85,0.99539,1,13.553
230.06,0.99608,1,13.553
230.29,0.99631,1,13.554
230.45,0.99694,1,13.554
230.63,0.99591,1,13.555
230.84,0.99681,0.99965,13.555
231.06,0.99592,1,13.555
231.24,0.99616,1,13.555
231.48,0.99701,1,13.556
231.71,0.99564,1,13.556
231.85,0.99664,1,13.556
232.05,0.99571,1,13.557
232.26,0.99591,1,13.557
232.44,0.9964,0.99965,13.557
232.63,0.99592,1,13.558
232.84,0.9959,1,13.558
233.06,0.9967,1,13.559
233.25,0.99594,1,13.559
233.44,0.99684,1,13.56
233.65,0.99591,1,13.561
233.85,0.99588,1,13.562
234.08,0.99693,1,13.563
234.25,0.9962,0.9999,13.563
234.43,0.99628,1,13.564
234.65,0.99681,1,13.564
234.85,0.99679,1,13.565
235.05,0.99614,1,13.565
235.25,0.99672,1,13.566
235.45,0.9967,1,13.566
235.65,0.99667,1,13.566
235.85,0.99689,1,13.566
236.06,0.99595,1,13.566
236.27,0.99617,1,13.567
236.48,0.99682,1,13.567
236.63,0.9972,1,13.567
236.84,0.99652,0.99947,13.567
237.06,0.9956,1,13.567
237.24,0.99559,0.99943,13.568
237.45,0.99576,1,13.568
237.65,0.99665,0.99954,13.568
237.84,0.99649,1,13.568
238.04,0.99641,1,13.569
238.25,0.99605,1,13.569
238.5,0.99583,0.99997,13.569
238.64,0.99626,0.99984,13.569
238.85,0.99608,0.99996,13.57
239.06,0.99498,0.99958,13.57
239.24,0.99655,1,13.57
239.5,0.99702,0.99997,13.571
239.63,0.99638,0.99992,13.571
239.84,0.99554,0.9999,13.571
240.06,0.99682,0.99979,13.572
240.26,0.99623,1,13.572
240.47,0.99671,1,13.572
240.69,0.99638,0.99992,13.573
240.84,0.99541,0.99999,13.574
241.06,0.99673,0.99986,13.575
241.26,0.99529,0.99993,13.575
241.45,0.99477,0.99873,13.575
241.65,0.99656,0.99981,13.575
241.9,0.99666,1,13.576
242.05,0.99765,0.99991,13.576
242.24,0.99492,0.99997,13.576
242.45,0.99559,1,13.576
242.65,0.99606,0.99983,13.576
242.85,0.99648,1,13.576
243.09,0.99683,0.99992,13.577
243.24,0.99633,0.99936,13.577
243.44,0.99544,1,13.577
243.64,0.99612,1,13.577
243.85,0.99624,0.99998,13.577
244.08,0.99639,1,13.577
244.24,0.99638,1,13.577
244.45,0.99676,0.99962,13.577
244.65,0.99661,1,13.577
244.84,0.99675,1,13.577
245.08,0.99662,0.9997,13.577
245.25,0.99668,0.99993,13.577
245.43,0.99599,0.99968,13.577
245.64,0.99616,0.99973,13.577
245.85,0.99642,1,13.577
246.05,0.9959,0.99987,13.577
246.26,0.99671,0.99942,13.577
246.45,0.99602,1,13.577
246.68,0.99635,0.99979,13.577
246.85,0.9961,1,13.577
247.05,0.99576,0.99967,13.577
247.28,0.99596,1,13.577
247.44,0.99686,0.99919,13.577
247.63,0.99682,0.99961,13.577
247.85,0.99714,0.9998,13.577
248.05,0.99709,0.99945,13.577
248.26,0.99596,0.99992,13.577
248.43,0.9963,1,13.578
248.69,0.99608,0.99973,13.578
248.85,0.99733,0.99976,13.578
249.05,0.99681,1,13.578
249.26,0.9961,0.99978,13.579
249.45,0.99597,0.99962,13.579
249.68,0.9957,0.99914,13.579
249.84,0.99561,0.99904,13.58
250.06,0.99654,1,13.58
250.28,0.99633,0.9977,13.581
250.45,0.99635,0.99916,13.581
250.63,0.99632,0.99881,13.581
250.84,0.99612,0.9988,13.581
251.06,0.99586,0.99869,13.582
251.26,0.99605,0.99848,13.582
251.48,0.99647,0.99813,13.583
251.65,0.9957,0.99814,13.583
251.84,0.99756,0.99753,13.583
252.05,0.99657,0.99848,13.584
252.26,0.99639,0.99872,13.584
252.43,0.9965,0.99806,13.585
252.64,0.99648,0.99675,13.586
252.84,0.99543,0.99693,13.587
253.05,0.99588,0.99588,13.588
253.26,0.99495,0.99541,13.589
253.49,0.99583,0.99519,13.589
253.63,0.9921,0.98844,13.59
253.85,0.99216,0.98288,13.591
254.03,0.99634,0.99492,13.591
254.28,0.9962,0.99173,13.591
254.44,0.99575,0.99318,13.591
254.63,0.99673,0.98935,13.592
254.84,0.9971,0.9925,13.592
255.05,0.99481,0.98999,13.592
255.26,0.99503,0.98902,13.592
255.49,0.99578,0.98753,13.593
255.65,0.99483,0.98643,13.593
255.84,0.99576,0.9853,13.593
256.06,0.99495,0.98555,13.593
256.25,0.99587,0.98507,13.594
256.44,0.99573,0.98092,13.594
256.65,0.99529,0.97945,13.594
256.85,0.99443,0.98053,13.595
257.06,0.99562,0.97975,13.595
257.26,0.99589,0.97674,13.595
257.44,0.9956,0.97505,13.596
257.65,0.9951,0.9749,13.596
257.84,0.99554,0.97656,13.597
258.05,0.99503,0.97594,13.597
258.26,0.99592,0.97337,13.598
258.49,0.99586,0.97485,13.599
258.64,0.99515,0.97205,13.6
258.85,0.99555,0.97167,13.601
259.04,0.99623,0.97105,13.601
259.29,0.99551,0.96919,13.602
259.45,0.9959,0.96926,13.602
259.7,0.99544,0.96769,13.602
259.84,0.99614,0.97018,13.602
260.04,0.99597,0.97119,13.603
260.26,0.99545,0.96985,13.603
260.45,0.99507,0.96878,13.603
260.65,0.99593,0.96871,13.603
260.84,0.99544,0.96702,13.603
261.05,0.99599,0.96931,13.604
261.25,0.99607,0.96643,13.604
261.43,0.99598,0.96906,13.604
261.64,0.99523,0.9694,13.604
261.88,0.9957,0.96493,13.604
262.05,0.99506,0.96754,13.604
262.24,0.99536,0.9708,13.604
262.44,0.99524,0.96661,13.604
262.65,0.99563,0.96777,13.604
262.85,0.9955,0.96615,13.604
263.05,0.99589,0.96603,13.604
263.26,0.9954,0.96449,13.604
263.48,0.99557,0.96454,13.604
263.63,0.99607,0.96404,13.604
263.85,0.99564,0.96389,13.604
264.05,0.99561,0.96325,13.604
264.25,0.99571,0.96096,13.605
264.43,0.99632,0.95743,13.605
264.64,0.99551,0.9599,13.605
264.85,0.99558,0.95897,13.605
265.09,0.99624,0.95581,13.605
265.26,0.99552,0.954,13.605
265.43,0.99575,0.95115,13.606
265.65,0.99585,0.9505,13.606
265.87,0.99507,0.94898,13.606
266.04,0.99436,0.94788,13.606
266.24,0.99562,0.94634,13.607
266.44,0.99609,0.94507,13.607
266.68,0.9958,0.9444,13.607
266.88,0.99473,0.94137,13.608
267.05,0.99576,0.94156,13.608
267.26,0.99459,0.93806,13.608
267.43,0.99492,0.93551,13.609
267.65,0.99455,0.93373,13.609
267.84,0.99488,0.93524,13.609
268.06,0.99574,0.93391,13.61
268.26,0.99627,0.93301,13.611
268.44,0.99514,0.93338,13.612
268.67,0.99455,0.93207,13.613
268.85,0.99558,0.9328,13.614
269.04,0.99478,0.93091,13.615
269.25,0.99466,0.92991,13.615
269.44,0.99475,0.9303,13.616
269.64,0.99495,0.92832,13.616
269.85,0.99481,0.93022,13.617
270.1,0.99537,0.92585,13.617
270.25,0.99424,0.92372,13.617
270.45,0.99559,0.92389,13.618
270.65,0.99429,0.92401,13.618
270.9,0.99528,0.92168,13.619
271.06,0.99553,0.92021,13.619
271.23,0.99469,0.91844,13.62
271.44,0.99444,0.91628,13.62
271.63,0.99522,0.91515,13.62
271.85,0.99571,0.91632,13.621
272.06,0.99477,0.91401,13.621
272.26,0.99494,0.9183,13.622
272.44,0.99529,0.91519,13.622
272.65,0.99516,0.91615,13.623
272.85,0.99423,0.91378,13.623
273.07,0.9953,0.90847,13.623
273.25,0.99427,0.90714,13.623
273.45,0.9948,0.90813,13.624
273.65,0.99401,0.90502,13.624
273.86,0.99428,0.90586,13.624
274.06,0.99477,0.90571,13.624
274.24,0.99412,0.90627,13.625
274.45,0.99414,0.90558,13.625
274.65,0.99478,0.90734,13.625
274.86,0.99473,0.90486,13.626
275.06,0.99432,0.90475,13.626
275.25,0.9952,0.90317,13.626
275.45,0.99481,0.90313,13.627
275.65,0.9942,0.90469,13.627
275.85,0.99524,0.90224,13.627
276.06,0.99485,0.90245,13.627
276.25,0.99459,0.90327,13.628
276.45,0.99426,0.90199,13.628
276.65,0.99428,0.9017,13.629
276.85,0.99476,0.90004,13.629
277.06,0.99443,0.90024,13.629
277.25,0.99389,0.89867,13.63
277.52,0.99512,0.89937,13.63
277.64,0.99405,0.90112,NaN
277.85,0.99463,0.89883,13.631
278.05,0.99452,0.89921,13.631
278.24,0.99317,0.89953,13.631
278.51,0.99319,0.89848,13.632
278.65,0.99466,0.90004,13.632
278.85,0.99459,0.89682,13.632
279.06,0.99494,0.89791,13.633
279.28,0.99408,0.89957,13.633
279.43,0.99458,0.90118,13.633
279.66,0.99496,0.89884,13.633
279.85,0.99582,0.89993,13.633
280.04,0.99577,0.9014,13.634
280.24,0.99431,0.90114,13.634
280.45,0.99529,0.90084,13.634
280.67,0.99435,0.9004,13.634
280.85,0.99448,0.89759,13.634
281.04,0.99517,0.89725,13.634
281.24,0.99452,0.89813,13.634
281.49,0.99385,0.89701,13.634
281.64,0.9945,0.8964,13.634
281.85,0.99516,0.89701,13.635
282.04,0.9942,0.89723,13.635
282.27,0.99441,0.8968,13.635
282.43,0.99445,0.89681,13.635
282.63,0.99395,0.89654,13.635
282.86,0.99417,0.89455,13.635
283.04,0.99465,0.89231,13.635
283.25,0.99457,0.89112,13.635
283.45,0.99493,0.88965,13.636
283.65,0.99492,0.88816,13.636
283.86,0.99455,0.88785,13.637
284.04,0.99414,0.88622,13.637
284.23,0.99523,0.88698,13.638
284.43,0.99602,0.89023,13.639
284.66,0.99353,0.88746,13.639
284.94,0.99494,0.88424,13.64
285.04,0.99428,0.884,13.64
285.25,0.9946,0.8846,13.64
285.49,0.99449,0.88602,13.641
285.64,0.99305,0.88585,13.642
285.86,0.99222,0.88504,13.642
286.07,0.99488,0.88501,13.642
286.23,0.9934,0.88576,13.642
286.43,0.99375,0.88423,13.643
286.65,0.99484,0.88319,13.643
286.86,0.99487,0.88334,13.643
287.04,0.99429,0.8828,13.643
287.23,0.99415,0.88289,13.643
287.44,0.99504,0.88489,13.643
287.67,0.99522,0.88785,13.644
287.94,0.99449,0.88381,13.644
288.04,0.99461,0.8852,13.644
288.23,0.99506,0.88575,13.644
288.46,0.99413,0.88515,13.645
288.64,0.99407,0.88359,13.645
288.84,0.99372,0.88248,13.645
289.06,0.99397,0.88069,13.645
289.23,0.99404,0.88382,13.646
289.44,0.99363,0.88213,13.646
289.65,0.99446,0.88337,13.646
289.88,0.99431,0.87945,13.646
290.04,0.9932,0.87984,13.647
290.24,0.994,0.87863,13.647
290.45,0.99451,0.88073,13.647
290.66,0.99406,0.8785,13.648
290.85,0.99294,0.87752,13.648
291.04,0.99489,0.8732,13.649
291.25,0.99437,0.87801,13.65
291.45,0.99428,0.87752,13.651
291.65,0.99425,0.87768,13.651
291.85,0.99311,0.87746,13.652
292.09,0.99469,0.8796,13.652
292.23,0.99467,0.87704,NaN
292.43,0.99369,0.87745,13.652
292.65,0.99543,0.87719,13.652
292.85,0.99454,0.87687,13.653
293.09,0.99411,0.87611,13.653
293.3,0.99472,0.87536,13.653
293.45,0.99471,0.87595,13.653
293.64,0.99394,0.87492,13.653
293.85,0.99471,0.87409,13.653
294.04,0.99419,0.87395,13.654
294.24,0.99427,0.87313,13.654
294.54,0.99361,0.87314,13.654
294.65,0.99439,0.87303,13.655
294.84,0.99376,0.87433,13.655
295.06,0.9941,0.87281,13.655
295.29,0.99443,0.87295,13.655
295.43,0.99443,0.87349,13.655
295.63,0.99463,0.87329,13.656
295.84,0.9943,0.87496,13.656
296.06,0.9932,0.87451,13.656
296.25,0.99312,0.8734,13.656
296.44,0.9949,0.87491,13.656
296.65,0.9934,0.87274,13.656
296.85,0.993,0.87335,13.657
297.09,0.9941,0.87403,13.657
297.23,0.9944,0.87491,13.657
297.45,0.9939,0.87475,13.657
297.63,0.99322,0.87596,13.657
297.85,0.9942,0.87533,13.657
298.05,0.99357,0.87536,13.657
298.26,0.99412,0.87638,13.657
298.45,0.99554,0.87589,13.657
298.65,0.99386,0.87516,13.657
298.85,0.99386,0.87195,13.657
299.05,0.9933,0.87238,13.657
299.23,0.99459,0.87134,13.657
299.43,0.99362,0.87114,13.657
299.64,0.99506,0.87163,13.657
299.88,0.99297,0.86926,13.657
300.04,0.99379,0.87075,13.658
300.23,0.99417,0.86871,13.658
300.47,0.99474,0.87,13.658
300.64,0.99368,0.86854,13.658
300.85,0.99326,0.86667,13.658
301.04,0.99343,0.86582,13.658
301.25,0.99271,0.86463,13.658
301.45,0.99414,0.86509,13.659
301.65,0.99382,0.8665,13.659
301.86,0.99468,0.86277,13.659
302.09,0.99391,0.86306,13.659
302.23,0.99357,0.86144,13.66
302.44,0.99241,0.85838,13.66
302.66,0.99351,0.85965,13.66
302.93,0.99496,0.85601,13.661
303.06,0.99455,0.85604,13.662
303.26,0.99422,0.85543,13.663
303.45,0.99301,0.85281,13.664
303.63,0.99357,0.85141,13.664
303.85,0.99413,0.85109,13.665
304.04,0.99365,0.85001,13.665
304.26,0.99397,0.85168,13.666
304.45,0.99323,0.85605,13.667
304.71,0.99308,0.85611,13.667
304.85,0.99441,0.85648,13.668
305.06,0.99374,0.85574,13.668
305.25,0.99339,0.85466,13.668
305.43,0.99273,0.85161,13.668
305.67,0.9938,0.84867,13.669
305.84,0.99396,0.85013,13.67
306.06,0.99314,0.84943,13.67
306.26,0.99288,0.84786,13.67
306.5,0.99349,0.84696,13.671
306.65,0.99379,0.84687,13.671
306.84,0.99352,0.84415,13.671
307.11,0.99347,0.84679,13.671
307.26,0.99298,0.84354,13.671
307.44,0.99249,0.84508,13.671
307.71,0.99311,0.84318,13.672
307.85,0.99291,0.84451,13.672
308.05,0.99333,0.84132,13.672
308.24,0.99318,0.84012,13.673
308.45,0.99383,0.84054,13.673
308.63,0.99396,0.83752,13.673
308.84,0.99314,0.83475,13.674
309.06,0.99283,0.83331,13.675
309.24,0.99289,0.83617,13.676
309.45,0.9934,0.83571,13.677
309.65,0.99382,0.83519,13.678
309.88,0.99276,0.83488,13.678
310.05,0.99377,0.83548,13.679
310.24,0.99247,0.83798,13.679
310.45,0.99361,0.83608,13.679
310.7,0.99378,0.83771,13.68
310.84,0.99279,0.83499,13.68
311.04,0.99331,0.83374,13.68
311.26,0.99384,0.83463,13.68
311.45,0.9931,0.83551,13.68
311.71,0.9935,0.8314,13.68
311.84,0.99276,0.83281,13.681
312.05,0.99351,0.83282,13.681
312.32,0.99404,0.83341,13.681
312.44,0.99314,0.83519,13.681
312.65,0.99297,0.83258,13.682
312.89,0.99361,0.83091,13.682
313.04,0.99377,0.83079,13.682
313.26,0.99357,0.83206,13.683
313.47,0.99349,0.8313,13.683
313.63,0.99364,0.8307,13.683
313.84,0.99293,0.82928,13.684
314.04,0.99294,0.82879,13.684
314.26,0.99204,0.82956,13.684
314.5,0.99401,0.82964,13.684
314.64,0.99316,0.82964,13.685
314.84,0.9932,0.8317,13.685
315.06,0.99371,0.82901,13.685
315.29,0.99411,0.83106,13.685
315.44,0.99348,0.8307,13.686
315.63,0.99293,0.83184,13.686
315.84,0.99297,0.83011,13.686
316.04,0.99289,0.82904,13.686
316.25,0.99378,0.83124,13.687
316.43,0.99267,0.83211,13.687
316.67,0.99253,0.8303,13.687
316.83,0.99223,0.82973,13.687
317.04,0.99337,0.83005,13.687
317.25,0.99345,0.8324,13.687
317.44,0.99239,0.83297,13.687
317.65,0.99293,0.83151,13.687
317.86,0.99286,0.83237,13.687
318.04,0.99348,0.8273,13.687
318.29,0.99247,0.82551,13.688
318.45,0.99324,0.82367,13.688
318.64,0.9927,0.82105,13.688
318.86,0.99267,0.82066,13.688
319.13,0.99178,0.81999,13.688
319.24,0.99213,0.81834,13.688
319.43,0.99199,0.81789,13.688
319.66,0.99293,0.81683,13.689
319.83,0.99287,0.81623,13.689
320.03,0.9922,0.81751,13.689
320.25,0.9929,0.81415,13.69
320.46,0.99292,0.81462,13.69
320.64,0.99171,0.81279,13.691
320.84,0.99298,0.81099,13.691
321.1,0.99218,0.81086,13.691
321.25,0.99286,0.80897,13.692
321.44,0.99213,0.80642,13.692
321.65,0.99246,0.80639,13.692
321.85,0.9917,0.80899,13.693
322.03,0.992,0.80614,13.693
322.24,0.99214,0.80975,13.694
322.44,0.99199,0.80945,13.694
322.65,0.99221,0.80895,13.694
322.85,0.99268,0.81006,13.695
323.06,0.99173,0.80784,13.695
323.29,0.99334,0.80675,13.696
323.45,0.99153,0.80719,13.696
323.65,0.99214,0.80459,13.696
323.85,0.99248,0.80299,13.697
324.04,0.99228,0.80417,13.697
324.24,0.99124,0.8025,13.698
324.45,0.99277,0.79835,13.698
324.73,0.99239,0.79812,13.699
324.83,0.9916,0.7984,13.7
325.06,0.99148,0.79479,13.7
325.26,0.99182,0.79384,13.701
325.45,0.99125,0.79517,13.702
325.66,0.99087,0.79791,13.703
325.85,0.99143,0.7963,13.704
326.08,0.99202,0.80001,13.704
326.24,0.99108,0.79993,13.704
326.46,0.99226,0.79877,13.704
326.64,0.99197,0.79713,13.705
326.88,0.9912,0.79205,13.705
327.04,0.99068,0.78998,13.705
327.25,0.99076,0.79126,13.705
327.45,0.99093,0.79027,13.706
327.63,0.99168,0.79098,13.706
327.85,0.9914,0.78941,13.706
328.06,0.99162,0.78901,13.706
328.27,0.9918,0.78722,13.707
328.44,0.99121,0.78832,13.707
328.64,0.99227,0.78994,13.707
328.86,0.99281,0.78929,13.708
329.07,0.9927,0.78576,13.708
329.23,0.99115,0.78697,13.709
329.46,0.9919,0.78592,13.709
329.66,0.99177,0.78829,13.709
329.91,0.9908,0.78762,13.71
330.05,0.99105,0.78838,13.71
330.24,0.99076,0.78596,13.71
330.48,0.99114,0.78657,13.711
330.64,0.99032,0.7853,13.711
330.83,0.9898,0.78469,13.712
331.05,0.99106,0.78427,13.713
331.24,0.99106,0.78445,13.714
331.44,0.99131,0.78367,13.715
331.66,0.99096,0.78421,13.715
331.88,0.99085,0.78474,13.716
332.04,0.99126,0.78653,13.716
332.26,0.99236,0.78656,13.716
332.45,0.98988,0.78363,13.716
332.68,0.99135,0.78521,13.716
332.84,0.99165,0.78604,13.716
333.04,0.99162,0.78597,13.716
333.25,0.99106,0.78731,13.716
333.52,0.99127,0.78435,13.716
333.63,0.99055,0.78578,13.716
333.86,0.99142,0.78693,13.716
334.1,0.9909,0.7876,13.716
334.25,0.99072,0.7858,13.716
334.46,0.99189,0.78417,13.716
334.68,0.99087,0.78199,13.716
334.85,0.99129,0.77953,13.716
335.05,0.99087,0.78244,13.716
335.25,0.99256,0.78184,13.716
335.49,0.9919,0.78328,13.716
335.64,0.99211,0.78081,13.716
335.86,0.99166,0.7827,13.716
336.08,0.9916,0.78301,13.716
336.25,0.99161,0.77979,13.716
336.43,0.99142,0.77982,13.717
336.66,0.99137,0.77694,13.717
336.87,0.99223,0.77735,13.717
337.04,0.99167,0.77736,13.717
337.25,0.99127,0.77917,13.717
337.48,0.99146,0.77827,13.718
337.66,0.9903,0.77707,13.718
337.83,0.99241,0.77836,13.719
338.06,0.99161,0.77772,13.719
338.29,0.99181,0.77707,13.719
338.45,0.99131,0.77665,13.719
338.63,0.99207,0.77347,13.72
338.84,0.99223,0.77588,13.72
339.03,0.99281,0.77078,13.72
339.25,0.99017,0.77402,13.72
339.45,0.99108,0.77365,13.721
339.67,0.99052,0.77334,13.721
339.84,0.99114,0.77406,13.722
340.05,0.99191,0.77481,13.722
340.24,0.99136,0.77338,13.722
340.49,0.99118,0.77329,13.722
340.66,0.9909,0.77361,13.723
340.84,0.99215,0.77384,13.723
341.08,0.99142,0.774,13.723
341.23,0.99175,0.77306,13.724
341.43,0.9912,0.77371,13.724
341.66,0.99166,0.77136,13.725
341.88,0.99237,0.77362,13.725
342.04,0.99137,0.77271,13.726
342.26,0.99149,0.77175,13.727
342.47,0.99133,0.77406,13.727
342.66,0.9928,0.7723,13.728
342.84,0.9906,0.77305,13.728
343.06,0.99199,0.77101,13.728
343.23,0.99214,0.77118,13.728
343.43,0.99141,0.76917,13.728
343.65,0.99112,0.77091,13.728
343.85,0.9912,0.76902,13.729
344.04,0.9908,0.76944,13.729
344.27,0.99099,0.76895,13.729
344.44,0.99221,0.76684,13.729
344.64,0.99272,0.77049,13.73
344.87,0.99085,0.76778,13.73
345.04,0.99099,0.76621,13.73
345.24,0.99261,0.76742,13.73
345.46,0.99237,0.76638,13.731
345.64,0.9932,0.76681,13.731
345.85,0.99152,0.76632,13.731
346.05,0.99253,0.76728,13.732
346.29,0.99164,0.76794,13.732
346.45,0.99123,0.76625,13.732
346.65,0.99132,0.76698,13.733
346.88,0.99165,0.76532,13.733
347.03,0.9926,0.76722,13.733
347.25,0.99169,0.76598,13.733
347.51,0.99232,0.76608,13.734
347.66,0.99208,0.76735,13.734
347.85,0.9924,0.76654,13.734
348.03,0.99204,0.76498,13.735
348.24,0.99198,0.76581,13.735
348.45,0.99269,0.76574,13.735
348.63,0.99225,0.76546,13.735
348.86,0.99202,0.76641,13.736
349.09,0.99172,0.76436,13.736
349.25,0.9916,0.76679,13.736
349.44,0.99133,0.76611,13.736
349.65,0.99095,0.76487,13.737
349.85,0.99102,0.76518,13.737
350.06,0.99194,0.76315,13.738
350.26,0.99067,0.76458,13.738
350.46,0.99257,0.76679,13.738
350.66,0.99113,0.76437,13.738
350.88,0.9911,0.76887,13.739
351.04,0.99153,0.7662,13.739
351.23,0.99154,0.76597,13.739
351.48,0.9908,0.76728,13.739
351.64,0.99157,0.76562,13.739
351.83,0.99124,0.76572,13.739
352.05,0.99017,0.76643,13.739
352.25,0.99114,0.76791,13.739
352.46,0.9901,0.76465,13.739
352.64,0.9912,0.7616,13.739
352.86,0.99148,0.76256,13.739
353.05,0.99129,0.76187,13.739
353.24,0.99076,0.76189,13.739
353.46,0.9903,0.76133,13.739
353.65,0.99184,0.75922,13.739
353.9,0.99135,0.75936,13.739
354.04,0.99145,0.75752,13.739
354.27,0.99101,0.75864,13.739
354.44,0.9906,0.75754,13.74
354.64,0.99159,0.75442,13.74
354.85,0.99153,0.75509,13.74
355.03,0.99056,0.7533,13.74
355.27,0.99065,0.75125,13.741
355.45,0.99154,0.75307,13.741
355.64,0.99225,0.75174,13.741
355.84,0.99057,0.75039,13.742
356.05,0.99124,0.75032,13.742
356.31,0.99235,0.74879,13.742
356.45,0.99156,0.7468,13.743
356.65,0.99078,0.74661,13.743
356.83,0.99148,0.74616,13.743
357.03,0.99142,0.74319,13.744
357.27,0.99033,0.7428,13.744
357.44,0.99085,0.74256,13.745
357.64,0.98989,0.74211,13.745
357.86,0.99073,0.74611,13.745
358.04,0.99029,0.74696,13.746
358.26,0.99084,0.74909,13.746
358.43,0.99313,0.74749,13.747
358.63,0.99227,0.74548,13.747
358.84,0.99162,0.7421,13.747
359.04,0.99117,0.74023,13.748
359.24,0.99009,0.73966,13.748
359.45,0.99039,0.73683,13.749
359.64,0.99233,0.73964,13.749
359.85,0.99174,0.73942,13.75
360.06,0.98999,0.7384,13.751
360.24,0.9901,0.73801,13.752
360.45,0.99004,0.73644,13.753
360.64,0.98952,0.73561,13.754
360.84,0.98932,0.7324,13.754
361.06,0.99008,0.73427,13.755
361.23,0.99015,0.7326,13.755
361.44,0.99107,0.73409,13.755
361.66,0.99132,0.73236,13.755
361.88,0.99127,0.73284,13.755
362.05,0.99028,0.73291,13.756
362.24,0.99176,0.73061,13.756
362.47,0.98951,0.72863,13.756
362.7,0.99048,0.72752,13.757
362.85,0.99132,0.72879,13.757
363.03,0.99011,0.72675,13.757
363.27,0.98962,0.72725,13.758
363.44,0.99042,0.73094,13.758
363.66,0.99101,0.72936,13.758
363.85,0.991,0.72754,13.759
364.05,0.99012,0.72775,13.759
364.24,0.99075,0.72775,13.759
364.44,0.99041,0.72333,13.76
364.64,0.99043,0.72605,13.76
364.85,0.99039,0.72448,13.76
365.05,0.9895,0.72337,13.761
365.24,0.99117,0.72414,13.761
365.44,0.99006,0.72534,13.761
365.64,0.99198,0.72484,13.762
365.88,0.99036,0.72355,13.763
366.04,0.99017,0.72252,13.765
366.26,0.9897,0.72579,13.765
366.45,0.98881,0.72272,13.766
366.63,0.99098,0.72428,13.767
366.85,0.99123,0.71947,13.767
367.04,0.9899,0.72162,13.767
367.32,0.99093,0.71979,13.768
367.44,0.99111,0.71791,13.768
367.67,0.99036,0.71837,13.768
367.83,0.99123,0.71918,13.768
368.06,0.99022,0.71789,13.768
368.25,0.99042,0.71963,13.768
368.5,0.99216,0.72013,13.768
368.66,0.9893,0.72231,13.768
368.85,0.99108,0.72126,13.768
369.09,0.98985,0.72008,13.768
369.25,0.99147,0.72197,13.768
369.46,0.99069,0.72173,13.768
369.7,0.99008,0.71864,13.768
369.86,0.98965,0.71877,13.768
370.05,0.99095,0.71865,13.768
370.26,0.99069,0.71976,13.768
370.45,0.98975,0.72043,13.768
370.65,0.99045,0.72095,13.768
370.88,0.98941,0.7204,13.769
371.04,0.98894,0.72198,13.769
371.24,0.99071,0.72067,13.769
371.48,0.99042,0.71614,13.769
371.63,0.98989,0.71284,13.769
371.85,0.98961,0.71281,13.769
372.05,0.98943,0.71115,13.769
372.25,0.99055,0.71162,13.769
372.44,0.99019,0.71035,13.77
372.66,0.99099,0.71198,13.77
372.86,0.99021,0.7116,13.77
373.05,0.99046,0.71064,13.771
373.32,0.99024,0.71059,13.771
373.44,0.98994,0.71027,13.771
373.65,0.99005,0.70946,13.771
373.85,0.98831,0.70605,13.772
374.03,0.98978,0.70754,13.772
374.25,0.99009,0.70415,13.772
374.44,0.98867,0.70151,13.773
374.63,0.99039,0.69741,13.773
374.85,0.99002,0.69728,13.774
375.06,0.9881,0.69627,13.774
375.26,0.98882,0.6982,13.774
375.47,0.98886,0.69459,13.775
375.63,0.99012,0.6964,13.776
375.84,0.98974,0.70064,13.778
376.05,0.99075,0.70113,13.778
376.25,0.98918,0.70279,13.779
376.44,0.98826,0.70029,13.78
376.64,0.99003,0.70134,13.78
376.83,0.9893,0.69909,13.781
377.03,0.98978,0.69697,13.781
377.24,0.98949,0.6943,13.781
377.5,0.98864,0.69483,13.782
377.65,0.98965,0.69274,13.782
377.83,0.98883,0.69445,13.783
378.08,0.98905,0.69152,13.783
378.26,0.98928,0.68915,13.784
378.46,0.99054,0.68845,13.784
378.68,0.98946,0.68769,13.784
378.83,0.98923,0.6862,13.785
379.05,0.98901,0.68712,13.785
379.26,0.98993,0.68935,13.786
379.5,0.98907,0.69185,13.786
379.66,0.98905,0.69253,13.787
379.86,0.98913,0.68884,13.787
380.04,0.98874,0.68569,13.787
380.25,0.98796,0.68369,13.788
380.46,0.9881,0.68099,13.788
380.63,0.98918,0.67984,13.788
380.84,0.9884,0.6809,13.788
381.06,0.98882,0.68072,13.789
381.31,0.98923,0.68363,13.789
381.45,0.98959,0.68167,13.789
381.66,0.98956,0.67944,13.789
381.83,0.98798,0.67955,13.79
382.05,0.98859,0.67934,13.79
382.25,0.98771,0.68026,13.79
382.43,0.98896,0.67763,13.79
382.65,0.98886,0.6764,13.791
382.9,0.98859,0.67758,13.791
383.04,0.99017,0.67947,13.791
383.26,0.98875,0.67931,13.792
383.43,0.98768,0.67889,13.792
383.64,0.98794,0.68136,13.792
383.86,0.98805,0.67932,13.793
384.03,0.9885,0.6806,13.793
384.26,0.98973,0.67821,13.793
384.45,0.98844,0.67896,13.794
384.64,0.98898,0.67763,13.794
384.84,0.98912,0.67623,13.794
385.06,0.98757,0.67811,13.795
385.28,0.98837,0.67869,13.795
385.45,0.98848,0.67638,13.795
385.64,0.98914,0.67597,13.796
385.88,0.98919,0.67655,13.796
386.05,0.99015,0.6768,13.796
386.25,0.98818,0.67796,13.796
386.46,0.98938,0.67949,13.796
386.66,0.98803,0.67861,13.797
386.86,0.98907,0.67897,13.797
387.04,0.98834,0.67707,13.797
387.23,0.98892,0.67801,13.797
387.45,0.98942,0.67851,13.797
387.65,0.98896,0.67811,13.797
387.83,0.98903,0.67817,13.797
388.04,0.98912,0.67732,13.797
388.25,0.98763,0.67574,13.797
388.5,0.98791,0.67322,13.797
388.65,0.9883,0.67198,13.797
388.85,0.98868,0.67493,13.797
389.08,0.98823,0.67368,13.797
389.24,0.98823,0.67289,13.797
389.44,0.98788,0.67277,13.797
389.67,0.98908,0.67488,13.797
389.85,0.98872,0.67536,13.797
390.06,0.98777,0.67692,13.798
390.26,0.98803,0.67565,13.798
390.45,0.98833,0.67305,13.798
390.64,0.98755,0.67367,13.798
390.86,0.98887,0.67162,13.799
391.05,0.9892,0.67186,13.799
391.25,0.98983,0.67045,13.799
391.47,0.98908,0.67107,13.799
391.65,0.98797,0.66966,13.8
391.86,0.9878,0.66732,13.8
392.08,0.98762,0.66922,13.801
392.25,0.98892,0.66582,13.801
392.45,0.98681,0.66873,13.802
392.67,0.98878,0.66585,13.803
392.86,0.98773,0.66646,13.803
393.05,0.98821,0.66441,13.804
393.24,0.98769,0.66304,13.804
393.46,0.98849,0.66482,13.804
393.67,0.98831,0.66384,13.804
393.83,0.98807,0.66468,13.804
394.05,0.98765,0.6633,13.805
394.25,0.98936,0.665,13.805
394.52,0.98701,0.66269,13.805
394.64,0.98815,0.66295,13.805
394.84,0.98699,0.66329,13.805
395.09,0.98706,0.66435,13.806
395.25,0.98819,0.6616,13.806
395.46,0.98729,0.66165,13.806
395.65,0.98773,0.65908,13.806
395.84,0.98768,0.66172,13.806
396.04,0.98799,0.66075,13.807
396.27,0.98843,0.66178,13.807
396.44,0.98746,0.66144,13.807
396.63,0.98801,0.66169,13.808
396.84,0.98658,0.66264,13.808
397.05,0.98759,0.66235,13.808
397.25,0.98783,0.66252,13.808
397.47,0.98824,0.66228,13.809
397.63,0.98699,0.66471,13.809
397.85,0.98748,0.66477,13.809
398.04,0.98741,0.66107,13.81
398.23,0.98763,0.66119,13.81
398.44,0.9888,0.66052,13.81
398.66,0.98595,0.66164,13.811
398.83,0.98812,0.66041,13.811
399.05,0.98791,0.65966,13.811
399.26,0.98818,0.6586,13.812
399.45,0.98811,0.65754,13.812
399.65,0.98727,0.65779,13.812
399.84,0.9877,0.65986,13.812
400.03,0.98675,0.65737,13.813
400.25,0.98742,0.65748,13.813
400.44,0.98864,0.65837,13.814
400.65,0.98788,0.66014,13.815
400.89,0.98722,0.65773,13.816
401.04,0.98585,0.65457,13.816
401.24,0.98822,0.65355,13.816
401.45,0.98787,0.657,13.817
401.7,0.98712,0.65464,13.817
401.85,0.98632,0.65384,13.817
402.04,0.98542,0.65512,13.817
402.29,0.9873,0.65438,13.817
402.45,0.98833,0.65363,13.818
402.64,0.98692,0.65581,13.818
402.87,0.98688,0.6554,13.818
403.05,0.98773,0.6557,13.818
403.25,0.98655,0.65459,13.818
403.53,0.98769,0.65563,13.819
403.63,0.98789,0.65658,13.819
403.87,0.98822,0.65461,13.819
404.03,0.9882,0.65574,13.819
404.26,0.9883,0.65572,13.819
404.48,0.98797,0.6549,13.819
404.65,0.98715,0.65471,13.82
404.84,0.98727,0.65429,13.82
405.09,0.98756,0.65668,13.82
405.23,0.98633,0.65626,13.82
405.44,0.98647,0.65474,13.82
405.68,0.98796,0.65567,13.82
405.85,0.98803,0.65548,13.82
406.04,0.98634,0.65397,13.82
406.25,0.98735,0.65644,13.82
406.45,0.98819,0.65389,13.82
406.7,0.98727,0.6533,13.82
406.84,0.98822,0.65297,13.82
407.03,0.98727,0.6523,13.82
407.26,0.98703,0.65073,13.82
407.45,0.98712,0.65006,13.821
407.64,0.98947,0.6511,13.821
407.93,0.9873,0.64596,13.821
408.06,0.98606,0.64972,13.822
408.25,0.98835,0.64854,13.822
408.44,0.98903,0.64743,13.822
408.63,0.98761,0.64835,13.822
408.89,0.98844,0.64926,13.823
409.04,0.98763,0.64729,13.823
409.26,0.98613,0.64757,13.823
409.47,0.98695,0.64607,13.824
409.63,0.9867,0.64334,13.824
409.85,0.98706,0.64313,13.825
410.05,0.98637,0.64344,13.825
410.24,0.98669,0.63829,13.825
410.44,0.98542,0.63737,13.826
410.66,0.98738,0.63519,13.826
410.84,0.98599,0.63589,13.828
411.05,0.98691,0.6335,13.829
411.29,0.98665,0.63642,13.83
411.44,0.98799,0.63951,13.83
411.66,0.98623,0.64085,13.831
411.87,0.98795,0.64239,13.832
412.05,0.98668,0.64096,13.832
412.24,0.98734,0.63927,13.832
412.46,0.9865,0.63988,13.832
412.65,0.98563,0.63703,13.833
412.85,0.98551,0.6341,13.833
413.1,0.9861,0.63491,13.833
413.25,0.98594,0.63397,13.833
413.46,0.98682,0.63325,13.833
413.77,0.9858,0.62887,13.834
413.85,0.98566,0.63107,13.834
414.08,0.9875,0.62786,13.834
414.25,0.98585,0.62694,13.834
414.44,0.98684,0.62687,13.835
414.64,0.98476,0.62884,13.835
414.93,0.98396,0.63155,13.835
415.05,0.98573,0.63151,13.836
415.26,0.98538,0.63386,13.836
415.51,0.98799,0.63147,13.836
415.64,0.98571,0.62717,13.837
415.84,0.98647,0.62644,13.837
416.08,0.98412,0.62223,13.838
416.26,0.98528,0.62141,13.838
416.46,0.98708,0.62419,13.839
416.66,0.98681,0.62434,13.84
416.85,0.98609,0.62334,13.841
417.04,0.98451,0.62137,13.842
417.24,0.98514,0.62056,13.843
417.44,0.98597,0.62003,13.843
417.63,0.98739,0.62036,13.844
417.84,0.98582,0.61894,13.844
418.05,0.98605,0.61943,13.845
418.24,0.98434,0.6185,13.845
418.45,0.98552,0.61879,13.845
418.64,0.9856,0.62067,13.845
418.84,0.98586,0.62146,13.845
419.06,0.98687,0.62137,13.846
419.3,0.98584,0.62324,13.846
419.44,0.98684,0.62176,13.846
419.66,0.98563,0.62124,13.846
419.83,0.98521,0.61916,13.846
420.04,0.98504,0.62069,13.847
420.25,0.9872,0.61945,13.847
420.45,0.9872,0.61925,13.847
420.63,0.98481,0.61806,13.847
420.85,0.98562,0.61845,13.848
421.06,0.98464,0.61605,13.848
421.26,0.98473,0.61552,13.848
421.48,0.98456,0.61397,13.848
421.65,0.98571,0.61475,13.849
421.84,0.98598,0.61525,13.849
422.06,0.98453,0.61654,13.849
422.24,0.98543,0.61565,13.849
422.45,0.9852,0.61406,13.85
422.65,0.98626,0.61906,13.85
422.84,0.98588,0.61519,13.85
423.05,0.98461,0.61738,13.85
423.28,0.98466,0.61654,13.85
423.45,0.9851,0.61553,13.85
423.65,0.98502,0.61385,13.85
423.91,0.98519,0.61361,13.85
424.04,0.98591,0.61569,13.85
424.26,0.98536,0.61436,13.85
424.44,0.98525,0.61452,13.851
424.64,0.98662,0.61482,13.851
424.86,0.98457,0.61596,13.851
425.05,0.98464,0.61437,13.851
425.25,0.98471,0.61228,13.851
425.47,0.98565,0.60959,13.851
425.63,0.98576,0.60799,13.851
425.84,0.98576,0.60807,13.852
426.1,0.98464,0.60831,13.853
426.24,0.98526,0.60661,13.854
426.46,0.98395,0.60448,13.854
426.67,0.98488,0.6014,13.855
426.84,0.98401,0.60172,13.855
427.06,0.98431,0.60015,13.855
427.25,0.98399,0.60053,13.856
427.45,0.98373,0.5981,13.857
427.64,0.98424,0.59929,13.857
427.89,0.98556,0.59891,13.857
428.04,0.9842,0.59745,13.858
428.24,0.98271,0.5974,13.858
428.43,0.9842,0.59549,13.858
428.65,0.98493,0.59546,13.858
428.84,0.98445,0.59494,13.858
429.03,0.98408,0.59398,13.859
429.25,0.98602,0.59141,13.859
429.45,0.98445,0.59637,13.859
429.63,0.98522,0.59704,13.86
429.84,0.98462,0.59649,13.86
430.06,0.98615,0.59672,13.86
430.24,0.98523,0.59632,13.86
430.48,0.98511,0.59388,13.861
430.63,0.9855,0.59299,13.861
430.85,0.98385,0.59436,13.861
431.05,0.98369,0.59329,13.861
431.29,0.98267,0.59198,13.862
431.45,0.98562,0.59217,13.862
431.65,0.98373,0.59035,13.863
431.88,0.98446,0.58805,13.863
432.04,0.98331,0.58344,13.864
432.24,0.98309,0.58368,13.864
432.45,0.98496,0.58413,13.866
432.7,0.98374,0.58548,13.867
432.84,0.98428,0.58498,13.868
433.06,0.98345,0.58789,13.868
433.31,0.98484,0.58806,13.868
433.44,0.98346,0.58671,13.868
433.64,0.9838,0.58662,13.869
433.93,0.98333,0.58426,13.869
434.05,0.98411,0.58344,13.869
434.25,0.98412,0.58374,13.869
434.45,0.98387,0.58178,13.87
434.64,0.98243,0.58157,13.87
434.88,0.98354,0.58162,13.87
435.03,0.98294,0.58106,13.87
435.26,0.9841,0.58046,13.871
435.45,0.9825,0.57965,13.871
435.63,0.98369,0.57821,13.871
435.83,0.9845,0.5778,13.871
436.06,0.98256,0.57853,13.872
436.25,0.98175,0.57681,13.872
436.46,0.98293,0.57734,13.873
436.63,0.98366,0.57967,13.873
436.85,0.983,0.58181,13.873
437.04,0.98346,0.5819,13.874
437.24,0.98323,0.58299,13.874
437.46,0.98191,0.5833,13.874
437.66,0.98285,0.58283,13.875
437.85,0.98315,0.5819,13.875
438.12,0.98378,0.58323,13.876
438.23,0.98301,0.58348,13.876
438.46,0.98295,0.58208,13.876
438.64,0.98323,0.58217,13.877
438.86,0.9841,0.58315,13.878
439.1,0.98169,0.58183,13.879
439.24,0.98309,0.57925,13.879
439.46,0.98488,0.58268,13.879
439.63,0.98259,0.58145,13.879
439.83,0.98405,0.5828,13.879
440.07,0.98249,0.58362,13.879
440.25,0.98298,0.5843,13.88
440.46,0.9833,0.58342,13.88
440.73,0.98429,0.58465,13.88
440.84,0.9843,0.58433,13.88
441.05,0.9827,0.58424,13.88
441.25,0.98354,0.58431,13.88
441.45,0.98279,0.58264,13.88
441.65,0.98044,0.58151,13.88
441.86,0.98298,0.58181,13.88
442.04,0.98374,0.57878,13.88
442.25,0.98382,0.57642,13.88
442.5,0.98304,0.57368,13.88
442.65,0.98237,0.57251,13.88
442.85,0.98269,0.57189,13.88
443.05,0.98395,0.57119,13.879
443.24,0.98383,0.57201,13.879
443.49,0.98257,0.57002,13.88
443.64,0.98295,0.56903,13.88
443.86,0.98362,0.57149,13.88
444.04,0.98246,0.57101,13.88
444.23,0.98363,0.57104,13.88
444.47,0.98245,0.57287,13.88
444.65,0.9821,0.57335,13.88
444.83,0.98363,0.57329,13.88
445.05,0.9826,0.57062,13.88
445.26,0.98246,0.5688,13.88
445.48,0.98231,0.56984,13.881
445.65,0.98455,0.57092,13.881
445.84,0.98325,0.57286,13.881
446.04,0.98223,0.57006,13.882
446.24,0.98357,0.57088,13.882
446.45,0.98168,0.57096,13.882
446.65,0.98238,0.57026,13.882
446.84,0.98231,0.56966,13.883
447.15,0.9824,0.56522,13.883
447.25,0.98222,0.56578,13.883
447.47,0.9826,0.56704,13.884
447.65,0.98071,0.5647,13.884
447.86,0.98254,0.56372,13.884
448.03,0.98177,0.56531,13.885
448.24,0.98314,0.5646,13.885
448.47,0.98144,0.56682,13.885
448.65,0.98235,0.568,13.886
448.85,0.98235,0.56952,13.886
449.04,0.98245,0.57049,13.886
449.26,0.98381,0.56967,13.886
449.49,0.98228,0.56887,13.887
449.65,0.98277,0.57042,13.887
449.83,0.98383,0.56942,13.887
450.04,0.98105,0.56882,13.888
450.24,0.98257,0.56803,13.888
450.51,0.98105,0.56633,13.888
450.65,0.98227,0.56516,13.889
450.86,0.98248,0.56633,13.889
451.04,0.98135,0.56399,13.89
451.24,0.98333,0.56458,13.89
451.48,0.98235,0.56312,13.891
451.66,0.98097,0.56553,13.892
451.86,0.9822,0.56432,13.893
452.04,0.9817,0.56357,13.893
452.24,0.98377,0.56224,13.893
452.5,0.98272,0.56212,13.894
452.66,0.98055,0.56013,13.895
452.86,0.98182,0.56169,13.895
453.15,0.98212,0.56172,13.896
453.25,0.9815,0.56359,NaN
453.45,0.98105,0.56193,13.896
453.65,0.98095,0.56079,13.896
453.85,0.97948,0.56051,13.897
454.06,0.98108,0.56453,13.897
454.25,0.98186,0.56296,13.898
454.43,0.98047,0.5591,13.898
454.67,0.98073,0.55985,13.899
454.84,0.9814,0.56108,13.899
455.04,0.98232,0.56078,13.899
455.28,0.98251,0.56044,13.899
455.44,0.98277,0.56118,13.899
455.64,0.98312,0.56038,13.899
455.9,0.98143,0.56044,13.9
456.04,0.98145,0.5573,13.9
456.24,0.98248,0.56074,13.9
456.5,0.98141,0.56166,13.9
456.65,0.98063,0.55869,13.9
456.84,0.98214,0.55914,13.9
457.03,0.97932,0.55822,13.901
457.26,0.98094,0.55895,13.901
457.46,0.98207,0.55909,13.901
457.66,0.98373,0.56204,13.901
457.85,0.98231,0.55984,13.901
458.05,0.98223,0.55946,13.901
458.26,0.9831,0.56091,13.901
458.46,0.98178,0.56122,13.901
458.66,0.98319,0.56094,13.902
458.85,0.98136,0.55869,13.902
459.05,0.98106,0.55873,13.902
459.25,0.98224,0.55848,13.902
459.45,0.98216,0.55832,13.902
459.65,0.97956,0.55994,13.902
459.85,0.98163,0.55833,13.903
460.03,0.98069,0.56146,13.903
460.31,0.98165,0.56067,13.903
460.45,0.98012,0.55992,13.903
460.64,0.98259,0.55851,13.903
460.85,0.98052,0.55893,13.903
461.03,0.98184,0.55572,13.903
461.25,0.98271,0.55642,13.903
461.45,0.98051,0.55675,13.904
461.65,0.98156,0.55657,13.904
461.92,0.98122,0.55429,13.904
462.05,0.9824,0.55251,13.904
462.26,0.98251,0.55271,13.905
462.43,0.98168,0.55267,13.905
462.63,0.98249,0.55133,13.905
462.9,0.98002,0.55056,13.906
463.04,0.98285,0.55178,13.906
463.26,0.98116,0.55032,13.906
463.45,0.98091,0.55072,13.907
463.65,0.98266,0.54847,13.907
463.92,0.98051,0.54556,13.908
464.04,0.9797,0.54531,13.908
464.26,0.98305,0.54472,13.908
464.44,0.98061,0.54417,13.909
464.63,0.98172,0.54268,13.909
464.89,0.98019,0.54428,13.909
465.04,0.98038,0.54837,13.91
465.25,0.98076,0.54929,13.91
465.46,0.9822,0.5483,13.911
465.64,0.98054,0.54621,13.911
465.83,0.98217,0.54791,13.911
466.06,0.98191,0.54513,13.912
466.24,0.98039,0.54622,13.912
466.44,0.98094,0.54203,13.912
466.65,0.98193,0.54684,13.913
466.86,0.98099,0.54279,13.913
467.04,0.9817,0.54196,13.914
467.24,0.98082,0.54009,13.914
467.52,0.98132,0.53589,13.916
467.64,0.98181,0.53531,13.917
467.86,0.98065,0.53388,13.918
468.03,0.9797,0.5345,13.919
468.24,0.97947,0.53521,13.919
468.49,0.9805,0.53956,13.92
468.63,0.97888,0.53822,13.92
468.86,0.98106,0.53926,13.921
469.06,0.97895,0.53996,13.921
469.24,0.98113,0.53959,13.921
469.48,0.98051,0.53588,13.921
469.64,0.97927,0.53361,13.922
469.86,0.9802,0.5323,13.922
470.03,0.98118,0.53391,13.922
470.23,0.97902,0.53532,13.922
470.5,0.97891,0.53285,13.922
470.65,0.97866,0.53058,13.923
470.87,0.97942,0.53145,13.923
471.04,0.98115,0.53172,13.923
471.26,0.98103,0.52664,13.924
471.46,0.97947,0.52785,13.924
471.66,0.98055,0.52888,13.924
471.86,0.9803,0.52847,13.925
472.03,0.97741,0.53172,13.925
472.26,0.98007,0.53489,13.925
472.43,0.97859,0.5368,13.925
472.64,0.97993,0.53451,13.926
472.9,0.97917,0.53466,13.926
473.06,0.97885,0.53352,13.927
473.23,0.97955,0.53371,13.928
473.43,0.97841,0.53249,13.928
473.66,0.98075,0.53241,13.93
473.88,0.98212,0.53004,13.93
474.04,0.98017,0.52788,13.931
474.26,0.97917,0.52951,13.931
474.48,0.97966,0.52934,13.931
474.64,0.98127,0.52977,13.931
474.85,0.98073,0.52751,13.931
475.11,0.97953,0.52701,13.932
475.24,0.98026,0.52838,13.932
475.45,0.97991,0.52987,13.932
475.63,0.97903,0.52977,13.932
475.86,0.98074,0.52881,13.932
476.08,0.97961,0.53076,13.932
476.25,0.97961,0.52918,13.932
476.44,0.97964,0.52924,13.932
476.7,0.97971,0.52605,13.932
476.86,0.98003,0.52662,13.932
477.06,0.98032,0.52488,13.932
477.25,0.98081,0.52501,13.932
477.44,0.97915,0.52336,13.932
477.69,0.98034,0.52395,13.932
477.84,0.9801,0.52169,13.932
478.05,0.97822,0.52326,13.932
478.31,0.97923,0.5217,13.932
478.45,0.97919,0.52163,13.932
478.66,0.97804,0.52035,13.932
478.92,0.97712,0.51942,13.933
479.04,0.97946,0.52088,13.933
479.28,0.97889,0.52234,13.933
479.45,0.97974,0.52262,13.933
479.63,0.97888,0.5212,13.934
479.84,0.97758,0.52174,13.934
480.05,0.97958,0.5201,13.934
480.27,0.97924,0.5185,13.935
480.43,0.98244,0.51705,13.935
480.65,0.9771,0.51522,13.935
480.88,0.9797,0.51584,13.936
481.04,0.97806,0.51423,13.936
481.24,0.97754,0.51523,13.936
481.44,0.97933,0.51733,13.937
481.63,0.97666,0.51567,13.937
481.84,0.97887,0.51613,13.937
482.04,0.97743,0.51199,13.938
482.3,0.9774,0.51099,13.938
482.44,0.97787,0.50769,13.938
482.65,0.97731,0.50511,13.939
482.85,0.97803,0.5087,13.939
483.04,0.97819,0.51025,13.94
483.28,0.97652,0.5097,13.941
483.45,0.97738,0.51066,13.943
483.65,0.97791,0.51147,13.943
483.83,0.98043,0.50963,13.944
484.04,0.97889,0.51035,13.944
484.27,0.97715,0.50949,13.945
484.45,0.97809,0.50807,13.945
484.64,0.97732,0.51164,13.946
484.83,0.97696,0.50704,13.946
485.05,0.97859,0.50771,13.946
485.28,0.978,0.50666,13.947
485.44,0.97566,0.50603,13.947
485.66,0.97696,0.50388,13.947
485.83,0.9789,0.50011,13.947
486.05,0.97968,0.50074,13.947
486.26,0.97989,0.50363,13.948
486.44,0.97561,0.50388,13.948
486.66,0.97694,0.50714,13.948
486.92,0.97932,0.50703,13.948
487.05,0.97843,0.50716,13.949
487.25,0.97781,0.50523,13.949
487.44,0.9764,0.50396,13.949
487.64,0.97757,0.50248,13.95
487.9,0.97701,0.50093,13.95
488.05,0.9778,0.50117,13.95
488.27,0.97747,0.50284,13.951
488.43,0.97834,0.50179,13.951
488.65,0.97456,0.50136,13.951
488.85,0.97525,0.50116,13.952
489.04,0.97769,0.50119,13.953
489.23,0.97736,0.49711,13.953
489.44,0.9768,0.49702,13.954
489.69,0.97702,0.49514,13.956
489.85,0.97787,0.49567,13.956
490.04,0.97653,0.49729,13.957
490.25,0.97919,0.49755,13.957
490.44,0.97997,0.4994,13.957
490.64,0.97775,0.49928,13.957
490.84,0.97528,0.4986,13.957
491.12,0.97584,0.49918,13.958
491.26,0.97645,0.49956,13.958
491.5,0.97744,0.49953,13.958
491.65,0.9765,0.50076,13.958
491.88,0.97626,0.49995,13.958
492.04,0.97693,0.49816,13.959
492.23,0.97624,0.49993,13.959
492.44,0.97839,0.49878,13.959
492.65,0.9751,0.49974,13.959
492.84,0.97747,0.49834,13.959
493.05,0.97737,0.4992,13.959
493.23,0.97699,0.49799,13.959
493.45,0.97671,0.49929,13.959
493.65,0.97687,0.49919,13.959
493.86,0.97785,0.49932,13.959
494.11,0.9783,0.49979,13.959
494.23,0.97744,0.49856,13.959
494.45,0.97809,0.49902,13.959
494.64,0.97625,0.49693,13.959
494.84,0.97702,0.49869,13.959
495.04,0.97838,0.49858,13.959
495.25,0.97685,0.49906,13.959
495.48,0.97682,0.49792,13.959
495.66,0.97703,0.49763,13.959
495.88,0.9763,0.4986,13.959
496.05,0.97675,0.4981,13.959
496.26,0.97615,0.49631,13.959
496.43,0.97611,0.49451,13.959
496.63,0.97718,0.49303,13.959
496.92,0.97722,0.49188,13.959
497.06,0.9769,0.48961,13.959
497.28,0.97669,0.49092,13.959
497.46,0.97648,0.49102,13.96
497.66,0.97746,0.4906,13.96
497.84,0.9762,0.49318,13.96
498.05,0.97637,0.4935,13.96
498.25,0.97743,0.49512,13.96
498.46,0.97462,0.49401,13.961
498.65,0.97764,0.49338,13.961
498.85,0.97636,0.49202,13.961
499.1,0.97693,0.49269,13.962
499.25,0.97634,0.49167,13.962
499.45,0.9772,0.49141,13.962
499.65,0.97532,0.49247,13.962
499.84,0.97442,0.49303,13.963
500.06,0.9755,0.49365,13.963
500.23,0.97589,0.49525,13.963
500.45,0.97416,0.49322,13.963
500.64,0.97461,0.49325,13.964
500.92,0.97496,0.49374,13.964
501.05,0.97727,0.49106,13.964
501.26,0.97493,0.49187,13.965
501.45,0.97706,0.48791,13.965
501.66,0.97589,0.48682,13.966
501.84,0.9753,0.48441,13.967
502.05,0.97585,0.48766,13.967
502.26,0.97881,0.48765,13.968
502.46,0.97618,0.48802,13.968
502.64,0.97755,0.49036,13.968
502.84,0.97651,0.48879,13.969
503.13,0.97624,0.48537,13.969
503.24,0.97552,0.48629,13.969
503.48,0.97629,0.48692,13.969
503.65,0.97575,0.48634,13.969
503.9,0.97573,0.48791,13.97
504.03,0.97465,0.48609,13.97
504.28,0.97688,0.48563,13.97
504.44,0.97737,0.48955,13.97
504.65,0.97575,0.48879,13.971
504.84,0.97549,0.48939,13.971
505.06,0.97673,0.48777,13.972
505.25,0.97657,0.48864,13.972
505.44,0.97657,0.49033,13.972
505.73,0.97685,0.48748,13.973
505.84,0.97543,0.48562,13.973
506.05,0.97632,0.4859,13.973
506.25,0.97644,0.48745,13.974
506.47,0.97679,0.48487,13.974
506.64,0.97608,0.48643,13.974
506.84,0.97462,0.48446,13.975
507.04,0.97536,0.48266,13.975
507.26,0.97551,0.48428,13.976
507.44,0.97495,0.4871,13.976
507.66,0.97388,0.48604,13.976
507.93,0.9754,0.49083,13.977
508.05,0.97329,0.49213,13.977
508.29,0.97502,0.49341,13.978
508.45,0.97582,0.49296,13.979
508.64,0.97632,0.49366,13.98
508.85,0.97623,0.49184,13.981
509.06,0.97524,0.48997,13.981
509.24,0.9759,0.49058,13.982
509.43,0.97715,0.49093,13.982
509.73,0.97647,0.48856,13.982
509.85,0.97509,0.48939,13.983
510.1,0.97779,0.48764,13.983
510.26,0.97503,0.48643,13.983
510.46,0.97514,0.4862,13.983
510.65,0.97706,0.48841,13.983
510.85,0.97385,0.48634,13.983
511.05,0.9747,0.48863,13.984
511.25,0.97761,0.49029,13.984
511.46,0.97661,0.48865,13.984
511.65,0.97477,0.48846,13.984
511.84,0.97605,0.48949,13.984
512.05,0.9752,0.48963,13.984
512.29,0.97461,0.48664,13.984
512.45,0.97643,0.48413,13.984
512.65,0.97586,0.48451,13.984
512.83,0.97484,0.48573,13.984
513.04,0.97612,0.4848,13.984
513.29,0.97626,0.48318,13.984
513.43,0.97583,0.48499,13.984
513.65,0.97427,0.48371,13.984
513.85,0.97522,0.4822,13.984
514.05,0.97596,0.48207,13.984
514.23,0.97498,0.4814,13.984
514.46,0.97521,0.48185,13.985
514.63,0.97508,0.47993,13.985
514.85,0.97741,0.48086,13.985
515.11,0.97487,0.48334,13.985
515.26,0.97679,0.48289,13.986
515.45,0.97542,0.4824,13.986
515.65,0.97437,0.48241,13.986
515.88,0.97423,0.48098,13.986
516.03,0.97562,0.47839,13.987
516.24,0.97511,0.47743,13.987
516.43,0.97556,0.47541,13.987
516.66,0.97535,0.47614,13.988
516.83,0.97345,0.47754,13.988
517.04,0.97481,0.47803,13.989
517.29,0.97191,0.47728,13.989
517.44,0.97485,0.47532,13.989
517.67,0.97691,0.47261,13.99
517.84,0.9751,0.47037,13.99
518.05,0.97586,0.47049,13.991
518.24,0.97522,0.46948,13.992
518.44,0.97518,0.47101,13.993
518.67,0.97446,0.47039,13.994
518.86,0.9724,0.47204,13.994
519.05,0.97426,0.47336,13.995
519.25,0.97193,0.47195,13.996
519.46,0.97402,0.47122,13.996
519.63,0.97434,0.47014,13.997
519.83,0.97406,0.46883,13.997
520.09,0.97386,0.4727,13.997
520.24,0.975,0.47184,13.997
520.46,0.97462,0.47152,13.998
520.65,0.97365,0.4725,13.998
520.85,0.97186,0.46924,13.998
521.04,0.97379,0.46589,13.998
521.23,0.9716,0.46608,13.998
521.44,0.97411,0.46569,13.999
521.64,0.97368,0.46574,13.999
521.9,0.97346,0.46687,13.999
522.04,0.97533,0.46782,14
522.29,0.97442,0.46962,14
522.46,0.97343,0.46888,14
522.63,0.9744,0.46934,14.001
522.86,0.97354,0.46649,14.001
523.08,0.97365,0.46619,14.001
523.24,0.97356,0.46392,14.002
523.46,0.97403,0.46562,14.002
523.63,0.97314,0.46496,14.002
523.84,0.97304,0.46357,14.003
524.04,0.97412,0.46399,14.004
524.25,0.97482,0.46205,14.005
524.51,0.97246,0.45935,14.007
524.64,0.97349,0.45931,14.007
524.84,0.97323,0.45715,14.007
525.04,0.97468,0.45569,14.008
525.26,0.97353,0.45631,14.008
525.43,0.97437,0.45711,14.009
525.65,0.97167,0.46156,14.01
525.9,0.97529,0.46311,14.01
526.03,0.9739,0.46339,14.01
526.28,0.97415,0.46339,14.01
526.44,0.97284,0.46277,14.01
526.64,0.97166,0.46459,14.011
526.89,0.97321,0.46236,14.011
527.04,0.97188,0.46311,14.011
527.26,0.97368,0.46399,14.011
527.45,0.97406,0.46375,14.011
527.66,0.9727,0.46327,14.011
527.83,0.97222,0.46425,14.011
528.05,0.9731,0.46097,14.012
528.24,0.97329,0.46043,14.012
528.45,0.97468,0.45963,14.012
528.63,0.97472,0.45924,14.012
528.86,0.97301,0.46337,14.012
529.04,0.97204,0.46152,14.013
529.25,0.97425,0.4614,14.013
529.45,0.97416,0.45988,14.013
529.65,0.97415,0.46157,14.013
529.85,0.97176,0.46032,14.013
530.05,0.9731,0.45998,14.014
530.31,0.9727,0.46071,14.014
530.43,0.97237,0.45904,14.014
530.66,0.97273,0.45807,14.014
530.84,0.97208,0.45914,14.014
531.06,0.9712,0.45912,14.014
531.33,0.97401,0.4583,14.014
531.45,0.97275,0.45688,14.014
531.7,0.97423,0.45784,14.014
531.84,0.97381,0.45905,14.014
532.04,0.97388,0.45579,14.014
532.25,0.97234,0.45363,14.014
532.44,0.97079,0.45119,14.014
532.64,0.97134,0.45472,14.015
532.85,0.9733,0.45819,14.015
533.04,0.97216,0.45736,14.015
533.24,0.97212,0.45915,14.015
533.51,0.97273,0.45686,14.016
533.65,0.97442,0.45498,14.017
533.89,0.97035,0.45241,14.018
534.04,0.97383,0.45116,14.018
534.3,0.97307,0.44822,14.019
534.43,0.97384,0.44835,14.02
534.65,0.97141,0.44771,14.02
534.83,0.97242,0.44802,14.021
535.06,0.97048,0.44629,14.021
535.26,0.97154,0.44411,14.022
535.45,0.97227,0.44298,14.022
535.66,0.97097,0.44269,14.022
535.87,0.97096,0.44273,14.022
536.06,0.97071,0.44135,14.022
536.26,0.97313,0.44358,14.023
536.44,0.9727,0.44685,14.023
536.65,0.97209,0.44595,14.023
536.92,0.97103,0.44506,14.023
537.04,0.97088,0.44374,14.023
537.28,0.97124,0.44169,14.024
537.45,0.97129,0.44404,14.024
537.64,0.97016,0.44491,14.024
537.86,0.96946,0.44339,14.025
538.04,0.97183,0.44701,14.025
538.23,0.97189,0.44814,14.025
538.43,0.97112,0.4493,14.026
538.64,0.97199,0.44888,14.026
538.85,0.97308,0.44666,14.026
539.1,0.97156,0.4452,14.027
539.26,0.97201,0.44361,14.027
539.46,0.97054,0.44046,14.027
539.65,0.97091,0.44235,14.028
539.84,0.96892,0.44301,14.028
540.09,0.97116,0.44162,14.029
540.24,0.9707,0.44085,14.03
540.46,0.97146,0.44147,14.031
540.64,0.97325,0.44268,14.032
540.85,0.96927,0.441,14.033
541.04,0.97078,0.44105,14.033
541.25,0.97119,0.43967,14.034
541.46,0.97001,0.43777,14.034
541.65,0.97139,0.43915,14.034
541.86,0.96977,0.44154,14.035
542.04,0.97087,0.44266,14.035
542.25,0.97118,0.44259,14.035
542.43,0.97031,0.43942,14.035
542.65,0.97057,0.44105,14.035
542.84,0.97184,0.44105,14.036
543.1,0.97096,0.44011,14.036
543.23,0.97136,0.43915,14.036
543.54,0.97019,0.43768,14.036
543.64,0.97072,0.43753,14.036
543.94,0.9695,0.43726,14.037
544.04,0.97014,0.43386,14.037
544.33,0.96867,0.43646,14.037
544.44,0.96906,0.43494,14.037
544.68,0.97066,0.43618,14.037
544.85,0.96929,0.43634,14.038
545.05,0.97026,0.43723,14.038
545.24,0.97065,0.43604,14.038
545.46,0.97005,0.43595,14.038
545.75,0.97237,0.43686,14.039
545.86,0.96918,0.43545,NaN
546.03,0.9685,0.43655,14.039
546.25,0.97034,0.43527,14.039
546.51,0.9705,0.43673,14.039
546.64,0.96928,0.43724,14.039
546.85,0.97034,0.43851,14.04
547.04,0.96811,0.43807,14.04
547.25,0.96911,0.43725,14.04
547.55,0.97117,0.43925,14.04
547.66,0.97023,0.43822,14.04
547.87,0.97168,0.43817,14.04
548.05,0.96965,0.43912,14.04
548.24,0.97001,0.4396,14.04
548.43,0.97239,0.4375,14.04
548.64,0.9707,0.43548,14.04
548.84,0.97033,0.43422,14.04
549.05,0.96971,0.4336,14.04
549.26,0.97117,0.43359,14.04
549.45,0.97019,0.43409,14.04
549.64,0.9707,0.43296,14.04
549.88,0.96923,0.43264,14.04
550.04,0.97265,0.43284,14.04
550.24,0.97183,0.43387,14.04
550.44,0.97006,0.43443,14.04
550.66,0.96887,0.43359,14.04
550.84,0.96956,0.43284,14.04
551.04,0.96795,0.43296,14.04
551.32,0.96934,0.43371,14.04
551.45,0.96867,0.43196,14.04
551.68,0.96858,0.43252,14.041
551.85,0.97079,0.43369,14.041
552.05,0.96888,0.43507,14.041
552.25,0.97018,0.43618,14.042
552.44,0.97043,0.43394,14.042
552.65,0.96912,0.43387,14.043
552.86,0.9707,0.43441,14.044
553.03,0.97049,0.43058,14.044
553.26,0.97026,0.43001,14.044
553.44,0.96903,0.43017,14.045
553.64,0.96857,0.42994,14.045
553.84,0.9688,0.42814,14.045
554.04,0.96955,0.42917,14.045
554.35,0.97003,0.42511,14.046
554.43,0.96921,0.42556,NaN
554.64,0.9686,0.42413,14.046
554.85,0.96854,0.42564,14.046
555.04,0.96957,0.42783,14.046
555.24,0.96911,0.42768,14.047
555.52,0.96829,0.42662,14.047
555.64,0.9699,0.42789,14.047
555.88,0.97088,0.42877,14.047
556.03,0.97036,0.42899,14.048
556.3,0.96822,0.42813,14.048
556.43,0.96985,0.42868,14.049
556.67,0.96825,0.42925,14.049
556.85,0.96866,0.43038,14.049
557.04,0.96955,0.43023,14.05
557.24,0.97067,0.4282,14.05
557.46,0.96782,0.4305,14.05
557.64,0.97005,0.42932,14.051
557.84,0.97037,0.4312,14.051
558.09,0.96871,0.42926,14.052
558.25,0.9701,0.42995,14.052
558.48,0.96981,0.42772,14.052
558.65,0.9697,0.42699,14.053
558.84,0.96859,0.42882,14.053
559.04,0.96755,0.43059,14.054
559.24,0.97162,0.43352,14.055
559.44,0.96858,0.4354,14.055
559.66,0.97089,0.43707,14.057
559.83,0.96982,0.43696,14.058
560.05,0.96868,0.43535,14.058
560.23,0.96869,0.43427,14.059
560.44,0.97061,0.42998,14.059
560.63,0.96936,0.42845,14.059
560.84,0.97043,0.42818,14.06
561.04,0.9711,0.42996,14.06
561.24,0.96896,0.43052,14.06
561.44,0.96936,0.42937,14.06
561.64,0.97016,0.43044,14.06
561.85,0.96912,0.43161,14.061
562.04,0.97065,0.43176,14.061
562.26,0.96865,0.43158,14.061
562.45,0.97102,0.42913,14.062
562.73,0.96968,0.43019,14.062
562.85,0.96944,0.42968,14.062
563.08,0.97042,0.42999,14.062
563.26,0.96905,0.42765,14.063
563.49,0.96951,0.42737,14.063
563.65,0.9695,0.42834,14.063
563.85,0.97034,0.42875,14.063
564.03,0.9688,0.42665,14.064
564.29,0.96973,0.4279,14.064
564.44,0.97002,0.43116,14.064
564.66,0.96858,0.43083,14.064
564.84,0.96859,0.42905,14.065
565.05,0.97025,0.42805,14.065
565.24,0.96804,0.42898,14.065
565.44,0.96884,0.42748,14.065
565.65,0.97054,0.42762,14.065
565.85,0.96861,0.42935,14.066
566.03,0.96935,0.42775,14.066
566.25,0.96946,0.42895,14.066
566.44,0.96946,0.42911,14.066
566.63,0.9683,0.43077,14.066
566.89,0.9676,0.42979,14.066
567.05,0.96969,0.43095,14.066
567.26,0.96845,0.43067,14.066
567.45,0.96883,0.42945,14.066
567.65,0.96921,0.42795,14.066
567.85,0.96875,0.42406,14.066
568.06,0.96833,0.42559,14.066
568.23,0.96965,0.42396,14.066
568.45,0.96905,0.42655,14.067
568.7,0.96909,0.42506,14.068
568.84,0.96901,0.42569,14.069
569.06,0.96801,0.42257,14.069
569.25,0.96759,0.42161,14.07
569.45,0.96845,0.42241,14.07
569.65,0.96668,0.42193,14.071
569.86,0.9657,0.41826,14.071
570.03,0.9675,0.42012,14.071
570.25,0.96751,0.42009,14.071
570.43,0.96596,0.41998,14.071
570.63,0.96919,0.4201,14.072
570.85,0.96751,0.41703,14.072
571.03,0.96855,0.41452,14.072
571.24,0.96721,0.41603,14.072
571.45,0.96521,0.41336,14.073
571.68,0.96657,0.41301,14.073
571.84,0.96757,0.41461,14.073
572.1,0.96712,0.4174,14.074
572.25,0.96883,0.41827,14.074
572.46,0.9676,0.418,14.074
572.63,0.96696,0.41683,14.075
572.85,0.96854,0.41782,14.075
573.12,0.96862,0.41773,14.076
573.25,0.967,0.418,14.076
573.52,0.96912,0.41796,14.076
573.64,0.96765,0.41729,14.077
573.85,0.96775,0.41722,14.077
574.05,0.96803,0.4188,14.077
574.23,0.96796,0.41456,14.078
574.45,0.96703,0.41236,14.078
574.73,0.96663,0.40998,14.079
574.85,0.96731,0.41226,14.079
575.05,0.96597,0.41251,14.08
575.24,0.96819,0.41229,14.082
575.46,0.96764,0.41556,14.083
575.65,0.96847,0.41603,14.083
575.84,0.96724,0.41406,14.084
576.06,0.96749,0.41525,14.085
576.24,0.96663,0.41316,14.085
576.43,0.96688,0.41121,14.085
576.65,0.96712,0.41047,14.086
576.83,0.96788,0.40889,14.086
577.03,0.968,0.41323,14.086
577.24,0.96618,0.41128,14.086
577.46,0.96745,0.41117,14.086
577.71,0.9651,0.4107,14.086
577.86,0.96683,0.40861,14.087
578.04,0.96554,0.40726,14.087
578.25,0.96634,0.40607,14.087
578.44,0.96626,0.40447,14.088
578.64,0.96489,0.40876,14.088
578.9,0.96512,0.409,14.088
579.04,0.96733,0.40951,14.089
579.26,0.96825,0.4134,14.089
579.43,0.96878,0.41458,14.089
579.65,0.96736,0.41474,14.089
579.84,0.96573,0.4148,14.09
580.05,0.96786,0.41292,14.09
580.35,0.96627,0.41147,14.091
580.44,0.9677,0.41147,NaN
580.64,0.9688,0.40917,14.091
580.84,0.9667,0.41053,14.092
581.14,0.9659,0.40956,14.094
581.25,0.96644,0.40975,14.094
581.49,0.96522,0.40906,14.095
581.64,0.96544,0.40999,14.095
581.88,0.9649,0.4103,14.095
582.06,0.96699,0.40772,14.095
582.37,0.96825,0.41264,14.095
582.47,0.96608,0.40941,14.096
582.65,0.96663,0.40928,14.096
582.84,0.96735,0.41138,14.096
583.03,0.9668,0.40987,14.096
583.25,0.96457,0.4095,14.096
583.43,0.96535,0.40841,14.096
583.65,0.96535,0.41023,14.096
583.9,0.9663,0.40735,14.096
584.05,0.96654,0.40684,14.096
584.31,0.96749,0.40717,14.096
584.45,0.96501,0.40474,14.096
584.66,0.9668,0.40578,14.096
584.85,0.96581,0.40587,14.096
585.04,0.96721,0.40563,14.096
585.26,0.96594,0.40243,14.096
585.45,0.96525,0.40098,14.096
585.64,0.96713,0.40049,14.096
585.86,0.96471,0.40059,14.096
586.04,0.96592,0.40239,14.096
586.23,0.9668,0.40442,14.097
586.52,0.96737,0.40649,14.097
586.63,0.96721,0.40512,14.097
586.84,0.96626,0.40523,14.097
587.05,0.96639,0.40481,14.098
587.36,0.96644,0.40249,14.098
587.44,0.96779,0.40283,14.098
587.69,0.96609,0.39927,14.099
587.86,0.96528,0.39839,14.099
588.11,0.96514,0.40086,14.1
588.25,0.96495,0.40019,14.1
588.56,0.96608,0.40191,14.1
588.65,0.96574,0.40101,NaN
588.88,0.96618,0.39933,14.101
589.06,0.96623,0.39872,14.101
589.24,0.96603,0.39698,14.101
589.43,0.96546,0.39643,14.102
589.64,0.96502,0.39667,14.102
589.89,0.9631,0.39551,14.103
590.04,0.96434,0.39837,14.103
590.26,0.96505,0.39727,14.103
590.45,0.96722,0.39921,14.104
590.66,0.96433,0.39805,14.104
590.83,0.9655,0.39794,14.105
591.06,0.96554,0.39832,14.106
591.24,0.96385,0.39803,14.107
591.45,0.96488,0.39929,14.108
591.63,0.96487,0.40052,14.108
591.85,0.966,0.40128,14.109
592.03,0.96587,0.40087,14.11
592.24,0.96617,0.39977,14.11
592.45,0.96582,0.39896,14.111
592.66,0.96576,0.39807,14.111
592.83,0.96352,0.39604,14.111
593.06,0.96548,0.39429,14.111
593.24,0.96437,0.39608,14.111
593.44,0.96617,0.39745,14.111
593.71,0.96548,0.397,14.111
593.83,0.96465,0.39511,14.112
594.04,0.96615,0.39677,14.112
594.25,0.96469,0.39573,14.112
594.46,0.96725,0.39728,14.112
594.64,0.96277,0.39617,14.112
594.84,0.96566,0.3977,14.113
595.03,0.9661,0.39573,14.113
595.25,0.96552,0.39478,14.113
595.54,0.96647,0.39622,14.114
595.65,0.96634,0.39668,14.114
595.94,0.96392,0.39779,14.114
596.06,0.96681,0.39681,14.115
596.29,0.9641,0.39662,14.115
596.45,0.96704,0.39739,14.115
596.64,0.96593,0.39823,14.115
596.85,0.96642,0.3981,14.116
597.03,0.96607,0.39731,14.116
597.25,0.96369,0.39658,14.116
597.51,0.96575,0.39652,14.117
597.65,0.96448,0.39683,14.117
597.89,0.96484,0.39713,14.118
598.04,0.96546,0.39508,14.118
598.3,0.96396,0.39469,14.119
598.44,0.96578,0.39345,14.12
598.66,0.96579,0.395,14.12
598.84,0.96374,0.39524,14.12
599.04,0.96446,0.39541,14.12
599.24,0.96654,0.39558,14.12
599.53,0.96429,0.3948,14.12
599.63,0.96475,0.39398,14.121
599.86,0.96514,0.39458,14.121
600.04,0.96507,0.39318,14.121
600.26,0.96641,0.3975,14.121
600.45,0.96559,0.39737,14.121
600.65,0.96632,0.39857,14.121
600.85,0.96532,0.39759,14.121
601.03,0.96526,0.39796,14.121
601.24,0.96534,0.39874,14.121
601.46,0.96599,0.39873,14.121
601.65,0.96669,0.39768,14.121
601.84,0.96486,0.39828,14.121
602.12,0.96553,0.39525,14.121
602.24,0.96492,0.3958,14.121
602.53,0.96362,0.39207,14.121
602.66,0.96321,0.39061,14.121
602.92,0.96446,0.38993,14.121
603.04,0.96401,0.38762,14.121
603.28,0.96293,0.38814,14.121
603.44,0.96412,0.38848,14.121
603.66,0.96508,0.38877,14.121
603.85,0.96395,0.38784,14.121
604.05,0.96363,0.3894,14.121
604.25,0.96293,0.38806,14.121
604.44,0.96382,0.38673,14.121
604.64,0.96302,0.38488,14.121
604.85,0.96215,0.38838,14.121
605.04,0.96516,0.38756,14.121
605.26,0.964,0.38623,14.121
605.44,0.96449,0.38649,14.121
605.64,0.96454,0.38519,14.122
605.85,0.96295,0.38461,14.122
606.06,0.96366,0.38641,14.123
606.24,0.9638,0.38685,14.123
606.45,0.96197,0.38447,14.123
606.65,0.96431,0.38513,14.123
606.84,0.96338,0.38564,14.124
607.06,0.96392,0.38474,14.124
607.26,0.96351,0.38594,14.124
607.43,0.96463,0.38338,14.125
607.63,0.96328,0.38429,14.125
607.84,0.96391,0.38515,14.126
608.04,0.96245,0.38505,14.126
608.32,0.96316,0.38343,14.127
608.43,0.96321,0.38456,14.127
608.63,0.96442,0.38254,14.127
608.83,0.96296,0.38462,14.127
609.04,0.96293,0.38265,14.128
609.26,0.96246,0.38555,14.129
609.43,0.96522,0.38891,14.129
609.64,0.96485,0.38936,14.129
609.84,0.96411,0.39205,14.13
610.04,0.96281,0.38914,14.131
610.23,0.96336,0.38774,14.132
610.44,0.96399,0.38716,14.133
610.69,0.96419,0.38891,14.134
610.84,0.96265,0.38834,14.134
611.07,0.96421,0.38678,14.135
611.23,0.96582,0.3878,14.135
611.45,0.96393,0.3885,14.136
611.65,0.96341,0.38623,14.136
611.85,0.9647,0.38512,14.137
612.05,0.9639,0.3852,14.137
612.23,0.96335,0.38532,14.137
612.45,0.96282,0.38524,14.138
612.63,0.96441,0.3876,14.139
612.83,0.96368,0.39064,14.139
613.05,0.96486,0.39157,14.139
613.24,0.96396,0.39002,14.14
613.44,0.96311,0.38925,14.14
613.65,0.96297,0.38561,14.14
613.84,0.9636,0.38471,14.14
614.05,0.96098,0.38307,14.14
614.23,0.96459,0.38407,14.14
614.44,0.9647,0.38497,14.141
614.65,0.96373,0.38657,14.141
614.91,0.96213,0.38705,14.141
615.04,0.96324,0.38807,14.141
615.28,0.96283,0.39007,14.142
615.44,0.96331,0.3891,14.142
615.69,0.96462,0.39023,14.143
615.84,0.96427,0.38841,14.143
616.06,0.96418,0.3902,14.144
616.25,0.96309,0.3878,14.145
616.45,0.96163,0.38818,14.146
616.64,0.96398,0.38822,14.146
616.85,0.96413,0.38827,14.146
617.05,0.96254,0.38636,14.146
617.25,0.96443,0.3865,14.147
617.44,0.96296,0.38707,14.147
617.66,0.96211,0.38638,14.147
617.84,0.96449,0.38564,14.147
618.04,0.96446,0.38824,14.147
618.24,0.96392,0.38804,14.147
618.46,0.96317,0.38742,14.147
618.75,0.96578,0.38648,14.147
618.86,0.9645,0.38862,14.147
619.03,0.96289,0.38743,14.147
619.24,0.96589,0.38643,14.147
619.44,0.96258,0.38539,14.147
619.64,0.96306,0.38528,14.147
619.83,0.96318,0.38258,14.147
620.03,0.96296,0.38417,14.147
620.25,0.96262,0.38432,14.147
620.45,0.961,0.38347,14.147
620.64,0.96157,0.38366,14.147
620.85,0.96119,0.38113,14.147
621.13,0.96234,0.37986,14.147
621.25,0.9614,0.37942,NaN
621.53,0.96061,0.37696,14.148
621.64,0.96259,0.3774,NaN
621.92,0.96206,0.37915,14.148
622.04,0.96019,0.3807,14.148
622.27,0.96334,0.38025,14.149
622.45,0.96202,0.3797,14.149
622.65,0.96274,0.38097,14.149
622.83,0.962,0.38192,14.149
623.04,0.96448,0.38202,14.15
623.33,0.96277,0.37957,14.15
623.46,0.96275,0.38059,14.151
623.64,0.96127,0.37906,14.151
623.84,0.96318,0.37855,14.151
624.04,0.9611,0.38121,14.152
624.26,0.96462,0.38251,14.152
624.52,0.96048,0.37741,14.152
624.63,0.96223,0.37646,NaN
624.9,0.95927,0.37338,14.153
625.03,0.96173,0.37246,14.153
625.28,0.96207,0.37081,14.154
625.43,0.96411,0.37075,14.154
625.64,0.95946,0.37212,14.155
625.85,0.96403,0.37748,14.155
626.05,0.96183,0.37995,14.156
626.25,0.96252,0.37904,14.157
626.44,0.96194,0.37855,14.158
626.65,0.96314,0.37946,14.159
626.83,0.96225,0.37827,14.159
627.03,0.96389,0.37641,14.16
627.23,0.96356,0.37508,14.16
627.45,0.96256,0.37419,14.16
627.66,0.96238,0.37514,14.16
627.85,0.96356,0.37415,14.161
628.03,0.96462,0.37272,14.161
628.25,0.96275,0.37334,14.161
628.46,0.96165,0.36969,14.161
628.65,0.96301,0.3683,14.162
628.84,0.96214,0.36852,14.162
629.05,0.96052,0.37096,14.162
629.24,0.96076,0.37214,14.162
629.45,0.96414,0.37554,14.163
629.64,0.96413,0.37619,14.163
629.86,0.96158,0.37818,14.164
630.03,0.96162,0.37768,14.164
630.26,0.96297,0.37541,14.164
630.46,0.96237,0.37135,14.165
630.66,0.96323,0.3709,14.165
630.86,0.9623,0.37066,14.165
631.04,0.96286,0.3717,14.166
631.25,0.96198,0.37167,14.166
631.44,0.96115,0.3744,14.166
631.65,0.96279,0.37397,14.167
631.85,0.96177,0.37227,14.167
632.06,0.9626,0.37086,14.168
632.34,0.96203,0.3679,14.168
632.43,0.96166,0.36916,14.169
632.73,0.96301,0.3674,14.171
632.84,0.96084,0.36826,NaN
633.11,0.96051,0.36812,14.172
633.24,0.96447,0.36776,14.172
633.48,0.96203,0.36989,14.173
633.65,0.96175,0.37175,14.173
633.89,0.96153,0.37204,14.174
634.05,0.96153,0.37311,14.174
634.29,0.96246,0.37008,14.174
634.43,0.96354,0.37248,14.175
634.65,0.96166,0.3719,14.175
634.85,0.96154,0.37217,14.175
635.04,0.96295,0.37147,14.175
635.25,0.9623,0.37119,14.175
635.44,0.9633,0.37071,14.175
635.64,0.96295,0.37145,14.175
635.92,0.96149,0.36919,14.175
636.05,0.96321,0.37062,14.175
636.31,0.96457,0.36946,14.175
636.44,0.96047,0.36865,14.175
636.72,0.9612,0.36838,14.176
636.83,0.96075,0.36773,14.176
637.14,0.96087,0.36945,14.176
637.24,0.96154,0.36992,14.176
637.52,0.96202,0.36905,14.176
637.65,0.96105,0.36773,14.176
637.83,0.95866,0.36772,14.177
638.07,0.95998,0.36752,14.177
638.23,0.95979,0.36698,14.177
638.49,0.96004,0.36683,14.177
638.65,0.95934,0.36849,14.177
638.83,0.96021,0.36654,14.177
639.04,0.9611,0.36542,14.177
639.25,0.96173,0.36484,14.177
639.45,0.96312,0.3667,14.177
639.66,0.96285,0.36688,14.177
639.85,0.96188,0.36652,14.177
640.06,0.96311,0.36592,14.177
640.25,0.9629,0.36555,14.177
640.46,0.96345,0.36703,14.177
640.65,0.96116,0.36755,14.177
640.85,0.96237,0.3677,14.177
641.05,0.96255,0.36494,14.178
641.25,0.96281,0.36392,14.178
641.46,0.96287,0.36695,14.178
641.65,0.96129,0.36672,14.178
641.85,0.96198,0.36692,14.179
642.05,0.96362,0.36719,14.179
642.25,0.96215,0.36789,14.179
642.45,0.96174,0.36673,14.179
642.65,0.96157,0.36784,14.18
642.85,0.96008,0.3673,14.18
643.05,0.96019,0.36542,14.181
643.25,0.96129,0.36565,14.181
643.49,0.96094,0.36121,14.182
643.63,0.96163,0.36302,14.183
643.83,0.96156,0.36252,14.183
644.04,0.96017,0.36194,14.184
644.25,0.96169,0.36335,14.184
644.56,0.96267,0.36045,14.185
644.65,0.96106,0.36023,14.185
644.96,0.96219,0.36002,14.185
645.05,0.96019,0.35988,14.185
645.24,0.96051,0.35787,14.185
645.46,0.95955,0.357,14.186
645.73,0.95871,0.35727,14.186
645.85,0.95975,0.35855,14.186
646.03,0.95812,0.35886,14.186
646.26,0.96021,0.35932,14.187
646.45,0.96454,0.35917,14.187
646.65,0.96002,0.3583,14.187
646.84,0.96092,0.36106,14.187
647.05,0.96055,0.36144,14.188
647.24,0.95989,0.36036,14.188
647.44,0.96241,0.36228,14.188
647.64,0.95963,0.36257,14.188
647.86,0.96087,0.36296,14.189
648.03,0.96154,0.36564,14.189
648.35,0.9611,0.36587,14.189
648.45,0.9602,0.36515,14.19
648.79,0.96236,0.36589,14.19
648.84,0.96134,0.36363,NaN
649.04,0.96263,0.36342,14.19
649.25,0.96127,0.36253,14.191
649.44,0.95997,0.36268,14.191
649.63,0.95843,0.36118,14.191
649.88,0.96094,0.3635,14.191
650.05,0.96098,0.36197,14.192
650.29,0.96165,0.36161,14.192
650.46,0.96027,0.36032,14.192
650.65,0.96229,0.36175,14.193
650.86,0.95844,0.3623,14.193
651.05,0.9582,0.36086,14.193
651.25,0.96028,0.36263,14.194
651.46,0.9608,0.3648,14.194
651.66,0.96119,0.36508,14.195
651.85,0.96162,0.36524,14.196
652.06,0.96097,0.36423,14.196
652.23,0.96081,0.36345,14.196
652.46,0.96283,0.36287,14.196
652.65,0.96134,0.36248,14.196
652.9,0.96014,0.36083,14.197
653.05,0.96032,0.36021,14.197
653.24,0.9593,0.36165,14.197
653.43,0.96323,0.36175,14.197
653.63,0.96112,0.36246,14.197
653.83,0.96054,0.36262,14.197
654.03,0.95901,0.36124,14.197
654.31,0.95982,0.36092,14.198
654.45,0.96137,0.36059,14.198
654.7,0.96322,0.36069,14.198
654.85,0.95834,0.35932,14.198
655.07,0.96113,0.3602,14.198
655.25,0.96202,0.35958,14.199
655.51,0.9611,0.35999,14.199
655.66,0.95909,0.35876,14.199
655.83,0.96062,0.35934,14.199
656.06,0.96323,0.36022,14.199
656.24,0.95821,0.35936,14.199
656.44,0.96083,0.3597,14.2
656.63,0.96182,0.36006,14.2
656.86,0.96063,0.35844,14.2
657.03,0.95939,0.35955,14.2
657.24,0.95876,0.3586,14.2
657.46,0.96207,0.35834,14.2
657.66,0.96129,0.36143,14.2
657.84,0.95986,0.36073,14.2
658.06,0.96198,0.36212,14.2
658.24,0.96148,0.36099,14.2
658.45,0.95815,0.36077,14.201
658.64,0.96164,0.36089,14.201
658.85,0.96057,0.36129,14.201
659.03,0.96012,0.36185,14.201
659.27,0.96081,0.36103,14.201
659.45,0.96008,0.36056,14.201
659.72,0.96122,0.35877,14.201
659.86,0.96093,0.3581,14.201
660.05,0.96101,0.35854,14.201
660.24,0.96064,0.35618,14.201
660.45,0.9588,0.35453,14.201
660.65,0.95951,0.3543,14.201
660.83,0.95829,0.35262,14.201
661.06,0.96082,0.35258,14.201
661.24,0.95933,0.35082,14.201
661.45,0.96056,0.35333,14.201
661.64,0.9603,0.35322,14.201
661.83,0.95978,0.35395,14.201
662.05,0.95925,0.35364,14.201
662.24,0.95898,0.35155,14.201
662.45,0.9601,0.35469,14.201
662.65,0.95945,0.3543,14.201
662.85,0.9619,0.35411,14.201
663.03,0.96111,0.35493,14.202
663.25,0.95945,0.35201,14.202
663.43,0.95946,0.35227,14.202
663.64,0.96038,0.35417,14.203
663.84,0.96029,0.35348,14.203
664.05,0.95871,0.35457,14.203
664.32,0.95813,0.35189,14.204
664.45,0.95916,0.35123,14.204
664.65,0.95947,0.35449,14.204
664.86,0.9592,0.35373,14.204
665.05,0.95951,0.3555,14.205
665.24,0.95899,0.35493,14.205
665.45,0.95882,0.35279,14.205
665.63,0.95956,0.35269,14.206
665.85,0.96032,0.35227,14.206
666.03,0.95933,0.35064,14.207
666.24,0.96035,0.35059,14.208
666.44,0.95942,0.35021,14.209
666.63,0.95843,0.35099,14.209
666.85,0.95976,0.35087,14.21
667.05,0.95826,0.35219,14.21
667.24,0.95813,0.3534,14.21
667.46,0.9607,0.3522,14.21
667.68,0.95935,0.35329,14.211
667.85,0.95848,0.35392,14.211
668.07,0.95763,0.35121,14.211
668.24,0.95941,0.354,14.211
668.46,0.95933,0.35289,14.211
668.63,0.95958,0.35595,14.212
668.9,0.96043,0.35425,14.212
669.04,0.95933,0.35483,14.212
669.33,0.95867,0.35445,14.212
669.45,0.9592,0.35344,14.213
669.66,0.96032,0.35307,14.213
669.85,0.95924,0.35165,14.213
670.06,0.95889,0.35028,14.213
670.25,0.95988,0.35054,14.214
670.44,0.95901,0.35137,14.214
670.63,0.9586,0.35238,14.214
670.84,0.96045,0.3505,14.215
671.06,0.96177,0.35214,14.215
671.25,0.95982,0.35285,14.215
671.47,0.96111,0.35482,14.216
671.64,0.96017,0.35418,14.216
671.86,0.95931,0.3523,14.216
672.05,0.9596,0.35089,14.217
672.26,0.96062,0.35103,14.217
672.45,0.96151,0.35016,14.217
672.65,0.96015,0.34979,14.218
672.84,0.95822,0.35158,14.218
673.05,0.96079,0.35122,14.219
673.24,0.96075,0.3512,14.219
673.48,0.95927,0.35186,14.22
673.63,0.96039,0.3516,14.221
673.86,0.95863,0.35067,14.222
674.04,0.95808,0.34948,14.222
674.29,0.95995,0.34924,14.222
674.44,0.95904,0.35016,14.223
674.69,0.95749,0.34893,14.223
674.83,0.95818,0.34925,14.223
675.14,0.96004,0.34819,14.223
675.24,0.95963,0.34924,14.224
675.43,0.96025,0.35039,14.224
675.64,0.96023,0.35085,14.224
675.83,0.96017,0.3503,14.224
676.05,0.95962,0.3493,14.224
676.23,0.95857,0.35001,14.225
676.45,0.95938,0.35005,14.225
676.64,0.95697,0.34977,14.225
676.86,0.95961,0.34938,14.225
677.03,0.9585,0.34982,14.225
677.25,0.96066,0.34818,14.226
677.44,0.95963,0.34857,14.226
677.64,0.95987,0.34886,14.226
677.83,0.95912,0.34772,14.226
678.04,0.96011,0.34888,14.226
678.24,0.9597,0.34747,14.227
678.46,0.95836,0.34881,14.227
678.64,0.95994,0.34796,14.227
678.85,0.95933,0.34611,14.227
679.03,0.95813,0.34573,14.228
679.28,0.95696,0.34623,14.228
679.45,0.95838,0.34586,14.228
679.7,0.95871,0.3468,14.228
679.86,0.95919,0.34831,14.228
680.03,0.95762,0.34726,14.228
680.25,0.95981,0.34592,14.229
680.44,0.95756,0.34832,14.229
680.68,0.96169,0.34627,14.229
680.84,0.95943,0.34605,14.229
681.06,0.95999,0.34638,14.229
681.24,0.95873,0.34482,14.229
681.51,0.95996,0.34695,14.229
681.65,0.95788,0.34575,14.229
681.91,0.9579,0.34494,14.229
682.05,0.9589,0.34487,14.229
682.36,0.95763,0.3461,14.229
682.46,0.95865,0.34501,14.229
682.64,0.95794,0.34718,14.229
682.84,0.96,0.34624,14.229
683.05,0.95848,0.34643,14.229
683.25,0.95928,0.34657,14.229
683.54,0.95931,0.34724,14.229
683.65,0.95912,0.34587,14.229
683.96,0.95771,0.34513,14.229
684.05,0.95794,0.34592,NaN
684.25,0.95908,0.34397,14.23
684.43,0.95887,0.34229,14.23
684.64,0.96137,0.34389,14.23
684.91,0.95856,0.34419,14.23
685.05,0.95978,0.34483,14.231
685.37,0.95836,0.34561,14.231
685.45,0.95776,0.34597,14.232
685.65,0.95974,0.34582,14.232
685.86,0.9592,0.34671,14.233
686.05,0.95731,0.34507,14.233
686.24,0.95949,0.34428,14.234
686.44,0.95951,0.34311,14.234
686.63,0.95978,0.34306,14.235
686.94,0.95838,0.34049,14.235
687.04,0.95872,0.34248,14.235
687.31,0.96027,0.34054,14.236
687.44,0.95884,0.34161,14.236
687.76,0.95858,0.34022,14.237
687.85,0.9592,0.33816,NaN
688.04,0.95826,0.33815,14.237
688.25,0.95949,0.33668,14.238
688.43,0.95527,0.33617,14.238
688.68,0.95694,0.33354,14.238
688.83,0.95752,0.33389,14.238
689.05,0.95738,0.33326,14.239
689.23,0.95706,0.33542,14.239
689.44,0.95775,0.3376,14.239
689.65,0.95947,0.33923,14.239
689.86,0.95749,0.34089,14.239
690.05,0.95757,0.33954,14.239
690.24,0.95751,0.34038,14.24
690.54,0.9567,0.3404,14.24
690.64,0.95738,0.34055,14.24
690.89,0.95841,0.34068,14.24
691.04,0.95546,0.33974,14.241
691.34,0.95693,0.33964,14.241
691.44,0.95606,0.34044,14.241
691.63,0.95903,0.33965,14.241
691.84,0.95746,0.33917,14.242
692.05,0.95811,0.34044,14.242
692.24,0.95662,0.3393,14.242
692.44,0.95886,0.33881,14.242
692.63,0.95746,0.33711,14.243
692.85,0.95698,0.33726,14.243
693.1,0.95725,0.33557,14.243
693.26,0.95767,0.33799,14.244
693.51,0.95788,0.33854,14.245
693.64,0.95554,0.33969,14.245
693.94,0.95802,0.34392,14.246
694.05,0.95821,0.34227,14.247
694.23,0.95744,0.34268,14.247
694.48,0.95776,0.34282,14.248
694.65,0.95757,0.33989,14.248
694.85,0.95736,0.33902,14.248
695.04,0.95805,0.33824,14.248
695.26,0.95735,0.33456,14.248
695.44,0.95783,0.3348,14.248
695.66,0.95676,0.33606,14.248
695.85,0.95473,0.33583,14.249
696.04,0.95738,0.3341,14.249
696.24,0.95546,0.33603,14.249
696.46,0.957,0.33587,14.249
696.63,0.95761,0.33626,14.25
696.84,0.9575,0.3358,14.25
697.06,0.95531,0.33585,14.25
697.26,0.95619,0.33624,14.251
697.43,0.95712,0.33543,14.251
697.67,0.95719,0.33564,14.251
697.83,0.95608,0.33436,14.251
698.07,0.95663,0.33563,14.252
698.25,0.95673,0.33513,14.252
698.49,0.95851,0.33551,14.252
698.64,0.95722,0.33474,14.253
698.92,0.95834,0.33756,14.253
699.04,0.95773,0.33745,14.253
699.24,0.95673,0.33564,14.253
699.44,0.95692,0.33729,14.254
699.63,0.95674,0.33581,14.254
699.86,0.95696,0.33794,14.254
700.03,0.95616,0.3354,14.254
700.4,0.95766,0.33503,14.255
700.44,0.95809,0.33612,NaN
700.65,0.95658,0.33683,14.255
700.92,0.95615,0.33577,14.256
701.05,0.95565,0.33502,14.256
701.25,0.95516,0.33531,14.256
701.44,0.95613,0.33527,14.256
701.64,0.95395,0.33301,14.256
701.83,0.958,0.33571,14.257
702.05,0.95658,0.33423,14.257
702.25,0.95694,0.33244,14.258
702.45,0.95757,0.3349,14.258
702.65,0.95636,0.33399,14.258
702.84,0.9552,0.33317,14.258
703.06,0.95552,0.33387,14.259
703.25,0.95666,0.33583,14.259
703.44,0.95509,0.33458,14.259
703.64,0.95526,0.33513,14.259
703.85,0.95746,0.33477,14.259
704.05,0.95631,0.33545,14.259
704.32,0.95586,0.33483,14.259
704.45,0.95699,0.3338,14.259
704.74,0.95565,0.33434,14.259
704.85,0.95569,0.33482,NaN
705.05,0.95544,0.33451,14.259
705.23,0.95699,0.33514,14.259
705.46,0.95642,0.33335,14.259
705.64,0.95769,0.33114,14.259
705.84,0.95703,0.33103,14.259
706.05,0.95718,0.33109,14.259
706.23,0.95759,0.33069,14.259
706.45,0.95845,0.33073,14.259
706.65,0.95649,0.33273,14.259
706.84,0.95851,0.33326,14.259
707.05,0.95666,0.33569,14.259
707.24,0.95774,0.3343,14.259
707.45,0.9564,0.33279,14.259
707.64,0.95736,0.33455,14.259
707.84,0.95701,0.33433,14.259
708.05,0.95739,0.33458,14.259
708.23,0.9544,0.33286,14.259
708.44,0.95519,0.33113,14.259
708.68,0.95488,0.33099,14.26
708.83,0.95606,0.33135,14.26
709.08,0.95657,0.32997,14.26
709.25,0.95618,0.32975,14.26
709.45,0.95504,0.32914,14.261
709.64,0.95404,0.33066,14.261
709.85,0.9565,0.32936,14.261
710.06,0.9559,0.328,14.261
710.23,0.95559,0.33114,14.262
710.46,0.95449,0.32847,14.262
710.66,0.95678,0.32974,14.262
710.86,0.95534,0.32892,14.263
711.04,0.9545,0.32946,14.263
711.26,0.95455,0.32841,14.263
711.44,0.95698,0.33042,14.263
711.64,0.95619,0.33214,14.264
711.85,0.95614,0.33151,14.264
712.05,0.95538,0.32983,14.264
712.25,0.956,0.33093,14.264
712.51,0.95739,0.32981,14.265
712.63,0.95637,0.32958,14.265
712.91,0.95716,0.3287,14.266
713.05,0.95672,0.32637,14.266
713.32,0.9554,0.32658,14.266
713.44,0.95486,0.32735,14.266
713.77,0.95548,0.32719,14.267
713.83,0.95579,0.32671,NaN
714.05,0.95695,0.32501,14.267
714.23,0.9562,0.32567,14.267
714.44,0.95628,0.3256,14.268
714.66,0.9553,0.32731,14.268
714.83,0.95568,0.32734,14.268
715.06,0.95567,0.32825,14.268
715.25,0.95667,0.3289,14.268
715.44,0.95497,0.32812,14.269
715.64,0.95579,0.32865,14.269
715.84,0.95503,0.33086,14.269
716.04,0.95566,0.33131,14.27
716.28,0.95784,0.33132,14.271
716.45,0.95686,0.3319,14.271
716.69,0.95591,0.3322,14.271
716.83,0.9581,0.33223,14.272
717.11,0.95566,0.3305,14.272
717.25,0.95608,0.33232,14.272
717.56,0.95651,0.33188,14.273
717.67,0.95832,0.33245,14.273
717.86,0.9557,0.33152,14.273
718.21,0.95586,0.33124,14.273
718.24,0.9541,0.33216,NaN
718.45,0.95706,0.3302,14.273
718.65,0.95466,0.3304,14.273
718.84,0.95661,0.3293,14.273
719.04,0.95752,0.32845,14.273
719.23,0.95612,0.33002,14.273
719.43,0.95753,0.32912,14.274
719.66,0.95599,0.32875,14.274
719.86,0.95661,0.32911,14.274
720.05,0.95736,0.32905,14.274
720.24,0.95456,0.32854,14.274
720.45,0.95644,0.32831,14.275
720.65,0.95489,0.32992,14.275
720.83,0.95703,0.32892,14.275
721.09,0.95626,0.32877,14.275
721.24,0.95466,0.32927,14.275
721.45,0.95477,0.32822,14.276
721.64,0.95614,0.32906,14.276
721.84,0.95654,0.3293,14.276
722.03,0.95726,0.32915,14.276
722.25,0.95436,0.3295,14.276
722.44,0.95619,0.32877,14.276
722.63,0.95655,0.3282,14.276
722.92,0.95562,0.32768,14.276
723.05,0.95556,0.32857,14.276
723.25,0.95295,0.32734,14.276
723.45,0.9554,0.32967,14.276
723.63,0.95638,0.3306,14.276
723.89,0.95409,0.33032,14.276
724.03,0.95643,0.33002,14.276
724.29,0.95419,0.3298,14.276
724.45,0.95597,0.32917,14.276
724.73,0.9569,0.33086,14.276
724.84,0.95616,0.32985,14.276
725.04,0.95571,0.33086,14.276
725.24,0.95662,0.32919,14.277
725.45,0.95644,0.33031,14.277
725.65,0.9565,0.32992,14.277
725.84,0.95668,0.32884,14.277
726.05,0.95523,0.32963,14.277
726.25,0.9546,0.32877,14.277
726.44,0.95405,0.32624,14.277
726.63,0.95525,0.32662,14.278
726.93,0.95677,0.32653,14.278
727.06,0.95509,0.32618,14.278
727.31,0.95673,0.32876,14.278
727.45,0.955,0.32761,14.278
727.64,0.95602,0.32747,14.278
727.86,0.95613,0.32591,14.279
728.04,0.95549,0.32648,14.279
728.28,0.9564,0.32779,14.279
728.44,0.9555,0.32589,14.279
728.66,0.95446,0.32542,14.28
728.84,0.95688,0.3272,14.28
729.08,0.95522,0.32701,14.28
729.24,0.95749,0.32471,14.28
729.48,0.95568,0.32692,14.28
729.64,0.95402,0.3255,14.28
729.85,0.95718,0.32501,14.28
730.03,0.95545,0.3254,14.28
730.25,0.95536,0.3258,14.281
730.45,0.95399,0.32658,14.281
730.64,0.95643,0.32659,14.281
730.85,0.9538,0.32589,14.281
731.03,0.95614,0.32448,14.281
731.28,0.95429,0.32417,14.281
731.44,0.95686,0.3252,14.281
731.73,0.95454,0.32559,14.281
731.85,0.95534,0.32506,14.282
732.03,0.95518,0.32546,14.282
732.24,0.95615,0.32454,14.282
732.43,0.95709,0.32533,14.282
732.65,0.95644,0.32549,14.282
732.85,0.95589,0.32484,14.282
733.06,0.95457,0.32536,14.282
733.24,0.95657,0.32449,14.282
733.48,0.95629,0.32511,14.282
733.64,0.95563,0.32481,14.282
733.99,0.95606,0.32494,14.282
734.04,0.95407,0.32556,NaN
734.25,0.95656,0.3245,14.282
734.44,0.95511,0.32373,14.282
734.64,0.9546,0.32451,14.282
734.83,0.95477,0.32491,14.282
735.05,0.9558,0.3249,14.282
735.24,0.95418,0.32247,14.282
735.45,0.95561,0.32437,14.282
735.63,0.95394,0.32474,14.282
735.84,0.95435,0.32491,14.282
736.04,0.9559,0.32483,14.282
736.27,0.95781,0.32343,14.283
736.44,0.95667,0.32508,14.283
736.68,0.95487,0.32394,14.283
736.83,0.95441,0.32224,14.284
737.11,0.95629,0.32265,14.284
737.26,0.95644,0.32194,14.284
737.45,0.95359,0.32309,14.285
737.65,0.95478,0.32201,14.285
737.86,0.95435,0.32349,14.285
738.03,0.95531,0.32363,14.286
738.25,0.95602,0.32136,14.286
738.48,0.95643,0.32037,14.286
738.63,0.9576,0.32166,14.286
738.91,0.95527,0.31951,14.286
739.03,0.95534,0.32109,14.286
739.4,0.9551,0.31945,14.287
739.46,0.95528,0.31996,NaN
739.66,0.9548,0.32015,14.287
739.83,0.95297,0.32068,14.287
740.03,0.95281,0.32047,14.287
740.25,0.95643,0.32184,14.287
740.45,0.95395,0.32085,14.288
740.71,0.95439,0.3207,14.288
740.85,0.95299,0.31935,14.288
741.13,0.95487,0.31933,14.288
741.24,0.95623,0.31858,14.289
741.57,0.95531,0.31913,14.289
741.65,0.95498,0.32033,14.289
741.84,0.9542,0.32067,14.289
742.05,0.95775,0.318,14.29
742.24,0.95591,0.31849,14.29
742.44,0.95426,0.31988,14.29
742.64,0.95294,0.32025,14.291
742.84,0.9558,0.32066,14.291
743.05,0.95486,0.32145,14.291
743.24,0.95582,0.32176,14.291
743.44,0.95418,0.32263,14.292
743.72,0.9529,0.32252,14.292
743.85,0.9559,0.32262,14.292
744.04,0.95378,0.32161,14.293
744.26,0.95308,0.32309,14.293
744.43,0.95553,0.32166,14.293
744.63,0.95557,0.323,14.293
744.85,0.95388,0.32388,14.293
745.04,0.95577,0.32415,14.294
745.26,0.9559,0.32216,14.294
745.43,0.95487,0.32455,14.294
745.64,0.95566,0.32316,14.295
745.85,0.956,0.32409,14.296
746.05,0.95556,0.32303,14.296
746.26,0.95519,0.32268,14.297
746.44,0.95554,0.32178,14.298
746.64,0.95381,0.32003,14.298
746.84,0.9536,0.32117,14.298
747.03,0.95412,0.32175,14.298
747.25,0.95614,0.32214,14.298
747.46,0.95648,0.32313,14.299
747.67,0.95544,0.32567,14.299
747.84,0.95503,0.32372,14.299
748.1,0.95652,0.32437,14.299
748.23,0.95482,0.32257,14.299
748.56,0.95603,0.32313,14.299
748.65,0.95347,0.32261,NaN
748.84,0.95474,0.32161,14.3
749.13,0.95438,0.31925,14.3
749.24,0.95622,0.31977,14.3
749.45,0.95443,0.31816,14.3
749.7,0.95536,0.32003,14.301
749.85,0.95533,0.31894,14.301
750.12,0.95548,0.31982,14.302
750.26,0.95561,0.319,14.302
750.45,0.95368,0.32049,14.302
750.65,0.95315,0.31812,14.302
750.84,0.95393,0.31971,14.302
751.03,0.95486,0.31929,14.303
751.25,0.95522,0.31879,14.303
751.43,0.95316,0.31874,14.303
751.64,0.95386,0.31816,14.304
751.91,0.95462,0.31927,14.304
752.03,0.95528,0.31934,14.304
752.25,0.95385,0.31902,14.304
752.45,0.95683,0.32074,14.305
752.66,0.95354,0.32075,14.305
752.84,0.95277,0.31917,14.305
753.05,0.95418,0.32182,14.305
753.24,0.95487,0.32083,14.306
753.44,0.95432,0.32095,14.306
753.71,0.9546,0.32185,14.306
753.84,0.95512,0.31941,14.306
754.17,0.95372,0.31903,14.307
754.24,0.95228,0.31942,NaN
754.44,0.95607,0.32267,14.307
754.64,0.9557,0.32097,14.308
754.84,0.95439,0.32146,14.308
755.03,0.95603,0.31975,14.309
755.24,0.95652,0.31826,14.309
755.44,0.9549,0.31863,14.309
755.63,0.95518,0.31936,14.31
755.93,0.95466,0.31821,14.31
756.04,0.95405,0.31877,14.31
756.23,0.95451,0.31885,14.31
756.45,0.95359,0.3176,14.31
756.65,0.95533,0.31698,14.31
756.85,0.95407,0.31827,14.31
757.04,0.95411,0.31782,14.31
757.35,0.95643,0.31739,14.31
757.44,0.95377,0.31728,NaN
757.73,0.95648,0.31969,14.31
757.85,0.9561,0.31822,14.31
758.16,0.95405,0.31887,14.31
758.25,0.95529,0.31882,14.31
758.45,0.95512,0.31993,14.31
758.65,0.95342,0.31782,14.31
758.83,0.9537,0.31814,14.31
759.14,0.95519,0.31612,14.31
759.23,0.95515,0.31765,14.31
759.5,0.95575,0.31832,14.31
759.65,0.95363,0.3192,14.31
759.9,0.95477,0.31753,14.31
760.04,0.95397,0.31856,14.31
760.26,0.95558,0.31728,14.31
760.43,0.95582,0.31612,14.31
760.66,0.95299,0.31769,14.31
760.84,0.95348,0.31547,14.311
761.05,0.95513,0.31641,14.311
761.32,0.95269,0.31578,14.311
761.44,0.95399,0.31857,14.311
761.72,0.95559,0.31694,14.311
761.84,0.95485,0.31702,14.311
762.03,0.95538,0.31891,14.311
762.24,0.95414,0.31889,14.311
762.46,0.9561,0.31794,14.311
762.63,0.95419,0.31708,14.311
762.84,0.95353,0.3167,14.311
763.04,0.9547,0.31653,14.311
763.24,0.9548,0.31616,14.311
763.46,0.95573,0.31482,14.312
763.65,0.95424,0.31504,14.312
763.97,0.95445,0.3133,14.312
764.03,0.95283,0.313,14.313
764.24,0.95292,0.31482,14.313
764.44,0.95438,0.31297,14.313
764.63,0.95244,0.3131,14.313
764.84,0.9533,0.31437,14.313
765.04,0.95329,0.31407,14.314
765.26,0.95274,0.31298,14.314
765.45,0.95299,0.31293,14.314
765.64,0.95395,0.31331,14.315
765.85,0.95333,0.31317,14.315
766.08,0.95143,0.31285,14.315
766.25,0.95258,0.31273,14.315
766.49,0.95504,0.31294,14.316
766.65,0.95572,0.31358,14.316
766.95,0.95204,0.31239,14.316
767.05,0.95305,0.31189,14.317
767.23,0.95133,0.31194,14.317
767.46,0.95254,0.3107,14.317
767.63,0.95254,0.31191,14.317
767.88,0.95347,0.30876,14.318
768.03,0.95233,0.30895,14.318
768.3,0.95338,0.3109,14.318
768.45,0.95178,0.30926,14.319
768.63,0.95224,0.30878,14.319
768.85,0.95459,0.30986,14.319
769.04,0.95373,0.30978,14.319
769.23,0.9541,0.31175,14.32
769.45,0.95335,0.31147,14.32
769.63,0.95372,0.31095,14.321
769.84,0.95374,0.3125,14.321
770.11,0.95415,0.31174,14.322
770.25,0.95453,0.31178,14.323
770.43,0.95277,0.31204,14.323
770.64,0.95457,0.31289,14.323
770.84,0.95387,0.31391,14.323
771.03,0.95193,0.31283,14.323
771.24,0.95269,0.31367,14.324
771.45,0.95421,0.31308,14.324
771.64,0.95364,0.31195,14.324
771.91,0.95138,0.31319,14.324
772.06,0.95263,0.31306,14.324
772.25,0.95293,0.31266,14.324
772.44,0.95356,0.31364,14.325
772.64,0.95253,0.31103,14.325
772.85,0.95504,0.31249,14.325
773.05,0.95416,0.30931,14.325
773.26,0.9531,0.30972,14.325
773.43,0.95408,0.31102,14.325
773.63,0.95137,0.31071,14.326
773.84,0.95416,0.31187,14.326
774.06,0.95551,0.31222,14.326
774.24,0.95261,0.3132,14.326
774.46,0.95288,0.31346,14.327
774.69,0.95225,0.31261,14.327
774.83,0.95463,0.3129,14.327
775.05,0.95468,0.31167,14.328
775.24,0.95407,0.31089,14.328
775.44,0.95261,0.30975,14.328
775.68,0.95401,0.31012,14.328
775.84,0.95244,0.30949,14.329
776.03,0.95337,0.30796,14.329
776.25,0.95219,0.30857,14.329
776.43,0.95488,0.30755,14.329
776.65,0.95379,0.30833,14.33
776.84,0.95259,0.30855,14.33
777.04,0.95328,0.30908,14.33
777.25,0.95238,0.30827,14.331
777.51,0.9531,0.30976,14.331
777.66,0.95244,0.30958,14.331
777.85,0.95129,0.31083,14.332
778.03,0.95114,0.3096,14.332
778.24,0.95216,0.30892,14.332
778.44,0.9528,0.30959,14.332
778.65,0.9539,0.3086,14.333
778.85,0.95342,0.31027,14.333
779.06,0.95197,0.30819,14.334
779.26,0.95256,0.30817,14.334
779.44,0.95417,0.30882,14.335
779.7,0.94974,0.3076,14.335
779.85,0.95172,0.30927,14.335
780.05,0.95385,0.30839,14.336
780.24,0.95368,0.30944,14.336
780.46,0.95219,0.30915,14.336
780.63,0.95243,0.30951,14.336
780.84,0.95225,0.30925,14.336
781.05,0.95179,0.30866,14.336
781.25,0.95273,0.31072,14.336
781.45,0.95327,0.30946,14.336
781.66,0.95423,0.30959,14.336
781.92,0.95097,0.30937,14.336
782.05,0.95404,0.31001,14.337
782.25,0.95333,0.30908,14.337
782.44,0.95265,0.3101,14.337
782.64,0.9522,0.30807,14.337
782.87,0.95255,0.30824,14.337
783.05,0.95358,0.30938,14.338
783.31,0.95103,0.30783,14.338
783.43,0.95462,0.30911,14.338
783.75,0.95259,0.30729,14.338
783.83,0.95428,0.3083,NaN
784.05,0.95256,0.30814,14.338
784.25,0.95365,0.30724,14.338
784.44,0.95316,0.30803,14.338
784.63,0.95457,0.30772,14.338
784.85,0.95332,0.30705,14.338
785.11,0.95437,0.30865,14.338
785.26,0.95277,0.30831,14.338
785.44,0.95367,0.30789,14.338
785.72,0.95412,0.30927,14.339
785.83,0.95281,0.30928,14.339
786.16,0.95229,0.3082,14.339
786.24,0.95399,0.30741,NaN
786.44,0.95321,0.30873,14.339
786.7,0.95283,0.30696,14.339
786.83,0.95146,0.30909,14.339
787.13,0.9535,0.30656,14.339
787.25,0.95255,0.30739,14.339
787.44,0.95335,0.30616,14.339
787.7,0.9528,0.30663,14.339
787.84,0.9525,0.30668,14.339
788.14,0.95319,0.30597,14.339
788.26,0.95301,0.30536,14.339
788.44,0.95253,0.30617,14.339
788.66,0.95522,0.30679,14.339
788.85,0.95416,0.30771,14.339
789.09,0.95461,0.30561,14.339
789.23,0.95369,0.30645,14.339
789.51,0.9533,0.30721,14.339
789.64,0.95271,0.30683,14.339
789.85,0.95297,0.30702,14.339
790.05,0.95273,0.30746,14.339
790.25,0.95159,0.3056,14.339
790.49,0.95297,0.30736,14.34
790.65,0.95462,0.30654,14.34
790.85,0.95302,0.30483,14.34
791.05,0.95262,0.30588,14.34
791.25,0.95259,0.30351,14.341
791.47,0.95243,0.30397,14.341
791.65,0.95374,0.30331,14.341
791.92,0.95329,0.30355,14.341
792.03,0.95315,0.30546,14.342
792.24,0.95219,0.30328,14.342
792.46,0.95174,0.30398,14.342
792.65,0.9542,0.30485,14.342
792.94,0.95256,0.30345,14.343
793.05,0.95286,0.30453,14.343
793.24,0.95333,0.30464,14.343
793.48,0.95375,0.30667,14.343
793.65,0.95223,0.30448,14.344
793.96,0.95242,0.30423,14.344
794.04,0.95372,0.3044,14.344
794.23,0.95129,0.30451,14.344
794.44,0.95288,0.30498,14.344
794.65,0.9521,0.30419,14.345
794.85,0.95034,0.30454,14.345
795.03,0.95059,0.30523,14.345
795.34,0.95215,0.30325,14.346
795.45,0.95244,0.30305,14.347
795.66,0.95202,0.30346,14.348
795.85,0.95151,0.30186,14.348
796.04,0.95277,0.30235,14.348
796.24,0.95267,0.30203,14.348
796.43,0.95257,0.30192,14.348
796.63,0.95218,0.30134,14.349
796.84,0.95116,0.30136,14.349
797.12,0.94939,0.30045,14.349
797.25,0.95115,0.30134,14.349
797.44,0.95295,0.30173,14.349
797.65,0.9501,0.30085,14.349
797.85,0.95207,0.30265,14.349
798.07,0.95106,0.3028,14.349
798.23,0.95085,0.30122,14.349
798.58,0.95257,0.30316,14.349
798.63,0.95328,0.30449,14.35
798.84,0.95171,0.30409,14.35
799.05,0.95257,0.30439,14.35
799.23,0.94971,0.3053,14.35
799.47,0.95018,0.30382,14.35
799.65,0.95299,0.30511,14.351
799.92,0.95246,0.30591,14.351
800.06,0.95185,0.3047,14.351
800.24,0.95133,0.30509,14.351
800.44,0.95274,0.30444,14.351
800.65,0.95172,0.30568,14.352
800.84,0.9531,0.30575,14.352
801.05,0.95416,0.30497,14.352
801.33,0.95301,0.30557,14.352
801.46,0.95461,0.30507,14.352
801.66,0.95274,0.30519,14.352
801.86,0.9525,0.30537,14.353
802.05,0.95313,0.30718,14.353
802.35,0.95129,0.30543,14.353
802.44,0.95177,0.3053,14.353
802.64,0.95299,0.30338,14.354
802.84,0.95174,0.30423,14.354
803.06,0.9528,0.30521,14.354
803.3,0.95498,0.3065,14.354
803.45,0.95224,0.30563,14.354
803.75,0.95248,0.30571,14.355
803.85,0.95152,0.30615,14.355
804.05,0.95234,0.30609,14.355
804.23,0.95175,0.30557,14.355
804.46,0.95269,0.30621,14.355
804.66,0.95229,0.3063,14.356
804.84,0.95265,0.30607,14.356
805.07,0.95125,0.30576,14.356
805.26,0.95282,0.30608,14.356
805.44,0.95357,0.30682,14.356
805.66,0.9522,0.30686,14.356
805.84,0.95336,0.30667,14.357
806.05,0.95156,0.30526,14.357
806.25,0.95262,0.30464,14.357
806.46,0.95369,0.30618,14.357
806.64,0.95251,0.30457,14.358
806.85,0.9517,0.30522,14.358
807.03,0.95076,0.30496,14.358
807.25,0.95399,0.30524,14.359
807.44,0.95408,0.30419,14.359
807.64,0.95487,0.30428,14.359
807.84,0.95246,0.30331,14.36
808.05,0.95135,0.30356,14.36
808.24,0.95213,0.30452,14.36
808.5,0.95227,0.3042,14.36
808.63,0.95322,0.30435,14.36
808.85,0.94968,0.30208,14.36
809.05,0.95152,0.30271,14.36
809.24,0.95456,0.30336,14.36
809.44,0.95209,0.30287,14.361
809.65,0.95092,0.3048,14.361
809.89,0.95192,0.30382,14.361
810.04,0.95315,0.30392,14.361
810.29,0.95095,0.30509,14.361
810.44,0.94993,0.30195,14.361
810.76,0.95281,0.30406,14.361
810.85,0.95274,0.30378,14.361
811.04,0.95451,0.30448,14.361
811.31,0.95203,0.30311,14.361
811.45,0.95124,0.30431,14.361
811.65,0.95279,0.30525,14.361
811.85,0.95141,0.30448,14.362
812.05,0.95163,0.3033,14.362
812.26,0.95069,0.30426,14.362
812.44,0.9523,0.30283,14.362
812.7,0.95239,0.3024,14.362
812.85,0.95164,0.30209,14.362
813.04,0.95307,0.30276,14.362
813.25,0.95168,0.30289,14.362
813.44,0.95226,0.30229,14.362
813.67,0.95258,0.30402,14.362
813.83,0.9515,0.30287,14.362
814.12,0.95226,0.30331,14.362
814.25,0.95141,0.30329,14.362
814.45,0.95226,0.30507,14.362
814.64,0.95125,0.30444,14.362
814.84,0.95339,0.30405,14.362
815.06,0.95414,0.30591,14.362
815.23,0.95185,0.30499,14.362
815.46,0.95166,0.30413,14.362
815.66,0.95311,0.30324,14.362
815.85,0.95341,0.30368,14.362
816.12,0.95101,0.30498,14.362
816.25,0.95064,0.30292,14.362
816.45,0.94957,0.30312,14.362
816.65,0.95171,0.30288,14.362
816.85,0.9524,0.30322,14.362
817.09,0.95047,0.30317,14.362
817.23,0.95249,0.30215,14.362
817.56,0.95105,0.3019,14.362
817.63,0.95159,0.3025,NaN
817.84,0.95222,0.30079,14.362
818.05,0.95242,0.30093,14.362
818.25,0.9526,0.29984,14.362
818.44,0.95167,0.30052,14.362
818.65,0.9522,0.30087,14.362
818.85,0.95197,0.30033,14.362
819.04,0.95066,0.30011,14.362
819.26,0.95383,0.29991,14.362
819.54,0.95297,0.30057,14.362
819.65,0.95162,0.30007,14.362
819.84,0.95343,0.29923,14.362
820.05,0.95039,0.29845,14.362
820.26,0.95005,0.29947,14.363
820.44,0.95241,0.30018,14.363
820.64,0.95073,0.30049,14.363
820.91,0.95144,0.30079,14.363
821.05,0.95161,0.30015,14.364
821.25,0.95129,0.30071,14.364
821.45,0.9516,0.30063,14.364
821.63,0.95207,0.29944,14.364
821.88,0.95332,0.29981,14.364
822.04,0.95139,0.3003,14.365
822.32,0.9534,0.30053,14.365
822.46,0.95531,0.30153,14.365
822.73,0.95322,0.30073,14.366
822.84,0.95041,0.30011,14.366
823.04,0.95206,0.30102,14.366
823.26,0.95201,0.2995,14.366
823.45,0.95302,0.30028,14.366
823.65,0.95304,0.30144,14.367
823.85,0.95203,0.30127,14.367
824.05,0.95196,0.3001,14.367
824.26,0.95181,0.3003,14.367
824.46,0.95384,0.29963,14.368
824.65,0.95239,0.30009,14.368
824.86,0.95155,0.29983,14.368
825.05,0.95082,0.29895,14.368
825.25,0.95293,0.29832,14.369
825.45,0.95133,0.2972,14.369
825.65,0.95183,0.29735,14.369
825.85,0.95147,0.29751,14.369
826.07,0.95088,0.29986,14.37
826.24,0.95189,0.29978,14.37
826.45,0.95251,0.29932,14.37
826.63,0.95177,0.299,14.37
826.85,0.95242,0.30098,14.371
827.13,0.95148,0.29921,14.372
827.26,0.95035,0.30177,14.372
827.52,0.95249,0.30038,14.373
827.65,0.9517,0.30048,14.373
827.91,0.94972,0.30036,14.373
828.05,0.94977,0.30027,14.374
828.39,0.95241,0.29911,14.374
828.45,0.95076,0.29942,NaN
828.63,0.9527,0.29947,14.374
828.83,0.95203,0.30075,14.374
829.04,0.95374,0.30249,14.374
829.27,0.9513,0.30253,14.374
829.44,0.95081,0.3021,14.374
829.67,0.95137,0.30211,14.374
829.86,0.95254,0.30265,14.374
830.13,0.95244,0.3011,14.375
830.26,0.95228,0.30178,14.375
830.55,0.95255,0.30088,14.375
830.65,0.95175,0.30216,14.375
830.94,0.95224,0.30023,14.376
831.03,0.95187,0.29966,14.376
831.35,0.95273,0.30014,14.376
831.43,0.95209,0.2991,14.376
831.63,0.95151,0.30061,14.377
831.85,0.95313,0.29966,14.377
832.04,0.95294,0.30017,14.377
832.32,0.95423,0.30031,14.377
832.45,0.95233,0.2998,14.378
832.64,0.95228,0.30006,14.378
832.84,0.95149,0.2996,14.378
833.05,0.95259,0.29958,14.378
833.24,0.95255,0.30163,14.379
833.46,0.9506,0.29766,14.379
833.7,0.95159,0.29889,14.379
833.84,0.95077,0.29913,14.379
834.16,0.95274,0.30052,14.38
834.24,0.95156,0.3001,14.38
834.45,0.95124,0.29953,14.38
834.65,0.95018,0.30148,14.38
834.84,0.95216,0.2998,14.381
835.03,0.95128,0.29935,14.381
835.26,0.95234,0.30009,14.381
835.44,0.95151,0.30085,14.381
835.65,0.9524,0.30071,14.382
835.87,0.95189,0.30084,14.382
836.05,0.95019,0.29888,14.382
836.31,0.95147,0.29961,14.382
836.44,0.95268,0.29866,14.383
836.69,0.95282,0.29795,14.383
836.85,0.95173,0.29896,14.383
837.09,0.95152,0.29611,14.384
837.25,0.95294,0.2977,14.384
837.46,0.95227,0.29847,14.384
837.64,0.95139,0.29709,14.385
837.85,0.95239,0.29866,14.385
838.05,0.95141,0.29898,14.385
838.23,0.94964,0.29836,14.385
838.45,0.95194,0.30063,14.385
838.64,0.9527,0.3018,14.386
838.84,0.95283,0.3012,14.386
839.14,0.95106,0.30087,14.386
839.24,0.95109,0.30159,14.386
839.51,0.95186,0.30188,14.386
839.65,0.95234,0.30095,14.386
839.86,0.95166,0.30165,14.386
840.04,0.95194,0.30077,14.387
840.25,0.95396,0.30148,14.387
840.45,0.95003,0.30145,14.387
840.65,0.95088,0.30119,14.387
840.85,0.95184,0.30179,14.388
841.1,0.95151,0.30135,14.388
841.24,0.95327,0.30058,14.388
841.52,0.95263,0.30039,14.388
841.65,0.95162,0.29853,14.388
841.92,0.95137,0.29858,14.388
842.04,0.95133,0.29979,14.389
842.25,0.95259,0.3003,14.389
842.46,0.9518,0.29835,14.389
842.65,0.95067,0.29978,14.389
842.91,0.95032,0.29947,14.389
843.04,0.9512,0.29789,14.389
843.33,0.95274,0.29764,14.389
843.44,0.95188,0.29862,14.389
843.78,0.95192,0.3002,14.389
843.86,0.95087,0.30023,NaN
844.04,0.95132,0.29968,14.389
844.24,0.94974,0.29927,14.389
844.45,0.94917,0.30073,14.389
844.65,0.95104,0.29926,14.389
844.85,0.95145,0.30069,14.389
845.09,0.95061,0.29921,14.389
845.25,0.95135,0.30005,14.389
845.54,0.95279,0.2985,14.389
845.65,0.95092,0.29799,14.389
845.84,0.95134,0.29841,14.389
846.04,0.95184,0.2973,14.389
846.23,0.95118,0.2976,14.389
846.47,0.95128,0.29704,14.389
846.63,0.95072,0.29632,14.389
846.88,0.95301,0.29675,14.389
847.03,0.95118,0.29521,14.389
847.34,0.95179,0.29475,14.389
847.45,0.95293,0.29638,14.389
847.64,0.94907,0.29533,14.389
847.84,0.95087,0.29435,14.389
848.05,0.9502,0.29493,14.389
848.32,0.95024,0.29499,14.39
848.44,0.95314,0.2956,14.39
848.66,0.95131,0.29331,14.39
848.85,0.9516,0.29523,14.39
849.05,0.95108,0.29616,14.39
849.27,0.95119,0.29424,14.39
849.43,0.94948,0.29247,14.39
849.72,0.95014,0.29435,14.39
849.85,0.95007,0.29416,14.391
850.05,0.94931,0.29453,14.391
850.24,0.95325,0.29487,14.391
850.44,0.95305,0.29623,14.392
850.64,0.95176,0.29509,14.392
850.85,0.95182,0.29452,14.392
851.13,0.95206,0.29413,14.392
851.24,0.95122,0.29515,14.393
851.45,0.95265,0.29414,14.393
851.64,0.95121,0.29412,14.393
851.85,0.95187,0.29549,14.393
852.06,0.95077,0.29515,14.393
852.24,0.9492,0.29317,14.394
852.5,0.95194,0.29425,14.394
852.65,0.94985,0.29439,14.394
852.98,0.94976,0.29324,14.395
853.05,0.9499,0.29172,14.395
853.24,0.95084,0.29375,14.395
853.54,0.95302,0.29312,14.395
853.64,0.95125,0.2938,14.396
853.84,0.95121,0.29466,14.396
854.03,0.95053,0.29467,14.396
854.25,0.95304,0.29377,14.396
854.47,0.94924,0.29316,14.397
854.65,0.95175,0.29325,14.397
854.91,0.94977,0.29253,14.398
855.05,0.95074,0.29401,14.399
855.25,0.95066,0.29268,14.399
855.44,0.95153,0.29358,14.399
855.65,0.95076,0.29292,14.399
855.91,0.95098,0.29091,14.399
856.04,0.94983,0.29142,14.399
856.23,0.94877,0.29243,14.399
856.43,0.95242,0.2907,14.4
856.64,0.95235,0.29118,14.4
856.88,0.95071,0.29317,14.4
857.04,0.95218,0.29206,14.4
857.26,0.95457,0.29261,14.4
857.44,0.95112,0.29349,14.4
857.72,0.95061,0.29201,14.4
857.83,0.95202,0.29217,14.4
858.04,0.95011,0.29461,14.4
858.25,0.95215,0.2943,14.401
858.44,0.95063,0.29442,14.401
858.77,0.94988,0.29474,14.401
858.85,0.95052,0.29405,14.401
859.05,0.953,0.29544,14.401
859.24,0.95036,0.29517,14.402
859.45,0.95274,0.29629,14.402
859.72,0.95134,0.29513,14.402
859.83,0.9529,0.29388,14.402
860.05,0.95158,0.29617,14.403
860.24,0.95189,0.29412,14.403
860.44,0.95258,0.2935,14.403
860.66,0.95075,0.2935,14.403
860.85,0.94974,0.29253,14.404
861.06,0.95132,0.29193,14.404
861.24,0.9507,0.29337,14.404
861.43,0.95159,0.29165,14.405
861.63,0.94988,0.29134,14.405
861.95,0.9519,0.29129,14.405
862.05,0.95008,0.29152,14.405
862.24,0.95122,0.29295,14.405
862.44,0.95055,0.29226,14.406
862.63,0.95133,0.29439,14.406
862.95,0.9504,0.29383,14.406
863.03,0.95296,0.29272,14.407
863.25,0.94963,0.29437,14.407
863.45,0.95138,0.29461,14.407
863.66,0.95285,0.29432,14.407
863.87,0.95042,0.29244,14.408
864.04,0.95186,0.29314,14.408
864.26,0.9498,0.29159,14.408
864.44,0.94943,0.29213,14.408
864.65,0.95061,0.29146,14.409
864.84,0.94996,0.29172,14.409
865.06,0.9512,0.2903,14.41
865.24,0.94892,0.28905,14.41
865.53,0.95,0.29203,14.411
865.65,0.9487,0.28976,14.411
865.98,0.95098,0.29244,14.411
866.05,0.94994,0.2921,NaN
866.24,0.95229,0.29188,14.412
866.46,0.95108,0.2908,14.412
866.65,0.95039,0.29272,14.412
866.83,0.94977,0.29278,14.412
867.04,0.95082,0.29251,14.412
867.25,0.95032,0.2911,14.412
867.43,0.94937,0.29224,14.412
867.71,0.95042,0.28991,14.412
867.84,0.95145,0.29051,14.412
868.14,0.95025,0.29162,14.413
868.24,0.95281,0.29185,14.413
868.43,0.94998,0.291,14.413
868.64,0.95144,0.29239,14.413
868.85,0.95119,0.29207,14.413
869.03,0.95215,0.29292,14.413
869.23,0.95092,0.29209,14.413
869.45,0.95149,0.2921,14.414
869.69,0.95052,0.29285,14.414
869.83,0.94908,0.29114,14.414
870.03,0.95069,0.29249,14.414
870.24,0.95143,0.29207,14.415
870.45,0.94883,0.2916,14.415
870.67,0.94977,0.29085,14.415
870.84,0.95176,0.29215,14.415
871.13,0.94894,0.29053,14.416
871.23,0.95223,0.29207,14.416
871.44,0.95161,0.29101,14.416
871.65,0.94883,0.29208,14.416
871.83,0.94954,0.29039,14.416
872.04,0.95067,0.29067,14.416
872.24,0.94881,0.29049,14.417
872.49,0.9497,0.29129,14.417
872.63,0.95088,0.29101,14.417
872.85,0.95023,0.28942,14.417
873.05,0.95166,0.28987,14.417
873.23,0.94922,0.29053,14.417
873.52,0.94938,0.29088,14.417
873.65,0.95061,0.2899,14.418
873.98,0.94971,0.29081,14.418
874.04,0.94995,0.28973,14.418
874.23,0.9501,0.28913,14.418
874.43,0.9501,0.28948,14.418
874.63,0.95243,0.2906,14.418
874.85,0.95119,0.29188,14.418
875.03,0.95091,0.29106,14.418
875.32,0.95117,0.29143,14.418
875.44,0.94986,0.29111,14.418
875.77,0.95122,0.28995,14.418
875.84,0.94908,0.28894,NaN
876.06,0.95058,0.29139,14.418
876.24,0.95157,0.29048,14.418
876.43,0.94945,0.28844,14.418
876.67,0.9505,0.29081,14.418
876.85,0.94988,0.29081,14.418
877.1,0.95211,0.28991,14.418
877.25,0.94967,0.28919,14.418
877.56,0.95006,0.28996,14.418
877.64,0.94841,0.28894,14.418
877.86,0.94848,0.2884,14.418
878.06,0.95045,0.28826,14.418
878.25,0.95027,0.28754,14.418
878.45,0.95,0.28853,14.418
878.63,0.94784,0.28904,14.418
878.83,0.95059,0.28842,14.418
879.03,0.94991,0.28821,14.418
879.25,0.94794,0.28772,14.418
879.44,0.95075,0.28981,14.418
879.63,0.94921,0.28837,14.418
879.88,0.9503,0.2888,14.418
880.04,0.9504,0.28875,14.418
880.34,0.95089,0.28912,14.419
880.46,0.94766,0.28931,14.419
880.63,0.95072,0.28936,14.419
880.83,0.94909,0.2874,14.419
881.05,0.94866,0.28627,14.419
881.26,0.95143,0.28699,14.42
881.43,0.94946,0.28657,14.42
881.64,0.95062,0.28572,14.42
881.84,0.94995,0.28676,14.42
882.04,0.9498,0.2879,14.421
882.27,0.94945,0.2875,14.421
882.44,0.9488,0.28711,14.421
882.64,0.95054,0.2874,14.421
882.85,0.9485,0.28706,14.422
883.03,0.94822,0.28629,14.422
883.33,0.94915,0.28675,14.423
883.45,0.94915,0.28749,14.424
883.65,0.94935,0.2865,14.424
883.84,0.95018,0.28707,14.424
884.05,0.95129,0.2865,14.424
884.24,0.95032,0.2865,14.424
884.43,0.95125,0.28673,14.424
884.71,0.95003,0.28602,14.425
884.83,0.9505,0.2876,14.425
885.04,0.94783,0.28605,14.425
885.26,0.95069,0.28758,14.425
885.43,0.94993,0.28758,14.425
885.71,0.94909,0.28679,14.425
885.84,0.94865,0.28639,14.425
886.04,0.95191,0.28722,14.425
886.25,0.9484,0.28655,14.425
886.45,0.94837,0.28587,14.425
886.65,0.94998,0.28735,14.425
886.85,0.94836,0.28482,14.426
887.11,0.94943,0.2873,14.426
887.24,0.95013,0.28492,14.426
887.46,0.94966,0.28451,14.426
887.66,0.94625,0.28589,14.427
887.85,0.9503,0.28598,14.427
888.12,0.94889,0.28532,14.427
888.23,0.95034,0.28466,NaN
888.55,0.9484,0.28424,14.427
888.66,0.94782,0.28478,14.428
888.83,0.94815,0.28568,14.428
889.04,0.94861,0.28671,14.428
889.26,0.9507,0.2853,14.428
889.63,0.95069,0.28688,14.428
889.65,0.94913,0.28723,NaN
889.84,0.94885,0.28566,14.429
890.08,0.94946,0.2869,14.429
890.23,0.95249,0.28645,14.429
890.6,0.94955,0.28799,14.43
890.63,0.95091,0.2882,NaN
890.84,0.94971,0.28746,14.43
891.06,0.94886,0.28915,14.43
891.25,0.95001,0.28859,14.43
891.59,0.94995,0.28865,14.431
891.65,0.94862,0.2886,NaN
891.84,0.9478,0.2889,14.431
892.05,0.95149,0.28829,14.431
892.25,0.94924,0.28914,14.431
892.52,0.95087,0.28887,14.431
892.64,0.94877,0.28575,14.432
892.83,0.94805,0.28728,14.432
893.03,0.95056,0.28749,14.432
893.24,0.95054,0.28771,14.432
893.51,0.95139,0.28626,14.433
893.64,0.94863,0.28738,14.433
893.94,0.94952,0.28744,14.433
894.04,0.94908,0.28608,14.434
894.23,0.95135,0.28675,14.434
894.46,0.94849,0.28516,14.434
894.63,0.94995,0.28702,14.434
894.85,0.95024,0.2848,14.435
895.04,0.95039,0.28694,14.435
895.23,0.94973,0.28703,14.435
895.48,0.94862,0.2882,14.436
895.65,0.94972,0.28747,14.437
895.98,0.95067,0.28909,14.437
896.05,0.94986,0.28681,NaN
896.25,0.94902,0.28952,14.437
896.51,0.94922,0.28748,14.438
896.65,0.95081,0.28796,14.438
896.84,0.95108,0.2862,14.438
897.05,0.94892,0.28638,14.438
897.24,0.95207,0.28645,14.438
897.44,0.94787,0.2861,14.438
897.65,0.95105,0.28732,14.438
897.93,0.9511,0.28698,14.438
898.06,0.9499,0.2875,14.438
898.24,0.95176,0.28721,14.438
898.51,0.94976,0.28738,14.439
898.63,0.94961,0.2859,14.439
898.85,0.94955,0.28618,14.439
899.05,0.94852,0.28741,14.439
899.25,0.94834,0.28782,14.439
899.48,0.95194,0.28572,14.439
899.64,0.94864,0.28624,14.439
899.92,0.9499,0.28696,14.439
900.03,0.94858,0.28519,14.439
900.25,0.94871,0.2856,14.439
900.44,0.94775,0.28641,14.439
900.64,0.94971,0.28593,14.44
900.83,0.94801,0.28526,14.44
901.04,0.95142,0.2866,14.44
901.28,0.94844,0.2862,14.44
901.45,0.94905,0.28714,14.44
901.74,0.95154,0.28633,14.441
901.84,0.94812,0.28767,NaN
902.04,0.94976,0.28556,14.441
902.26,0.94952,0.28648,14.441
902.44,0.94932,0.28671,14.441
902.74,0.94871,0.28691,14.441
902.83,0.95096,0.28694,14.442
903.05,0.94842,0.28684,14.442
903.25,0.95038,0.28638,14.442
903.45,0.95019,0.28696,14.442
903.74,0.95102,0.28631,14.442
903.83,0.95033,0.2863,14.442
904.04,0.94876,0.28699,14.442
904.26,0.95073,0.28686,14.442
904.45,0.95103,0.28582,14.442
904.63,0.95087,0.28683,14.442
904.83,0.94963,0.28699,14.442
905.11,0.95035,0.28684,14.442
905.24,0.9482,0.28599,14.442
905.44,0.94822,0.28611,14.442
905.64,0.95065,0.28534,14.443
905.85,0.94963,0.28632,14.443
906.17,0.94972,0.28563,14.443
906.25,0.95019,0.28631,14.443
906.55,0.94913,0.2852,14.443
906.66,0.95073,0.28504,14.443
906.83,0.94985,0.28624,14.443
907.03,0.94984,0.28628,14.443
907.25,0.94783,0.28662,14.443
907.52,0.94804,0.28603,14.443
907.65,0.9498,0.28756,14.443
907.84,0.95149,0.28642,14.443
908.04,0.94901,0.28549,14.443
908.24,0.95019,0.2855,14.443
908.44,0.94828,0.28614,14.443
908.65,0.9496,0.286,14.443
908.86,0.94994,0.28723,14.443
909.04,0.94857,0.28698,14.443
909.35,0.95107,0.28687,14.443
909.44,0.95013,0.28681,14.443
909.64,0.95057,0.28684,14.443
909.83,0.95055,0.28692,14.443
910.04,0.95059,0.28632,14.443
910.33,0.94868,0.28486,14.443
910.45,0.95057,0.28619,14.443
910.73,0.94911,0.28513,14.443
910.83,0.95018,0.28492,NaN
911.04,0.9483,0.28447,14.443
911.25,0.94958,0.28401,14.443
911.43,0.9491,0.28315,14.443
911.65,0.94913,0.28329,14.443
911.96,0.94733,0.28402,14.443
912.04,0.94908,0.28481,14.443
912.25,0.95062,0.28384,14.443
912.53,0.94897,0.28379,14.443
912.63,0.95049,0.28439,14.443
912.84,0.94817,0.28439,14.443
913.05,0.95086,0.28507,14.443
913.25,0.94837,0.28422,14.443
913.5,0.95181,0.28304,14.443
913.65,0.94997,0.2841,14.443
913.95,0.95135,0.2841,14.443
914.06,0.9489,0.28355,14.443
914.24,0.95002,0.28272,14.443
914.44,0.94842,0.2838,14.443
914.66,0.94866,0.28403,14.443
914.88,0.94918,0.28303,14.443
915.06,0.94803,0.28338,14.444
915.38,0.94954,0.28258,14.444
915.46,0.94754,0.28283,NaN
915.65,0.94947,0.2827,14.444
915.84,0.94992,0.28234,14.444
916.05,0.94859,0.2821,14.445
916.28,0.94817,0.28251,14.445
916.44,0.95056,0.28348,14.445
916.72,0.9485,0.2835,14.445
916.85,0.94908,0.28226,14.446
917.19,0.9486,0.284,14.446
917.26,0.94782,0.28338,14.446
917.45,0.94923,0.2835,14.446
917.64,0.94761,0.28349,14.446
917.86,0.94946,0.2854,14.446
918.05,0.94926,0.28361,14.447
918.24,0.95043,0.28363,14.447
918.52,0.94884,0.28367,14.447
918.66,0.94968,0.28399,14.447
918.83,0.95011,0.28299,14.447
919.04,0.9491,0.28289,14.447
919.24,0.94809,0.28504,14.448
919.44,0.9477,0.28241,14.448
919.65,0.94991,0.28323,14.448
919.97,0.94915,0.28265,14.449
920.05,0.94911,0.28452,14.449
920.26,0.94871,0.28294,14.449
920.57,0.94948,0.28245,14.449
920.65,0.94927,0.28323,14.45
920.86,0.94899,0.28275,14.45
921.13,0.94868,0.2835,14.45
921.23,0.94826,0.28232,14.45
921.44,0.9515,0.28055,14.45
921.65,0.94879,0.28175,14.45
921.86,0.95178,0.28193,14.45
922.09,0.95046,0.28053,14.45
922.25,0.94707,0.27996,14.45
922.59,0.9473,0.28194,14.45
922.65,0.94966,0.28181,14.45
922.85,0.94727,0.28062,14.451
923.12,0.94801,0.28325,14.451
923.25,0.94974,0.28182,14.451
923.45,0.9496,0.28295,14.451
923.64,0.95033,0.2826,14.451
923.85,0.951,0.28221,14.452
924.04,0.95027,0.28254,14.452
924.23,0.94979,0.28371,14.452
924.45,0.9487,0.28241,14.452
924.69,0.9498,0.28361,14.453
924.84,0.95062,0.28235,14.453
925.04,0.94811,0.28269,14.453
925.26,0.94717,0.28128,14.453
925.43,0.94887,0.2823,14.453
925.69,0.94979,0.28325,14.454
925.83,0.95028,0.28191,14.454
926.15,0.94937,0.28274,14.454
926.25,0.94804,0.28296,14.454
926.44,0.94772,0.28161,14.455
926.64,0.94899,0.28328,14.455
926.83,0.94907,0.28247,14.455
927.09,0.94796,0.28225,14.455
927.24,0.94792,0.28253,14.456
927.58,0.94978,0.28426,14.456
927.64,0.94961,0.28336,NaN
927.85,0.94864,0.28342,14.456
928.05,0.94734,0.2833,14.457
928.24,0.94775,0.28358,14.457
928.52,0.94699,0.28316,14.457
928.66,0.9486,0.28415,14.457
928.84,0.94769,0.28296,14.457
929.05,0.9494,0.28264,14.457
929.26,0.94938,0.28395,14.458
929.44,0.94821,0.28224,14.458
929.63,0.95033,0.28213,14.458
929.85,0.94839,0.2813,14.458
930.11,0.94771,0.28197,14.459
930.24,0.94899,0.28198,14.459
930.45,0.95132,0.283,14.459
930.64,0.9507,0.28433,14.459
930.83,0.94796,0.28233,14.46
931.08,0.94858,0.28397,14.46
931.25,0.94813,0.2839,14.46
931.56,0.94959,0.28466,14.461
931.65,0.94994,0.28471,14.462
931.85,0.94835,0.28472,14.462
932.18,0.94965,0.28443,14.462
932.24,0.9478,0.28479,NaN
932.45,0.94985,0.28291,14.463
932.73,0.94872,0.28258,14.463
932.83,0.94777,0.28325,14.463
933.05,0.95067,0.28236,14.463
933.23,0.95042,0.28267,14.463
933.46,0.94955,0.28278,14.463
933.72,0.9494,0.28265,14.463
933.85,0.94834,0.28278,14.463
934.16,0.94736,0.28193,14.464
934.25,0.94897,0.28234,14.464
934.45,0.94874,0.28245,14.464
934.63,0.94942,0.28228,14.464
934.83,0.94949,0.28292,14.464
935.04,0.94874,0.2841,14.464
935.24,0.95118,0.28318,14.464
935.44,0.94964,0.28356,14.464
935.71,0.95161,0.28333,14.465
935.84,0.94869,0.28239,14.465
936.05,0.95029,0.28247,14.465
936.24,0.95046,0.28397,14.465
936.45,0.95156,0.28424,14.465
936.73,0.94962,0.2829,14.466
936.84,0.94967,0.28336,14.466
937.05,0.95011,0.2824,14.466
937.24,0.95093,0.28307,14.466
937.45,0.95006,0.28283,14.466
937.7,0.95207,0.28242,14.467
937.83,0.95168,0.28165,14.467
938.04,0.94965,0.28099,14.467
938.25,0.94912,0.28279,14.467
938.45,0.94798,0.28113,14.467
938.68,0.94584,0.28185,14.467
938.85,0.9465,0.28184,14.467
939.06,0.94972,0.28262,14.467
939.26,0.94736,0.28257,14.467
939.49,0.94772,0.28069,14.467
939.64,0.94822,0.28097,14.467
939.85,0.94905,0.2814,14.467
940.03,0.94913,0.28151,14.467
940.25,0.949,0.28101,14.467
940.52,0.94785,0.28285,14.467
940.63,0.94891,0.28261,14.467
940.85,0.94794,0.2821,14.467
941.05,0.9485,0.282,14.468
941.24,0.94875,0.28114,14.468
941.52,0.94924,0.28136,14.468
941.64,0.95051,0.28181,14.468
941.83,0.94931,0.28143,14.468
942.04,0.94897,0.28108,14.468
942.25,0.95183,0.28277,14.468
942.43,0.94921,0.281,14.468
942.63,0.94715,0.28069,14.468
942.9,0.94922,0.28132,14.468
943.05,0.94939,0.28106,14.468
943.25,0.95004,0.2809,14.468
943.49,0.94994,0.28072,14.468
943.65,0.94775,0.28022,14.468
943.85,0.9483,0.28102,14.468
944.03,0.94658,0.28114,14.468
944.25,0.94831,0.2799,14.468
944.5,0.9499,0.27892,14.468
944.65,0.94778,0.28087,14.468
944.85,0.94811,0.28149,14.468
945.19,0.94833,0.2804,14.468
945.25,0.94822,0.28004,14.468
945.43,0.94761,0.27834,14.468
945.68,0.94798,0.27857,14.468
945.83,0.94815,0.27929,14.468
946.05,0.94736,0.27887,14.468
946.25,0.95024,0.27934,14.468
946.44,0.94745,0.2781,14.468
946.68,0.94623,0.27992,14.469
946.83,0.94958,0.27881,14.469
947.04,0.94771,0.27878,14.469
947.24,0.95019,0.27897,14.469
947.44,0.94772,0.27823,14.47
947.75,0.94992,0.27972,14.47
947.84,0.94712,0.28011,NaN
948.04,0.94609,0.27928,14.47
948.24,0.94705,0.27983,14.47
948.44,0.94796,0.27927,14.471
948.67,0.94605,0.27981,14.471
948.83,0.94955,0.27966,14.471
949.05,0.94909,0.27932,14.471
949.26,0.94888,0.27961,14.471
949.45,0.94869,0.27947,14.472
949.7,0.94957,0.28058,14.472
949.85,0.94936,0.28032,14.472
950.05,0.94798,0.27932,14.472
950.23,0.94972,0.27919,14.472
950.45,0.94888,0.27914,14.473
950.64,0.94828,0.2786,14.473
950.86,0.94863,0.27863,14.474
951.03,0.9489,0.27822,14.474
951.33,0.9499,0.27858,14.475
951.45,0.94896,0.27717,NaN
951.64,0.95031,0.27709,14.475
951.94,0.94729,0.27799,14.475
952.05,0.94878,0.27858,14.475
952.23,0.94909,0.27841,14.475
952.48,0.94912,0.27827,14.475
952.65,0.949,0.27823,14.475
952.93,0.94846,0.27872,14.475
953.05,0.94748,0.2777,14.476
953.26,0.94804,0.27666,14.476
953.45,0.94881,0.27718,14.476
953.65,0.94807,0.27609,14.476
953.95,0.94682,0.27749,14.476
954.05,0.94778,0.27689,NaN
954.23,0.95007,0.27668,14.477
954.46,0.9479,0.27692,14.477
954.65,0.94715,0.27562,14.477
954.9,0.94907,0.27775,14.477
955.05,0.94866,0.2768,14.477
955.38,0.9474,0.27844,14.478
955.43,0.95079,0.27841,14.478
955.63,0.94902,0.27826,14.478
955.83,0.9474,0.27719,14.478
956.03,0.95097,0.27962,14.479
956.32,0.94742,0.27709,14.479
956.43,0.94882,0.2777,14.479
956.65,0.94707,0.27696,14.479
956.84,0.94676,0.27764,14.479
957.05,0.94485,0.27716,14.48
957.38,0.94699,0.27757,14.48
957.45,0.94686,0.27718,14.48
957.64,0.94613,0.27723,14.48
957.87,0.94845,0.27794,14.481
958.03,0.94736,0.27777,14.481
958.37,0.94758,0.27844,14.481
958.44,0.94749,0.27876,NaN
958.65,0.94811,0.27901,14.482
958.85,0.94782,0.27846,14.482
959.04,0.94963,0.27948,14.482
959.34,0.94872,0.27876,14.482
959.43,0.94911,0.27829,NaN
959.64,0.95017,0.2783,14.482
959.86,0.94783,0.27788,14.483
960.04,0.95089,0.27799,14.483
960.36,0.94793,0.27793,14.483
960.43,0.94935,0.27821,14.483
960.64,0.94829,0.27739,14.483
960.85,0.94845,0.27725,14.484
961.05,0.94935,0.27763,14.484
961.24,0.94903,0.27795,14.484
961.43,0.94965,0.27902,14.484
961.65,0.94816,0.27937,14.485
961.85,0.94859,0.27798,14.485
962.04,0.95103,0.28021,14.486
962.37,0.94826,0.2769,14.487
962.44,0.95026,0.27866,NaN
962.63,0.94978,0.27838,14.487
962.85,0.94751,0.27909,14.488
963.06,0.9489,0.27886,14.488
963.24,0.94903,0.2771,14.488
963.46,0.94857,0.27605,14.488
963.65,0.94659,0.27674,14.488
963.89,0.94758,0.27672,14.488
964.04,0.94649,0.27635,14.488
964.39,0.94644,0.27518,14.488
964.43,0.94523,0.27661,NaN
964.65,0.94808,0.27584,14.488
964.97,0.94778,0.27638,14.488
965.04,0.94887,0.27703,NaN
965.24,0.94818,0.27806,14.489
965.46,0.94909,0.27769,14.489
965.64,0.9482,0.27818,14.489
965.85,0.9481,0.27712,14.489
966.06,0.94795,0.27841,14.489
966.25,0.94787,0.27842,14.489
966.49,0.9476,0.27754,14.49
966.65,0.94868,0.27785,14.49
966.84,0.94773,0.27892,14.49
967.04,0.94797,0.27672,14.49
967.25,0.94812,0.27751,14.491
967.53,0.94677,0.27628,14.491
967.64,0.94746,0.27686,14.491
967.85,0.94758,0.27494,14.492
968.03,0.94755,0.27524,14.492
968.24,0.94676,0.27561,14.492
968.6,0.94901,0.27662,14.492
968.63,0.94755,0.27534,NaN
968.85,0.94803,0.27643,14.492
969.19,0.9475,0.27488,14.493
969.23,0.94848,0.27668,14.493
969.44,0.94673,0.2763,14.493
969.67,0.94607,0.27506,14.493
969.85,0.94667,0.27623,14.493
970.1,0.94766,0.27572,14.494
970.26,0.94872,0.2751,14.494
970.54,0.94767,0.27551,14.494
970.66,0.94878,0.27523,14.494
970.83,0.94788,0.2754,14.495
971.03,0.94856,0.27523,14.495
971.23,0.9465,0.27524,14.495
971.46,0.94816,0.2762,14.495
971.63,0.94591,0.2751,14.495
971.96,0.947,0.27534,14.495
972.05,0.94834,0.27589,14.495
972.25,0.94825,0.27645,14.495
972.45,0.94677,0.27604,14.495
972.65,0.94686,0.27532,14.495
972.94,0.94841,0.27552,14.495
973.03,0.94668,0.27596,14.495
973.25,0.94716,0.27516,14.495
973.56,0.94708,0.27509,14.495
973.64,0.94828,0.27668,14.495
973.84,0.94805,0.27565,14.495
974.04,0.94689,0.27514,14.495
974.24,0.94802,0.27556,14.496
974.47,0.9478,0.27524,14.496
974.65,0.94851,0.27519,14.496
974.84,0.94761,0.27589,14.496
975.05,0.94773,0.2744,14.496
975.24,0.94638,0.27561,14.496
975.48,0.94674,0.27437,14.496
975.64,0.94836,0.27555,14.496
975.85,0.94543,0.27531,14.496
976.04,0.94551,0.27357,14.496
976.24,0.94827,0.27456,14.496
976.51,0.94645,0.27485,14.496
976.65,0.94529,0.2753,14.496
976.84,0.94792,0.2756,14.496
977.04,0.94821,0.27571,14.496
977.25,0.9472,0.2744,14.496
977.5,0.9478,0.27439,14.496
977.64,0.94859,0.27509,14.496
977.83,0.94678,0.27478,14.496
978.04,0.94617,0.2742,14.496
978.26,0.94668,0.275,14.496
978.43,0.947,0.27419,14.496
978.64,0.94667,0.27428,14.496
978.86,0.94758,0.2738,14.496
979.1,0.94731,0.27468,14.496
979.25,0.94704,0.27443,14.496
979.54,0.94691,0.27457,14.496
979.63,0.94615,0.2741,NaN
979.84,0.94579,0.27528,14.496
980.04,0.9472,0.27401,14.497
980.24,0.94891,0.27371,14.497
980.51,0.94692,0.27382,14.497
980.63,0.94647,0.27395,14.497
980.85,0.94694,0.27519,14.497
981.05,0.94797,0.27292,14.497
981.23,0.94674,0.27402,14.498
981.43,0.94704,0.27358,14.498
981.64,0.94663,0.27325,14.498
981.86,0.94652,0.27249,14.499
982.05,0.94709,0.27215,14.499
982.24,0.9462,0.27106,14.499
982.47,0.94552,0.27253,14.499
982.64,0.94545,0.27273,14.499
982.84,0.94668,0.27378,14.5
983.12,0.94619,0.27423,14.5
983.23,0.94764,0.2731,14.5
983.46,0.94743,0.27307,14.5
983.64,0.94678,0.27284,14.5
983.84,0.94691,0.27427,14.5
984.17,0.94643,0.27438,14.501
984.23,0.94861,0.27367,14.501
984.45,0.9488,0.27354,14.501
984.66,0.94594,0.27416,14.501
984.85,0.94613,0.27488,14.501
985.05,0.94735,0.27397,14.501
985.23,0.94591,0.27373,14.502
985.44,0.94789,0.27418,14.502
985.78,0.94627,0.27291,14.502
985.84,0.94736,0.27278,NaN
986.03,0.94659,0.27166,14.502
986.25,0.94601,0.27131,14.502
986.45,0.94626,0.27088,14.503
986.75,0.94727,0.27169,14.503
986.83,0.94813,0.27213,14.503
987.05,0.94568,0.27239,14.503
987.23,0.94614,0.27292,14.503
987.45,0.94527,0.2706,14.504
987.73,0.94519,0.27209,14.504
987.84,0.94745,0.27122,14.504
988.04,0.94634,0.27122,14.504
988.3,0.94644,0.27162,14.504
988.44,0.94786,0.27029,14.505
988.64,0.94675,0.26925,14.505
988.85,0.94495,0.26862,14.505
989.03,0.94575,0.27017,14.505
989.27,0.94678,0.27049,14.505
989.45,0.94696,0.27059,14.506
989.76,0.94703,0.26973,14.506
989.86,0.94504,0.27023,14.506
990.03,0.94518,0.26997,14.506
990.26,0.94625,0.27033,14.507
990.44,0.94463,0.27043,14.507
990.8,0.94833,0.27233,14.507
990.86,0.94684,0.2711,NaN
991.05,0.94517,0.27128,14.508
991.29,0.94766,0.27085,14.508
991.43,0.94561,0.27223,14.508
991.63,0.94706,0.27227,14.508
991.84,0.94701,0.27205,14.508
992.04,0.9471,0.27145,14.509
992.31,0.94603,0.27091,14.509
992.44,0.94543,0.2723,14.509
992.66,0.94613,0.27115,14.509
992.9,0.94596,0.27147,14.51
993.03,0.94858,0.27157,14.51
993.37,0.94633,0.2734,14.51
993.44,0.94556,0.27319,14.511
993.63,0.94583,0.27208,14.511
993.83,0.94657,0.2721,14.511
994.03,0.94776,0.27293,14.511
994.29,0.94577,0.27293,14.512
994.45,0.94569,0.27332,14.512
994.63,0.94488,0.271,14.512
994.85,0.94518,0.27118,14.512
995.05,0.94561,0.2722,14.512
995.25,0.94637,0.27148,14.512
995.44,0.94928,0.27186,14.513
995.63,0.94947,0.26944,14.513
995.85,0.94871,0.27234,14.513
996.1,0.94567,0.27007,14.513
996.24,0.94624,0.27247,14.513
996.45,0.94741,0.27105,14.513
996.66,0.94649,0.27211,14.514
996.84,0.94611,0.27179,14.514
997.15,0.94658,0.27189,14.514
997.24,0.94681,0.27376,NaN
997.44,0.94598,0.27243,14.514
997.66,0.94674,0.27379,14.514
997.83,0.94675,0.27222,14.514
998.04,0.94745,0.27222,14.514
998.26,0.94829,0.27255,14.515
998.44,0.94518,0.27338,14.515
998.64,0.94917,0.27262,14.515
998.89,0.9469,0.27243,14.515
999.03,0.94977,0.27255,14.516
999.25,0.94825,0.27206,14.516
999.5,0.94644,0.27132,14.516
999.65,0.94801,0.27113,14.516
999.85,0.94667,0.27159,14.517
1000.1,0.94765,0.27152,14.517
1000.3,0.94644,0.27146,14.517
1000.4,0.9476,0.2708,14.517
1000.7,0.94896,0.27145,14.517
1000.9,0.94596,0.27117,14.517
1001,0.9456,0.27248,14.517
1001.2,0.94666,0.27119,14.517
1001.5,0.948,0.27207,14.518
1001.7,0.94594,0.27217,14.518
1001.8,0.947,0.27309,14.518
1002,0.94757,0.27153,14.518
1002.3,0.94752,0.27265,14.518
1002.4,0.94908,0.27215,14.519
1002.6,0.94827,0.27199,14.519
1002.9,0.94625,0.27202,14.519
1003,0.94795,0.27024,14.519
1003.2,0.94939,0.27324,14.52
1003.5,0.94498,0.2719,14.52
1003.6,0.94864,0.27106,14.52
1003.8,0.94488,0.27104,14.52
1004.1,0.94816,0.27158,14.52
1004.2,0.94908,0.27188,14.521
1004.4,0.94827,0.27188,14.521
1004.6,0.94692,0.27175,14.521
1004.8,0.94669,0.27164,14.521
1005.1,0.94654,0.27054,14.521
1005.2,0.94612,0.27239,14.521
1005.4,0.94712,0.27076,14.521
1005.7,0.94615,0.27121,14.522
1005.9,0.94493,0.27189,14.522
1006,0.94797,0.27033,14.522
1006.3,0.94548,0.27167,14.522
1006.5,0.94781,0.27185,14.522
1006.7,0.9449,0.27132,14.523
1006.9,0.94736,0.27007,14.523
1007,0.94674,0.27294,14.523
1007.2,0.94633,0.27183,14.523
1007.5,0.94668,0.27127,14.524
1007.6,0.94509,0.27005,14.524
1007.9,0.94703,0.27127,14.524
1008.1,0.94682,0.27139,14.524
1008.2,0.94814,0.2712,14.524
1008.4,0.94698,0.27062,14.524
1008.7,0.94768,0.271,14.524
1008.8,0.94732,0.27173,14.524
1009,0.94679,0.27122,14.524
1009.3,0.94604,0.26928,14.524
1009.4,0.94647,0.27058,14.524
1009.8,0.94776,0.27021,14.524
1009.8,0.94531,0.2702,NaN
1010,0.94499,0.26951,14.524
1010.4,0.94669,0.27113,14.524
1010.4,0.94541,0.27046,NaN
1010.7,0.94709,0.27171,14.524
1011,0.94573,0.27158,14.524
1011,0.94765,0.27179,NaN
1011.2,0.9466,0.27077,14.524
1011.4,0.94861,0.27083,14.524
1011.6,0.94763,0.27212,14.524
1012,0.94653,0.27221,14.524
1012,0.94725,0.27147,NaN
1012.2,0.94612,0.27201,14.524
1012.6,0.94707,0.2714,14.524
1012.6,0.94663,0.27274,NaN
1012.9,0.94704,0.27228,14.524
1013.2,0.94728,0.27138,14.524
1013.2,0.94756,0.27107,14.524
1013.4,0.94831,0.27109,14.524
1013.7,0.94548,0.27046,14.524
1013.8,0.94734,0.27045,14.524
1014.1,0.94494,0.27022,14.524
1014.3,0.94589,0.27093,14.524
1014.4,0.94583,0.27031,14.524
1014.7,0.94704,0.27138,14.524
1014.8,0.9486,0.27026,14.524
1015,0.94636,0.27048,14.524
1015.2,0.94694,0.26847,14.524
1015.4,0.9469,0.26947,14.524
1015.6,0.94597,0.26792,14.524
1015.8,0.94502,0.2688,14.524
1016,0.94528,0.26901,14.524
1016.2,0.94599,0.26872,14.524
1016.4,0.94596,0.26961,14.524
1016.6,0.94667,0.26642,14.524
1016.8,0.94438,0.26818,14.524
1017.1,0.94631,0.26866,14.524
1017.2,0.94874,0.26971,14.524
1017.4,0.94371,0.26874,14.524
1017.7,0.94633,0.26784,14.524
1017.8,0.94609,0.26778,14.524
1018,0.94643,0.26721,14.524
1018.2,0.94704,0.26805,14.524
1018.4,0.94602,0.26832,14.524
1018.8,0.94617,0.26865,14.524
1018.8,0.94566,0.26774,14.524
1019,0.94697,0.26973,14.525
1019.3,0.94779,0.26952,14.525
1019.4,0.9474,0.2689,14.525
1019.6,0.94492,0.26908,14.525
1019.9,0.94521,0.26903,14.525
1020,0.94684,0.26927,14.526
1020.2,0.94862,0.26875,14.526
1020.5,0.94708,0.2698,14.526
1020.6,0.94714,0.27019,14.526
1020.8,0.94624,0.26936,14.526
1021.1,0.94873,0.26975,14.527
1021.2,0.94508,0.27026,14.527
1021.5,0.94859,0.26998,14.527
1021.6,0.94872,0.27049,14.527
1021.8,0.94483,0.26925,14.527
1022,0.94624,0.26791,14.527
1022.2,0.94891,0.26869,14.527
1022.4,0.94561,0.26919,14.527
1022.6,0.94773,0.26783,14.527
1022.9,0.9479,0.26975,14.527
1023,0.9467,0.26869,14.527
1023.3,0.94534,0.26828,14.528
1023.4,0.94804,0.26934,14.528
1023.6,0.9484,0.26857,14.528
1024,0.94599,0.26901,14.528
1024.1,0.94596,0.26828,14.528
1024.2,0.94474,0.26892,14.529
1024.5,0.94704,0.27023,14.529
1024.6,0.94743,0.26998,14.529
1024.9,0.94727,0.2692,14.529
1025.1,0.94732,0.27018,14.529
1025.2,0.94895,0.26995,14.53
1025.5,0.94536,0.26919,14.53
1025.6,0.94563,0.27011,14.53
1025.9,0.94502,0.269,14.53
1026,0.94578,0.26876,14.53
1026.2,0.94359,0.26898,14.531
1026.5,0.94652,0.2686,14.531
1026.7,0.94662,0.26949,14.531
1026.8,0.94629,0.26881,14.531
1027.1,0.94529,0.26804,14.531
1027.3,0.94608,0.26869,14.531
1027.4,0.94484,0.26899,14.531
1027.6,0.94728,0.26748,14.531
1027.9,0.94602,0.26708,14.531
1028.1,0.94666,0.26721,14.531
1028.4,0.945,0.26762,14.532
1028.5,0.94558,0.26877,NaN
1028.6,0.94661,0.26707,14.532
1028.9,0.94709,0.26772,14.532
1029,0.94547,0.2688,14.532
1029.4,0.94577,0.26805,14.533
1029.4,0.945,0.2673,NaN
1029.7,0.94628,0.26896,14.533
1029.9,0.94735,0.26797,14.533
1030.1,0.94562,0.26762,14.533
1030.2,0.94707,0.26709,14.533
1030.4,0.94426,0.26905,14.533
1030.7,0.94547,0.26623,14.534
1030.9,0.94635,0.26719,14.534
1031,0.94633,0.26741,14.534
1031.3,0.94434,0.2684,14.534
1031.5,0.9473,0.2674,14.534
1031.7,0.9462,0.26766,14.534
1031.8,0.94689,0.26794,14.534
1032.1,0.94645,0.26872,14.535
1032.3,0.94635,0.26763,14.535
1032.5,0.94505,0.26923,14.535
1032.7,0.94722,0.26852,14.535
1032.8,0.94662,0.26685,14.536
1033,0.94585,0.26921,14.536
1033.3,0.94449,0.26785,14.536
1033.4,0.94559,0.26775,14.537
1033.7,0.94632,0.26763,14.537
1033.9,0.9467,0.26825,14.537
1034,0.94358,0.26781,14.537
1034.3,0.94567,0.26815,14.537
1034.5,0.94678,0.26842,14.537
1034.6,0.94539,0.26731,14.538
1034.9,0.94543,0.26777,14.538
1035.1,0.94543,0.26798,14.538
1035.2,0.94331,0.26721,14.538
1035.4,0.93837,0.26459,14.538
1035.7,0.94046,0.26692,14.538
1035.8,0.9455,0.26735,14.538
1036.1,0.94639,0.26806,14.538
1036.3,0.94711,0.26822,14.538
1036.4,0.94991,0.26885,14.539
1036.6,0.94676,0.26875,14.539
1036.8,0.94827,0.27006,14.539
1037,0.94709,0.26874,14.539
1037.4,0.94619,0.2695,14.54
1037.4,0.94744,0.26879,NaN
1037.6,0.94557,0.26881,14.54
1037.9,0.94648,0.2689,14.54
1038.1,0.94631,0.26864,14.54
1038.3,0.94765,0.2679,14.54
1038.4,0.94818,0.26908,14.541
1038.6,0.94819,0.26805,14.541
1039,0.94616,0.26906,14.541
1039,0.94591,0.26822,14.541
1039.3,0.94574,0.26848,14.542
1039.6,0.94622,0.267,14.542
1039.7,0.94517,0.26818,NaN
1039.9,0.94671,0.26736,14.542
1040.1,0.94627,0.26753,14.542
1040.2,0.94545,0.26784,14.542
1040.5,0.94521,0.26657,14.542
1040.7,0.94623,0.26615,14.542
1040.8,0.9454,0.26784,14.542
1041.1,0.94653,0.26807,14.543
1041.3,0.94596,0.26892,14.543
1041.4,0.94601,0.26709,14.543
1041.8,0.94496,0.26827,14.543
1041.9,0.94726,0.26988,14.543
1042.1,0.94566,0.2678,14.543
1042.3,0.94462,0.26839,14.544
1042.4,0.94719,0.26769,14.544
1042.8,0.94712,0.26801,14.544
1042.8,0.94725,0.26885,NaN
1043,0.94819,0.26808,14.545
1043.3,0.94646,0.26882,14.545
1043.5,0.94699,0.26854,14.545
1043.8,0.94622,0.26682,14.545
1043.8,0.94595,0.26809,14.545
1044,0.94476,0.26877,14.546
1044.3,0.94595,0.26902,14.546
1044.4,0.94673,0.26852,14.546
1044.7,0.94708,0.26844,14.546
1044.9,0.94549,0.26746,14.546
1045,0.94634,0.26886,14.546
1045.3,0.94496,0.26699,14.546
1045.5,0.94805,0.26823,14.546
1045.6,0.94456,0.26668,14.546
1046,0.94678,0.26742,14.546
1046.1,0.94529,0.26675,NaN
1046.2,0.94687,0.26808,14.546
1046.5,0.94564,0.26799,14.546
1046.7,0.94633,0.2676,14.546
1046.8,0.94729,0.2684,14.546
1047.1,0.9471,0.26678,14.546
1047.2,0.94699,0.26881,14.546
1047.6,0.94776,0.26931,14.546
1047.6,0.94717,0.26779,NaN
1047.9,0.94562,0.26742,14.546
1048.1,0.94572,0.26787,14.546
1048.3,0.94664,0.26754,14.546
1048.6,0.94477,0.26756,14.546
1048.6,0.94685,0.26828,NaN
1048.8,0.94602,0.2669,14.546
1049.1,0.945,0.26757,14.547
1049.2,0.94549,0.26632,14.547
1049.4,0.94734,0.26708,14.547
1049.6,0.9437,0.26679,14.547
1049.9,0.94354,0.2667,14.547
1050.1,0.94667,0.26717,14.547
1050.2,0.94674,0.26677,14.547
1050.4,0.94432,0.26708,14.547
1050.7,0.94648,0.26674,14.547
1050.8,0.94641,0.26645,14.547
1051,0.94636,0.26691,14.547
1051.3,0.94417,0.26627,14.547
1051.4,0.94452,0.26542,14.547
1051.8,0.94549,0.26516,14.547
1051.8,0.94392,0.26579,NaN
1052,0.94576,0.26672,14.547
1052.3,0.94551,0.26584,14.547
1052.4,0.94572,0.26691,14.547
1052.6,0.9458,0.26567,14.547
1052.9,0.94501,0.26495,14.547
1053,0.94734,0.26472,14.547
1053.2,0.94454,0.26573,14.547
1053.4,0.94637,0.26628,14.547
1053.6,0.94662,0.2658,14.547
1054,0.94793,0.26484,14.548
1054,0.9462,0.26579,NaN
1054.2,0.94672,0.26587,14.548
1054.5,0.94742,0.26562,14.549
1054.6,0.94612,0.26599,14.549
1054.8,0.94437,0.26362,14.549
1055.1,0.94698,0.26529,14.55
1055.2,0.94616,0.26503,14.55
1055.6,0.94611,0.26502,14.551
1055.7,0.94699,0.26562,14.551
1055.8,0.9446,0.26601,14.551
1056.1,0.94741,0.26503,14.551
1056.2,0.94525,0.26683,14.552
1056.5,0.94636,0.26613,14.552
1056.7,0.94551,0.26511,14.552
1056.8,0.94557,0.2656,14.552
1057,0.94588,0.26543,14.552
1057.3,0.94527,0.26462,14.552
1057.4,0.9461,0.26627,14.552
1057.7,0.94574,0.26534,14.552
1057.8,0.94662,0.26563,14.552
1058,0.94708,0.26544,14.552
1058.3,0.94419,0.26377,14.552
1058.4,0.9452,0.26301,14.552
1058.6,0.94564,0.26442,14.552
1058.9,0.9465,0.26467,14.553
1059,0.94556,0.26389,14.553
1059.2,0.94538,0.26428,14.553
1059.5,0.94501,0.26439,14.553
1059.6,0.94585,0.26402,14.553
1059.8,0.94621,0.26404,14.554
1060,0.94537,0.26488,14.554
1060.3,0.94411,0.26428,14.554
1060.6,0.94503,0.26336,14.555
1060.6,0.94777,0.26348,NaN
1060.9,0.94612,0.26321,14.555
1061.1,0.94576,0.26326,14.555
1061.3,0.94465,0.26198,14.556
1061.4,0.94714,0.26291,14.556
1061.7,0.94591,0.26377,14.556
1061.8,0.94668,0.26343,14.556
1062,0.94436,0.26387,14.556
1062.2,0.94532,0.26198,14.556
1062.5,0.94429,0.26115,14.557
1062.7,0.94706,0.26256,14.557
1062.9,0.94363,0.26305,14.557
1063.1,0.94569,0.26346,14.557
1063.3,0.94435,0.264,14.557
1063.4,0.94513,0.26449,14.558
1063.8,0.94655,0.26422,14.558
1063.8,0.94692,0.26467,NaN
1064,0.94707,0.26453,14.558
1064.3,0.94724,0.26472,14.558
1064.4,0.94559,0.26502,NaN
1064.6,0.94687,0.26498,14.558
1064.8,0.94714,0.26395,14.559
1065,0.94584,0.2646,14.559
1065.3,0.94353,0.26432,14.559
1065.6,0.94537,0.26449,14.559
1065.6,0.94609,0.26483,14.559
1065.8,0.94468,0.2651,14.56
1066.1,0.94335,0.26473,14.56
1066.2,0.94577,0.2651,14.56
1066.4,0.9461,0.26551,14.56
1066.7,0.94472,0.26552,14.561
1066.8,0.94492,0.26489,14.561
1067.1,0.94506,0.26543,14.561
1067.3,0.9456,0.26539,14.562
1067.4,0.94487,0.26613,14.562
1067.7,0.94721,0.26514,14.562
1067.8,0.94802,0.26534,14.563
1068.1,0.9455,0.26503,14.563
1068.2,0.94504,0.26383,14.563
1068.5,0.94477,0.26446,14.563
1068.6,0.94469,0.26316,14.564
1068.9,0.94769,0.26361,14.564
1069,0.94501,0.26529,14.564
1069.3,0.94571,0.2649,14.564
1069.4,0.94501,0.26591,14.564
1069.6,0.94767,0.26495,14.564
1069.8,0.94555,0.26533,14.564
1070.1,0.94517,0.26536,14.564
1070.4,0.9453,0.26587,14.564
1070.4,0.94512,0.26551,14.564
1070.7,0.9465,0.26608,14.565
1070.9,0.94657,0.26557,14.565
1071,0.94528,0.26601,14.565
1071.2,0.94655,0.26517,14.565
1071.4,0.94752,0.26527,14.565
1071.6,0.94518,0.26392,14.566
1071.8,0.9441,0.26585,14.566
1072.1,0.94567,0.26474,14.566
1072.2,0.94456,0.26439,14.566
1072.4,0.94456,0.26295,14.567
1072.7,0.94392,0.26425,14.567
1072.8,0.94726,0.2638,14.567
1073,0.94739,0.26376,14.567
1073.2,0.94675,0.26335,14.567
1073.4,0.94541,0.26371,14.568
1073.7,0.94393,0.26349,14.568
1073.8,0.94773,0.26286,14.568
1074,0.94688,0.26333,14.568
1074.2,0.94585,0.26454,14.568
1074.4,0.94546,0.26543,14.569
1074.7,0.94591,0.26449,14.569
1074.9,0.94604,0.26414,14.569
1075,0.94455,0.26487,14.569
1075.3,0.94528,0.26307,14.569
1075.4,0.94495,0.26358,14.57
1075.7,0.94678,0.26393,14.57
1075.8,0.94589,0.26313,14.57
1076,0.9452,0.2628,14.57
1076.3,0.94574,0.26326,14.57
1076.4,0.94424,0.263,14.571
1076.7,0.94506,0.2623,14.571
1076.8,0.94466,0.26362,14.571
1077.1,0.94643,0.26366,14.571
1077.4,0.94672,0.26405,14.571
1077.5,0.94495,0.26328,NaN
1077.6,0.9457,0.26294,14.571
1077.9,0.9478,0.26279,14.572
1078,0.9444,0.26273,14.572
1078.3,0.94603,0.26385,14.572
1078.5,0.94504,0.2615,14.572
1078.6,0.94612,0.26283,14.572
1078.9,0.94604,0.26379,14.572
1079,0.94639,0.26315,14.573
1079.2,0.94395,0.26376,14.573
1079.5,0.9457,0.26342,14.573
1079.6,0.94606,0.26332,14.573
1079.8,0.9462,0.26452,14.573
1080.1,0.94589,0.26325,14.573
1080.2,0.9451,0.26342,14.574
1080.5,0.94583,0.26382,14.574
1080.6,0.94487,0.26389,14.575
1080.8,0.94806,0.26423,14.575
1081,0.94597,0.26363,14.575
1081.2,0.94397,0.26288,14.575
1081.5,0.94634,0.26325,14.575
1081.6,0.94588,0.26391,14.575
1081.8,0.94657,0.26257,14.575
1082.1,0.9454,0.26342,14.575
1082.2,0.9451,0.26357,14.575
1082.5,0.94531,0.26365,14.575
1082.6,0.94607,0.26388,14.575
1082.8,0.94809,0.26271,14.575
1083.2,0.94769,0.26328,14.576
1083.2,0.94615,0.26301,14.576
1083.4,0.94761,0.26296,14.576
1083.6,0.94747,0.2624,14.576
1083.9,0.94542,0.26404,14.576
1084.1,0.94507,0.26233,14.576
1084.4,0.94479,0.26371,14.576
1084.4,0.94706,0.26329,NaN
1084.6,0.94584,0.26171,14.576
1084.9,0.94416,0.26302,14.576
1085,0.94553,0.26214,14.576
1085.3,0.94462,0.26424,14.576
1085.5,0.94668,0.26312,14.576
1085.6,0.94602,0.26371,14.576
1085.9,0.94604,0.26335,14.576
1086.1,0.94597,0.26347,14.576
1086.2,0.94502,0.26288,14.576
1086.6,0.9455,0.26328,14.576
1086.6,0.94424,0.26366,NaN
1086.8,0.94553,0.26353,14.576
1087.1,0.94476,0.26303,14.576
1087.2,0.94453,0.26281,NaN
1087.4,0.94656,0.26225,14.576
1087.7,0.94576,0.26319,14.576
1087.8,0.94471,0.2628,14.576
1088.1,0.94603,0.26216,14.576
1088.3,0.94456,0.26278,14.576
1088.5,0.94453,0.26295,14.576
1088.7,0.94558,0.26172,14.576
1088.8,0.94385,0.26201,14.576
1089,0.94469,0.26284,14.576
1089.2,0.9452,0.26222,14.576
1089.4,0.94571,0.26216,14.576
1089.8,0.94648,0.26138,14.576
1089.8,0.94455,0.26204,NaN
1090.1,0.94568,0.26307,14.576
1090.2,0.94467,0.26256,14.576
1090.4,0.9444,0.2633,14.576
1090.7,0.94646,0.26273,14.576
1090.8,0.94655,0.26229,14.576
1091.1,0.94475,0.26323,14.576
1091.2,0.94393,0.26086,14.576
1091.4,0.94668,0.2633,14.577
1091.8,0.94597,0.26141,14.577
1091.8,0.94435,0.26217,NaN
1092,0.94496,0.2615,14.577
1092.3,0.94574,0.26092,14.578
1092.4,0.9464,0.26119,NaN
1092.7,0.94435,0.26059,14.578
1092.9,0.94309,0.26074,14.578
1093,0.94381,0.25943,NaN
1093.3,0.94427,0.25878,14.578
1093.5,0.94492,0.26113,14.579
1093.6,0.94386,0.26033,14.579
1093.9,0.94515,0.26148,14.579
1094.1,0.94538,0.26142,14.579
1094.3,0.94502,0.26183,14.579
1094.5,0.94548,0.26117,14.58
1094.6,0.94551,0.26213,14.58
1094.9,0.94387,0.26075,14.58
1095.1,0.94491,0.26135,14.58
1095.2,0.94563,0.2614,14.581
1095.4,0.94531,0.26204,14.581
1095.6,0.94648,0.26088,14.581
1095.8,0.94583,0.26203,14.581
1096.1,0.94409,0.26077,14.581
1096.4,0.94376,0.25861,14.582
1096.4,0.94328,0.26078,14.582
1096.6,0.94372,0.26109,14.582
1096.9,0.94471,0.26029,14.582
1097,0.94646,0.25917,14.582
1097.2,0.94487,0.2609,14.582
1097.5,0.9417,0.25972,14.583
1097.6,0.94334,0.25905,14.583
1097.8,0.94554,0.25993,14.583
1098.1,0.94624,0.25918,14.583
1098.2,0.9445,0.25958,14.584
1098.6,0.94747,0.25913,14.584
1098.6,0.946,0.25991,NaN
1098.8,0.94541,0.25888,14.584
1099.2,0.94395,0.25865,14.585
1099.2,0.94445,0.25855,NaN
1099.5,0.94411,0.25916,14.585
1099.6,0.94465,0.25971,14.585
1099.8,0.94328,0.2589,14.585
1100.2,0.94413,0.2586,14.586
1100.2,0.94456,0.25896,NaN
1100.4,0.94604,0.25738,14.586
1100.7,0.94497,0.25831,14.587
1100.8,0.94236,0.25878,14.587
1101.1,0.94489,0.25918,14.587
1101.3,0.94427,0.26027,14.588
1101.4,0.94409,0.25994,14.588
1101.7,0.94306,0.25946,14.588
1102,0.94414,0.26,14.589
1102.1,0.9456,0.26039,14.589
1102.2,0.94393,0.25829,14.589
1102.5,0.94558,0.25954,14.589
1102.7,0.94493,0.25913,14.589
1103,0.94369,0.25949,14.589
1103.1,0.94496,0.26002,NaN
1103.2,0.94426,0.2597,14.589
1103.5,0.94401,0.261,14.589
1103.7,0.9441,0.26034,14.589
1103.8,0.94317,0.25883,14.589
1104,0.94618,0.26052,14.589
1104.3,0.94584,0.26115,14.589
1104.5,0.94534,0.26051,14.589
1104.7,0.94275,0.26079,14.589
1104.8,0.94356,0.26149,14.59
1105,0.94457,0.26062,14.59
1105.2,0.94559,0.26013,14.59
1105.4,0.94334,0.26217,14.59
1105.6,0.94379,0.26077,14.59
1105.8,0.94453,0.26066,14.591
1106.1,0.94331,0.26071,14.591
1106.2,0.94481,0.26011,14.591
1106.4,0.94306,0.26048,14.591
1106.7,0.94481,0.25998,14.591
1106.8,0.94539,0.25995,14.592
1107,0.94493,0.2596,14.592
1107.3,0.94297,0.25974,14.592
1107.4,0.94445,0.26031,14.592
1107.8,0.94598,0.26027,14.592
1107.8,0.94453,0.26039,NaN
1108.1,0.94376,0.25973,14.593
1108.3,0.94683,0.26068,14.593
1108.4,0.94479,0.26056,14.593
1108.7,0.9458,0.26044,14.593
1109,0.94288,0.2609,14.594
1109,0.9455,0.26048,14.594
1109.2,0.94493,0.26095,14.594
1109.6,0.94611,0.26071,14.595
1109.6,0.94434,0.26117,NaN
1109.8,0.94539,0.26011,14.595
1110.1,0.94448,0.25988,14.595
1110.2,0.94489,0.26062,14.595
1110.6,0.94218,0.25822,14.596
1110.6,0.94299,0.25913,14.596
1110.8,0.94413,0.25994,14.596
1111.1,0.9453,0.25924,14.596
1111.2,0.94528,0.25885,14.596
1111.4,0.94479,0.25909,14.597
1111.7,0.94531,0.25999,14.597
1111.8,0.94571,0.25933,14.597
1112,0.94388,0.2589,14.597
1112.3,0.94543,0.26018,14.597
1112.4,0.94425,0.2604,14.598
1112.6,0.94559,0.25958,14.598
1112.9,0.94527,0.26014,14.598
1113,0.94393,0.26022,14.598
1113.4,0.94582,0.26002,14.598
1113.5,0.94622,0.25818,NaN
1113.6,0.94519,0.25863,14.598
1114,0.94576,0.25904,14.599
1114,0.94467,0.25988,14.599
1114.2,0.94339,0.26067,14.6
1114.5,0.94459,0.25958,14.6
1114.6,0.94478,0.25905,14.6
1114.8,0.94562,0.25963,14.6
1115.1,0.94492,0.25915,14.6
1115.2,0.94608,0.25934,14.601
1115.4,0.943,0.26011,14.601
1115.6,0.94642,0.25861,14.601
1115.9,0.94463,0.2593,14.601
1116.1,0.94719,0.25973,14.601
1116.3,0.94552,0.25932,14.601
1116.4,0.9465,0.25989,14.601
1116.6,0.94271,0.26061,14.601
1116.8,0.94579,0.26119,14.601
1117,0.94328,0.25959,14.602
1117.4,0.94449,0.25918,14.602
1117.5,0.94493,0.26081,14.602
1117.6,0.94601,0.25964,14.602
1118,0.9446,0.25944,14.602
1118,0.94491,0.25893,NaN
1118.2,0.94357,0.26047,14.602
1118.5,0.94454,0.25939,14.602
1118.6,0.94443,0.25841,14.602
1118.8,0.94475,0.25977,14.602
1119,0.94347,0.2599,14.602
1119.3,0.94396,0.26,14.602
1119.5,0.94666,0.25908,14.602
1119.6,0.94408,0.26015,14.603
1119.8,0.94311,0.25963,14.603
1120.1,0.94622,0.25885,14.603
1120.2,0.94665,0.25949,14.603
1120.5,0.94491,0.26041,14.603
1120.6,0.94455,0.2603,14.603
1120.8,0.9455,0.25939,14.603
1121.1,0.94478,0.25995,14.603
1121.2,0.94351,0.25856,14.603
1121.4,0.94297,0.25875,14.603
1121.7,0.94607,0.25885,14.603
1121.8,0.94578,0.2587,14.603
1122,0.9465,0.2591,14.603
1122.2,0.94548,0.25841,14.603
1122.4,0.9463,0.25953,14.603
1122.8,0.94397,0.25896,14.603
1122.9,0.94565,0.25956,14.603
1123.1,0.94442,0.25849,14.603
1123.3,0.94637,0.25991,14.603
1123.4,0.94687,0.26012,14.603
1123.6,0.94622,0.25987,14.603
1123.9,0.94606,0.25856,14.604
1124.1,0.94447,0.25778,14.604
1124.2,0.94463,0.25988,14.604
1124.4,0.94435,0.25929,14.604
1124.6,0.94511,0.25929,14.604
1125,0.94519,0.25821,14.604
1125,0.94529,0.25859,NaN
1125.2,0.94458,0.25982,14.604
1125.6,0.94379,0.26042,14.604
1125.7,0.94311,0.25938,NaN
1125.8,0.94459,0.25959,14.604
1126.1,0.94307,0.25756,14.604
1126.2,0.94545,0.25829,14.604
1126.4,0.94353,0.25864,14.604
1126.7,0.94467,0.25812,14.604
1126.9,0.94392,0.25935,14.604
1127,0.94431,0.25883,14.604
1127.3,0.94432,0.2597,14.604
1127.4,0.94459,0.25959,14.604
1127.8,0.94387,0.25781,14.604
1127.8,0.94533,0.25781,14.604
1128,0.9444,0.25949,14.604
1128.3,0.94352,0.25839,14.604
1128.4,0.94568,0.259,14.604
1128.6,0.94512,0.25754,14.604
1128.9,0.94465,0.25697,14.604
1129,0.94349,0.25716,14.604
1129.2,0.94537,0.25757,14.604
1129.4,0.94343,0.2575,14.604
1129.6,0.94629,0.25764,14.604
1130,0.94357,0.25575,14.604
1130.1,0.94538,0.25764,NaN
1130.2,0.94477,0.25669,14.604
1130.5,0.94523,0.257,14.605
1130.7,0.94526,0.2565,14.605
1130.8,0.94461,0.25752,14.605
1131.1,0.94373,0.25732,14.605
1131.2,0.943,0.25792,14.605
1131.4,0.9453,0.25767,14.605
1131.6,0.9458,0.25818,14.605
1131.8,0.943,0.25708,14.606
1132.2,0.94642,0.25858,14.606
1132.2,0.94459,0.25903,NaN
1132.4,0.945,0.25762,14.606
1132.7,0.94467,0.25814,14.606
1132.9,0.94544,0.25891,14.606
1133.1,0.94598,0.25956,14.607
1133.3,0.94483,0.25877,14.607
1133.4,0.94448,0.25791,14.607
1133.6,0.944,0.25934,14.607
1133.8,0.94107,0.25823,14.607
1134,0.94511,0.25852,14.607
1134.2,0.94354,0.257,14.607
1134.5,0.94365,0.257,14.607
1134.7,0.94276,0.25892,14.607
1134.8,0.9448,0.25766,14.607
1135.1,0.94539,0.25689,14.607
1135.2,0.9409,0.25618,14.607
1135.5,0.94275,0.25723,14.608
1135.6,0.94414,0.25791,14.608
1135.9,0.94385,0.25721,14.608
1136.2,0.9444,0.25758,14.608
1136.2,0.94433,0.2571,NaN
1136.4,0.94209,0.25671,14.609
1136.7,0.94412,0.25688,14.609
1136.8,0.94298,0.25661,14.609
1137,0.94459,0.25788,14.609
1137.2,0.94293,0.25612,14.61
1137.5,0.94373,0.25697,14.61
1137.6,0.94418,0.25642,14.61
1137.8,0.9444,0.25681,14.61
1138.1,0.94558,0.25734,14.61
1138.2,0.94536,0.25723,14.611
1138.4,0.9433,0.25786,14.611
1138.6,0.94634,0.25647,14.611
1138.9,0.94165,0.2574,14.611
1139.1,0.94355,0.25595,14.611
1139.2,0.94541,0.25767,14.611
1139.5,0.94626,0.25789,14.611
1139.7,0.94455,0.2568,14.611
1139.8,0.94517,0.25687,14.611
1140.2,0.94375,0.25756,14.611
1140.2,0.94411,0.25762,14.611
1140.5,0.9438,0.25695,14.612
1140.7,0.94562,0.25725,14.612
1140.8,0.94513,0.25628,14.612
1141,0.94551,0.25684,14.613
1141.3,0.94565,0.25695,14.613
1141.4,0.94348,0.25644,14.614
1141.7,0.94507,0.25645,14.614
1141.9,0.94419,0.25674,14.614
1142,0.9429,0.25579,14.614
1142.3,0.94523,0.25665,14.614
1142.4,0.94416,0.25574,14.614
1142.7,0.94256,0.25617,14.614
1142.9,0.94587,0.25689,14.614
1143,0.94347,0.25644,14.614
1143.4,0.94385,0.25589,14.614
1143.4,0.9444,0.2557,14.614
1143.7,0.94488,0.25481,14.614
1143.9,0.94389,0.25483,14.614
1144,0.94424,0.25594,14.614
1144.2,0.94306,0.25513,14.614
1144.5,0.94537,0.25673,14.615
1144.7,0.94384,0.25606,14.615
1144.8,0.94328,0.25602,14.615
1145.1,0.945,0.25667,14.615
1145.3,0.94669,0.25616,14.615
1145.5,0.94436,0.25718,14.616
1145.7,0.94519,0.25707,14.616
1145.9,0.94482,0.25623,14.616
1146,0.94384,0.25695,14.616
1146.3,0.94526,0.25652,14.616
1146.4,0.94518,0.25627,14.617
1146.6,0.9437,0.25716,14.617
1146.9,0.9452,0.25615,14.617
1147,0.94481,0.25576,14.617
1147.4,0.94443,0.25738,14.617
1147.4,0.94476,0.25641,NaN
1147.6,0.94485,0.25765,14.617
1147.9,0.94452,0.2557,14.617
1148,0.9446,0.25644,14.617
1148.2,0.9424,0.25613,14.617
1148.5,0.94327,0.25592,14.617
1148.6,0.94495,0.25603,14.617
1148.8,0.94315,0.25662,14.617
1149.1,0.94311,0.25648,14.618
1149.2,0.94153,0.25668,14.618
1149.4,0.94528,0.25528,14.618
1149.6,0.94642,0.25671,14.618
1149.8,0.94439,0.25679,14.618
1150.2,0.94238,0.25719,14.619
1150.2,0.94193,0.25715,NaN
1150.5,0.94542,0.25696,14.619
1150.8,0.94374,0.25628,14.619
1150.9,0.94455,0.25696,14.619
1151,0.9442,0.25729,14.619
1151.3,0.94346,0.2574,14.62
1151.4,0.94482,0.2574,14.62
1151.7,0.94482,0.25707,14.62
1151.8,0.94462,0.25731,14.62
1152,0.94462,0.25817,14.62
1152.3,0.94366,0.25816,14.62
1152.4,0.94264,0.25628,14.62
1152.7,0.94537,0.25707,14.62
1152.9,0.94373,0.2573,14.62
1153,0.94406,0.25685,14.621
1153.2,0.94499,0.25683,14.621
1153.4,0.94424,0.25641,14.621
1153.6,0.94142,0.25719,14.621
1154,0.94563,0.25709,14.621
1154,0.94371,0.25733,14.621
1154.2,0.94275,0.25633,14.621
1154.6,0.94497,0.25501,14.622
1154.6,0.94331,0.25802,NaN
1154.8,0.94536,0.25531,14.622
1155.1,0.94564,0.25651,14.622
1155.2,0.94248,0.25567,14.622
1155.5,0.94213,0.2549,14.623
1155.8,0.94422,0.2555,14.623
1155.9,0.94372,0.25698,14.623
1156.1,0.94415,0.25563,14.623
1156.4,0.94241,0.25551,14.623
1156.4,0.94406,0.2562,NaN
1156.6,0.94313,0.25684,14.623
1156.8,0.94415,0.25507,14.623
1157,0.94455,0.25623,14.623
1157.2,0.94256,0.25576,14.624
1157.4,0.94422,0.25573,14.624
1157.6,0.94532,0.25577,14.624
1157.8,0.94237,0.25418,14.624
1158.2,0.94443,0.257,14.625
1158.3,0.94439,0.25759,NaN
1158.4,0.94439,0.25592,14.626
1158.8,0.94453,0.25501,14.626
1158.8,0.94239,0.25603,NaN
1159,0.94433,0.25622,14.626
1159.3,0.94428,0.2552,14.626
1159.5,0.94476,0.25685,14.626
1159.7,0.94543,0.25635,14.626
1159.8,0.94677,0.25582,14.627
1160,0.94427,0.25589,14.627
1160.2,0.94456,0.25667,14.627
1160.5,0.9467,0.25499,14.627
1160.6,0.94443,0.25626,14.627
1161,0.94328,0.25629,14.627
1161,0.94563,0.25582,14.627
1161.2,0.94414,0.25579,14.627
1161.5,0.94354,0.25506,14.627
1161.6,0.94439,0.25675,14.627
1161.8,0.94292,0.25562,14.627
1162.1,0.94496,0.25594,14.627
1162.2,0.94487,0.25629,14.627
1162.5,0.94668,0.25561,14.627
1162.6,0.94495,0.25615,14.627
1162.8,0.94247,0.25542,14.627
1163,0.94479,0.25628,14.627
1163.3,0.94392,0.25497,14.627
1163.5,0.94448,0.25567,14.627
1163.8,0.94475,0.25588,14.627
1163.9,0.94583,0.25567,NaN
1164,0.94545,0.25512,14.627
1164.3,0.94294,0.25454,14.627
1164.5,0.94526,0.25558,14.627
1164.6,0.94451,0.2542,14.627
1164.9,0.94418,0.25549,14.627
1165,0.94383,0.25476,14.627
1165.2,0.94343,0.25644,14.627
1165.4,0.94398,0.25377,14.627
1165.7,0.94617,0.25619,14.627
1166,0.94402,0.25566,14.627
1166,0.94451,0.25473,14.627
1166.2,0.94605,0.25591,14.627
1166.6,0.94464,0.25553,14.627
1166.7,0.94342,0.25617,NaN
1166.8,0.94163,0.256,14.627
1167.2,0.94546,0.25543,14.627
1167.2,0.94426,0.25619,NaN
1167.5,0.9444,0.25524,14.627
1167.7,0.94561,0.25518,14.627
1167.8,0.94401,0.25539,NaN
1168,0.9446,0.25592,14.627
1168.3,0.94351,0.25484,14.627
1168.5,0.94278,0.25472,14.627
1168.6,0.94414,0.25435,14.627
1168.9,0.94489,0.2549,14.627
1169,0.94492,0.25369,14.627
1169.2,0.94372,0.25407,14.627
1169.4,0.94403,0.25412,14.627
1169.7,0.94245,0.25481,14.627
1170,0.94588,0.2545,14.628
1170,0.94447,0.25355,NaN
1170.2,0.94391,0.25464,14.628
1170.5,0.94329,0.25554,14.628
1170.6,0.94539,0.25382,14.629
1170.9,0.9442,0.25319,14.629
1171,0.94295,0.25485,14.629
1171.2,0.94457,0.25343,14.629
1171.6,0.94355,0.25399,14.63
1171.6,0.94436,0.25428,14.63
1171.8,0.94362,0.2535,14.63
1172.1,0.94446,0.25508,14.63
1172.2,0.9436,0.25415,14.63
1172.4,0.94582,0.25432,14.63
1172.7,0.94511,0.25573,14.63
1172.8,0.9446,0.25477,14.63
1173,0.94369,0.25416,14.631
1173.2,0.94531,0.25537,14.631
1173.5,0.94535,0.2531,14.631
1173.6,0.94494,0.25385,14.631
1173.8,0.94458,0.25409,14.632
1174,0.94353,0.25286,14.632
1174.4,0.94414,0.25364,14.632
1174.4,0.94388,0.25225,14.632
1174.6,0.94457,0.25191,14.632
1174.9,0.94531,0.25352,14.632
1175,0.94292,0.25445,14.633
1175.3,0.94431,0.25498,14.633
1175.4,0.94315,0.25415,14.633
1175.6,0.94386,0.25557,14.633
1175.9,0.94323,0.25405,14.633
1176,0.94372,0.25416,14.633
1176.3,0.94436,0.25414,14.633
1176.4,0.94457,0.25437,14.633
1176.7,0.94573,0.2548,14.634
1176.8,0.94361,0.25298,14.634
1177.1,0.94272,0.25451,14.634
1177.3,0.94341,0.2534,14.634
1177.5,0.94358,0.25479,14.635
1177.7,0.94191,0.25338,14.635
1177.9,0.94402,0.25394,14.635
1178,0.94542,0.25432,14.635
1178.2,0.94441,0.2524,14.635
1178.4,0.94514,0.25372,14.636
1178.7,0.94363,0.25291,14.636
1178.9,0.94588,0.252,14.636
1179,0.94428,0.25334,14.636
1179.3,0.94197,0.25244,14.636
1179.5,0.9438,0.25446,14.636
1179.6,0.94326,0.2532,NaN
1179.8,0.94398,0.2541,14.637
1180.1,0.94534,0.25279,14.637
1180.2,0.9446,0.25357,NaN
1180.4,0.94525,0.25444,14.637
1180.7,0.94414,0.25632,14.638
1180.8,0.94284,0.25448,14.639
1181,0.94579,0.25321,14.639
1181.4,0.94476,0.25359,14.64
1181.4,0.9439,0.25494,NaN
1181.6,0.94416,0.25501,14.64
1182,0.94403,0.25465,14.64
1182,0.94158,0.25535,NaN
1182.2,0.94265,0.25441,14.64
1182.5,0.94305,0.25326,14.64
1182.6,0.94421,0.25433,NaN
1182.8,0.94228,0.25436,14.641
1183.1,0.94408,0.25506,14.641
1183.2,0.94375,0.25381,14.641
1183.4,0.94478,0.25422,14.641
1183.6,0.94426,0.25421,14.641
1183.8,0.94219,0.25373,14.641
1184.2,0.94364,0.25412,14.642
1184.2,0.94403,0.25527,NaN
1184.5,0.94426,0.25359,14.642
1184.8,0.94357,0.25427,14.642
1184.8,0.94397,0.25407,NaN
1185,0.94294,0.25325,14.642
1185.3,0.94342,0.25433,14.642
1185.4,0.94309,0.25351,14.642
1185.7,0.94262,0.25354,14.642
1185.8,0.94227,0.25366,14.643
1186,0.94405,0.25424,14.643
1186.2,0.94509,0.25364,14.643
1186.4,0.94413,0.25362,14.643
1186.6,0.94556,0.25518,14.643
1186.8,0.94247,0.25357,14.643
1187.1,0.94245,0.25413,14.644
1187.2,0.94324,0.25462,14.644
1187.4,0.94286,0.2545,14.644
1187.7,0.94391,0.25473,14.644
1187.8,0.94366,0.25538,14.645
1188,0.9446,0.25509,14.645
1188.2,0.94372,0.25521,14.645
1188.4,0.94264,0.25456,14.645
1188.6,0.94318,0.25463,14.645
1188.8,0.94335,0.25518,14.646
1189,0.9439,0.25349,14.646
1189.4,0.94405,0.25366,14.646
1189.4,0.94288,0.25403,NaN
1189.6,0.94607,0.25295,14.646
1189.8,0.94356,0.25393,14.647
1190,0.94529,0.25342,14.647
1190.2,0.94356,0.25376,14.647
1190.4,0.94403,0.25425,14.647
1190.7,0.94337,0.25364,14.647
1190.8,0.94247,0.25324,14.648
1191.1,0.94481,0.25396,14.648
1191.3,0.9439,0.2537,14.648
1191.4,0.9432,0.25401,14.648
1191.6,0.94491,0.25434,14.648
1191.9,0.94306,0.25453,14.648
1192,0.94405,0.25402,14.648
1192.2,0.94484,0.25438,14.649
1192.4,0.94476,0.25567,14.649
1192.8,0.94441,0.25485,14.649
1192.9,0.9451,0.25413,NaN
1193,0.94316,0.25432,14.649
1193.4,0.9447,0.25453,14.65
1193.5,0.94258,0.25388,NaN
1193.7,0.94309,0.2553,14.65
1193.9,0.9406,0.25358,14.651
1194,0.94361,0.25405,NaN
1194.2,0.94465,0.25407,14.652
1194.5,0.94441,0.25323,14.652
1194.6,0.94121,0.25442,14.652
1194.9,0.94452,0.25339,14.652
1195.1,0.94345,0.2544,14.652
1195.2,0.94497,0.2538,14.652
1195.4,0.94399,0.25343,14.653
1195.7,0.94334,0.25339,14.653
1195.8,0.9441,0.25418,14.653
1196,0.9433,0.25388,14.653
1196.3,0.94398,0.25378,14.653
1196.4,0.94423,0.2529,NaN
1196.6,0.94204,0.2535,14.653
1196.9,0.94247,0.25341,14.653
1197,0.94429,0.25285,14.653
1197.2,0.94448,0.2526,14.653
1197.5,0.94477,0.25424,14.653
1197.6,0.94395,0.25381,14.653
1197.9,0.94481,0.25387,14.653
1198.1,0.94347,0.2537,14.653
1198.2,0.94337,0.25221,14.654
1198.4,0.94302,0.25272,14.654
1198.6,0.94356,0.2536,14.654
1198.9,0.94518,0.25337,14.654
1199,0.9442,0.25209,14.654
1199.2,0.9448,0.25178,14.655
1199.4,0.94436,0.25347,14.655
1199.8,0.945,0.25374,14.655
1199.8,0.94555,0.25367,NaN
1200,0.94323,0.25415,14.655
1200.3,0.94287,0.25299,14.655
1200.5,0.94441,0.25314,14.655
1200.7,0.9424,0.25259,14.655
1201,0.94129,0.25226,14.655
1201,0.94203,0.25287,14.655
1201.2,0.94415,0.25271,14.655
1201.5,0.94264,0.25216,14.655
1201.6,0.94553,0.25265,14.655
1201.9,0.9436,0.25259,14.655
1202.1,0.94459,0.25254,14.655
1202.2,0.94338,0.25213,14.655
1202.4,0.94155,0.25347,14.655
1202.6,0.94274,0.25292,14.655
1202.9,0.94211,0.25281,14.655
1203.2,0.94324,0.25209,14.655
1203.2,0.94371,0.25173,NaN
1203.4,0.9457,0.25337,14.655
1203.8,0.94257,0.25307,14.655
1203.8,0.94347,0.25291,14.655
1204,0.9453,0.25226,14.655
1204.3,0.9416,0.25266,14.656
1204.4,0.94341,0.25308,14.656
1204.6,0.94295,0.25372,14.656
1204.9,0.94468,0.2527,14.656
1205,0.94338,0.25379,14.656
1205.3,0.94552,0.25133,14.656
1205.5,0.94263,0.25176,14.656
1205.6,0.94414,0.25261,14.656
1205.9,0.9445,0.25375,14.656
1206.1,0.94526,0.25146,14.656
1206.2,0.94434,0.25339,14.656
1206.4,0.94272,0.25283,14.656
1206.6,0.94395,0.25207,14.656
1206.8,0.94299,0.25304,14.656
1207.2,0.94305,0.25252,14.656
1207.2,0.94283,0.25271,NaN
1207.4,0.94204,0.25232,14.656
1207.7,0.94466,0.25115,14.656
1207.8,0.94452,0.25219,14.656
1208.1,0.94428,0.25278,14.656
1208.3,0.94449,0.25362,14.656
1208.4,0.94264,0.25236,14.656
1208.6,0.94636,0.25078,14.656
1209,0.94268,0.2522,14.657
1209,0.94409,0.25163,14.657
1209.3,0.94495,0.25269,14.658
1209.5,0.94261,0.25197,14.658
1209.7,0.94394,0.25119,14.658
1209.9,0.94363,0.25268,14.658
1210,0.94293,0.25113,14.658
1210.3,0.94243,0.25257,14.658
1210.5,0.9419,0.25097,14.658
1210.6,0.94335,0.25278,14.658
1210.9,0.94159,0.2517,14.658
1211,0.94239,0.25099,14.658
1211.3,0.94383,0.25124,14.658
1211.5,0.94468,0.25106,14.658
1211.6,0.94357,0.25031,14.658
1211.8,0.9444,0.25178,14.658
1212.1,0.94307,0.25218,14.658
1212.2,0.94505,0.2507,14.659
1212.5,0.94327,0.2524,14.659
1212.6,0.94395,0.25156,14.659
1212.8,0.94535,0.25147,14.659
1213,0.9427,0.25004,14.659
1213.3,0.94338,0.25156,14.66
1213.4,0.94262,0.25226,14.66
1213.6,0.94503,0.25092,14.66
1213.8,0.94361,0.25154,14.66
1214,0.94262,0.25111,14.66
1214.2,0.94344,0.25057,14.661
1214.6,0.94471,0.25171,14.661
1214.6,0.94229,0.25198,NaN
1214.9,0.94317,0.2532,14.661
1215.1,0.94254,0.24968,14.661
1215.3,0.94204,0.25212,14.662
1215.4,0.94176,0.25037,14.662
1215.6,0.94406,0.25101,14.662
1215.9,0.94358,0.25057,14.662
1216.2,0.94323,0.25014,14.662
1216.2,0.94324,0.25038,NaN
1216.5,0.942,0.25135,14.662
1216.6,0.9417,0.25095,14.662
1216.9,0.94369,0.2507,14.663
1217.1,0.94223,0.25044,14.664
1217.2,0.94237,0.25089,14.664
1217.5,0.94193,0.24996,14.665
1217.7,0.94317,0.24974,14.665
1217.8,0.94291,0.24939,14.665
1218.1,0.94347,0.24951,14.665
1218.2,0.9454,0.24938,14.665
1218.7,0.94413,0.25024,14.665
1218.7,0.94433,0.24958,NaN
1218.9,0.94137,0.24917,14.666
1219.2,0.94175,0.24891,14.666
1219.2,0.94558,0.24953,NaN
1219.4,0.94322,0.24988,14.666
1219.7,0.94398,0.25085,14.666
1219.8,0.94324,0.25007,NaN
1220,0.94254,0.25039,14.666
1220.3,0.94333,0.25096,14.666
1220.4,0.94278,0.25025,NaN
1220.6,0.94111,0.25042,14.666
1220.8,0.94452,0.25031,14.666
1221.1,0.9428,0.25061,14.667
1221.2,0.94192,0.2514,14.667
1221.5,0.94339,0.25072,14.667
1221.6,0.94467,0.25111,14.668
1221.8,0.94568,0.25151,14.668
1222.1,0.9423,0.25158,14.668
1222.2,0.94383,0.25057,14.668
1222.4,0.94366,0.2499,14.668
1222.6,0.94209,0.24925,14.669
1222.8,0.94381,0.24957,14.669
1223.2,0.94261,0.25057,14.669
1223.3,0.94378,0.25026,14.669
1223.4,0.94363,0.2508,14.669
1223.7,0.94229,0.25149,14.669
1223.9,0.94247,0.24873,14.67
1224,0.94307,0.25027,14.67
1224.3,0.94262,0.25157,14.67
1224.5,0.94275,0.25103,14.67
1224.6,0.944,0.25112,14.67
1224.8,0.94197,0.25113,14.671
1225,0.94442,0.25158,14.671
1225.3,0.94213,0.2516,14.671
1225.5,0.94279,0.2515,14.671
1225.7,0.9435,0.24974,14.671
1225.9,0.94354,0.24977,14.672
1226,0.9438,0.24966,14.672
1226.2,0.94556,0.24924,14.672
1226.4,0.94329,0.25021,14.672
1226.7,0.94353,0.25004,14.672
1226.8,0.94305,0.25084,14.672
1227.1,0.94345,0.24997,14.673
1227.2,0.94258,0.24985,14.673
1227.4,0.94287,0.24978,14.673
1227.6,0.9428,0.25127,14.673
1227.9,0.94362,0.25019,14.673
1228,0.94288,0.25064,14.673
1228.2,0.94356,0.25058,14.673
1228.4,0.94439,0.25094,14.674
1228.7,0.94449,0.24999,14.674
1228.8,0.94356,0.25199,14.674
1229,0.94409,0.2517,14.674
1229.2,0.94299,0.25097,14.675
1229.5,0.94005,0.24967,14.675
1229.7,0.94167,0.25079,14.675
1229.8,0.94496,0.25274,14.676
1230,0.94447,0.25027,14.676
1230.3,0.9423,0.24995,14.677
1230.5,0.94332,0.25092,14.677
1230.6,0.94365,0.25074,14.677
1231,0.94219,0.25043,14.677
1231,0.9435,0.24923,NaN
1231.2,0.94428,0.2497,14.678
1231.4,0.9417,0.25029,14.678
1231.6,0.94069,0.25013,14.678
1231.9,0.94116,0.25078,14.678
1232.2,0.94428,0.25035,14.678
1232.2,0.94303,0.25023,14.678
1232.5,0.94263,0.25083,14.678
1232.8,0.94356,0.25122,14.678
1232.8,0.94455,0.25035,14.678
1233,0.94381,0.25018,14.678
1233.3,0.94422,0.25127,14.678
1233.5,0.94271,0.25119,14.678
1233.7,0.94231,0.25153,14.678
1234,0.94292,0.25012,14.679
1234,0.94229,0.25035,NaN
1234.2,0.94202,0.25083,14.679
1234.6,0.943,0.24949,14.679
1234.6,0.94408,0.24933,NaN
1234.9,0.9419,0.25005,14.68
1235.1,0.94444,0.25001,14.68
1235.2,0.94108,0.25054,14.68
1235.4,0.9415,0.25106,14.68
1235.8,0.94228,0.25056,14.681
1235.9,0.94205,0.25055,NaN
1236,0.94183,0.25025,14.681
1236.2,0.94328,0.25016,14.681
1236.5,0.94194,0.25127,14.681
1236.6,0.94238,0.24982,14.681
1236.8,0.94401,0.2515,14.681
1237.1,0.94317,0.24979,14.681
1237.2,0.94289,0.24987,14.681
1237.4,0.94325,0.25118,14.681
1237.7,0.94276,0.24926,14.681
1237.8,0.94223,0.24947,14.682
1238.1,0.94253,0.24933,14.682
1238.3,0.94175,0.24934,14.682
1238.4,0.94084,0.2485,14.682
1238.7,0.94313,0.24919,14.682
1238.9,0.94178,0.24941,14.682
1239,0.94227,0.24899,14.683
1239.4,0.94281,0.25085,14.683
1239.4,0.94298,0.25056,NaN
1239.7,0.94225,0.25048,14.683
1240,0.94367,0.24967,14.683
1240.1,0.94268,0.24893,NaN
1240.2,0.94306,0.25049,14.683
1240.6,0.94121,0.2496,14.684
1240.6,0.94107,0.25028,NaN
1240.8,0.94425,0.24964,14.684
1241.1,0.94441,0.24927,14.684
1241.2,0.94138,0.25042,14.684
1241.5,0.9418,0.24985,14.684
1241.8,0.94123,0.24889,14.684
1241.8,0.94353,0.24948,NaN
1242,0.94285,0.24823,14.684
1242.4,0.94161,0.24921,14.684
1242.4,0.94284,0.25059,14.684
1242.7,0.94141,0.24869,14.684
1243,0.94259,0.2499,14.684
1243,0.94244,0.2494,NaN
1243.2,0.94226,0.24962,14.684
1243.6,0.94328,0.2495,14.684
1243.7,0.94273,0.24824,14.684
1243.8,0.94196,0.24985,14.684
1244.2,0.94297,0.25042,14.684
1244.2,0.94206,0.24915,NaN
1244.4,0.94274,0.25037,14.684
1244.8,0.94093,0.24794,14.684
1244.8,0.94342,0.24887,NaN
1245,0.94422,0.25006,14.684
1245.4,0.9444,0.24902,14.684
1245.4,0.94253,0.24986,NaN
1245.6,0.9417,0.24975,14.684
1245.9,0.94244,0.24923,14.684
1246,0.94199,0.24899,14.684
1246.2,0.94153,0.24958,14.684
1246.5,0.94429,0.24885,14.684
1246.6,0.94315,0.24921,14.684
1246.8,0.9421,0.24925,14.684
1247.1,0.94229,0.24886,14.684
1247.3,0.94419,0.24825,14.684
1247.4,0.94292,0.24933,14.684
1247.7,0.94143,0.24961,14.684
1247.9,0.94335,0.24864,14.684
1248,0.94389,0.24805,14.684
1248.3,0.94151,0.24913,14.684
1248.4,0.94312,0.24925,14.684
1248.6,0.94395,0.24935,14.684
1248.9,0.94346,0.24779,14.684
1249,0.94479,0.2496,14.684
1249.3,0.94242,0.24931,14.684
1249.4,0.94095,0.24805,14.684
1249.6,0.94372,0.24997,14.684
1249.8,0.9409,0.24808,14.684
1250.1,0.94149,0.24791,14.684
1250.2,0.943,0.24872,14.684
1250.4,0.94268,0.24901,14.684
1250.7,0.94379,0.24879,14.685
1250.8,0.94374,0.24847,14.685
1251,0.94312,0.24872,14.685
1251.3,0.94298,0.24978,14.685
1251.5,0.94262,0.24916,14.685
1251.6,0.94386,0.24799,14.686
1252,0.94151,0.24813,14.686
1252,0.94344,0.24874,NaN
1252.3,0.9443,0.24936,14.686
1252.5,0.94087,0.24888,14.686
1252.6,0.94277,0.24725,14.687
1252.9,0.94122,0.24802,14.687
1253.1,0.94258,0.24756,14.687
1253.2,0.94437,0.24832,14.687
1253.4,0.94071,0.25002,14.687
1253.7,0.94387,0.2488,14.687
1253.9,0.9401,0.24773,14.688
1254.1,0.942,0.24709,14.688
1254.3,0.94193,0.24824,14.688
1254.4,0.94386,0.24932,14.689
1254.7,0.942,0.2478,14.689
1254.9,0.94292,0.24762,14.689
1255,0.9439,0.24735,14.69
1255.2,0.94311,0.2484,14.69
1255.4,0.94147,0.24821,14.69
1255.6,0.94213,0.24975,14.69
1255.8,0.94254,0.24731,14.69
1256,0.94262,0.24784,14.69
1256.2,0.94341,0.24968,14.69
1256.6,0.94393,0.24816,14.69
1256.6,0.9427,0.24998,NaN
1256.8,0.94103,0.24827,14.69
1257.2,0.94251,0.25059,14.69
1257.3,0.94401,0.24926,NaN
1257.4,0.94285,0.24876,14.69
1257.7,0.94252,0.24908,14.69
1257.9,0.94333,0.24826,14.69
1258.1,0.93962,0.24976,14.69
1258.2,0.9444,0.24901,14.69
1258.5,0.94234,0.24912,14.691
1258.6,0.9432,0.24905,14.691
1258.8,0.94394,0.24962,14.691
1259.1,0.94482,0.24894,14.691
1259.2,0.94174,0.2485,14.691
1259.4,0.94086,0.24833,14.691
1259.7,0.94134,0.24794,14.691
1259.8,0.94415,0.24847,14.691
1260.1,0.94154,0.24715,14.691
1260.2,0.94152,0.24729,14.692
1260.5,0.94317,0.2465,14.692
1260.6,0.94134,0.24809,14.692
1260.8,0.94211,0.24761,14.692
1261.1,0.94308,0.24732,14.692
1261.2,0.94346,0.24755,14.693
1261.4,0.9413,0.24767,14.693
1261.7,0.9424,0.24747,14.693
1261.8,0.94018,0.24588,14.693
1262,0.9442,0.24672,14.693
1262.3,0.94255,0.24701,14.693
1262.4,0.94376,0.24777,14.694
1262.6,0.94252,0.24711,14.694
1262.9,0.94294,0.24627,14.694
1263.1,0.94262,0.24623,14.694
1263.2,0.94426,0.24646,14.694
1263.5,0.94231,0.24687,14.694
1263.6,0.94248,0.24528,14.694
1263.9,0.94288,0.24756,14.694
1264.2,0.94223,0.24583,14.694
1264.3,0.94282,0.24734,14.694
1264.4,0.94304,0.24612,14.694
1264.8,0.9417,0.247,14.694
1264.8,0.94104,0.24692,NaN
1265,0.94143,0.24732,14.694
1265.4,0.94292,0.24703,14.695
1265.4,0.94204,0.24595,NaN
1265.6,0.94376,0.24732,14.695
1266,0.94331,0.24697,14.695
1266,0.94383,0.24845,NaN
1266.2,0.94309,0.2474,14.695
1266.5,0.94169,0.24722,14.696
1266.6,0.93954,0.24845,NaN
1266.9,0.94263,0.24837,14.696
1267.2,0.94272,0.24816,14.696
1267.2,0.94318,0.24777,14.697
1267.4,0.94404,0.24787,14.697
1267.6,0.94159,0.24814,14.697
1267.8,0.94168,0.24694,14.697
1268,0.9431,0.24717,14.697
1268.2,0.94185,0.24841,14.697
1268.5,0.94354,0.24854,14.697
1268.6,0.94193,0.24875,14.697
1268.8,0.94165,0.24704,14.697
1269,0.94441,0.24792,14.698
1269.2,0.94358,0.2489,14.698
1269.4,0.94408,0.2489,14.698
1269.6,0.94226,0.24791,14.698
1269.8,0.94214,0.24704,14.698
1270,0.9447,0.24782,14.698
1270.2,0.9422,0.24693,14.699
1270.5,0.94253,0.24769,14.699
1270.7,0.94453,0.2472,14.699
1270.9,0.94221,0.24826,14.699
1271,0.9433,0.24781,14.699
1271.2,0.94251,0.24841,14.7
1271.5,0.94222,0.24709,14.7
1271.6,0.94362,0.2477,14.7
1271.8,0.94275,0.24668,14.7
1272.1,0.94282,0.24756,14.7
1272.2,0.94295,0.24713,14.7
1272.5,0.94199,0.24758,14.7
1272.7,0.942,0.24767,14.701
1272.8,0.94112,0.24958,14.701
1273,0.94279,0.24815,14.701
1273.2,0.94225,0.24893,14.701
1273.4,0.94213,0.24608,14.702
1273.8,0.94319,0.248,14.702
1273.8,0.94275,0.24734,NaN
1274.1,0.9421,0.24866,14.702
1274.4,0.94214,0.2472,14.703
1274.4,0.944,0.24775,NaN
1274.6,0.94296,0.24733,14.703
1275,0.94147,0.24777,14.703
1275,0.94221,0.24816,NaN
1275.3,0.9425,0.24759,14.703
1275.6,0.94361,0.24767,14.703
1275.6,0.94358,0.24706,NaN
1275.8,0.94185,0.2471,14.703
1276.1,0.94357,0.24711,14.703
1276.4,0.94319,0.24768,14.703
1276.5,0.94289,0.24705,NaN
1276.6,0.94342,0.24762,14.703
1277,0.944,0.24743,14.703
1277,0.94199,0.24786,NaN
1277.2,0.94323,0.24758,14.703
1277.6,0.94333,0.24754,14.703
1277.6,0.94187,0.24724,NaN
1277.9,0.94242,0.24746,14.703
1278.2,0.94358,0.24731,14.703
1278.3,0.94225,0.24733,NaN
1278.5,0.94156,0.24588,14.704
1278.7,0.94277,0.24815,14.704
1278.9,0.94223,0.24828,14.704
1279.1,0.94419,0.24877,14.704
1279.2,0.94303,0.24688,14.704
1279.4,0.94276,0.24744,14.704
1279.6,0.94314,0.24758,14.704
1280,0.94289,0.24764,14.704
1280.1,0.94418,0.24776,14.704
1280.3,0.94156,0.24698,14.704
1280.4,0.94356,0.24741,14.705
1280.6,0.94184,0.24832,14.705
1280.8,0.94244,0.24675,14.705
1281,0.94201,0.24708,14.705
1281.3,0.9418,0.24737,14.705
1281.5,0.94213,0.24745,14.705
1281.6,0.94164,0.24658,14.705
1281.9,0.94216,0.24712,14.706
1282,0.94194,0.24732,14.706
1282.2,0.94076,0.24633,14.706
1282.4,0.94194,0.24708,14.706
1282.6,0.94367,0.24684,14.706
1283,0.9422,0.24642,14.706
1283.1,0.94247,0.24833,NaN
1283.3,0.94343,0.24598,14.706
1283.5,0.94337,0.24668,14.706
1283.6,0.94241,0.24707,14.706
1283.8,0.94174,0.24648,14.706
1284.1,0.94388,0.24625,14.706
1284.3,0.9436,0.24675,14.706
1284.5,0.94324,0.24732,14.706
1284.7,0.94355,0.24585,14.706
1284.8,0.94245,0.24622,14.706
1285,0.94148,0.24613,14.706
1285.3,0.94439,0.24631,14.706
1285.4,0.94345,0.24715,14.706
1285.6,0.94455,0.24789,14.706
1285.8,0.94377,0.24691,14.706
1286.1,0.94391,0.24688,14.706
1286.3,0.94433,0.24776,14.706
1286.4,0.94228,0.2477,14.707
1286.6,0.94291,0.24664,14.707
1286.8,0.94174,0.24718,14.707
1287,0.94152,0.24661,14.707
1287.2,0.94423,0.24706,14.707
1287.4,0.94155,0.2481,14.707
1287.6,0.94547,0.24766,14.707
1287.9,0.94335,0.24694,14.707
1288,0.9438,0.24722,14.707
1288.2,0.94299,0.24608,14.707
1288.5,0.94277,0.24686,14.707
1288.7,0.9418,0.24745,14.707
1288.8,0.94285,0.24766,14.707
1289.1,0.94173,0.2467,14.707
1289.2,0.94352,0.24614,14.707
1289.5,0.94232,0.24748,14.707
1289.8,0.94373,0.24624,14.707
1289.9,0.94286,0.24637,NaN
1290,0.94354,0.24712,14.707
1290.4,0.94416,0.24675,14.707
1290.4,0.94273,0.24533,NaN
1290.6,0.94369,0.2472,14.707
1290.9,0.94184,0.24576,14.707
1291,0.9439,0.24479,14.707
1291.2,0.94318,0.2464,14.707
1291.5,0.94198,0.24638,14.707
1291.6,0.94149,0.24568,14.707
1291.8,0.94198,0.24602,14.707
1292.2,0.94112,0.24559,14.707
1292.2,0.94346,0.24595,NaN
1292.4,0.94261,0.24604,14.707
1292.8,0.94127,0.24596,14.707
1292.8,0.94306,0.24477,NaN
1293,0.94203,0.24572,14.707
1293.3,0.94306,0.24582,14.708
1293.4,0.94316,0.24564,14.708
1293.7,0.94347,0.24565,14.708
1293.9,0.94105,0.24469,14.708
1294,0.94173,0.24515,14.708
1294.3,0.94214,0.24517,14.708
1294.4,0.94284,0.24526,14.709
1294.6,0.94363,0.24674,14.709
1294.8,0.94252,0.24544,14.709
1295,0.9426,0.24587,14.709
1295.3,0.9419,0.2443,14.709
1295.5,0.94294,0.24492,14.71
1295.6,0.94338,0.24611,14.71
1295.9,0.94266,0.24613,14.71
1296.1,0.94105,0.2454,14.71
1296.3,0.94368,0.24586,14.71
1296.6,0.94125,0.24495,14.71
1296.6,0.94207,0.24483,14.711
1296.8,0.94131,0.24468,14.711
1297,0.94336,0.24432,14.711
1297.3,0.94261,0.24504,14.711
1297.4,0.94365,0.24691,14.711
1297.6,0.9409,0.24581,14.712
1297.9,0.94385,0.24528,14.712
1298,0.94247,0.24537,14.712
1298.2,0.94267,0.24612,14.712
1298.5,0.94139,0.24623,14.713
1298.6,0.94206,0.24586,14.713
1298.8,0.94304,0.24477,14.713
1299.2,0.9433,0.24497,14.714
1299.3,0.94389,0.24537,NaN
1299.5,0.94409,0.24515,14.714
1299.6,0.94277,0.24586,14.714
1299.9,0.9441,0.24555,14.715
1300.1,0.94215,0.24382,14.715
1300.4,0.94205,0.24474,14.716
1300.5,0.94323,0.24353,NaN
1300.7,0.94188,0.24529,14.716
1300.8,0.942,0.24398,14.716
1301.1,0.94381,0.24301,14.716
1301.2,0.94139,0.24388,14.716
1301.4,0.94282,0.24419,14.716
1301.7,0.9433,0.24444,14.716
1301.8,0.94343,0.24448,14.716
1302,0.94053,0.24244,14.716
1302.3,0.94445,0.24523,14.716
1302.4,0.9426,0.24389,14.717
1302.7,0.94123,0.24434,14.717
1302.9,0.94212,0.24428,14.717
1303,0.94296,0.24487,14.717
1303.3,0.94029,0.24462,14.717
1303.5,0.93981,0.24515,14.717
1303.6,0.94159,0.24559,14.717
1303.8,0.94258,0.2454,14.717
1304.1,0.94131,0.24485,14.717
1304.3,0.94259,0.24557,14.717
1304.4,0.94199,0.24426,14.718
1304.7,0.9424,0.24597,14.718
1304.8,0.94275,0.24521,14.718
1305.1,0.94293,0.24537,14.718
1305.4,0.94282,0.24639,14.718
1305.4,0.94158,0.24564,14.719
1305.7,0.94137,0.24498,14.719
1306,0.94455,0.24566,14.719
1306.1,0.94085,0.24505,NaN
1306.2,0.94229,0.24559,14.719
1306.6,0.94066,0.24589,14.719
1306.7,0.94211,0.24628,NaN
1306.8,0.94389,0.24485,14.72
1307,0.94356,0.24639,14.72
1307.3,0.94122,0.24581,14.72
1307.5,0.94328,0.24726,14.72
1307.6,0.94255,0.24582,14.72
1307.9,0.9409,0.24718,14.72
1308,0.94193,0.24583,14.721
1308.2,0.94378,0.24506,14.721
1308.5,0.94419,0.2463,14.721
1308.6,0.94039,0.24522,14.722
1308.8,0.94089,0.24542,14.722
1309.1,0.94243,0.24517,14.722
1309.2,0.94174,0.24696,14.722
1309.4,0.94331,0.24504,14.722
1309.7,0.94231,0.24528,14.723
1309.8,0.94139,0.24499,14.723
1310,0.94017,0.24494,14.723
1310.3,0.94323,0.24474,14.723
1310.5,0.94261,0.24583,14.723
1310.7,0.94138,0.24575,14.723
1310.9,0.9409,0.2457,14.724
1311,0.94313,0.24601,14.724
1311.2,0.94387,0.24504,14.724
1311.5,0.94009,0.24646,14.724
1311.6,0.94126,0.24544,14.725
1311.8,0.9434,0.24625,14.725
1312.1,0.94121,0.24462,14.725
1312.2,0.94263,0.24501,14.725
1312.5,0.94227,0.24655,14.725
1312.7,0.94244,0.24584,14.726
1312.9,0.94316,0.24504,14.726
1313,0.94229,0.24592,14.727
1313.3,0.9429,0.2449,14.727
1313.5,0.9415,0.24409,14.727
1313.7,0.94275,0.24539,14.727
1313.9,0.94368,0.24457,14.727
1314,0.9411,0.24486,14.728
1314.3,0.93967,0.24488,14.728
1314.4,0.94227,0.2445,14.728
1314.6,0.94132,0.24407,14.728
1314.9,0.94218,0.24422,14.728
1315,0.94084,0.24634,14.728
1315.3,0.94165,0.24516,14.728
1315.4,0.94263,0.244,14.728
1315.6,0.94183,0.24469,14.729
1315.8,0.94337,0.24441,14.729
1316.1,0.94382,0.24641,14.729
1316.2,0.9428,0.24547,14.729
1316.4,0.94073,0.24422,14.729
1316.7,0.94257,0.24605,14.729
1316.8,0.94377,0.24659,14.729
1317.1,0.94239,0.24548,14.729
1317.2,0.94138,0.24581,14.729
1317.4,0.9419,0.24561,14.729
1317.8,0.94152,0.2446,14.729
1317.8,0.94202,0.2468,NaN
1318.1,0.94158,0.24509,14.73
1318.3,0.94234,0.24618,14.73
1318.4,0.94246,0.24637,NaN
1318.7,0.94133,0.24553,14.73
1319,0.94217,0.24556,14.731
1319,0.94074,0.24427,14.731
1319.2,0.94224,0.24522,14.731
1319.6,0.94193,0.24567,14.731
1319.6,0.94222,0.2456,NaN
1319.8,0.94158,0.24627,14.731
1320.1,0.94293,0.24594,14.732
1320.2,0.94147,0.24539,14.732
1320.4,0.94207,0.24579,14.732
1320.8,0.94189,0.24793,14.732
1320.8,0.94079,0.24492,NaN
1321.1,0.94125,0.24498,14.732
1321.4,0.94298,0.24699,14.732
1321.5,0.94169,0.24502,14.732
1321.6,0.9432,0.24584,14.732
1322,0.94005,0.24577,14.733
1322,0.94224,0.24631,14.733
1322.2,0.94059,0.24577,14.733
1322.5,0.94234,0.24488,14.733
1322.6,0.94225,0.24485,14.733
1322.8,0.94255,0.24457,14.734
1323.2,0.9406,0.2456,14.734
1323.2,0.94237,0.24536,NaN
1323.4,0.94249,0.24569,14.734
1323.8,0.94285,0.24522,14.734
1323.8,0.93998,0.24483,NaN
1324,0.9414,0.24557,14.735
1324.4,0.94216,0.24524,14.735
1324.4,0.94187,0.24584,NaN
1324.6,0.94311,0.24624,14.735
1325,0.9422,0.24641,14.735
1325,0.94103,0.24376,NaN
1325.2,0.94216,0.24636,14.735
1325.6,0.94175,0.24509,14.735
1325.7,0.94151,0.24415,NaN
1325.9,0.94174,0.24378,14.735
1326.2,0.94099,0.24425,14.735
1326.2,0.94198,0.24655,NaN
1326.5,0.94153,0.24477,14.735
1326.8,0.94112,0.24378,14.735
1326.8,0.94228,0.24337,NaN
1327,0.94216,0.24365,14.735
1327.3,0.94068,0.24457,14.735
1327.4,0.94168,0.24583,14.735
1327.6,0.9419,0.24454,14.735
1327.9,0.94336,0.24523,14.735
1328,0.94193,0.24631,14.735
1328.2,0.94166,0.24565,14.735
1328.5,0.94383,0.24611,14.735
1328.6,0.94162,0.24384,14.736
1328.8,0.94117,0.24563,14.736
1329.2,0.94217,0.24452,14.736
1329.2,0.94187,0.24584,NaN
1329.4,0.94262,0.24434,14.736
1329.7,0.94129,0.24497,14.736
1329.9,0.94206,0.24586,14.736
1330.1,0.94269,0.24475,14.736
1330.3,0.94174,0.24435,14.736
1330.5,0.9413,0.24495,14.736
1330.7,0.94333,0.24457,14.736
1330.8,0.94315,0.24493,14.736
1331.1,0.94203,0.24424,14.736
1331.3,0.94134,0.24444,14.736
1331.5,0.94271,0.24504,14.736
1331.7,0.94161,0.24523,14.736
1331.8,0.94292,0.24381,14.736
1332.1,0.94333,0.24385,14.736
1332.3,0.9444,0.24397,14.736
1332.4,0.94018,0.24341,NaN
1332.6,0.94248,0.24417,14.736
1333,0.94274,0.24384,14.736
1333,0.93979,0.24326,14.736
1333.2,0.94254,0.2446,14.736
1333.6,0.94114,0.24312,14.736
1333.6,0.94247,0.2446,14.736
1333.8,0.9414,0.24318,14.736
1334.2,0.94163,0.24423,14.736
1334.2,0.94139,0.24426,NaN
1334.4,0.94261,0.24449,14.736
1334.8,0.94243,0.24419,14.736
1334.8,0.94176,0.24449,NaN
1335,0.9411,0.24382,14.736
1335.3,0.94274,0.24345,14.737
1335.5,0.94172,0.24413,14.737
1335.7,0.93902,0.24412,NaN
1335.9,0.9398,0.2438,14.737
1336.1,0.94121,0.24434,14.738
1336.2,0.9409,0.24289,NaN
1336.4,0.94014,0.24229,14.738
1336.7,0.94149,0.24199,14.738
1336.8,0.94007,0.24302,14.739
1337,0.94181,0.24271,14.739
1337.3,0.94036,0.24305,14.739
1337.4,0.94071,0.24359,14.739
1337.6,0.94229,0.24429,14.739
1337.9,0.94183,0.24354,14.74
1338,0.94227,0.24297,14.74
1338.3,0.94252,0.24333,14.74
1338.5,0.941,0.24323,14.74
1338.7,0.93963,0.24328,14.74
1338.8,0.94173,0.24296,14.741
1339.1,0.942,0.24196,14.741
1339.2,0.94098,0.24334,14.741
1339.5,0.94123,0.24273,14.741
1339.7,0.93982,0.24225,14.741
1339.8,0.94055,0.24296,14.741
1340.1,0.94287,0.24277,14.742
1340.4,0.94172,0.24331,14.742
1340.5,0.94225,0.24264,14.742
1340.6,0.93976,0.2432,14.742
1341,0.94305,0.24305,14.742
1341,0.94226,0.24228,NaN
1341.3,0.94075,0.24301,14.742
1341.4,0.94058,0.24282,14.742
1341.6,0.94396,0.24352,14.742
1341.8,0.93912,0.24246,14.743
1342.1,0.94258,0.24173,14.743
1342.3,0.94198,0.24358,14.743
1342.4,0.94132,0.2426,14.743
1342.6,0.94178,0.24078,14.743
1342.8,0.94219,0.24285,14.743
1343,0.94019,0.24236,14.744
1343.2,0.94011,0.24294,14.744
1343.5,0.94176,0.24109,14.744
1343.6,0.941,0.24346,14.744
1343.9,0.94037,0.24239,14.744
1344.1,0.94047,0.24106,14.745
1344.2,0.94116,0.2416,14.745
1344.4,0.94112,0.24064,14.745
1344.7,0.94257,0.2409,14.745
1344.8,0.94098,0.24257,14.745
1345.1,0.94255,0.2419,14.745
1345.3,0.94045,0.242,14.745
1345.5,0.94195,0.24223,14.745
1345.7,0.93994,0.24203,14.745
1345.9,0.94334,0.24322,14.746
1346.1,0.93942,0.2433,14.746
1346.3,0.94057,0.2424,14.746
1346.4,0.94177,0.24324,14.746
1346.7,0.94004,0.24329,14.747
1346.9,0.94002,0.24268,14.747
1347,0.93981,0.24339,14.747
1347.4,0.94252,0.24224,14.747
1347.4,0.94019,0.24373,14.748
1347.6,0.94101,0.24246,14.748
1347.8,0.94248,0.2428,14.748
1348.1,0.94256,0.24458,14.748
1348.2,0.93948,0.24378,14.748
1348.4,0.94263,0.24354,14.748
1348.7,0.94126,0.24283,14.748
1348.8,0.94132,0.244,14.748
1349,0.94409,0.2426,14.749
1349.3,0.94221,0.24246,14.749
1349.4,0.94186,0.24395,14.749
1349.6,0.94294,0.24318,14.749
1349.8,0.94059,0.24274,14.749
1350,0.94139,0.24326,14.749
1350.2,0.94191,0.24269,14.749
1350.4,0.94139,0.24336,14.75
1350.7,0.94158,0.24524,14.75
1350.8,0.93887,0.24263,14.75
1351,0.94221,0.24407,14.75
1351.4,0.94168,0.2422,14.751
1351.5,0.94431,0.24435,NaN
1351.6,0.93915,0.2422,14.752
1351.8,0.94216,0.24395,14.752
1352.1,0.94309,0.24276,14.753
1352.2,0.94131,0.24238,14.753
1352.4,0.93977,0.24431,14.753
1352.7,0.93995,0.24254,14.754
1352.8,0.93952,0.24265,14.754
1353,0.94267,0.24342,14.754
1353.3,0.93894,0.2436,14.754
1353.5,0.94127,0.24282,14.754
1353.6,0.94091,0.24277,14.754
1353.9,0.94206,0.2431,14.754
1354.1,0.94164,0.24267,14.754
1354.3,0.94045,0.24336,14.754
1354.4,0.93981,0.24169,14.754
1354.7,0.94247,0.24317,14.754
1354.8,0.94276,0.24292,14.754
1355,0.94162,0.24275,14.755
1355.3,0.94219,0.24359,14.755
1355.4,0.94371,0.24291,14.755
1355.6,0.94146,0.24352,14.755
1356,0.94116,0.24269,14.755
1356,0.93993,0.24228,NaN
1356.3,0.94321,0.24254,14.755
1356.6,0.93937,0.24359,14.756
1356.6,0.94305,0.24229,14.756
1356.8,0.94304,0.24246,14.756
1357.2,0.94106,0.24291,14.756
1357.2,0.94138,0.24268,14.756
1357.4,0.94167,0.24292,14.757
1357.8,0.94088,0.24375,14.757
1357.8,0.94143,0.24273,NaN
1358,0.94274,0.24169,14.757
1358.4,0.94106,0.24354,14.757
1358.5,0.93986,0.24274,NaN
1358.6,0.94251,0.24341,14.757
1358.8,0.94089,0.24313,14.757
1359.1,0.9424,0.24495,14.758
1359.2,0.94268,0.24356,14.758
1359.5,0.94147,0.24246,14.758
1359.7,0.94128,0.24247,14.758
1359.9,0.94194,0.24423,14.758
1360.1,0.94265,0.24227,14.758
1360.3,0.94123,0.24378,14.759
1360.4,0.94128,0.24399,14.759
1360.6,0.94082,0.24305,14.759
1360.9,0.94119,0.24253,14.759
1361,0.94246,0.24171,14.759
1361.2,0.94177,0.24241,14.759
1361.6,0.94242,0.24193,14.76
1361.6,0.94295,0.24298,14.76
1361.9,0.93994,0.24207,14.76
1362.2,0.94183,0.24358,14.76
1362.2,0.94136,0.2423,14.76
1362.5,0.93987,0.2428,14.76
1362.8,0.94275,0.24196,14.761
1362.8,0.94268,0.24328,NaN
1363,0.94388,0.24391,14.761
1363.2,0.93994,0.24471,14.761
1363.6,0.94235,0.244,14.761
1363.6,0.94305,0.2438,NaN
1363.9,0.9426,0.2443,14.761
1364.2,0.94207,0.24473,14.761
1364.3,0.94151,0.24515,NaN
1364.5,0.94408,0.24277,14.762
1364.6,0.94126,0.24419,14.762
1364.9,0.94148,0.24303,14.762
1365.1,0.94058,0.24372,14.762
1365.3,0.94275,0.24311,14.762
1365.5,0.94234,0.24283,14.763
1365.6,0.94117,0.24336,14.763
1365.8,0.94145,0.24388,14.763
1366.1,0.94158,0.24353,14.763
1366.2,0.94391,0.24443,14.764
1366.4,0.94117,0.24246,14.764
1366.8,0.9439,0.24356,14.764
1366.8,0.94015,0.24413,NaN
1367,0.94203,0.24261,14.764
1367.5,0.94142,0.24438,14.765
1367.5,0.94249,0.24378,NaN
1367.6,0.94304,0.24345,14.765
1367.8,0.94308,0.24434,14.765
1368.1,0.94198,0.24363,14.765
1368.2,0.94281,0.24347,14.765
1368.4,0.94225,0.24271,14.765
1368.6,0.94165,0.24399,14.765
1368.8,0.93988,0.24321,14.765
1369,0.94124,0.24232,14.765
1369.2,0.94329,0.24317,14.765
1369.5,0.94363,0.24395,14.765
1369.6,0.94222,0.24252,14.765
1369.8,0.94028,0.2422,14.765
1370.1,0.94271,0.24314,14.765
1370.2,0.94174,0.2438,14.765
1370.4,0.9419,0.24346,14.765
1370.7,0.942,0.24352,14.765
1370.8,0.94239,0.24283,NaN
1371.1,0.94207,0.24286,14.765
1371.4,0.94203,0.24397,14.765
1371.5,0.94284,0.2443,14.765
1371.6,0.94181,0.24368,14.765
1372,0.94261,0.24402,14.765
1372,0.94065,0.24234,NaN
1372.3,0.94114,0.24282,14.765
1372.6,0.944,0.24408,14.765
1372.6,0.94289,0.24184,NaN
1372.8,0.94426,0.24332,14.765
1373,0.94349,0.24252,14.765
1373.3,0.94216,0.2426,14.765
1373.5,0.94304,0.24226,14.765
1373.6,0.9425,0.24318,14.765
1373.8,0.94208,0.2427,14.765
1374.1,0.94228,0.24248,14.765
1374.3,0.94301,0.24386,14.765
1374.5,0.94225,0.24366,14.765
1374.6,0.9419,0.24205,14.765
1374.9,0.94223,0.24312,14.765
1375,0.94215,0.24328,14.765
1375.2,0.94052,0.24343,14.765
1375.4,0.94161,0.24275,14.765
1375.6,0.94138,0.24199,14.765
1375.8,0.94286,0.24298,14.765
1376.1,0.94383,0.24145,14.765
1376.3,0.94226,0.24232,NaN
1376.4,0.94259,0.24195,14.765
1376.7,0.94257,0.24104,14.765
1376.8,0.94158,0.24071,NaN
1377.1,0.94086,0.24186,14.765
1377.4,0.94246,0.24057,14.765
1377.5,0.94199,0.24177,NaN
1377.7,0.93961,0.24052,14.765
1377.8,0.94149,0.24157,14.765
1378.1,0.94328,0.24191,14.765
1378.2,0.9411,0.24119,14.765
1378.4,0.94169,0.24136,14.765
1378.7,0.94177,0.24169,14.765
1378.8,0.94179,0.24182,14.766
1379,0.94323,0.24127,14.766
1379.3,0.94098,0.24056,14.766
1379.5,0.94207,0.24111,14.766
1379.6,0.94352,0.24138,14.766
1379.8,0.94312,0.2408,14.767
1380,0.94138,0.24199,14.767
1380.2,0.94336,0.24066,14.767
1380.5,0.94024,0.2418,14.767
1380.7,0.94355,0.24135,14.767
1380.8,0.94121,0.24082,14.768
1381.1,0.94274,0.24072,14.768
1381.3,0.94035,0.24174,14.768
1381.4,0.94059,0.24263,14.768
1381.6,0.94147,0.2418,14.768
1382,0.94293,0.24188,14.769
1382,0.94115,0.24073,NaN
1382.2,0.9401,0.24139,14.769
1382.5,0.94263,0.24084,14.769
1382.7,0.94288,0.24125,14.769
1382.8,0.94159,0.24012,14.769
1383,0.94092,0.24104,14.769
1383.3,0.94152,0.24158,14.769
1383.5,0.94157,0.24082,14.769
1383.7,0.94313,0.24195,14.77
1384,0.94134,0.24225,14.77
1384.1,0.94191,0.24145,NaN
1384.2,0.94105,0.24068,14.77
1384.4,0.94316,0.24108,14.77
1384.7,0.94133,0.23976,14.77
1384.8,0.9409,0.24101,14.771
1385,0.94104,0.24139,14.771
1385.5,0.94057,0.24142,14.771
1385.5,0.94132,0.24106,NaN
1385.6,0.94263,0.24092,14.771
1385.8,0.94072,0.24124,14.771
1386.1,0.94279,0.24043,14.772
1386.3,0.94053,0.24084,14.772
1386.4,0.94229,0.24031,14.772
1386.8,0.94098,0.24051,14.772
1386.9,0.94098,0.24283,NaN
1387.1,0.94374,0.24124,14.772
1387.2,0.9396,0.24044,14.772
1387.5,0.9419,0.24259,14.772
1387.7,0.94237,0.24195,NaN
1387.8,0.94129,0.24131,14.773
1388.2,0.94153,0.24149,14.773
1388.2,0.94184,0.24149,NaN
1388.5,0.94001,0.24117,14.773
1388.6,0.94074,0.24167,14.773
1389,0.94331,0.24353,14.773
1389,0.94191,0.24089,14.773
1389.2,0.94338,0.24145,14.774
1389.5,0.94324,0.24283,14.774
1389.7,0.9429,0.24179,14.774
1389.8,0.94146,0.24086,14.774
1390,0.94193,0.24152,14.774
1390.2,0.94265,0.24163,14.774
1390.4,0.94175,0.24191,14.774
1390.6,0.94212,0.24151,14.775
1390.9,0.94205,0.24156,14.775
1391,0.94176,0.2409,14.775
1391.3,0.94034,0.24022,14.775
1391.5,0.9412,0.24093,14.775
1391.6,0.94046,0.23976,14.775
1391.9,0.94149,0.24024,14.775
1392,0.9412,0.2401,14.775
1392.3,0.9404,0.24003,14.775
1392.5,0.93974,0.24163,14.775
1392.6,0.94064,0.24102,14.775
1392.9,0.93976,0.24046,14.775
1393,0.944,0.23946,14.775
1393.2,0.94001,0.24154,14.775
1393.5,0.94034,0.24016,14.776
1393.6,0.93963,0.24147,14.776
1393.8,0.93975,0.2423,14.776
1394.2,0.94055,0.24195,14.777
1394.3,0.9414,0.2411,14.777
1394.4,0.94315,0.24186,14.777
1394.6,0.94139,0.2415,14.778
1394.9,0.94238,0.24314,14.778
1395,0.94145,0.24105,14.778
1395.3,0.94017,0.24237,14.779
1395.5,0.94193,0.24222,14.779
1395.6,0.94114,0.24196,14.779
1395.8,0.9399,0.24228,14.779
1396.2,0.93979,0.24101,14.779
1396.2,0.94145,0.24282,NaN
1396.4,0.94145,0.24205,14.779
1396.8,0.93967,0.24136,14.779
1396.8,0.94225,0.24188,14.779
1397,0.94081,0.24046,14.779
1397.2,0.94156,0.24079,14.779
1397.5,0.94251,0.24152,14.779
1397.7,0.94316,0.24092,14.779
1397.9,0.94029,0.24016,14.779
1398,0.94395,0.24165,14.779
1398.2,0.94273,0.24164,14.78
1398.4,0.94144,0.24276,14.78
1398.6,0.93872,0.24001,14.78
1398.9,0.94221,0.24241,14.78
1399,0.94202,0.24008,14.78
1399.2,0.94084,0.2409,14.78
1399.5,0.94162,0.241,14.78
1399.7,0.94045,0.24056,14.78
1399.9,0.94205,0.24062,14.78
1400.2,0.94306,0.24079,14.781
1400.2,0.94161,0.24094,NaN
1400.5,0.94162,0.24184,14.781
1400.6,0.94137,0.24183,14.781
1400.9,0.94166,0.24062,14.781
1401,0.94254,0.24117,14.781
1401.2,0.94136,0.24125,14.782
1401.6,0.94085,0.24123,14.782
1401.7,0.93873,0.24035,NaN
1401.9,0.93987,0.23966,14.782
1402,0.94038,0.24102,14.782
1402.2,0.94178,0.24138,14.782
1402.5,0.94082,0.24153,14.782
1402.6,0.94118,0.24203,14.782
1403,0.94172,0.24203,14.782
1403.1,0.94014,0.24091,14.782
1403.2,0.94282,0.24069,14.783
1403.6,0.94314,0.24177,14.783
1403.7,0.93979,0.24062,NaN
1403.9,0.94165,0.23993,14.783
1404,0.94175,0.24135,14.783
1404.3,0.94316,0.2412,14.784
1404.5,0.94244,0.24187,14.784
1404.6,0.94019,0.24113,14.784
1405,0.94111,0.24129,14.784
1405,0.94259,0.24179,NaN
1405.2,0.94136,0.24082,14.784
1405.5,0.94163,0.24115,14.784
1405.7,0.9418,0.24244,14.784
1405.8,0.94202,0.2412,14.785
1406,0.94117,0.24075,14.785
1406.3,0.94322,0.2414,14.785
1406.4,0.94034,0.24121,14.785
1406.6,0.94214,0.24145,14.785
1407,0.94107,0.24055,14.785
1407.1,0.94107,0.24156,NaN
1407.3,0.94266,0.24072,14.785
1407.4,0.94232,0.24133,14.785
1407.7,0.94136,0.24013,14.785
1407.8,0.9428,0.24203,14.785
1408.1,0.94104,0.23996,14.785
1408.4,0.942,0.24154,14.785
1408.4,0.94181,0.24172,NaN
1408.7,0.94181,0.24092,14.785
1408.8,0.93947,0.24156,14.785
1409.1,0.94267,0.24168,14.785
1409.2,0.94195,0.24087,14.786
1409.4,0.94277,0.24195,14.786
1409.7,0.94114,0.24122,14.786
1409.8,0.94389,0.24164,14.786
1410.1,0.94091,0.24026,14.786
1410.2,0.94261,0.24049,14.786
1410.5,0.94138,0.24113,14.786
1410.6,0.94106,0.24124,14.787
1410.9,0.94274,0.24033,14.787
1411.1,0.94032,0.23964,14.787
1411.2,0.94336,0.24075,14.787
1411.5,0.94149,0.2405,14.787
1411.8,0.94136,0.23955,14.787
1411.8,0.9406,0.2408,14.787
1412,0.94162,0.24021,14.787
1412.2,0.94084,0.24007,14.787
1412.4,0.94105,0.24009,14.787
1412.6,0.94227,0.24165,14.787
1412.8,0.94196,0.2403,14.787
1413.1,0.94012,0.23995,14.787
1413.3,0.94182,0.24034,14.787
1413.4,0.94081,0.24103,14.787
1413.7,0.93981,0.24104,14.787
1413.9,0.94103,0.24024,14.787
1414.1,0.94127,0.23962,14.787
1414.4,0.94236,0.24027,14.787
1414.4,0.94046,0.24085,NaN
1414.7,0.94064,0.24106,14.787
1414.9,0.94094,0.24085,14.787
1415.1,0.94143,0.2398,14.787
1415.3,0.94113,0.24126,14.787
1415.4,0.94097,0.24089,14.787
1415.7,0.94273,0.24199,14.787
1415.8,0.94155,0.23941,14.787
1416,0.94255,0.23967,14.787
1416.4,0.94172,0.23953,14.787
1416.4,0.9434,0.23921,NaN
1416.7,0.94035,0.23985,14.787
1416.8,0.93834,0.23948,14.787
1417,0.94216,0.23941,14.787
1417.2,0.94378,0.2416,14.787
1417.4,0.93978,0.23937,14.787
1417.7,0.94287,0.23945,14.787
1417.8,0.94092,0.23968,14.787
1418,0.9413,0.2405,14.787
1418.4,0.9431,0.24004,14.787
1418.4,0.94433,0.24009,14.787
1418.6,0.94103,0.24042,14.787
1419,0.9414,0.24037,14.787
1419.1,0.94256,0.23913,14.787
1419.2,0.94074,0.2391,14.787
1419.4,0.9401,0.23979,14.787
1419.7,0.94164,0.24085,14.787
1419.9,0.94104,0.24078,14.787
1420,0.94062,0.24007,14.787
1420.3,0.93998,0.24008,14.787
1420.5,0.94223,0.23929,14.787
1420.6,0.9421,0.23985,14.787
1420.8,0.94189,0.23975,14.787
1421.1,0.94014,0.23925,14.787
1421.2,0.94149,0.24117,14.787
1421.4,0.94174,0.23932,14.787
1421.8,0.94022,0.2399,14.787
1421.9,0.94041,0.23833,NaN
1422,0.94063,0.24045,14.787
1422.5,0.94137,0.24004,14.788
1422.5,0.93983,0.23946,NaN
1422.7,0.9421,0.24148,14.788
1422.9,0.9403,0.23939,14.788
1423.2,0.94035,0.23922,14.788
1423.2,0.94009,0.24062,14.789
1423.5,0.94086,0.23967,14.789
1423.8,0.93889,0.24057,14.789
1423.8,0.94093,0.24024,NaN
1424,0.9409,0.24064,14.79
1424.2,0.93919,0.24063,14.79
1424.4,0.93982,0.23905,14.79
1424.7,0.94046,0.23935,14.791
1424.9,0.93995,0.24074,14.791
1425.1,0.94037,0.23936,14.792
1425.2,0.94063,0.2392,NaN
1425.5,0.94014,0.24012,14.792
1425.7,0.94103,0.23825,14.792
1425.9,0.94135,0.23935,14.792
1426,0.9412,0.24084,14.792
1426.2,0.94184,0.24146,14.792
1426.6,0.94101,0.2403,14.792
1426.6,0.94126,0.23963,NaN
1426.8,0.94088,0.23896,14.792
1427,0.94082,0.2397,14.792
1427.3,0.94204,0.24001,14.792
1427.4,0.94162,0.23972,14.792
1427.6,0.9397,0.23977,14.792
1428,0.94032,0.23951,14.792
1428,0.94128,0.23943,NaN
1428.3,0.94205,0.24038,14.793
1428.4,0.94116,0.23882,14.793
1428.6,0.94298,0.2399,14.793
1428.8,0.94136,0.23997,14.793
1429,0.94074,0.23948,14.793
1429.3,0.94213,0.23939,14.793
1429.4,0.94255,0.23879,14.794
1429.6,0.94056,0.23937,14.794
1430,0.94054,0.23879,14.794
1430,0.93977,0.24079,NaN
1430.3,0.94027,0.23974,14.794
1430.4,0.93945,0.23852,14.795
1430.7,0.94038,0.23981,14.795
1430.8,0.94042,0.23935,14.795
1431.1,0.93993,0.23923,14.796
1431.4,0.94034,0.23794,14.796
1431.4,0.94273,0.23848,14.796
1431.6,0.94109,0.23824,14.796
1431.8,0.93914,0.23867,14.796
1432.1,0.94071,0.23864,14.797
1432.2,0.94095,0.23892,14.797
1432.5,0.9388,0.23901,14.797
1432.7,0.94269,0.24019,14.797
1432.8,0.94075,0.2398,14.797
1433,0.94104,0.23967,14.797
1433.4,0.93919,0.2394,14.798
1433.4,0.93861,0.24012,NaN
1433.6,0.94084,0.24066,14.798
1433.8,0.94022,0.23855,14.798
1434,0.94099,0.23944,14.798
1434.2,0.94182,0.24067,14.798
1434.4,0.94118,0.24071,14.799
1434.7,0.93974,0.23855,14.799
1434.8,0.9415,0.23987,14.799
1435,0.94041,0.24125,14.799
1435.3,0.94056,0.23939,14.799
1435.4,0.9421,0.24083,14.799
1435.7,0.94114,0.24106,14.799
1436,0.94267,0.23957,14.799
1436,0.94164,0.23959,NaN
1436.2,0.94235,0.2405,14.8
1436.5,0.94057,0.24055,14.8
1436.7,0.9408,0.24161,14.8
1436.8,0.94157,0.24163,NaN
1437,0.94008,0.24074,14.8
1437.4,0.94058,0.24166,14.801
1437.4,0.94247,0.24185,NaN
1437.7,0.94126,0.24104,14.801
1437.8,0.94216,0.24035,14.801
1438,0.9417,0.24065,14.801
1438.3,0.94175,0.24074,14.802
1438.4,0.94106,0.24067,14.802
1438.7,0.94103,0.24056,14.803
1438.8,0.94138,0.24101,14.803
1439,0.94141,0.23941,14.803
1439.4,0.94014,0.24076,14.804
1439.5,0.94137,0.24017,NaN
1439.6,0.94055,0.2404,14.804
1440,0.94196,0.23978,14.804
1440.1,0.94072,0.24028,NaN
1440.2,0.94178,0.23968,14.804
1440.4,0.94038,0.24063,14.805
1440.7,0.9415,0.24132,14.805
1440.8,0.93941,0.24019,14.805
1441,0.94036,0.24056,14.805
1441.3,0.93932,0.24156,14.805
1441.4,0.94045,0.24096,14.805
1441.7,0.9419,0.24146,14.805
1442,0.94174,0.24067,14.805
1442,0.93987,0.2415,NaN
1442.3,0.94019,0.24156,14.805
1442.5,0.94105,0.24153,14.805
1442.7,0.94101,0.24262,14.805
1442.8,0.94264,0.24088,14.806
1443,0.94076,0.24159,14.806
1443.4,0.94055,0.24119,14.806
1443.4,0.94372,0.24246,14.806
1443.7,0.94036,0.2408,14.806
1443.8,0.9417,0.24098,14.807
1444.1,0.94217,0.24079,14.807
1444.2,0.94269,0.241,14.807
1444.4,0.93988,0.2396,14.807
1444.7,0.93966,0.23933,14.807
1444.8,0.94206,0.24011,14.808
1445.1,0.93954,0.24046,14.808
1445.3,0.93932,0.24147,14.808
1445.4,0.94099,0.24176,14.808
1445.6,0.93935,0.24133,14.808
1446.1,0.94017,0.23911,14.809
1446.1,0.94064,0.24085,NaN
1446.3,0.94193,0.24031,14.809
1446.4,0.94174,0.2403,14.809
1446.7,0.943,0.24109,14.809
1446.9,0.93905,0.24145,14.809
1447,0.9405,0.24117,14.81
1447.3,0.93998,0.24053,14.81
1447.4,0.94052,0.24041,14.81
1447.6,0.94148,0.24092,14.81
1448.1,0.94329,0.24067,14.81
1448.1,0.94204,0.24183,NaN
1448.2,0.94011,0.24156,14.81
1448.4,0.94091,0.24133,14.81
1448.7,0.94174,0.24,14.81
1448.8,0.94161,0.24091,14.811
1449,0.93981,0.24064,14.811
1449.3,0.94098,0.24176,14.811
1449.4,0.9404,0.24121,14.811
1449.6,0.94044,0.24033,14.811
1450,0.94169,0.24034,14.812
1450,0.93964,0.24128,NaN
1450.2,0.94078,0.23998,14.812
1450.4,0.94033,0.23884,14.812
1450.7,0.94178,0.24011,14.812
1450.8,0.94158,0.24116,14.812
1451,0.94145,0.24055,14.813
1451.3,0.94163,0.24171,14.813
1451.5,0.94254,0.24033,14.813
1451.6,0.94146,0.23982,14.813
1452,0.9409,0.24134,14.813
1452,0.94177,0.24098,NaN
1452.2,0.93892,0.24133,14.813
1452.4,0.94225,0.24084,14.813
1452.7,0.94141,0.23976,14.813
1452.9,0.94236,0.2412,14.813
1453.1,0.94296,0.23977,14.813
1453.2,0.93946,0.23933,14.814
1453.6,0.94107,0.24014,14.814
1453.7,0.94077,0.23972,NaN
1453.8,0.9402,0.23975,14.814
1454.2,0.94294,0.24011,14.814
1454.2,0.94005,0.23986,NaN
1454.5,0.94115,0.24165,14.814
1454.6,0.94058,0.23973,14.814
1454.9,0.94222,0.24068,14.814
1455,0.94053,0.23977,14.814
1455.2,0.9432,0.23889,14.814
1455.6,0.94098,0.23997,14.814
1455.6,0.94202,0.24034,14.814
1455.9,0.94026,0.24046,14.814
1456.2,0.93936,0.23941,14.814
1456.3,0.93963,0.2407,NaN
1456.4,0.94204,0.23965,14.815
1456.6,0.94019,0.23924,14.815
1456.9,0.94113,0.23886,14.815
1457,0.93996,0.23927,14.816
1457.2,0.94174,0.23912,14.816
1457.6,0.93866,0.23944,14.816
1457.6,0.94143,0.24081,NaN
1457.8,0.9411,0.23936,14.816
1458,0.94039,0.23925,14.817
1458.3,0.94185,0.23907,14.817
1458.4,0.94124,0.24023,14.817
1458.6,0.94292,0.24087,14.817
1459,0.93987,0.23951,14.817
1459.1,0.9424,0.23985,NaN
1459.3,0.94146,0.24008,14.817
1459.4,0.94106,0.23951,14.817
1459.8,0.94007,0.24012,14.817
1459.8,0.94024,0.23894,NaN
1460,0.94191,0.24034,14.817
1460.2,0.94122,0.23979,14.817
1460.4,0.94146,0.23988,14.817
1460.6,0.94108,0.2397,14.817
1460.8,0.94022,0.23946,14.817
1461.1,0.94038,0.24155,14.817
1461.2,0.94022,0.24106,14.817
1461.4,0.94211,0.24002,14.817
1461.9,0.93823,0.23953,14.817
1461.9,0.94314,0.24037,14.817
1462.1,0.94127,0.23944,14.817
1462.2,0.93973,0.24068,14.817
1462.4,0.94071,0.23959,14.817
1462.7,0.94098,0.24022,14.817
1462.8,0.94297,0.23964,14.817
1463.1,0.94361,0.23895,14.817
1463.3,0.94132,0.2401,14.817
1463.4,0.9409,0.23972,14.817
1463.8,0.94126,0.24054,14.817
1463.8,0.94031,0.24046,14.817
1464,0.94232,0.23903,14.817
1464.2,0.94226,0.23929,14.817
1464.5,0.94245,0.23856,14.817
1464.6,0.94037,0.23945,14.817
1464.9,0.94193,0.23993,14.817
1465.1,0.94043,0.23973,14.817
1465.3,0.94078,0.24008,14.817
1465.4,0.94113,0.23903,14.817
1465.6,0.9402,0.24065,14.817
1465.9,0.9391,0.24113,14.817
1466.1,0.93981,0.2408,NaN
1466.3,0.94132,0.24025,14.817
1466.4,0.93926,0.23958,14.817
1466.6,0.94108,0.23975,14.817
1466.8,0.94357,0.23947,14.817
1467,0.94012,0.23838,14.818
1467.3,0.94025,0.23934,14.818
1467.4,0.9402,0.2402,14.818
1467.7,0.94074,0.23954,14.818
1467.9,0.9408,0.23861,14.818
1468,0.93853,0.23891,14.819
1468.3,0.93923,0.23966,14.819
1468.4,0.93978,0.23934,14.819
1468.6,0.93902,0.23946,14.819
1468.8,0.94119,0.23928,14.819
1469.1,0.94109,0.2378,14.819
1469.5,0.94282,0.23873,14.82
1469.5,0.94048,0.24023,NaN
1469.7,0.93991,0.23924,14.82
1469.8,0.94162,0.23933,14.82
1470.1,0.93989,0.24024,14.821
1470.2,0.93993,0.23913,14.821
1470.5,0.94097,0.23997,14.821
1470.8,0.94018,0.23831,14.821
1470.8,0.94157,0.23943,NaN
1471.1,0.94115,0.23859,14.821
1471.3,0.94066,0.23947,14.821
1471.5,0.94036,0.24017,14.822
1471.6,0.93845,0.23994,14.822
1471.8,0.93912,0.23934,14.822
1472.2,0.94015,0.2389,14.822
1472.3,0.93964,0.23756,14.822
1472.5,0.94067,0.23978,14.822
1472.6,0.94082,0.23823,14.823
1472.9,0.94203,0.23953,14.823
1473,0.94193,0.23825,14.823
1473.2,0.94251,0.23911,14.823
1473.6,0.94143,0.23732,14.824
1473.7,0.94201,0.23959,NaN
1473.8,0.9401,0.23881,14.824
1474,0.93931,0.23825,14.824
1474.3,0.93844,0.23817,14.824
1474.5,0.93925,0.23744,14.824
1474.6,0.93967,0.23737,14.825
1475,0.941,0.23769,14.825
1475.1,0.94015,0.23868,NaN
1475.2,0.94083,0.23904,14.825
1475.4,0.93982,0.23867,14.825
1475.7,0.94058,0.23806,14.825
1475.9,0.94037,0.23916,14.826
1476,0.93831,0.23785,14.826
1476.3,0.93893,0.23778,14.826
1476.4,0.93977,0.23696,14.826
1476.7,0.93873,0.23721,14.826
1476.8,0.93931,0.23693,14.826
1477.1,0.93869,0.2383,14.827
1477.2,0.93835,0.23798,14.827
1477.4,0.93963,0.23825,14.827
1477.7,0.93917,0.23779,14.827
1477.8,0.93742,0.23777,14.827
1478,0.93877,0.23853,14.827
1478.2,0.93904,0.23826,14.828
1478.5,0.94058,0.23816,14.828
1478.6,0.93938,0.23826,14.828
1478.8,0.93935,0.23761,14.829
1479.2,0.94045,0.2394,14.829
1479.3,0.93963,0.23853,NaN
1479.4,0.94003,0.23872,14.829
1479.7,0.94191,0.23834,14.829
1479.9,0.9419,0.23929,14.829
1480.1,0.94054,0.23908,14.829
1480.2,0.94172,0.23846,14.829
1480.6,0.94104,0.23909,14.83
1480.6,0.94007,0.23853,14.83
1480.8,0.93934,0.23865,14.83
1481.2,0.94025,0.23896,14.83
1481.2,0.94123,0.23996,NaN
1481.5,0.94109,0.24006,14.83
1481.7,0.94128,0.23919,14.83
1482,0.94292,0.23989,14.83
1482,0.94038,0.24055,NaN
1482.2,0.94005,0.24039,14.83
1482.5,0.94037,0.23868,14.831
1482.7,0.94109,0.23953,14.831
1482.9,0.94124,0.23852,14.831
1483,0.939,0.23954,14.831
1483.4,0.942,0.23912,14.831
1483.5,0.93965,0.23861,NaN
1483.6,0.93933,0.23808,14.832
1483.9,0.9417,0.23746,14.832
1484.1,0.9403,0.23847,14.832
1484.3,0.94146,0.23984,14.832
1484.4,0.94048,0.23908,14.832
1484.8,0.94232,0.24006,14.833
1484.8,0.93955,0.23838,NaN
1485,0.94058,0.23938,14.833
1485.2,0.9407,0.23945,14.833
1485.5,0.93997,0.23927,14.834
1485.7,0.94177,0.24009,14.834
1485.8,0.9404,0.24055,14.834
1486.2,0.94018,0.23906,14.834
1486.3,0.93923,0.24065,NaN
1486.5,0.93844,0.2394,14.834
1486.8,0.9406,0.24093,14.835
1486.9,0.94024,0.23987,NaN
1487.1,0.94127,0.23945,14.835
1487.2,0.94111,0.23888,14.835
1487.5,0.93872,0.23853,14.835
1487.6,0.9401,0.23859,14.836
1487.8,0.9407,0.23951,14.836
1488.2,0.93937,0.23801,14.836
1488.2,0.94131,0.24013,NaN
1488.5,0.9409,0.23809,14.836
1488.6,0.93968,0.2388,14.837
1488.9,0.94125,0.23917,14.837
1489,0.9419,0.23936,14.837
1489.2,0.93999,0.2396,14.837
1489.6,0.93862,0.23852,14.837
1489.6,0.93908,0.23828,14.838
1489.9,0.94034,0.23989,14.838
1490,0.94126,0.24029,14.838
1490.3,0.93948,0.23815,14.838
1490.4,0.94176,0.23961,14.838
1490.6,0.94176,0.24019,14.838
1490.9,0.94093,0.23848,14.838
1491,0.94216,0.23943,14.838
1491.2,0.9405,0.23969,14.838
1491.6,0.94198,0.23908,14.838
1491.6,0.94143,0.23958,NaN
1491.8,0.94132,0.23893,14.839
1492,0.94036,0.24107,14.839
1492.4,0.93953,0.23958,14.839
1492.4,0.94099,0.23935,14.839
1492.6,0.93981,0.2394,14.839
1492.8,0.94313,0.23907,14.84
1493.1,0.93962,0.24062,14.84
1493.3,0.93976,0.23996,14.841
1493.4,0.94153,0.24021,14.841
1493.8,0.9414,0.23974,14.841
1493.8,0.94275,0.24021,14.841
1494.1,0.94148,0.23959,14.842
1494.4,0.93873,0.2394,14.842
1494.4,0.93986,0.24112,NaN
1494.6,0.94131,0.24059,14.842
1494.8,0.941,0.2397,14.842
1495.1,0.94152,0.23886,14.842
1495.3,0.93946,0.23956,14.842
1495.5,0.94013,0.23959,14.842
1495.8,0.94439,0.24104,14.842
1495.9,0.94078,0.24051,NaN
1496,0.94205,0.2395,14.842
1496.3,0.94098,0.2394,14.842
1496.5,0.93986,0.24109,14.842
1496.6,0.94183,0.23999,14.843
1496.8,0.94079,0.24007,14.843
1497.2,0.94049,0.239,14.843
1497.3,0.94056,0.23927,NaN
1497.5,0.94221,0.2395,14.843
1497.6,0.94186,0.24112,14.843
1498,0.94098,0.239,14.843
1498,0.94095,0.24036,NaN
1498.2,0.93996,0.24097,14.843
1498.4,0.9395,0.23966,14.844
1498.7,0.94145,0.23926,14.844
1498.8,0.94097,0.23945,14.844
1499,0.94184,0.23954,14.844
1499.3,0.94042,0.2402,14.844
1499.4,0.94102,0.23953,14.844
1499.7,0.93945,0.24081,14.844
1500,0.94018,0.23943,14.845
1500,0.94225,0.23988,NaN
1500.2,0.94107,0.23866,14.845
1500.4,0.94085,0.24001,14.845
1500.7,0.94103,0.2396,14.845
1500.8,0.94124,0.24015,14.845
1501.1,0.94149,0.23976,14.845
1501.4,0.94057,0.23905,14.845
1501.4,0.94175,0.23893,14.845
1501.6,0.94046,0.23915,14.845
1502,0.94128,0.24002,14.845
1502,0.94106,0.23991,14.845
1502.2,0.939,0.23934,14.845
1502.5,0.93993,0.23896,14.845
1502.7,0.93941,0.23975,14.845
1502.9,0.94097,0.23875,14.845
1503.1,0.93991,0.23992,14.845
1503.4,0.94086,0.24015,14.845
1503.4,0.94318,0.2395,NaN
1503.7,0.9402,0.23985,14.845
1504,0.94145,0.24018,14.845
1504,0.94159,0.23939,NaN
1504.2,0.94263,0.23763,14.845
1504.5,0.94193,0.23875,14.845
1504.7,0.94121,0.2402,14.845
1504.9,0.94048,0.23895,14.845
1505,0.94033,0.23967,14.845
1505.2,0.93982,0.23848,14.845
1505.6,0.94142,0.23956,14.845
1505.6,0.94178,0.23835,14.845
1505.8,0.94265,0.2389,14.845
1506,0.94301,0.23936,14.845
1506.2,0.93966,0.23968,14.845
1506.5,0.94079,0.23932,14.845
1506.7,0.94181,0.23786,14.845
1506.9,0.94043,0.23931,14.845
1507,0.9396,0.23808,NaN
1507.2,0.94316,0.23899,14.845
1507.4,0.94077,0.23898,14.845
1507.7,0.9403,0.23901,14.845
1507.8,0.94176,0.23941,14.845
1508.1,0.93996,0.23885,14.845
1508.3,0.94123,0.23894,14.845
1508.4,0.94057,0.23882,14.845
1508.6,0.93925,0.23853,14.845
1508.9,0.94079,0.23827,14.845
1509,0.94051,0.2392,NaN
1509.3,0.94048,0.23707,14.845
1509.4,0.93903,0.23787,14.845
1509.6,0.93839,0.2389,14.845
1509.8,0.93968,0.23886,14.845
1510.1,0.94167,0.23857,14.846
1510.3,0.93983,0.24019,14.846
1510.5,0.94003,0.23895,14.846
1510.6,0.94116,0.23925,14.846
1510.8,0.94117,0.23851,14.846
1511.1,0.94041,0.23907,14.846
1511.3,0.94007,0.23955,14.846
1511.4,0.94162,0.23929,14.846
1511.8,0.94044,0.24,14.846
1511.8,0.93951,0.23893,NaN
1512.1,0.93798,0.23935,14.847
1512.3,0.94017,0.23835,14.847
1512.5,0.93876,0.23815,14.847
1512.6,0.93933,0.23871,14.847
1512.8,0.94011,0.23824,14.847
1513.2,0.93899,0.23974,14.848
1513.2,0.94036,0.23892,NaN
1513.4,0.94062,0.23837,14.848
1513.7,0.94053,0.23977,14.848
1514,0.94139,0.23873,14.848
1514,0.93924,0.23797,NaN
1514.3,0.94118,0.23855,14.848
1514.4,0.93971,0.23795,14.849
1514.8,0.94027,0.2381,14.849
1514.8,0.94073,0.23906,NaN
1515,0.93941,0.23844,14.849
1515.4,0.93978,0.23893,14.849
1515.5,0.94131,0.23707,NaN
1515.7,0.94084,0.23779,14.85
1515.8,0.94047,0.23775,14.85
1516.1,0.93958,0.23832,14.85
1516.2,0.94078,0.23839,14.85
1516.4,0.94135,0.23807,14.85
1516.6,0.93974,0.23773,14.85
1516.9,0.9409,0.23839,14.851
1517,0.93975,0.239,14.851
1517.2,0.93924,0.23771,14.851
1517.6,0.94169,0.23829,14.851
1517.6,0.93915,0.23932,NaN
1517.8,0.93831,0.23909,14.851
1518.1,0.94087,0.23822,14.852
1518.3,0.93976,0.23914,14.852
1518.4,0.94034,0.23796,14.852
1518.6,0.94115,0.23983,14.852
1519,0.94087,0.23933,14.853
1519,0.94025,0.23884,14.853
1519.2,0.93857,0.23816,14.853
1519.5,0.93739,0.23884,14.853
1519.6,0.94118,0.23909,14.854
1519.9,0.93981,0.23798,14.854
1520,0.94021,0.2394,14.854
1520.3,0.94106,0.2388,14.854
1520.5,0.94015,0.23914,14.855
1520.6,0.94133,0.23803,14.855
1520.9,0.94014,0.23878,14.855
1521.2,0.93891,0.23681,14.855
1521.2,0.94048,0.2381,NaN
1521.5,0.94193,0.23966,14.855
1521.6,0.94052,0.2381,14.855
1521.9,0.93921,0.23673,14.855
1522,0.94033,0.23697,14.855
1522.3,0.93897,0.23799,14.855
1522.6,0.93976,0.23852,14.855
1522.6,0.94038,0.23761,NaN
1522.8,0.93978,0.23832,14.855
1523,0.93944,0.2372,14.855
1523.3,0.93764,0.23747,14.855
1523.4,0.94021,0.23756,14.855
1523.6,0.9411,0.23797,14.855
1524.1,0.94018,0.23807,14.855
1524.1,0.94007,0.2367,NaN
1524.2,0.93973,0.23768,14.856
1524.5,0.94162,0.23885,14.856
1524.7,0.9403,0.23813,14.856
1524.9,0.94034,0.23621,14.856
1525.1,0.9398,0.23858,14.856
1525.2,0.94111,0.23783,14.856
1525.5,0.94013,0.23775,14.857
1525.7,0.93849,0.23902,14.857
1525.8,0.93969,0.23874,14.857
1526.1,0.93933,0.24017,14.857
1526.2,0.93955,0.23847,14.857
1526.4,0.94189,0.239,14.857
1526.7,0.93979,0.23996,14.857
1526.8,0.93869,0.23935,14.858
1527,0.94074,0.23925,14.858
1527.4,0.94085,0.23835,14.858
1527.5,0.94002,0.23963,NaN
1527.6,0.94046,0.23944,14.858
1527.8,0.94342,0.23952,14.858
1528.1,0.94065,0.23878,14.858
1528.2,0.94109,0.23886,14.858
1528.5,0.94205,0.23904,14.858
1528.8,0.94033,0.23913,14.859
1528.9,0.93959,0.2388,NaN
1529.1,0.94103,0.23935,14.859
1529.2,0.94136,0.23931,14.859
1529.5,0.94176,0.23954,14.859
1529.7,0.94128,0.2385,14.86
1529.9,0.9418,0.23878,14.86
1530,0.94157,0.23873,14.86
1530.2,0.94163,0.2404,14.86
1530.4,0.94175,0.23811,14.86
1530.6,0.94122,0.23951,14.86
1531,0.93994,0.23987,14.86
1531.1,0.94168,0.23843,14.861
1531.3,0.9416,0.23804,14.861
1531.6,0.94098,0.2385,14.861
1531.7,0.9412,0.23812,NaN
1531.9,0.93869,0.23957,14.861
1532,0.94075,0.23979,14.861
1532.3,0.93968,0.2394,14.861
1532.5,0.94017,0.24004,14.861
1532.7,0.9413,0.24007,14.861
1532.9,0.94039,0.23867,14.861
1533,0.94115,0.23922,NaN
1533.2,0.94114,0.23955,14.861
1533.5,0.94188,0.23916,14.861
1533.7,0.94188,0.24034,14.862
1533.9,0.94172,0.23781,14.862
1534.3,0.94112,0.23892,14.862
1534.3,0.94236,0.24012,NaN
1534.4,0.94176,0.23936,14.862
1534.7,0.94336,0.24037,14.862
1535,0.94049,0.23976,14.863
1535,0.94123,0.23924,NaN
1535.2,0.94204,0.24058,14.863
1535.4,0.93757,0.23831,14.863
1535.7,0.94155,0.2398,14.863
1535.8,0.94006,0.23863,14.863
1536.1,0.94219,0.23878,14.864
1536.3,0.93997,0.23784,14.864
1536.5,0.94054,0.23981,14.864
1536.6,0.93999,0.23925,14.864
1536.8,0.94038,0.24002,14.864
1537.2,0.94232,0.23982,14.864
1537.3,0.94138,0.2399,NaN
1537.4,0.93935,0.23845,14.864
1537.6,0.93961,0.23923,14.864
1537.9,0.94,0.23751,14.864
1538,0.94152,0.23827,14.864
1538.3,0.93938,0.23815,14.865
1538.4,0.93829,0.23951,14.865
1538.7,0.94138,0.23837,14.865
1538.9,0.94022,0.23849,14.865
1539.1,0.94066,0.23878,14.866
1539.4,0.93918,0.23859,14.866
1539.4,0.94142,0.23918,NaN
1539.7,0.94129,0.23947,14.866
1539.8,0.94123,0.23958,14.866
1540.1,0.93937,0.23902,14.866
1540.2,0.93981,0.23796,14.866
1540.4,0.94125,0.23886,14.866
1540.8,0.93916,0.23946,14.867
1540.9,0.94202,0.23799,NaN
1541,0.94158,0.23732,14.867
1541.3,0.94217,0.23966,14.867
1541.6,0.93963,0.23924,14.867
1541.6,0.94201,0.23926,NaN
1541.8,0.94184,0.23723,14.867
1542,0.93851,0.23817,14.867
1542.3,0.93859,0.23942,14.867
1542.4,0.94004,0.23971,14.867
1542.6,0.94104,0.23881,14.867
1543,0.9408,0.23988,14.867
1543,0.93952,0.23788,NaN
1543.2,0.93966,0.23972,14.867
1543.5,0.94134,0.23829,14.867
1543.7,0.93958,0.23941,14.867
1543.8,0.94152,0.23972,14.867
1544.1,0.94058,0.24001,14.867
1544.2,0.9424,0.23838,14.867
1544.5,0.94014,0.23832,14.867
1544.6,0.94153,0.23785,14.867
1544.9,0.94213,0.23879,14.867
1545,0.94119,0.23794,14.867
1545.3,0.94037,0.23787,14.867
1545.4,0.94107,0.23803,14.868
1545.6,0.94068,0.23744,14.868
1546,0.94186,0.2388,14.868
1546,0.9401,0.23888,NaN
1546.3,0.94215,0.2383,14.868
1546.4,0.94096,0.23909,14.868
1546.7,0.93948,0.23825,14.868
1546.9,0.94123,0.23948,14.868
1547,0.94108,0.2396,14.868
1547.5,0.93943,0.23826,14.868
1547.5,0.94057,0.23803,NaN
1547.6,0.93885,0.23784,NaN
1547.9,0.94085,0.23797,14.868
1548.2,0.94043,0.23772,14.868
1548.2,0.94194,0.23821,NaN
1548.4,0.9408,0.23862,14.868
1548.7,0.9413,0.23816,14.868
1548.9,0.94146,0.23947,14.868
1549,0.94005,0.23868,14.868
1549.3,0.94113,0.23848,14.868
1549.6,0.94112,0.23902,14.868
1549.6,0.94215,0.23941,NaN
1549.8,0.94027,0.23843,14.868
1550,0.94019,0.23862,14.868
1550.3,0.94066,0.23851,14.868
1550.4,0.941,0.23905,14.868
1550.7,0.94151,0.24035,14.868
1551,0.94058,0.23815,14.868
1551,0.93906,0.23744,NaN
1551.3,0.9415,0.23929,14.868
1551.4,0.94028,0.23783,14.868
1551.8,0.94007,0.23905,14.868
1551.9,0.93947,0.23942,NaN
1552,0.93914,0.239,14.868
1552.2,0.94029,0.23848,14.868
1552.5,0.9396,0.238,14.868
1552.7,0.9409,0.23959,14.868
1552.8,0.93868,0.23735,14.868
1553,0.94031,0.23742,14.868
1553.3,0.93859,0.23802,14.868
1553.5,0.93864,0.23813,14.868
1553.6,0.941,0.23747,14.868
1554,0.94073,0.23637,14.868
1554.1,0.94105,0.23766,14.868
1554.2,0.9406,0.23869,14.868
1554.6,0.94054,0.23836,14.868
1554.7,0.93985,0.23683,NaN
1554.8,0.94019,0.23824,14.868
1555,0.93937,0.23858,14.868
1555.4,0.93895,0.2376,14.868
1555.4,0.94115,0.23793,NaN
1555.6,0.93985,0.23788,14.868
1556,0.93953,0.23729,14.868
1556.1,0.94076,0.23826,NaN
1556.3,0.93897,0.2373,14.868
1556.5,0.93814,0.23711,14.868
1556.6,0.93765,0.23689,14.868
1556.9,0.93853,0.23684,14.868
1557,0.93778,0.23768,14.869
1557.2,0.94056,0.23763,14.869
1557.5,0.93942,0.23825,14.869
1557.6,0.9375,0.23729,14.869
1557.9,0.94114,0.23802,14.869
1558,0.94119,0.23777,14.87
1558.2,0.93931,0.23802,14.87
1558.5,0.94078,0.23812,14.87
1558.7,0.94067,0.23752,14.87
1558.8,0.94019,0.23761,14.87
1559,0.93846,0.23806,14.87
1559.2,0.94042,0.23706,14.871
1559.4,0.93943,0.23904,14.871
1559.6,0.93997,0.23819,14.871
1560.1,0.93958,0.23761,14.871
1560.1,0.93949,0.23655,NaN
1560.3,0.93972,0.23802,14.871
1560.5,0.93936,0.23674,14.872
1560.7,0.93825,0.23576,14.872
1560.8,0.93921,0.23721,14.872
1561.1,0.93772,0.2381,14.872
1561.4,0.94022,0.23889,14.872
1561.5,0.94038,0.2362,14.872
1561.6,0.94062,0.23836,14.872
1561.8,0.93954,0.23822,14.873
1562.1,0.93978,0.23694,14.873
1562.2,0.94063,0.23723,14.873
1562.4,0.94029,0.2366,14.873
1562.6,0.94051,0.23913,14.873
1563,0.93913,0.23858,14.873
1563,0.94075,0.23787,NaN
1563.2,0.93822,0.23755,14.874
1563.4,0.93995,0.2371,14.874
1563.8,0.94071,0.23835,14.874
1563.8,0.93962,0.23826,NaN
1564,0.94005,0.23804,14.874
1564.4,0.93839,0.23681,14.875
1564.5,0.94097,0.23828,14.875
1564.7,0.93826,0.23829,14.875
1564.8,0.94024,0.23788,14.875
1565.2,0.93998,0.23693,14.875
1565.2,0.94015,0.23764,14.875
1565.4,0.94088,0.23656,14.875
1565.9,0.94024,0.23808,14.876
1565.9,0.9405,0.23858,NaN
1566,0.94125,0.23626,14.876
1566.2,0.94095,0.23756,14.876
1566.4,0.94089,0.23822,14.876
1566.7,0.9412,0.2378,14.877
1566.9,0.94145,0.23851,14.877
1567,0.94134,0.23711,14.877
1567.4,0.93876,0.23765,14.877
1567.5,0.93884,0.23818,NaN
1567.6,0.94105,0.23875,14.878
1567.8,0.94021,0.23825,14.878
1568.1,0.93902,0.23735,14.879
1568.2,0.93897,0.23786,14.879
1568.5,0.94131,0.23826,14.879
1568.7,0.94075,0.23846,14.879
1568.9,0.93833,0.23744,14.88
1569,0.94062,0.23812,14.88
1569.2,0.9409,0.23875,14.88
1569.5,0.94032,0.23779,14.88
1569.7,0.9406,0.23777,14.88
1569.8,0.94105,0.23685,14.88
1570,0.94313,0.2386,14.881
1570.4,0.94083,0.23957,14.881
1570.4,0.93863,0.23879,NaN
1570.6,0.94029,0.23761,14.881
1570.8,0.93976,0.23813,14.881
1571.2,0.94058,0.23844,14.881
1571.2,0.939,0.23803,14.881
1571.4,0.94055,0.23935,14.881
1571.8,0.9383,0.23879,14.881
1571.9,0.93893,0.23817,NaN
1572,0.93953,0.23967,14.881
1572.3,0.94194,0.23839,14.881
1572.5,0.94176,0.24046,14.881
1572.7,0.93906,0.2394,14.882
1572.8,0.93911,0.23907,14.882
1573.2,0.93932,0.23881,14.882
1573.2,0.93914,0.23899,NaN
1573.4,0.94099,0.23888,14.882
1573.6,0.94071,0.23899,14.883
1573.9,0.94081,0.23779,14.883
1574,0.94166,0.23819,14.883
1574.2,0.94106,0.23929,14.883
1574.6,0.93971,0.23904,14.883
1574.6,0.94119,0.23862,NaN
1574.8,0.93956,0.2389,14.883
1575,0.93967,0.23883,14.883
1575.4,0.93919,0.238,14.884
1575.5,0.93792,0.23864,14.884
1575.6,0.93831,0.2383,14.884
1575.8,0.93929,0.2391,14.884
1576.1,0.94062,0.23854,14.884
1576.3,0.93828,0.23941,14.885
1576.5,0.93928,0.23897,14.885
1576.6,0.93846,0.23844,14.885
1576.8,0.94042,0.23992,14.885
1577.1,0.93952,0.24004,14.886
1577.2,0.93979,0.23902,14.886
1577.5,0.94194,0.23968,14.886
1577.6,0.93871,0.23902,14.886
1577.9,0.94133,0.23885,14.886
1578,0.93972,0.23916,14.886
1578.2,0.9392,0.23953,14.887
1578.6,0.93876,0.23875,14.887
1578.6,0.94135,0.2392,NaN
1578.8,0.94243,0.23908,14.887
1579.1,0.94007,0.23907,14.887
1579.3,0.94156,0.2394,14.887
1579.4,0.93793,0.2387,14.888
1579.6,0.9403,0.23889,14.888
1580,0.94003,0.23887,14.888
1580,0.94083,0.23909,NaN
1580.2,0.93914,0.23815,14.888
1580.4,0.93922,0.2385,14.889
1580.7,0.94064,0.24004,14.889
1580.9,0.93981,0.23959,14.889
1581,0.94125,0.23887,14.889
1581.5,0.94146,0.23986,14.889
1581.5,0.94025,0.24071,NaN
1581.7,0.94037,0.23992,NaN
1581.8,0.93956,0.23869,14.89
1582,0.93858,0.23981,14.89
1582.3,0.94168,0.23869,14.89
1582.4,0.94061,0.24013,14.89
1582.6,0.94163,0.23782,14.89
1582.8,0.94103,0.24018,14.89
1583.1,0.9433,0.23944,14.891
1583.2,0.94099,0.23909,14.892
1583.4,0.93936,0.23782,14.892
1583.7,0.94101,0.23917,14.892
1583.8,0.93974,0.23841,14.893
1584,0.93881,0.2397,14.893
1584.2,0.94008,0.23944,14.893
1584.6,0.93925,0.23923,14.893
1584.6,0.94064,0.23946,NaN
1584.8,0.93956,0.23971,14.893
1585.2,0.93995,0.2392,14.893
1585.3,0.94056,0.24022,NaN
1585.5,0.93866,0.23874,14.893
1585.6,0.94093,0.23864,14.893
1586,0.93996,0.23986,14.893
1586,0.93831,0.23905,14.893
1586.2,0.94244,0.23995,14.893
1586.6,0.93975,0.24043,14.893
1586.6,0.94048,0.2389,NaN
1586.9,0.94091,0.23833,14.893
1587,0.93919,0.23947,14.893
1587.3,0.93948,0.24053,14.893
1587.4,0.93792,0.24099,14.893
1587.6,0.94066,0.23942,14.894
1588,0.94017,0.23887,14.894
1588,0.94117,0.23976,14.894
1588.3,0.93883,0.23856,14.894
1588.4,0.94081,0.23852,14.894
1588.7,0.93841,0.23831,14.894
1588.9,0.94072,0.23846,14.894
1589,0.93947,0.23841,14.895
1589.5,0.94046,0.2395,14.895
1589.5,0.94083,0.23893,NaN
1589.6,0.93916,0.23963,14.895
1589.8,0.938,0.23905,14.895
1590.3,0.94008,0.23701,14.895
1590.3,0.93977,0.23867,NaN
1590.5,0.93943,0.2391,14.895
1590.6,0.93916,0.23844,14.896
1590.9,0.93841,0.23868,14.896
1591.1,0.93929,0.23936,14.896
1591.2,0.94071,0.23991,14.896
1591.7,0.93912,0.2394,14.896
1591.7,0.93984,0.23895,NaN
1591.8,0.94155,0.23807,14.896
1592,0.94,0.23865,14.896
1592.4,0.9382,0.23839,14.896
1592.4,0.94279,0.23931,NaN
1592.6,0.93943,0.23877,14.896
1592.9,0.9398,0.23958,14.896
1593.1,0.93946,0.23994,14.896
1593.2,0.93849,0.23862,14.896
1593.4,0.94004,0.2394,14.896
1593.7,0.93906,0.23938,14.896
1593.8,0.94017,0.23869,14.896
1594,0.94115,0.23919,14.896
1594.4,0.93982,0.23825,14.896
1594.4,0.9398,0.23904,NaN
1594.7,0.93901,0.23824,14.896
1594.8,0.9415,0.23915,14.896
1595.2,0.9399,0.23918,14.896
1595.3,0.9405,0.2388,NaN
1595.5,0.93988,0.23938,14.896
1595.6,0.94009,0.23818,14.896
1596.1,0.94108,0.2394,14.896
1596.1,0.93996,0.2388,NaN
1596.2,0.93971,0.23783,14.896
1596.5,0.94175,0.23951,14.896
1596.7,0.93846,0.2388,14.896
1596.8,0.94217,0.23839,14.896
1597,0.93988,0.23787,14.896
1597.4,0.9387,0.23844,14.896
1597.4,0.93952,0.23975,NaN
1597.6,0.94015,0.23867,14.896
1597.8,0.93909,0.23806,14.896
1598.1,0.94071,0.23886,14.896
1598.2,0.94033,0.24042,14.896
1598.4,0.94113,0.23912,14.896
1598.8,0.9399,0.23915,14.896
1598.8,0.93962,0.23941,NaN
1599.1,0.93989,0.23905,14.896
1599.2,0.93981,0.23796,14.896
1599.5,0.94101,0.23881,14.896
1599.6,0.9381,0.2389,14.897
1599.9,0.93879,0.2394,14.897
1600.2,0.94033,0.23967,14.897
1600.3,0.93851,0.23928,NaN
1600.5,0.93995,0.23886,14.897
1600.6,0.9422,0.23831,14.897
1600.9,0.93924,0.23924,14.897
1601,0.94047,0.23847,14.897
1601.2,0.93894,0.23805,14.897
1601.6,0.94059,0.23724,14.897
1601.6,0.93897,0.23854,NaN
1601.8,0.94058,0.23826,14.897
1602,0.9409,0.2378,14.897
1602.4,0.93941,0.23816,14.897
1602.4,0.93994,0.23737,14.898
1602.6,0.94029,0.23811,14.898
1602.9,0.94369,0.23807,14.898
1603.1,0.94007,0.23793,14.898
1603.2,0.93969,0.23756,14.898
1603.4,0.93844,0.2377,14.899
1603.8,0.9404,0.23808,14.899
1603.9,0.94088,0.23879,NaN
1604,0.94019,0.2386,14.899
1604.2,0.93994,0.23753,14.899
1604.8,0.94067,0.23846,14.9
1604.8,0.94083,0.2397,NaN
1604.8,0.9428,0.23813,NaN
1605,0.94031,0.23908,14.9
1605.3,0.94149,0.2384,14.9
1605.6,0.94295,0.23972,14.9
1605.6,0.94046,0.23984,14.9
1605.9,0.93949,0.23915,14.901
1606.2,0.94113,0.23915,14.901
1606.2,0.94108,0.23915,NaN
1606.4,0.94067,0.24004,14.901
1606.6,0.94121,0.24028,14.901
1606.9,0.94002,0.23896,14.902
1607,0.941,0.23975,14.902
1607.2,0.94095,0.23911,14.902
1607.6,0.94129,0.23956,14.902
1607.6,0.94074,0.2386,NaN
1607.8,0.94065,0.23827,14.902
1608,0.94059,0.23885,14.903
1608.4,0.93928,0.23757,14.903
1608.4,0.94044,0.23937,14.903
1608.7,0.9395,0.23871,14.903
1608.8,0.94111,0.2385,14.904
1609.1,0.94091,0.23817,14.904
1609.2,0.94069,0.23785,14.904
1609.4,0.94208,0.23853,14.904
1609.8,0.9404,0.23737,14.904
1609.8,0.93939,0.23767,NaN
1610.1,0.93921,0.23823,14.905
1610.3,0.94115,0.23736,14.905
1610.5,0.93859,0.23869,14.905
1610.7,0.94151,0.23633,14.905
1610.8,0.93874,0.23587,14.905
1611.2,0.93989,0.23734,14.905
1611.2,0.93972,0.23675,14.906
1611.5,0.94078,0.23788,14.906
1611.6,0.93988,0.2386,14.906
1611.9,0.93813,0.23706,14.906
1612,0.9388,0.23893,14.906
1612.2,0.93779,0.23735,14.906
1612.6,0.9373,0.23682,14.906
1612.6,0.94121,0.23766,NaN
1612.9,0.93918,0.2369,14.907
1613.1,0.93951,0.23613,14.907
1613.4,0.93854,0.23841,14.907
1613.5,0.94034,0.23654,14.907
1613.6,0.93978,0.23846,14.907
1613.8,0.94123,0.23848,14.908
1614.2,0.94114,0.2383,14.908
1614.2,0.94005,0.23833,NaN
1614.5,0.94176,0.23871,14.908
1614.6,0.93973,0.23882,14.908
1614.9,0.94088,0.23793,14.908
1615.1,0.94169,0.23881,14.909
1615.3,0.94079,0.23893,14.909
1615.5,0.94159,0.23912,14.909
1615.6,0.93889,0.23928,14.909
1615.8,0.93979,0.23823,14.909
1616.2,0.93925,0.2384,14.909
1616.2,0.93814,0.23959,NaN
1616.4,0.94013,0.23862,14.909
1616.6,0.9386,0.23903,14.909
1616.9,0.94251,0.23883,14.91
1617,0.9393,0.23917,14.91
1617.3,0.94118,0.23961,14.91
1617.5,0.93925,0.23989,14.91
1617.8,0.94114,0.2384,14.911
1617.8,0.94104,0.23987,14.911
1618.1,0.94194,0.23952,14.911
1618.3,0.94014,0.23791,14.911
1618.5,0.93889,0.24036,14.911
1618.6,0.94076,0.23923,14.911
1618.8,0.94222,0.23916,14.912
1619.2,0.93933,0.23905,14.912
1619.2,0.93826,0.23906,NaN
1619.4,0.94062,0.23886,14.912
1619.6,0.94064,0.23858,14.912
1619.9,0.94013,0.23809,14.912
1620,0.93998,0.238,14.912
1620.2,0.94016,0.2396,14.912
1620.6,0.94088,0.23907,14.913
1620.6,0.94084,0.23969,NaN
1620.8,0.9393,0.23876,14.913
1621,0.94139,0.23923,14.913
1621.3,0.9404,0.23797,14.913
1621.4,0.94245,0.23911,14.913
1621.6,0.94195,0.23926,14.914
1622,0.94098,0.23882,14.914
1622.1,0.93938,0.23978,NaN
1622.2,0.94181,0.2396,14.914
1622.4,0.94157,0.23942,14.914
1622.8,0.93971,0.24032,14.915
1622.9,0.94257,0.24025,NaN
1623,0.94052,0.23931,14.915
1623.2,0.94107,0.24046,14.915
1623.6,0.93981,0.24074,14.915
1623.6,0.94043,0.23972,NaN
1623.9,0.94244,0.23955,14.916
1624,0.94152,0.23995,14.916
1624.3,0.9417,0.2401,14.916
1624.4,0.94128,0.23853,14.917
1624.6,0.93872,0.23886,14.917
1624.9,0.94138,0.23878,14.918
1625,0.93929,0.23833,NaN
1625.3,0.94,0.23956,14.918
1625.6,0.93947,0.23984,14.918
1625.6,0.94234,0.23919,NaN
1625.8,0.93957,0.23977,14.918
1626.1,0.94217,0.23965,14.918
1626.3,0.9414,0.23841,14.918
1626.4,0.94188,0.23834,14.918
1626.6,0.94197,0.23989,14.918
1627,0.94055,0.23837,14.919
1627.1,0.94239,0.23942,NaN
1627.3,0.93964,0.23893,14.919
1627.4,0.94011,0.23875,14.919
1627.7,0.94032,0.23983,14.919
1627.9,0.94045,0.24065,14.919
1628.1,0.93928,0.23998,14.919
1628.3,0.93977,0.23941,14.919
1628.6,0.94167,0.23895,14.919
1628.7,0.94244,0.23999,NaN
1628.8,0.94131,0.23978,14.92
1629,0.94037,0.23976,14.92
1629.4,0.93767,0.23935,14.92
1629.4,0.94082,0.23978,14.92
1629.7,0.94047,0.23881,14.92
1629.8,0.94062,0.23958,14.921
1630.1,0.94117,0.23872,14.921
1630.3,0.94144,0.24023,14.921
1630.5,0.94088,0.23946,14.921
1630.7,0.94148,0.23939,14.921
1630.9,0.94239,0.2399,14.921
1631,0.94174,0.23965,14.922
1631.4,0.94237,0.239,14.922
1631.4,0.94114,0.2387,14.922
1631.7,0.94281,0.23995,14.922
1631.8,0.93989,0.23911,14.922
1632.1,0.9415,0.23921,14.922
1632.2,0.94217,0.24045,14.922
1632.4,0.94073,0.23996,14.922
1632.9,0.94146,0.24,14.922
1632.9,0.94058,0.23896,NaN
1633.1,0.93895,0.23966,14.922
1633.2,0.93966,0.23905,14.922
1633.7,0.94142,0.24046,14.923
1633.7,0.94127,0.23974,NaN
1633.8,0.94039,0.23908,14.923
1634.1,0.94062,0.24,14.923
1634.3,0.93902,0.23888,14.923
1634.4,0.94215,0.23946,14.924
1634.6,0.94182,0.2402,14.924
1634.8,0.93991,0.23848,14.924
1635.2,0.94061,0.2376,14.924
1635.2,0.94183,0.23942,NaN
1635.4,0.94068,0.24062,14.924
1635.6,0.93959,0.23908,14.924
1635.9,0.94051,0.23877,14.925
1636.1,0.9404,0.23907,14.925
1636.2,0.94281,0.23932,14.925
1636.6,0.94162,0.23877,14.925
1636.6,0.93984,0.23996,NaN
1636.8,0.93883,0.23871,14.925
1637.1,0.94151,0.23921,14.925
1637.3,0.9398,0.23869,14.925
1637.4,0.93802,0.23988,14.925
1637.6,0.94006,0.23863,14.925
1638,0.94035,0.23976,14.925
1638,0.94059,0.24052,NaN
1638.3,0.94108,0.2402,14.925
1638.4,0.94123,0.24019,14.925
1638.7,0.94078,0.23853,14.925
1638.8,0.94011,0.23908,14.925
1639,0.93972,0.2378,14.925
1639.4,0.94189,0.23904,14.925
1639.4,0.9416,0.23929,NaN
1639.7,0.94054,0.23847,14.925
1639.9,0.94044,0.23824,14.925
1640.2,0.94138,0.239,14.925
1640.2,0.94125,0.24002,14.925
1640.5,0.9413,0.23912,14.925
1640.6,0.94126,0.24039,14.925
1640.9,0.9394,0.23957,14.925
1641,0.94382,0.23853,14.925
1641.2,0.94072,0.23847,14.925
1641.5,0.94067,0.23954,14.926
1641.7,0.94004,0.23894,14.926
1641.8,0.94097,0.2403,14.926
1642.2,0.94078,0.23907,14.926
1642.2,0.94125,0.23826,NaN
1642.4,0.94088,0.23955,14.926
1642.6,0.94183,0.24089,14.926
1642.9,0.9396,0.23886,14.926
1643.1,0.94125,0.23954,14.926
1643.2,0.93957,0.24009,14.926
1643.4,0.94114,0.23818,14.926
1643.7,0.9391,0.23848,14.926
1643.8,0.94236,0.23988,14.926
1644,0.94153,0.2389,14.926
1644.4,0.94134,0.24029,14.926
1644.4,0.9406,0.23812,NaN
1644.6,0.93886,0.23743,14.926
1645,0.94046,0.23876,14.926
1645.1,0.94068,0.2385,NaN
1645.2,0.93924,0.23874,14.926
1645.5,0.94078,0.23971,14.926
1645.7,0.94147,0.23854,14.926
1645.8,0.9407,0.23986,14.926
1646.1,0.942,0.23938,14.926
1646.4,0.94156,0.23906,14.926
1646.5,0.94044,0.23845,NaN
1646.7,0.9417,0.23896,14.926
1646.8,0.94242,0.23838,14.926
1647.1,0.94056,0.23974,14.926
1647.2,0.94125,0.24045,14.926
1647.5,0.93997,0.23965,14.926
1647.8,0.9432,0.24024,14.926
1647.9,0.94114,0.23903,14.926
1648,0.94221,0.23856,14.927
1648.3,0.94209,0.23885,14.927
1648.6,0.9417,0.23866,14.927
1648.6,0.94023,0.23933,14.927
1648.9,0.93937,0.23932,14.927
1649,0.9416,0.23941,14.927
1649.3,0.94291,0.23968,14.928
1649.4,0.94223,0.23915,14.928
1649.6,0.94187,0.23878,14.928
1650.1,0.94139,0.23918,14.928
1650.1,0.94171,0.23938,NaN
1650.2,0.94016,0.23925,14.929
1650.4,0.93932,0.23956,14.929
1650.8,0.94077,0.2387,14.929
1650.8,0.93888,0.23815,NaN
1651.1,0.94191,0.23865,14.929
1651.2,0.94085,0.24065,14.93
1651.5,0.93915,0.23842,14.93
1651.6,0.94052,0.24034,14.93
1651.8,0.94023,0.23822,14.93
1652.2,0.9413,0.2389,14.93
1652.2,0.94029,0.2392,NaN
1652.4,0.94067,0.23785,14.931
1652.6,0.93995,0.23855,14.931
1652.9,0.94285,0.23983,14.931
1653,0.94178,0.23894,14.931
1653.2,0.942,0.23919,14.931
1653.4,0.94028,0.23838,14.931
1653.8,0.94175,0.23919,14.931
1653.8,0.94096,0.24062,NaN
1654,0.9409,0.23905,14.931
1654.4,0.94136,0.23889,14.931
1654.5,0.94171,0.23846,NaN
1654.6,0.94274,0.23871,14.931
1654.8,0.94076,0.23897,14.931
1655.2,0.94356,0.23809,14.931
1655.2,0.94142,0.23942,14.932
1655.5,0.9413,0.238,14.932
1655.9,0.9432,0.23959,14.932
1655.9,0.94097,0.23961,NaN
1656,0.9394,0.23889,14.932
1656.2,0.94056,0.23938,14.933
1656.5,0.94101,0.23961,14.933
1656.6,0.94179,0.23896,NaN
1656.8,0.94189,0.23743,14.933
1657,0.94159,0.23903,14.934
1657.3,0.94202,0.23995,14.934
1657.5,0.94278,0.23964,14.934
1657.7,0.94073,0.23827,14.934
1658,0.94236,0.23828,14.934
1658,0.94199,0.23865,NaN
1658.3,0.9404,0.23884,14.934
1658.7,0.94296,0.23923,14.935
1658.7,0.94161,0.2387,NaN
1658.8,0.94295,0.23849,14.935
1659.1,0.93899,0.239,14.935
1659.3,0.93975,0.23791,14.935
1659.6,0.94085,0.23709,14.935
1659.6,0.93941,0.2384,NaN
1659.8,0.94072,0.23935,14.935
1660.1,0.94044,0.2371,14.935
1660.3,0.93972,0.23852,14.936
1660.4,0.94092,0.23862,14.936
1660.6,0.93924,0.23861,14.936
1661,0.94026,0.23753,14.936
1661,0.94126,0.2386,NaN
1661.3,0.93838,0.23873,14.936
1661.4,0.94084,0.23866,14.937
1661.7,0.94003,0.23936,14.937
1661.8,0.9404,0.23796,14.937
1662,0.94012,0.23846,14.937
1662.4,0.94295,0.23949,14.937
1662.5,0.94148,0.23903,NaN
1662.6,0.94199,0.23879,14.938
1662.9,0.93947,0.23825,14.938
1663,0.94183,0.23866,14.938
1663.4,0.94147,0.23824,14.938
1663.5,0.9414,0.24004,NaN
1663.7,0.94011,0.2392,14.938
1663.8,0.94251,0.23949,14.938
1664.2,0.94113,0.23833,14.938
1664.2,0.93941,0.23967,NaN
1664.5,0.9414,0.2387,14.938
1664.6,0.94124,0.23832,14.938
1665,0.9408,0.23879,14.939
1665.1,0.94129,0.23893,NaN
1665.2,0.94043,0.24003,14.939
1665.4,0.93957,0.2403,14.939
1665.7,0.94284,0.23857,14.939
1665.8,0.94228,0.24003,14.94
1666,0.94388,0.23935,14.94
1666.3,0.94012,0.23884,14.94
1666.5,0.94033,0.23969,14.94
1666.6,0.94105,0.24002,14.94
1666.8,0.94117,0.23904,14.94
1667.2,0.94261,0.23893,14.941
1667.2,0.94105,0.24001,14.941
1667.4,0.94035,0.23992,14.941
1667.7,0.94061,0.23988,14.941
1667.9,0.94026,0.24046,14.941
1668,0.94077,0.23975,14.941
1668.3,0.94204,0.23956,14.941
1668.6,0.94256,0.24047,14.941
1668.6,0.94302,0.2398,NaN
1668.9,0.94014,0.23889,14.941
1669,0.94354,0.23843,14.941
1669.3,0.94152,0.23994,14.941
1669.5,0.9412,0.23977,14.942
1669.6,0.94177,0.2393,14.942
1670.1,0.94022,0.23996,14.943
1670.1,0.94003,0.23968,NaN
1670.3,0.94177,0.23877,14.943
1670.4,0.9396,0.23922,14.943
1670.8,0.94066,0.23864,14.944
1670.8,0.94032,0.24034,NaN
1671,0.94167,0.2397,14.944
1671.3,0.94113,0.24058,14.944
1671.5,0.94295,0.24009,14.944
1671.6,0.94051,0.23927,14.944
1671.8,0.94025,0.23912,14.944
1672.2,0.94195,0.23832,14.944
1672.2,0.94027,0.24027,14.944
1672.4,0.93976,0.23992,14.944
1672.6,0.94181,0.23966,14.944
1672.9,0.941,0.24015,14.944
1673,0.94078,0.24004,14.944
1673.2,0.943,0.24132,14.944
1673.6,0.94013,0.24155,14.944
1673.7,0.94298,0.24106,NaN
1673.8,0.94064,0.24041,14.944
1674,0.94197,0.24058,14.944
1674.3,0.94078,0.23917,14.944
1674.5,0.94183,0.24075,14.944
1674.7,0.94187,0.2406,14.944
1675.1,0.94235,0.24076,14.945
1675.1,0.94314,0.24052,NaN
1675.3,0.94044,0.2412,14.945
1675.4,0.93887,0.24039,14.945
1675.7,0.9435,0.2409,14.945
1675.8,0.94095,0.24104,14.946
1676,0.94182,0.2404,14.946
1676.2,0.94196,0.24004,14.946
1676.5,0.94165,0.2399,14.946
1676.6,0.94084,0.24155,14.946
1676.8,0.94197,0.23976,14.946
1677.2,0.94082,0.23913,14.947
1677.3,0.9414,0.23916,14.947
1677.4,0.94065,0.24027,14.947
1677.7,0.9412,0.23977,14.947
1677.9,0.94094,0.23998,14.947
1678,0.93996,0.24046,14.947
1678.3,0.94051,0.23929,14.947
1678.4,0.93938,0.23955,14.947
1678.7,0.9417,0.23977,14.947
1678.8,0.94213,0.23998,14.947
1679,0.94221,0.23895,14.947
1679.4,0.9428,0.24012,14.947
1679.4,0.94052,0.23937,NaN
1679.6,0.94125,0.24023,14.947
1679.9,0.94173,0.23893,14.947
1680.1,0.94096,0.23897,14.948
1680.2,0.94108,0.24053,NaN
1680.4,0.94208,0.23923,14.948
1680.8,0.94251,0.2388,14.948
1680.9,0.9435,0.24074,NaN
1681.1,0.94143,0.24013,14.948
1681.2,0.93989,0.23917,14.949
1681.6,0.94222,0.23848,14.949
1681.7,0.94197,0.24078,NaN
1681.9,0.93977,0.24044,14.949
1682,0.94244,0.23923,14.949
1682.3,0.94097,0.23958,14.949
1682.4,0.94287,0.23866,14.949
1682.7,0.94168,0.24032,14.949
1683,0.94165,0.2394,14.949
1683.1,0.94159,0.23973,14.949
1683.3,0.94042,0.23904,14.949
1683.4,0.94279,0.23908,14.95
1683.7,0.9413,0.24099,14.95
1683.8,0.94225,0.23906,NaN
1684,0.94175,0.24041,14.95
1684.4,0.94171,0.23954,14.95
1684.5,0.94181,0.23905,NaN
1684.6,0.94261,0.24019,14.95
1684.8,0.9398,0.2381,14.95
1685.1,0.94189,0.24014,14.95
1685.2,0.94242,0.23937,14.95
1685.5,0.94131,0.2386,14.95
1685.8,0.94199,0.24024,14.95
1685.8,0.94081,0.23989,NaN
1686,0.94163,0.23828,14.95
1686.2,0.94136,0.23845,14.95
1686.4,0.94023,0.23895,14.95
1686.8,0.94139,0.24011,14.95
1686.9,0.94069,0.23958,14.95
1687,0.93988,0.23992,14.95
1687.4,0.94388,0.23886,14.95
1687.5,0.9408,0.2392,NaN
1687.7,0.94167,0.23903,14.95
1687.8,0.94044,0.23914,14.95
1688.1,0.94221,0.23908,14.95
1688.3,0.94108,0.23878,14.95
1688.4,0.9423,0.23949,14.95
1688.9,0.94023,0.23995,14.95
1688.9,0.9415,0.24068,NaN
1689.1,0.9423,0.24039,14.95
1689.2,0.93946,0.23961,14.95
1689.6,0.94092,0.2395,14.949
1689.6,0.94131,0.2393,14.949
1689.8,0.9405,0.24055,14.949
1690,0.94216,0.23832,14.949
1690.3,0.94027,0.23939,14.949
1690.4,0.93975,0.23905,14.949
1690.6,0.94277,0.23894,14.949
1691,0.94146,0.23917,14.949
1691.1,0.93967,0.23864,14.949
1691.2,0.94016,0.23997,14.949
1691.5,0.94237,0.24029,14.949
1691.8,0.94134,0.23931,14.949
1691.8,0.94123,0.23925,NaN
1692.1,0.94073,0.2388,14.949
1692.3,0.94168,0.23838,14.949
1692.5,0.94222,0.23884,14.949
1692.7,0.93938,0.23917,14.949
1692.8,0.94095,0.23951,14.949
1693.3,0.93981,0.23904,14.949
1693.3,0.94332,0.23847,14.949
1693.4,0.94158,0.23804,14.949
1693.6,0.94018,0.23847,14.949
1694,0.94115,0.23914,14.949
1694.1,0.94254,0.23934,NaN
1694.2,0.94147,0.23824,14.949
1694.5,0.94022,0.23863,14.949
1694.7,0.94065,0.23874,14.949
1694.8,0.94121,0.23864,14.949
1695,0.93893,0.239,14.949
1695.4,0.94143,0.23753,14.949
1695.5,0.94034,0.23892,NaN
1695.6,0.93949,0.23796,14.949
1695.8,0.93978,0.2386,14.949
1696.2,0.94003,0.23854,14.95
1696.3,0.94039,0.24017,NaN
1696.5,0.94026,0.2387,14.95
1696.6,0.94056,0.23843,14.95
1696.8,0.94084,0.23835,14.95
1697.1,0.94064,0.23842,14.95
1697.3,0.94251,0.23896,14.951
1697.5,0.94174,0.23914,14.951
1697.8,0.93872,0.2376,14.951
1697.9,0.94239,0.23875,NaN
1698.1,0.94232,0.23836,14.951
1698.2,0.94042,0.2386,14.952
1698.5,0.94037,0.23872,14.952
1698.7,0.93895,0.23797,14.952
1698.8,0.94107,0.23919,14.952
1699.3,0.93969,0.23693,14.953
1699.3,0.94012,0.23933,14.953
1699.4,0.93959,0.23913,14.953
1699.7,0.94049,0.23861,14.953
1699.9,0.9416,0.23832,14.953
1700,0.94097,0.2386,14.953
1700.2,0.94109,0.23853,14.953
1700.6,0.94014,0.23777,14.953
1700.6,0.94219,0.23872,NaN
1700.8,0.94017,0.23869,14.953
1701,0.94083,0.23859,14.954
1701.4,0.94078,0.24002,14.954
1701.4,0.93898,0.23902,14.954
1701.6,0.94075,0.23833,14.955
1701.9,0.94052,0.23893,14.955
1702.3,0.94057,0.2396,14.956
1702.3,0.94138,0.23915,14.956
1702.4,0.93989,0.2393,14.956
1702.6,0.94072,0.23962,14.956
1702.9,0.9394,0.2382,14.956
1703,0.94145,0.23933,NaN
1703.3,0.94321,0.23892,14.957
1703.4,0.93941,0.23915,14.957
1703.7,0.94036,0.2384,14.957
1703.9,0.94107,0.23858,14.957
1704,0.93986,0.23768,14.957
1704.5,0.94119,0.23789,14.957
1704.5,0.93929,0.23915,NaN
1704.6,0.94052,0.23814,14.957
1704.9,0.941,0.23859,14.957
1705,0.94186,0.23906,14.957
1705.4,0.94179,0.239,14.957
1705.4,0.93931,0.23757,NaN
1705.6,0.9411,0.23812,14.957
1705.8,0.94078,0.23894,14.958
1706.2,0.94055,0.23883,14.958
1706.2,0.93946,0.23779,14.958
1706.5,0.94031,0.23824,14.958
1706.6,0.94144,0.23853,14.958
1706.9,0.9398,0.23932,14.959
1707,0.93926,0.23884,14.959
1707.2,0.94298,0.23991,14.959
1707.6,0.94055,0.23976,14.959
1707.6,0.94079,0.23862,NaN
1707.8,0.94025,0.23916,14.959
1708,0.94109,0.23937,14.96
1708.4,0.94036,0.23855,14.96
1708.5,0.93978,0.23873,NaN
1708.7,0.94112,0.23878,14.96
1708.8,0.94226,0.24034,14.96
1709.2,0.9398,0.23832,14.96
1709.2,0.94094,0.23813,NaN
1709.4,0.94084,0.23815,14.96
1709.6,0.94184,0.23808,14.961
1709.9,0.94073,0.23967,14.961
1710,0.94029,0.23851,14.961
1710.2,0.94277,0.2395,14.961
1710.6,0.94107,0.23947,14.962
1710.6,0.94357,0.24,NaN
1710.8,0.94065,0.23989,14.962
1711.1,0.94145,0.24136,14.962
1711.3,0.94224,0.23971,14.962
1711.4,0.94244,0.2407,14.962
1711.7,0.94064,0.2388,14.963
1711.8,0.94367,0.24007,14.963
1712.1,0.94194,0.23958,14.963
1712.2,0.94163,0.24019,14.963
1712.5,0.94223,0.24029,14.963
1712.7,0.94231,0.23918,14.963
1713,0.94091,0.24024,14.963
1713.1,0.94106,0.23958,NaN
1713.3,0.94101,0.23925,14.963
1713.4,0.94163,0.24005,14.964
1713.7,0.94298,0.23964,14.964
1713.9,0.94139,0.24101,14.964
1714,0.94145,0.23922,14.964
1714.4,0.93997,0.2397,14.964
1714.4,0.94174,0.23947,NaN
1714.6,0.94296,0.24027,14.965
1714.8,0.94068,0.23888,14.965
1715.1,0.94081,0.23943,14.965
1715.3,0.94185,0.24022,14.965
1715.5,0.93949,0.24039,14.966
1715.8,0.93856,0.24047,14.966
1715.9,0.94123,0.24078,NaN
1716.1,0.94192,0.23997,14.966
1716.3,0.93981,0.24035,14.966
1716.6,0.94168,0.24055,14.966
1716.6,0.94078,0.23994,NaN
1716.8,0.94222,0.24091,14.967
1717.1,0.94184,0.23935,14.967
1717.3,0.94209,0.24039,14.968
1717.5,0.94339,0.24002,14.968
1717.6,0.94262,0.24085,14.968
1717.8,0.94157,0.24041,14.969
1718.1,0.94204,0.24085,14.969
1718.3,0.9424,0.24041,14.969
1718.4,0.94039,0.24038,14.969
1718.6,0.94284,0.2395,14.969
1719,0.94187,0.24037,14.969
1719,0.9433,0.23964,NaN
1719.3,0.94166,0.24108,14.969
1719.4,0.94066,0.24114,14.969
1719.8,0.94161,0.24038,14.969
1719.8,0.94201,0.24064,NaN
1720,0.94249,0.24095,14.969
1720.2,0.94241,0.24112,14.969
1720.5,0.9436,0.24041,14.97
1720.7,0.94098,0.24145,14.97
1720.8,0.94169,0.24161,14.97
1721.3,0.94211,0.2408,14.97
1721.3,0.94045,0.24082,NaN
1721.4,0.93991,0.24121,14.97
1721.6,0.94093,0.24132,14.97
1722,0.94329,0.2411,14.97
1722.1,0.94257,0.24125,NaN
1722.2,0.93927,0.24126,14.971
1722.5,0.94165,0.24143,14.971
1722.8,0.94092,0.24103,14.971
1722.8,0.94049,0.24121,NaN
1723.1,0.9426,0.24004,14.972
1723.2,0.94088,0.24047,14.972
1723.5,0.94188,0.24087,14.972
1723.6,0.94307,0.24001,NaN
1723.9,0.94251,0.24134,14.972
1724,0.94165,0.24084,14.973
1724.3,0.93982,0.24015,14.973
1724.5,0.94085,0.2417,14.973
1724.6,0.94181,0.24091,14.973
1724.9,0.94156,0.24243,14.973
1725.3,0.94169,0.24103,14.973
1725.3,0.94133,0.24155,14.973
1725.5,0.94214,0.24072,14.973
1725.6,0.9416,0.24041,14.973
1726,0.93959,0.24012,14.974
1726.1,0.9409,0.24142,NaN
1726.3,0.93856,0.24044,14.974
1726.4,0.94235,0.24235,14.974
1726.7,0.9421,0.24078,14.974
1726.8,0.94431,0.24188,14.974
1727,0.94302,0.24145,14.975
1727.2,0.94343,0.24103,14.975
1727.6,0.94241,0.24124,14.975
1727.6,0.94107,0.24107,14.975
1727.8,0.94303,0.24033,14.975
1728.2,0.94225,0.24081,14.975
1728.2,0.94168,0.24085,NaN
1728.4,0.94231,0.24157,14.976
1728.7,0.94057,0.24135,14.976
1729,0.94317,0.24084,14.976
1729,0.94318,0.24166,NaN
1729.3,0.94126,0.24092,14.976
1729.7,0.94186,0.2411,14.976
1729.7,0.94144,0.24112,NaN
1729.9,0.94096,0.24008,14.976
1730.1,0.9403,0.2409,14.976
1730.4,0.94071,0.24013,14.976
1730.4,0.93928,0.24176,NaN
1730.6,0.9415,0.24056,14.976
1730.9,0.94085,0.24036,14.976
1731.2,0.9422,0.2404,14.976
1731.3,0.94069,0.23958,NaN
1731.4,0.94353,0.24036,14.976
1731.7,0.94356,0.2409,14.976
1731.9,0.94058,0.24046,14.976
1732,0.94411,0.24101,14.976
1732.3,0.94302,0.24019,14.976
1732.6,0.93978,0.23947,14.976
1732.7,0.9417,0.24011,NaN
1732.8,0.94206,0.23992,14.976
1733.1,0.94107,0.24062,14.976
1733.4,0.94142,0.24046,14.976
1733.4,0.93947,0.24067,14.977
1733.7,0.94192,0.24061,14.977
1733.8,0.94045,0.24015,14.977
1734.2,0.94136,0.23981,14.977
1734.2,0.94146,0.24163,NaN
1734.4,0.94247,0.24019,14.977
1734.7,0.94194,0.24037,14.977
1734.9,0.94083,0.24099,14.977
1735,0.94203,0.24124,NaN
1735.3,0.94197,0.24013,14.977
1735.4,0.94189,0.24074,14.977
1735.7,0.94249,0.24036,14.977
1735.8,0.94421,0.2405,14.977
1736,0.94453,0.23994,14.977
1736.2,0.94135,0.24044,14.977
1736.5,0.94076,0.24102,14.977
1736.6,0.94147,0.24015,14.977
1736.9,0.94124,0.24141,14.977
1737.2,0.94165,0.2406,14.977
1737.2,0.94006,0.2402,NaN
1737.5,0.94127,0.2407,14.977
1737.7,0.94095,0.24065,14.977
1738,0.94247,0.24123,14.977
1738,0.94109,0.23999,14.977
1738.3,0.94214,0.23917,14.977
1738.4,0.94006,0.23988,14.977
1738.7,0.94112,0.24063,14.977
1738.9,0.94172,0.24021,14.977
1739,0.9399,0.24052,14.977
1739.2,0.94157,0.24019,14.977
1739.6,0.94134,0.23952,14.977
1739.6,0.94368,0.24047,14.977
1739.9,0.94117,0.241,14.977
1740,0.94372,0.24078,14.977
1740.3,0.94222,0.24133,14.977
1740.5,0.94428,0.23966,14.977
1740.7,0.93999,0.24062,14.977
1740.8,0.94148,0.24053,14.977
1741.1,0.94052,0.24069,14.978
1741.2,0.94171,0.24062,14.978
1741.4,0.94016,0.24146,14.978
1741.7,0.94238,0.23976,14.978
1741.9,0.94158,0.24081,14.978
1742,0.94207,0.24053,14.979
1742.3,0.94359,0.2404,14.979
1742.4,0.94216,0.23967,14.979
1742.7,0.93999,0.24038,14.979
1742.9,0.94136,0.24036,14.98
1743.3,0.94349,0.24065,14.98
1743.3,0.94029,0.23944,NaN
1743.5,0.93941,0.24034,14.981
1743.6,0.94136,0.23961,14.981
1743.8,0.94029,0.23999,14.981
1744.1,0.94124,0.23964,14.982
1744.2,0.94384,0.2396,14.982
1744.4,0.94123,0.24073,14.982
1744.8,0.94172,0.23971,14.982
1744.9,0.94134,0.23992,NaN
1745,0.94327,0.24152,14.982
1745.3,0.94194,0.24113,14.982
1745.6,0.94226,0.24087,14.982
1745.6,0.94087,0.23998,NaN
1745.9,0.94309,0.24112,14.982
1746,0.94305,0.2401,14.982
1746.3,0.94185,0.23993,14.982
1746.5,0.93885,0.24109,14.982
1746.6,0.94199,0.23984,14.982
1747,0.94094,0.24093,14.983
1747,0.94137,0.24071,NaN
1747.3,0.94269,0.24138,14.983
1747.4,0.94294,0.24089,14.983
1747.8,0.94148,0.24018,14.983
1747.8,0.94381,0.23982,NaN
1748,0.94085,0.23942,14.983
1748.2,0.94168,0.24023,14.983
1748.6,0.94297,0.23957,14.983
1748.6,0.94076,0.23938,NaN
1748.8,0.94131,0.23998,14.983
1749,0.94036,0.24046,14.984
1749.4,0.94272,0.23934,14.984
1749.5,0.94446,0.23952,14.984
1749.6,0.94093,0.24052,14.984
1749.8,0.94243,0.23908,14.985
1750.1,0.94091,0.24015,14.985
1750.3,0.94202,0.24009,14.985
1750.4,0.94134,0.23964,14.985
1750.6,0.94208,0.23941,14.985
1750.9,0.94238,0.23979,14.986
1751,0.94147,0.23944,14.986
1751.2,0.94236,0.23953,14.986
1751.4,0.94044,0.24009,14.986
1751.7,0.93974,0.23794,14.986
1751.9,0.94106,0.2386,14.986
1752,0.94068,0.24094,14.986
1752.5,0.9417,0.23977,14.986
1752.5,0.94168,0.23933,NaN
1752.6,0.94121,0.23948,14.986
1752.9,0.94204,0.23979,14.987
1753.2,0.94022,0.24048,14.987
1753.3,0.94235,0.23934,NaN
1753.4,0.94072,0.23897,14.987
1753.6,0.9414,0.24034,14.987
1753.8,0.93885,0.24013,14.988
1754.1,0.94257,0.24074,14.988
1754.3,0.94267,0.24025,14.988
1754.4,0.94051,0.24015,14.988
1754.8,0.94214,0.23914,14.989
1754.9,0.94096,0.24105,NaN
1755,0.94048,0.24087,14.989
1755.3,0.94226,0.23992,14.989
1755.6,0.94142,0.2406,14.989
1755.6,0.94299,0.24037,14.99
1755.8,0.94228,0.23957,14.99
1756.1,0.94192,0.2413,14.99
1756.3,0.94239,0.24028,14.99
1756.4,0.94247,0.24117,14.99
1756.6,0.94058,0.23971,14.99
1757,0.94168,0.23954,14.99
1757.1,0.94032,0.23988,NaN
1757.2,0.94357,0.24122,14.991
1757.5,0.94252,0.24061,14.991
1757.8,0.94154,0.24101,14.991
1757.8,0.94186,0.24074,NaN
1758,0.94154,0.24095,14.991
1758.2,0.94229,0.24027,14.991
1758.5,0.94141,0.24044,14.992
1758.7,0.94243,0.24193,14.992
1758.8,0.94026,0.23983,14.992
1759.3,0.94067,0.24054,14.993
1759.3,0.94263,0.2399,NaN
1759.4,0.94131,0.24033,14.993
1759.6,0.94095,0.23951,14.994
1760,0.94321,0.24141,14.994
1760,0.94241,0.24097,NaN
1760.2,0.94076,0.24159,14.994
1760.4,0.94161,0.24097,14.995
1760.8,0.94081,0.24038,14.995
1760.9,0.94205,0.24104,NaN
1761.1,0.94188,0.24006,14.995
1761.2,0.9408,0.24011,14.995
1761.5,0.9416,0.24038,14.995
1761.6,0.94249,0.24163,14.995
1761.8,0.93848,0.24088,14.995
1762.2,0.9413,0.24069,14.995
1762.3,0.94025,0.24154,NaN
1762.4,0.93936,0.24074,14.995
1762.6,0.94118,0.24097,14.995
1763,0.94083,0.24172,14.995
1763,0.93905,0.24296,NaN
1763.3,0.94272,0.24198,14.995
1763.4,0.94171,0.24046,14.996
1763.7,0.94146,0.24164,14.996
1763.8,0.94156,0.24175,14.996
1764,0.94209,0.24124,14.996
1764.2,0.94178,0.24133,14.996
1764.5,0.94096,0.24134,14.997
1764.6,0.94155,0.24094,14.997
1764.8,0.93953,0.24026,14.997
1765.1,0.94029,0.24132,14.997
1765.3,0.94147,0.24005,14.997
1765.5,0.94001,0.24103,14.997
1765.6,0.94248,0.24035,14.997
1765.9,0.9393,0.24139,14.997
1766.2,0.94268,0.24038,14.998
1766.2,0.94245,0.24102,NaN
1766.5,0.94273,0.24021,14.998
1766.6,0.94154,0.24072,14.998
1767,0.9431,0.24137,14.998
1767.1,0.94068,0.24135,14.998
1767.2,0.94281,0.24188,14.999
1767.4,0.94107,0.24162,14.999
1767.7,0.9424,0.24236,14.999
1767.8,0.94296,0.24106,14.999
1768,0.94051,0.24183,14.999
1768.2,0.94111,0.24036,15
1768.6,0.94067,0.24135,15
1768.7,0.94293,0.24185,NaN
1768.9,0.94281,0.24215,15
1769,0.94189,0.2427,15.001
1769.4,0.9406,0.2421,15.001
1769.4,0.9431,0.24185,NaN
1769.6,0.94304,0.24203,15.001
1769.8,0.941,0.24141,15.001
1770.3,0.93886,0.24034,15.001
1770.3,0.94096,0.24169,NaN
1770.4,0.94178,0.24271,15.002
1770.6,0.94244,0.24285,15.002
1771,0.94142,0.24097,15.002
1771,0.94351,0.24211,15.002
1771.2,0.94109,0.23956,15.002
1771.7,0.94134,0.24022,15.002
1771.7,0.94148,0.24186,NaN
1771.9,0.94027,0.24067,15.003
1772,0.94121,0.24285,15.003
1772.4,0.94146,0.24225,15.003
1772.4,0.93973,0.24105,NaN
1772.7,0.94228,0.24212,15.003
1772.8,0.93996,0.24044,15.003
1773.2,0.94243,0.24193,15.003
1773.2,0.94078,0.24051,15.003
1773.4,0.94167,0.24176,15.003
1773.7,0.94205,0.24089,15.003
1773.9,0.94449,0.24072,15.004
1774.1,0.94291,0.24071,15.004
1774.2,0.94043,0.24125,15.004
1774.6,0.94184,0.24188,15.004
1774.7,0.94078,0.24159,NaN
1774.8,0.942,0.24287,15.004
1775,0.94274,0.24157,15.005
1775.4,0.9433,0.24259,15.005
1775.4,0.94366,0.24219,NaN
1775.6,0.94208,0.2417,15.005
1775.8,0.94028,0.24063,15.006
1776.1,0.94284,0.24296,15.006
1776.2,0.94116,0.24127,15.006
1776.4,0.94246,0.24231,15.006
1776.7,0.9414,0.24244,15.006
1777,0.94177,0.24183,15.006
1777,0.94039,0.24186,NaN
1777.2,0.9408,0.24151,15.006
1777.5,0.94143,0.24134,15.006
1777.8,0.94262,0.24111,15.006
1777.8,0.94215,0.24205,NaN
1778,0.94137,0.24042,15.006
1778.2,0.94022,0.24122,15.006
1778.5,0.94132,0.24192,15.006
1778.7,0.94206,0.24135,15.006
1778.8,0.94236,0.24169,15.006
1779.2,0.94225,0.2401,15.006
1779.3,0.94196,0.24178,NaN
1779.4,0.94117,0.24242,15.006
1779.6,0.9431,0.24226,15.006
1780,0.94091,0.24217,15.006
1780,0.94197,0.24336,NaN
1780.3,0.94078,0.24175,15.006
1780.5,0.94317,0.24107,15.006
1780.8,0.94159,0.24161,15.006
1780.8,0.94149,0.24108,NaN
1781.1,0.93975,0.24106,15.006
1781.2,0.94168,0.24117,15.006
1781.5,0.94086,0.24079,15.007
1781.6,0.94161,0.24174,15.007
1781.9,0.94202,0.24144,15.007
1782.3,0.94118,0.24264,15.007
1782.3,0.94148,0.2409,NaN
1782.4,0.94152,0.24256,15.007
1782.7,0.94035,0.24136,15.007
1783.1,0.94088,0.24114,15.007
1783.1,0.94285,0.24089,NaN
1783.2,0.94026,0.24059,15.007
1783.5,0.94413,0.24178,15.007
1783.6,0.94148,0.24016,15.007
1783.9,0.94314,0.242,15.007
1784,0.94183,0.24048,15.007
1784.2,0.94155,0.2421,15.007
1784.4,0.94151,0.24264,15.007
1784.7,0.94249,0.24027,15.007
1784.8,0.9406,0.2415,15.007
1785,0.94142,0.24085,15.007
1785.3,0.94198,0.24077,15.007
1785.7,0.94194,0.24137,15.007
1785.8,0.94216,0.24076,NaN
1785.9,0.93998,0.24077,NaN
1786,0.94129,0.24073,15.007
1786.5,0.9429,0.24022,15.007
1786.5,0.94289,0.24174,NaN
1786.7,0.94245,0.24137,15.007
1786.8,0.94304,0.24077,15.007
1787,0.94189,0.24134,15.007
1787.3,0.94338,0.241,15.007
1787.4,0.94085,0.23986,15.007
1787.6,0.94337,0.24103,15.007
1788.1,0.94444,0.24133,15.007
1788.1,0.94203,0.24119,NaN
1788.2,0.94252,0.24098,15.007
1788.5,0.94016,0.24105,15.007
1788.8,0.94235,0.24206,15.007
1788.8,0.94301,0.24082,NaN
1789.1,0.94458,0.24133,15.007
1789.2,0.94103,0.24,15.007
1789.5,0.94176,0.2405,15.008
1789.6,0.94225,0.23994,15.008
1789.8,0.94243,0.2411,15.008
1790.2,0.94311,0.24113,15.008
1790.3,0.94215,0.24262,NaN
1790.4,0.94091,0.2411,15.008
1790.7,0.94041,0.23967,15.009
1791,0.94196,0.24095,15.009
1791,0.94252,0.24029,15.009
1791.2,0.94045,0.24098,15.009
1791.5,0.94123,0.24048,15.009
1791.7,0.94245,0.2413,15.01
1791.8,0.94465,0.24123,15.01
1792,0.94377,0.2407,15.01
1792.5,0.94331,0.24076,15.01
1792.5,0.94388,0.24321,NaN
1792.7,0.94191,0.2423,15.01
1792.8,0.94103,0.24052,15.01
1793,0.94163,0.24127,15.01
1793.4,0.94256,0.24197,15.011
1793.4,0.94312,0.24244,15.011
1793.6,0.94219,0.2425,15.011
1793.8,0.94476,0.24244,15.011
1794.1,0.94183,0.24146,15.011
1794.2,0.94011,0.24185,15.011
1794.4,0.94212,0.24129,15.011
1794.9,0.94392,0.24175,15.012
1794.9,0.9409,0.24225,15.012
1795.1,0.94181,0.24242,15.012
1795.3,0.94092,0.2423,15.012
1795.6,0.94236,0.24281,15.012
1795.7,0.94155,0.24117,NaN
1795.8,0.94225,0.24097,15.013
1796.1,0.94114,0.24217,15.013
1796.4,0.943,0.24098,15.013
1796.5,0.94119,0.2407,NaN
1796.6,0.94232,0.24033,15.013
1796.9,0.94166,0.24194,15.013
1797.2,0.94162,0.24077,15.014
1797.2,0.94254,0.24017,15.014
1797.4,0.94274,0.24107,15.014
1797.6,0.94201,0.2406,15.014
1798.1,0.94138,0.24176,15.014
1798.1,0.94226,0.24086,15.014
1798.3,0.94221,0.24132,15.015
1798.5,0.94123,0.24174,15.015
1798.8,0.94241,0.24086,15.015
1798.9,0.9424,0.24233,NaN
1799.1,0.94092,0.24071,15.015
1799.3,0.94324,0.24148,15.015
1799.4,0.93949,0.24192,15.015
1799.7,0.94132,0.24197,15.016
1799.9,0.94071,0.23951,15.016
1800,0.94046,0.24029,15.016
1800.2,0.9411,0.24193,15.016
1800.5,0.94095,0.24137,15.016
1800.7,0.94275,0.24142,15.016
1800.8,0.93966,0.24085,15.016
1801.3,0.93888,0.24068,15.016
1801.3,0.9415,0.24053,NaN
1801.4,0.94319,0.24141,15.017
1801.7,0.94172,0.23966,15.017
1802,0.94064,0.24135,15.017
1802.1,0.94213,0.24196,NaN
1802.2,0.94187,0.24157,15.018
1802.5,0.94145,0.24152,15.018
1802.8,0.94284,0.24093,15.019
1802.9,0.94223,0.24333,NaN
1803,0.94132,0.24142,15.019
1803.2,0.94276,0.24173,15.019
1803.6,0.94239,0.24132,15.02
1803.6,0.94239,0.24273,NaN
1803.8,0.9393,0.2426,15.02
1804.1,0.94091,0.24198,15.02
1804.4,0.94111,0.24138,15.02
1804.5,0.94249,0.24305,NaN
1804.7,0.93998,0.24138,15.02
1804.8,0.94313,0.24252,15.02
1805.3,0.94282,0.24138,15.02
1805.3,0.94266,0.24268,NaN
1805.4,0.94232,0.24092,15.02
1805.7,0.94305,0.24215,15.02
1806,0.94219,0.24144,15.02
1806,0.94188,0.24183,NaN
1806.3,0.94288,0.24336,15.02
1806.4,0.94124,0.24225,15.02
1806.8,0.94264,0.24127,15.02
1806.8,0.9428,0.24234,NaN
1807.1,0.94223,0.24188,15.02
1807.3,0.94055,0.24116,15.02
1807.6,0.94315,0.24313,15.02
1807.6,0.94171,0.24236,NaN
1807.9,0.9426,0.24113,15.02
1808,0.94185,0.24184,15.02
1808.3,0.94111,0.24109,15.021
1808.5,0.94152,0.24229,15.021
1808.6,0.93976,0.24146,15.021
1808.8,0.94141,0.24248,15.021
1809.1,0.9419,0.24187,15.021
1809.2,0.94096,0.24174,15.021
1809.4,0.94086,0.24277,15.022
1809.9,0.94053,0.24098,15.022
1809.9,0.9405,0.24173,NaN
1810,0.94208,0.2417,15.022
1810.2,0.94226,0.24125,15.022
1810.7,0.94348,0.24354,15.023
1810.7,0.9443,0.24154,NaN
1810.8,0.94108,0.24129,15.023
1811,0.94194,0.24253,15.023
1811.2,0.94115,0.24278,15.023
1811.5,0.94131,0.24266,15.023
1811.6,0.94428,0.24249,15.023
1811.8,0.93996,0.24151,15.023
1812.2,0.94169,0.24239,15.024
1812.3,0.94321,0.24258,NaN
1812.4,0.94053,0.2419,15.024
1812.7,0.94268,0.24231,15.024
1813,0.94183,0.24157,15.024
1813,0.94103,0.24229,NaN
1813.2,0.94057,0.24262,15.024
1813.5,0.94207,0.24192,15.024
1813.8,0.94047,0.24121,15.025
1813.9,0.94232,0.24214,NaN
1814,0.94047,0.24354,15.025
1814.2,0.94139,0.24354,15.025
1814.5,0.94282,0.24309,15.025
1814.7,0.94162,0.24225,15.025
1814.8,0.94282,0.24226,15.025
1815.1,0.94226,0.24235,15.025
1815.4,0.94255,0.24271,15.026
1815.5,0.94422,0.24227,NaN
1815.6,0.94038,0.24261,15.026
1815.9,0.94378,0.24246,15.026
1816,0.94318,0.24127,15.026
1816.3,0.9421,0.24202,15.026
1816.5,0.9406,0.24197,15.026
1816.6,0.94262,0.24224,15.026
1817,0.94342,0.24216,15.026
1817,0.94357,0.24267,NaN
1817.3,0.94176,0.24233,15.026
1817.4,0.9417,0.24253,15.027
1817.7,0.94233,0.24307,15.027
1817.9,0.94309,0.24184,15.027
1818,0.94256,0.24201,15.027
1818.2,0.94224,0.24305,15.027
1818.5,0.94501,0.24305,15.027
1818.6,0.94367,0.24272,15.028
1818.8,0.9418,0.24223,15.028
1819,0.94138,0.24199,15.028
1819.4,0.94248,0.24155,15.028
1819.5,0.94134,0.24171,15.028
1819.6,0.94322,0.24233,15.028
1819.8,0.94274,0.24284,15.028
1820.2,0.94118,0.24229,15.028
1820.2,0.94328,0.24213,15.028
1820.4,0.94272,0.24252,15.028
1820.6,0.94234,0.24193,15.028
1820.9,0.94263,0.24226,15.029
1821,0.9427,0.24145,15.029
1821.2,0.94314,0.24329,15.029
1821.6,0.94314,0.24324,15.029
1821.7,0.94164,0.24188,NaN
1821.8,0.94155,0.24168,15.029
1822.1,0.94153,0.24218,15.029
1822.4,0.94186,0.24204,15.029
1822.4,0.94457,0.24281,NaN
1822.6,0.943,0.24246,15.029
1822.8,0.94204,0.24212,15.029
1823.2,0.94194,0.24175,15.029
1823.2,0.94243,0.24235,NaN
1823.5,0.94542,0.24212,15.029
1823.6,0.9433,0.2415,15.029
1824,0.94291,0.24205,15.029
1824,0.94333,0.24213,NaN
1824.2,0.9414,0.24146,15.029
1824.7,0.94083,0.24242,15.029
1824.8,0.94181,0.24161,NaN
1824.8,0.94242,0.24176,NaN
1825,0.94211,0.24159,15.03
1825.3,0.94198,0.24252,15.03
1825.6,0.94346,0.24191,15.03
1825.7,0.94119,0.2415,15.03
1825.9,0.94262,0.24216,15.03
1826,0.94336,0.2421,15.03
1826.3,0.94214,0.24153,15.03
1826.4,0.94297,0.24159,15.03
1826.6,0.94258,0.24177,15.03
1826.8,0.94107,0.24337,15.03
1827.1,0.94254,0.24326,15.03
1827.3,0.94186,0.24267,NaN
1827.5,0.94313,0.24277,15.03
1827.6,0.94156,0.24231,15.03
1827.9,0.94236,0.24254,15.03
1828,0.94213,0.2416,15.03
1828.2,0.9428,0.2423,15.03
1828.4,0.94232,0.24247,15.03
1828.7,0.94323,0.24214,15.03
1828.8,0.94245,0.24181,15.03
1829,0.94188,0.24167,15.03
1829.5,0.94048,0.24204,15.03
1829.5,0.94264,0.24157,NaN
1829.6,0.94161,0.24216,15.03
1829.8,0.94038,0.24187,15.03
1830.1,0.94278,0.24286,15.03
1830.3,0.94297,0.24119,15.03
1830.5,0.94226,0.24239,15.03
1830.6,0.9434,0.24151,15.03
1831.1,0.94243,0.24107,15.03
1831.1,0.94273,0.24059,NaN
1831.2,0.94157,0.24173,15.03
1831.5,0.94261,0.24169,15.03
1831.9,0.94138,0.24179,15.03
1831.9,0.94264,0.24172,NaN
1832,0.943,0.24238,15.03
1832.3,0.94178,0.24062,15.03
1832.5,0.94261,0.2421,15.03
1832.6,0.94149,0.24241,15.03
1832.8,0.94048,0.24147,15.03
1833,0.94054,0.24239,15.03
1833.2,0.94185,0.24294,15.03
1833.5,0.94285,0.24135,15.03
1833.6,0.94308,0.2418,15.03
1833.8,0.94214,0.2411,15.03
1834.3,0.94105,0.24205,15.03
1834.3,0.94309,0.241,15.03
1834.4,0.94285,0.24213,15.03
1834.6,0.94143,0.24043,15.03
1835.1,0.94288,0.24071,15.03
1835.1,0.94297,0.24293,NaN
1835.2,0.94311,0.24152,15.03
1835.4,0.94245,0.24216,15.03
1835.6,0.94274,0.24081,15.03
1835.9,0.94212,0.24221,15.03
1836.1,0.94237,0.2402,15.03
1836.2,0.9405,0.242,15.03
1836.7,0.94207,0.24137,15.03
1836.7,0.94204,0.24109,NaN
1836.8,0.94038,0.24069,15.03
1837.1,0.94278,0.24086,15.031
1837.4,0.94133,0.23926,15.031
1837.5,0.94122,0.24068,NaN
1837.6,0.94132,0.2405,15.031
1837.8,0.93998,0.23988,15.031
1838.2,0.94357,0.24045,15.031
1838.2,0.94244,0.24004,NaN
1838.4,0.94289,0.24117,15.031
1838.6,0.94118,0.24107,15.031
1839,0.9424,0.24105,15.031
1839,0.94256,0.24133,NaN
1839.2,0.94424,0.24143,15.032
1839.5,0.94315,0.24351,15.032
1839.7,0.94366,0.2411,15.032
1839.8,0.94042,0.2426,15.032
1840,0.94176,0.24118,15.032
1840.3,0.94035,0.24106,15.032
1840.7,0.94272,0.24037,15.033
1840.7,0.94262,0.24042,NaN
1840.8,0.94318,0.24116,15.033
1841,0.94237,0.24154,15.033
1841.5,0.94155,0.24171,15.033
1841.5,0.94319,0.24173,NaN
1841.7,0.94095,0.2409,15.033
1841.8,0.94263,0.24147,15.033
1842.2,0.94239,0.2414,15.034
1842.3,0.94289,0.24218,NaN
1842.4,0.94594,0.24148,15.034
1842.6,0.943,0.24112,15.034
1843,0.94051,0.24233,15.034
1843,0.94023,0.24143,NaN
1843.2,0.94107,0.24178,15.034
1843.5,0.9424,0.24156,15.035
1843.8,0.94131,0.24123,15.035
1843.8,0.94113,0.2418,NaN
1844,0.94122,0.24044,15.035
1844.2,0.94302,0.2426,15.035
1844.5,0.94156,0.2418,15.035
1844.6,0.9422,0.24181,15.036
1844.8,0.9422,0.24162,15.036
1845.3,0.94179,0.24152,15.036
1845.3,0.94026,0.24179,NaN
1845.4,0.94183,0.24135,15.036
1845.7,0.94088,0.24119,15.036
1846,0.94283,0.24169,15.037
1846.1,0.9418,0.24166,NaN
1846.2,0.94436,0.24207,15.037
1846.4,0.94338,0.24215,15.037
1846.8,0.9432,0.2415,15.037
1846.8,0.94398,0.24132,NaN
1847.1,0.94467,0.24185,15.037
1847.3,0.94136,0.24269,15.038
1847.4,0.94181,0.24149,15.038
1847.8,0.94184,0.24007,15.038
1847.8,0.94079,0.24078,NaN
1848.1,0.94362,0.24079,15.038
1848.3,0.9418,0.2413,15.038
1848.5,0.94202,0.24007,15.039
1848.7,0.94136,0.2417,15.039
1848.8,0.94104,0.24194,15.039
1849,0.94266,0.24142,15.039
1849.4,0.94314,0.24085,15.039
1849.4,0.94344,0.24143,NaN
1849.6,0.94227,0.24038,15.039
1849.8,0.94239,0.24065,15.039
1850.1,0.94181,0.24121,15.04
1850.2,0.94146,0.24143,15.04
1850.4,0.94243,0.24069,15.04
1850.6,0.942,0.24091,15.04
1851,0.94185,0.24113,15.04
1851.1,0.94199,0.24193,NaN
1851.2,0.94123,0.24263,15.041
1851.4,0.94194,0.24168,15.041
1851.8,0.94194,0.24247,15.041
1851.9,0.94217,0.24221,15.041
1852,0.94224,0.24135,15.041
1852.2,0.94034,0.24233,15.041
1852.6,0.94171,0.24217,15.042
1852.6,0.94316,0.24261,NaN
1852.8,0.94349,0.24277,15.042
1853,0.94314,0.2436,15.042
1853.3,0.94229,0.24169,15.042
1853.5,0.94135,0.24212,NaN
1853.6,0.94285,0.2426,15.042
1853.8,0.94171,0.24279,15.043
1854.1,0.94434,0.24289,15.043
1854.2,0.9431,0.24417,15.043
1854.4,0.94234,0.24228,15.044
1854.6,0.94066,0.24132,15.044
1855,0.9419,0.24186,15.045
1855,0.94246,0.24241,15.045
1855.2,0.94405,0.24181,15.045
1855.4,0.94256,0.24306,15.045
1855.8,0.94324,0.2424,15.046
1855.9,0.94435,0.24201,15.046
1856,0.94238,0.24296,15.046
1856.2,0.94232,0.24293,15.046
1856.5,0.94319,0.24213,15.046
1856.7,0.94314,0.24161,15.046
1856.8,0.94279,0.24293,NaN
1857,0.94491,0.24336,15.046
1857.2,0.94256,0.24235,15.046
1857.5,0.94265,0.24393,15.046
1857.6,0.94283,0.24301,15.047
1857.8,0.94375,0.24302,15.047
1858.3,0.94122,0.24377,15.047
1858.3,0.94257,0.2445,15.047
1858.4,0.94303,0.24268,15.047
1858.7,0.94308,0.2435,15.047
1859.1,0.94364,0.24353,15.047
1859.1,0.94329,0.24469,NaN
1859.2,0.94212,0.24328,15.047
1859.4,0.9429,0.24352,15.047
1859.9,0.94381,0.24402,15.048
1859.9,0.94223,0.24238,NaN
1860,0.94343,0.24332,15.048
1860.2,0.94228,0.2446,15.048
1860.7,0.94111,0.24283,15.048
1860.7,0.94364,0.24287,NaN
1860.8,0.94285,0.2424,15.049
1861,0.94198,0.24269,15.049
1861.5,0.94244,0.24206,15.049
1861.5,0.94165,0.24249,NaN
1861.6,0.94362,0.24217,15.049
1861.8,0.94188,0.24359,15.049
1862,0.94322,0.24322,15.049
1862.3,0.94345,0.24389,15.05
1862.4,0.94192,0.2419,NaN
1862.6,0.94239,0.2431,15.05
1863.1,0.94283,0.24269,15.05
1863.1,0.94118,0.24373,NaN
1863.2,0.94207,0.24363,15.05
1863.5,0.94162,0.24442,15.05
1863.8,0.94466,0.24367,15.05
1863.9,0.94181,0.24468,NaN
1864.1,0.94158,0.24373,15.05
1864.2,0.94363,0.24457,15.051
1864.6,0.94175,0.24387,15.051
1864.7,0.9422,0.24375,15.051
1864.8,0.94128,0.2435,15.051
1865.1,0.94283,0.24433,15.052
1865.4,0.94236,0.24302,15.052
1865.4,0.94411,0.24425,15.052
1865.6,0.94223,0.24328,15.052
1865.9,0.9419,0.24199,15.052
1866.1,0.9424,0.24294,15.052
1866.3,0.943,0.24287,15.053
1866.4,0.94256,0.24356,15.053
1866.6,0.94299,0.24436,15.053
1866.9,0.94616,0.24343,15.053
1867.1,0.94435,0.24475,15.053
1867.2,0.94279,0.2435,15.053
1867.4,0.94273,0.24336,15.053
1867.9,0.94226,0.24341,15.053
1867.9,0.94208,0.24181,NaN
1868,0.94144,0.24463,15.054
1868.3,0.94358,0.24402,15.054
1868.6,0.9422,0.24345,15.054
1868.6,0.94229,0.2431,NaN
1868.9,0.94221,0.24436,15.054
1869.1,0.94243,0.24241,15.054
1869.4,0.94161,0.2444,15.054
1869.5,0.94268,0.24404,NaN
1869.6,0.94077,0.24357,15.055
1869.8,0.94376,0.2424,15.055
1870.2,0.94048,0.24329,15.055
1870.3,0.94346,0.24369,NaN
1870.5,0.94163,0.24334,15.056
1870.6,0.94196,0.24389,15.056
1871.1,0.9419,0.24388,15.057
1871.1,0.9401,0.24311,NaN
1871.2,0.94341,0.24252,NaN
1871.4,0.94209,0.24291,15.057
1871.6,0.94177,0.24381,15.057
1872,0.94181,0.24342,15.057
1872.1,0.94119,0.2432,NaN
1872.3,0.94162,0.24335,15.057
1872.5,0.94139,0.24396,15.057
1872.7,0.94181,0.24365,15.057
1872.9,0.94264,0.24301,15.057
1873,0.9403,0.24379,15.057
1873.2,0.94213,0.24358,15.057
1873.5,0.94266,0.24327,15.057
1873.7,0.94281,0.24394,15.057
1873.8,0.9412,0.24413,15.057
1874,0.94137,0.24447,15.057
1874.3,0.94318,0.24424,15.057
1874.4,0.94302,0.24302,15.057
1874.6,0.94229,0.24543,15.057
1874.8,0.94141,0.24334,15.057
1875.1,0.94284,0.24335,15.057
1875.2,0.94291,0.24194,15.057
1875.4,0.94272,0.24335,15.057
1875.9,0.9409,0.24329,15.057
1876,0.94173,0.2429,NaN
1876,0.94306,0.24379,NaN
1876.2,0.94196,0.2447,15.057
1876.7,0.94329,0.24293,15.058
1876.7,0.94081,0.24269,NaN
1876.8,0.94268,0.24324,15.058
1877.1,0.94245,0.24463,15.058
1877.4,0.94102,0.24371,15.058
1877.4,0.94183,0.24319,NaN
1877.7,0.94138,0.24409,15.058
1877.8,0.94401,0.24391,15.058
1878.1,0.9436,0.2437,15.058
1878.3,0.94235,0.24211,15.058
1878.5,0.94353,0.24309,15.058
1878.6,0.94284,0.24428,15.058
1879,0.9431,0.24237,15.058
1879,0.94299,0.24293,NaN
1879.2,0.94227,0.24433,15.058
1879.4,0.94283,0.24524,15.058
1879.6,0.94301,0.24183,15.058
1880,0.94126,0.24375,15.058
1880,0.94094,0.24234,15.058
1880.3,0.94303,0.24303,15.058
1880.4,0.94237,0.24195,15.058
1880.8,0.94075,0.24191,15.058
1880.9,0.94443,0.24382,NaN
1881,0.94119,0.24283,15.058
1881.2,0.94218,0.24186,15.058
1881.6,0.94326,0.24264,15.058
1881.6,0.94239,0.24362,NaN
1881.8,0.93851,0.243,15.058
1882,0.93974,0.24205,15.058
1882.3,0.9426,0.24202,15.058
1882.4,0.941,0.24281,15.058
1882.7,0.93978,0.24152,15.058
1882.8,0.94292,0.24208,15.058
1883.1,0.94306,0.24255,15.058
1883.2,0.9431,0.24255,15.058
1883.4,0.94198,0.24314,15.058
1883.8,0.94045,0.24248,15.058
1883.9,0.94148,0.24282,NaN
1884,0.94147,0.24272,15.058
1884.2,0.93987,0.24301,15.058
1884.6,0.94245,0.24259,15.059
1884.6,0.94222,0.24223,NaN
1884.8,0.94065,0.24206,15.059
1885,0.94261,0.2437,15.059
1885.3,0.9423,0.24379,15.059
1885.5,0.94118,0.24283,NaN
1885.7,0.93899,0.24388,15.06
1885.8,0.94193,0.24365,15.06
1886.3,0.94087,0.24296,15.06
1886.3,0.94286,0.2428,15.06
1886.4,0.9415,0.24257,15.06
1886.7,0.94297,0.24328,15.06
1886.9,0.94277,0.24222,15.06
1887.1,0.94324,0.24288,15.06
1887.3,0.94094,0.244,15.061
1887.4,0.94234,0.24274,15.061
1887.8,0.94282,0.24231,15.061
1887.9,0.94052,0.24446,NaN
1888,0.94072,0.24355,15.061
1888.2,0.94296,0.24384,15.062
1888.7,0.94268,0.24309,15.062
1888.7,0.94215,0.24338,NaN
1888.8,0.94304,0.24275,15.062
1889,0.94359,0.2437,15.062
1889.2,0.94173,0.2437,15.062
1889.5,0.94304,0.24361,15.063
1889.6,0.94214,0.24439,15.063
1889.8,0.94149,0.24425,15.063
1890,0.94177,0.24339,15.063
1890.4,0.94409,0.24396,15.063
1890.4,0.94309,0.243,NaN
1890.7,0.94195,0.24292,15.063
1890.8,0.94233,0.24308,15.063
1891.2,0.94188,0.24301,15.063
1891.2,0.94143,0.24264,15.064
1891.4,0.94248,0.24372,15.064
1891.7,0.9424,0.24302,15.064
1891.9,0.94207,0.24223,15.064
1892,0.94063,0.24262,15.064
1892.2,0.94161,0.24493,15.064
1892.7,0.94159,0.24262,15.065
1892.7,0.94268,0.24412,NaN
1892.8,0.94329,0.2432,15.065
1893,0.94281,0.24287,15.065
1893.2,0.94272,0.24272,15.065
1893.5,0.94225,0.24363,15.066
1893.6,0.94261,0.24358,NaN
1893.9,0.94215,0.24362,15.066
1894.1,0.94276,0.24248,15.066
1894.4,0.94219,0.2424,15.066
1894.4,0.94302,0.24391,NaN
1894.6,0.94195,0.24363,15.067
1894.9,0.94308,0.24241,15.067
1895.2,0.9411,0.24299,15.067
1895.2,0.94402,0.24355,15.067
1895.5,0.94368,0.24272,15.067
1895.6,0.94317,0.24294,15.067
1895.9,0.94264,0.24257,15.067
1896.1,0.93978,0.24285,15.067
1896.2,0.94245,0.24214,15.067
1896.4,0.9417,0.24397,15.067
1896.7,0.94038,0.24242,15.068
1896.9,0.9425,0.24438,15.068
1897.1,0.94208,0.24373,15.068
1897.2,0.94357,0.24342,15.069
1897.6,0.9413,0.24218,15.069
1897.6,0.94336,0.24366,15.07
1897.9,0.94407,0.24477,15.07
1898,0.94264,0.24333,15.07
1898.4,0.94229,0.24326,15.071
1898.5,0.9424,0.24379,NaN
1898.7,0.94032,0.24372,15.071
1898.8,0.94299,0.24489,15.071
1899.3,0.94254,0.24345,15.071
1899.3,0.94306,0.24444,NaN
1899.4,0.94198,0.24242,15.071
1899.7,0.9387,0.24448,15.071
1900,0.94304,0.24293,15.072
1900.1,0.94215,0.24518,NaN
1900.2,0.94268,0.24397,15.072
1900.4,0.94191,0.24388,15.072
1900.8,0.94471,0.24394,15.072
1900.9,0.94244,0.24355,NaN
1901,0.94397,0.24406,15.072
1901.3,0.94314,0.24377,15.072
1901.7,0.94201,0.24383,15.072
1901.7,0.94034,0.24347,NaN
1901.9,0.94278,0.24393,15.072
1902,0.94263,0.24375,15.072
1902.5,0.94253,0.24355,15.072
1902.5,0.94112,0.24434,NaN
1902.6,0.94339,0.24334,15.073
1902.9,0.94402,0.24394,15.073
1903,0.94155,0.24381,15.073
1903.5,0.94182,0.24378,15.073
1903.5,0.94148,0.24276,NaN
1903.6,0.943,0.24356,15.074
1903.8,0.9417,0.24444,15.074
1904,0.94166,0.24522,15.074
1904.4,0.94086,0.2433,15.074
1904.5,0.94187,0.24457,15.074
1904.7,0.94407,0.24489,15.075
1904.8,0.94231,0.24344,15.075
1905.2,0.94229,0.24321,15.075
1905.2,0.94014,0.24456,NaN
1905.4,0.94255,0.24516,15.075
1905.6,0.94261,0.24473,15.075
1906,0.94134,0.24409,15.075
1906.1,0.943,0.24535,NaN
1906.3,0.9418,0.24326,15.076
1906.5,0.9428,0.24429,15.076
1906.6,0.94233,0.24424,15.076
1906.9,0.93957,0.24437,15.076
1907,0.94237,0.24576,15.076
1907.2,0.94157,0.24417,15.077
1907.4,0.94306,0.24377,15.077
1907.8,0.94245,0.24595,15.077
1907.9,0.94328,0.24598,NaN
1908.1,0.94374,0.24473,15.077
1908.2,0.94306,0.24421,15.078
1908.6,0.94566,0.24502,15.078
1908.6,0.94298,0.24429,NaN
1908.9,0.94261,0.24523,15.078
1909,0.94277,0.2435,15.078
1909.5,0.94372,0.24482,15.078
1909.5,0.94118,0.24585,NaN
1909.7,0.94319,0.24435,15.078
1909.8,0.94317,0.24429,15.078
1910.3,0.94314,0.24427,15.078
1910.3,0.943,0.24408,NaN
1910.4,0.94189,0.2444,15.079
1910.6,0.94198,0.24397,15.079
1910.8,0.94266,0.24488,15.079
1911.1,0.94048,0.24434,15.079
1911.3,0.94315,0.24618,15.079
1911.4,0.94163,0.2455,15.079
1911.6,0.9432,0.24494,15.08
1911.9,0.9436,0.24513,15.08
1912.1,0.94224,0.24406,15.08
1912.2,0.94033,0.24525,15.08
1912.5,0.94162,0.24478,15.081
1912.8,0.94253,0.24509,15.082
1912.8,0.94076,0.24393,NaN
1913.1,0.9426,0.24478,15.082
1913.2,0.9435,0.24516,15.082
1913.5,0.94216,0.24554,15.082
1913.6,0.94401,0.24442,15.083
1913.8,0.94366,0.24486,15.083
1914.1,0.94327,0.24557,15.083
1914.3,0.94586,0.24517,15.083
1914.4,0.94265,0.2455,NaN
1914.7,0.94341,0.24448,15.083
1914.8,0.94218,0.24502,15.083
1915.1,0.94245,0.24495,15.083
1915.2,0.94185,0.24542,15.083
1915.4,0.94191,0.24441,15.083
1915.6,0.9421,0.24468,15.083
1915.9,0.9418,0.24499,15.083
1916.1,0.94136,0.2444,15.083
1916.2,0.94341,0.24568,15.083
1916.5,0.9397,0.24416,15.083
1916.7,0.94251,0.24518,15.084
1916.8,0.94152,0.24501,15.084
1917,0.94323,0.24573,15.084
1917.3,0.94183,0.24606,15.084
1917.6,0.94324,0.24591,15.084
1917.7,0.94136,0.24471,NaN
1917.8,0.94098,0.24476,15.084
1918,0.94344,0.24488,15.085
1918.5,0.94305,0.24594,15.085
1918.5,0.94061,0.2455,NaN
1918.6,0.94226,0.24541,15.085
1918.9,0.94192,0.24485,15.085
1919.3,0.94175,0.24478,15.086
1919.4,0.94323,0.24489,NaN
1919.4,0.9416,0.24503,NaN
1919.6,0.94285,0.24355,15.086
1919.8,0.94409,0.24665,15.086
1920.2,0.94162,0.24556,15.086
1920.2,0.94248,0.24602,NaN
1920.5,0.94111,0.2441,15.086
1920.6,0.94283,0.24416,15.086
1920.9,0.9447,0.24586,15.086
1921,0.94173,0.24578,15.086
1921.2,0.94191,0.24448,15.086
1921.5,0.94173,0.2454,15.086
1921.8,0.94394,0.2446,15.086
1921.8,0.94128,0.24444,15.086
1922,0.94143,0.24453,15.086
1922.2,0.94308,0.24465,15.086
1922.6,0.9416,0.24554,15.086
1922.6,0.94182,0.24569,NaN
1922.9,0.9421,0.2454,15.086
1923.1,0.94318,0.24364,15.086
1923.3,0.94497,0.24575,15.086
1923.4,0.94151,0.24549,15.086
1923.7,0.9435,0.24509,15.086
1923.8,0.94178,0.24481,15.086
1924.1,0.94323,0.24355,15.086
1924.2,0.94236,0.24311,15.086
1924.4,0.94102,0.24564,15.086
1924.6,0.93939,0.24655,15.087
1924.8,0.94145,0.24433,15.087
1925,0.9416,0.24478,15.087
1925.2,0.94102,0.24416,15.087
1925.4,0.94365,0.24416,15.087
1925.7,0.94408,0.24442,15.087
1925.9,0.94189,0.24445,15.087
1926,0.94283,0.24468,15.087
1926.2,0.9411,0.24468,15.087
1926.7,0.94183,0.24476,15.087
1926.7,0.94229,0.24375,NaN
1926.8,0.94277,0.24435,15.087
1927,0.94216,0.24495,15.087
1927.4,0.94276,0.2461,15.087
1927.5,0.94174,0.24526,NaN
1927.6,0.94294,0.24389,15.087
1927.8,0.94061,0.24604,15.087
1928.2,0.94172,0.24575,15.087
1928.3,0.94207,0.24583,NaN
1928.4,0.94391,0.24482,15.087
1928.6,0.94196,0.24413,15.087
1929,0.94064,0.24414,15.087
1929.1,0.94323,0.24446,15.087
1929.2,0.94356,0.24423,15.087
1929.5,0.94239,0.24458,15.087
1929.7,0.9414,0.24418,15.087
1929.8,0.94173,0.24429,15.087
1930,0.94342,0.24367,15.087
1930.2,0.94209,0.24472,15.087
1930.6,0.9431,0.24363,15.087
1930.6,0.94224,0.24387,NaN
1930.9,0.94238,0.2452,15.087
1931,0.94208,0.24507,15.087
1931.3,0.94153,0.24367,15.087
1931.4,0.94014,0.24555,15.087
1931.6,0.94267,0.24455,15.087
1932.1,0.94239,0.24573,15.087
1932.1,0.94092,0.24498,NaN
1932.2,0.94365,0.24392,15.087
1932.4,0.94179,0.24387,15.087
1932.8,0.94407,0.24513,15.088
1932.9,0.94168,0.24467,NaN
1933,0.93997,0.24414,15.088
1933.2,0.94089,0.24347,15.088
1933.6,0.94177,0.24528,15.088
1933.7,0.9416,0.24403,NaN
1933.8,0.94231,0.24467,15.089
1934,0.94138,0.24229,15.089
1934.4,0.94318,0.24391,15.089
1934.5,0.94154,0.24472,NaN
1934.7,0.9419,0.24428,15.089
1934.9,0.94224,0.24391,15.09
1935,0.94211,0.24574,15.09
1935.5,0.94211,0.24451,15.09
1935.5,0.94133,0.24433,NaN
1935.6,0.94207,0.24637,15.09
1935.8,0.94109,0.24458,15.09
1936.3,0.94178,0.24461,15.09
1936.3,0.94278,0.2447,NaN
1936.4,0.94361,0.24485,15.09
1936.7,0.94233,0.24562,15.091
1937,0.94186,0.24597,15.091
1937.1,0.94254,0.24473,NaN
1937.2,0.94276,0.24537,15.091
1937.4,0.94243,0.24457,15.091
1937.8,0.94184,0.24505,15.091
1937.8,0.94068,0.24592,NaN
1938.1,0.94267,0.24535,15.091
1938.2,0.9421,0.24529,15.092
1938.6,0.94211,0.24537,15.092
1938.6,0.94279,0.24469,NaN
1938.8,0.94159,0.24552,15.092
1939,0.94495,0.24489,15.092
1939.4,0.94138,0.24535,15.092
1939.5,0.94055,0.24396,NaN
1939.7,0.94251,0.2442,15.093
1939.8,0.94271,0.24542,15.093
1940.3,0.94294,0.2438,15.093
1940.3,0.94317,0.24465,NaN
1940.4,0.9428,0.24342,15.094
1940.6,0.94124,0.24343,15.094
1940.8,0.94329,0.24477,15.094
1941.2,0.9426,0.24612,15.095
1941.2,0.94182,0.24568,15.095
1941.4,0.93998,0.24583,15.095
1941.6,0.94201,0.24389,15.096
1941.9,0.9425,0.24438,15.096
1942,0.94351,0.24463,15.096
1942.3,0.942,0.24561,15.096
1942.4,0.94157,0.24434,15.096
1942.8,0.94463,0.24374,15.096
1942.8,0.94205,0.24502,NaN
1943,0.94338,0.24562,15.096
1943.3,0.94226,0.245,15.096
1943.7,0.94019,0.24461,15.096
1943.7,0.94383,0.24437,NaN
1943.8,0.94386,0.24553,15.096
1944,0.94246,0.24363,15.096
1944.5,0.94237,0.24431,15.096
1944.5,0.94217,0.24394,15.096
1944.6,0.9416,0.24466,15.096
1944.8,0.94208,0.24409,15.096
1945,0.94335,0.24441,15.096
1945.4,0.94279,0.24446,15.097
1945.4,0.94213,0.24488,NaN
1945.6,0.94357,0.24484,15.097
1945.8,0.94123,0.24469,15.097
1946.1,0.94234,0.2456,15.098
1946.2,0.94084,0.24503,NaN
1946.5,0.93947,0.24592,15.098
1946.7,0.94157,0.24488,15.098
1947,0.94257,0.24455,15.098
1947.1,0.9425,0.24572,15.098
1947.2,0.94096,0.24444,15.098
1947.5,0.94276,0.24552,15.098
1947.8,0.94303,0.24507,15.099
1947.9,0.94178,0.24531,15.099
1948,0.94247,0.2462,15.099
1948.2,0.94263,0.24443,15.099
1948.5,0.94347,0.24632,15.1
1948.6,0.93914,0.24526,15.1
1948.8,0.93888,0.24538,15.1
1949.1,0.94129,0.24482,15.1
1949.3,0.94128,0.24495,15.1
1949.4,0.94369,0.24495,15.1
1949.6,0.94211,0.24474,15.1
1949.9,0.94285,0.24647,15.101
1950.2,0.94508,0.24611,15.101
1950.2,0.94081,0.24619,15.101
1950.4,0.944,0.24572,15.101
1950.6,0.94407,0.24546,15.101
1951,0.94226,0.2454,15.101
1951,0.94085,0.24494,NaN
1951.3,0.94229,0.24531,15.101
1951.4,0.94438,0.24517,15.101
1951.6,0.94152,0.24628,15.101
1951.9,0.94334,0.24565,15.101
1952,0.94345,0.24519,15.102
1952.2,0.94071,0.24555,15.102
1952.7,0.94335,0.24576,15.102
1952.7,0.94173,0.24538,NaN
1952.9,0.94202,0.24557,15.102
1953,0.94221,0.24578,15.102
1953.4,0.94268,0.2465,15.102
1953.5,0.94213,0.24585,NaN
1953.7,0.94606,0.24504,15.103
1953.8,0.94115,0.24511,15.103
1954.3,0.94256,0.24478,15.103
1954.3,0.94392,0.24501,NaN
1954.4,0.94094,0.24628,15.103
1954.6,0.94204,0.24556,15.103
1955,0.94347,0.24622,15.104
1955,0.94104,0.24627,NaN
1955.3,0.94244,0.24597,15.104
1955.4,0.94237,0.24633,15.104
1955.8,0.9405,0.24618,15.104
1955.9,0.94273,0.24653,15.104
1956,0.9414,0.24485,15.104
1956.3,0.94364,0.24589,15.105
1956.6,0.94188,0.2461,15.105
1956.6,0.94178,0.24512,NaN
1956.9,0.94279,0.24465,15.105
1957,0.94199,0.24759,15.105
1957.5,0.9444,0.24582,15.105
1957.5,0.94187,0.24613,NaN
1957.6,0.94383,0.24556,15.105
1957.9,0.94294,0.24506,15.105
1958.1,0.94539,0.24607,15.105
1958.5,0.94011,0.24581,15.105
1958.5,0.94058,0.24579,NaN
1958.6,0.94303,0.24435,15.105
1958.9,0.94136,0.24506,15.105
1959.3,0.9423,0.24613,15.105
1959.3,0.94205,0.2451,NaN
1959.5,0.94213,0.24592,15.106
1959.6,0.94191,0.24583,15.106
1959.8,0.94339,0.24628,15.106
1960.2,0.94269,0.24507,15.107
1960.3,0.943,0.24534,NaN
1960.5,0.943,0.24545,15.107
1960.6,0.94207,0.24464,15.108
1961,0.94175,0.24659,15.108
1961.1,0.94141,0.24575,NaN
1961.3,0.94121,0.24629,15.108
1961.4,0.94126,0.24526,15.109
1961.6,0.94284,0.24626,15.109
1961.9,0.94266,0.2456,15.109
1962.1,0.9423,0.24665,15.109
1962.2,0.94328,0.24628,15.109
1962.8,0.94344,0.24528,15.109
1962.8,0.94218,0.24606,15.109
1962.8,0.94203,0.2451,NaN
1963,0.93966,0.24587,15.109
1963.3,0.9436,0.24502,15.109
1963.6,0.94279,0.24645,15.109
1963.6,0.94297,0.24569,NaN
1963.8,0.9425,0.24476,15.109
1964.3,0.94292,0.24643,15.109
1964.4,0.94257,0.24669,NaN
1964.4,0.94211,0.24652,15.109
1964.6,0.94416,0.24632,15.109
1964.8,0.94198,0.24623,15.109
1965.2,0.94174,0.24706,15.109
1965.3,0.94091,0.24634,15.109
1965.5,0.94305,0.24515,15.109
1965.6,0.943,0.24493,15.109
1965.9,0.94134,0.24639,15.11
1966.1,0.94295,0.24675,15.11
1966.3,0.94155,0.24505,NaN
1966.5,0.94188,0.24695,15.11
1966.6,0.94178,0.24572,15.11
1966.9,0.94359,0.24614,15.11
1967.1,0.94125,0.24628,15.11
1967.2,0.94221,0.24552,15.11
1967.4,0.94319,0.24583,15.11
1967.8,0.94411,0.24677,15.11
1967.9,0.94295,0.2456,NaN
1968,0.94248,0.24651,15.11
1968.2,0.9414,0.24503,15.11
1968.7,0.94344,0.24528,15.11
1968.7,0.94417,0.24538,NaN
1968.9,0.94156,0.24613,15.11
1969,0.94403,0.24643,15.11
1969.5,0.9442,0.24471,15.11
1969.5,0.94343,0.24557,NaN
1969.6,0.94044,0.24527,15.11
1969.8,0.94213,0.2464,15.11
1970.3,0.94179,0.2457,15.11
1970.3,0.94163,0.24647,NaN
1970.4,0.94245,0.24557,15.11
1970.6,0.94345,0.24492,15.111
1971.1,0.94271,0.24555,15.111
1971.1,0.9423,0.24624,NaN
1971.2,0.94323,0.24586,15.111
1971.4,0.94209,0.2462,15.111
1971.9,0.94245,0.24501,15.111
1971.9,0.94181,0.24702,NaN
1972.1,0.94157,0.24609,15.111
1972.2,0.9417,0.24624,15.111
1972.4,0.94473,0.24484,15.111
1972.8,0.94333,0.24548,15.111
1972.8,0.94209,0.24449,15.111
1973,0.94344,0.24499,15.111
1973.2,0.94262,0.24572,15.111
1973.5,0.94391,0.24532,15.111
1973.6,0.94259,0.24512,15.111
1973.9,0.94093,0.24574,15.111
1974,0.94388,0.24534,15.111
1974.2,0.94324,0.24589,15.111
1974.5,0.94194,0.24695,15.111
1974.7,0.94224,0.24569,15.111
1974.8,0.94018,0.24584,15.111
1975,0.94321,0.24539,15.111
1975.4,0.94227,0.2458,15.111
1975.4,0.94395,0.24665,15.111
1975.7,0.9427,0.24573,15.111
1975.8,0.94204,0.24508,15.111
1976.2,0.94088,0.24563,15.111
1976.2,0.9437,0.2471,NaN
1976.4,0.9426,0.24606,15.111
1976.6,0.94509,0.24557,15.111
1977,0.94273,0.24415,15.111
1977,0.94292,0.24458,NaN
1977.3,0.94285,0.24533,15.111
1977.5,0.94299,0.24547,15.111
1977.8,0.94172,0.24642,15.111
1977.9,0.94092,0.24552,15.111
1978.1,0.94195,0.24534,15.111
1978.3,0.94302,0.24482,15.111
1978.6,0.94342,0.24527,15.111
1978.6,0.94073,0.24606,15.111
1978.9,0.94085,0.24488,15.111
1979,0.9436,0.2448,15.111
1979.4,0.94155,0.24522,15.111
1979.4,0.94243,0.24559,NaN
1979.6,0.94196,0.24558,15.111
1979.8,0.94173,0.24564,15.111
1980.3,0.94157,0.24465,15.111
1980.3,0.94226,0.24495,NaN
1980.4,0.94325,0.24464,15.111
1980.7,0.9397,0.24534,15.111
1980.8,0.94057,0.2445,15.111
1981.2,0.94274,0.24547,15.111
1981.2,0.94208,0.24394,NaN
1981.5,0.94308,0.2453,15.111
1981.6,0.94304,0.24439,15.111
1981.8,0.94096,0.24532,15.111
1982.1,0.94143,0.24442,15.111
1982.2,0.94326,0.24466,15.111
1982.4,0.94459,0.24446,15.111
1982.6,0.94223,0.24457,15.111
1983,0.94238,0.24514,15.111
1983,0.94187,0.24542,NaN
1983.3,0.94165,0.24475,15.111
1983.4,0.94337,0.24525,15.111
1983.8,0.94169,0.24294,15.111
1983.8,0.94223,0.24513,NaN
1984,0.94251,0.24492,15.111
1984.2,0.94196,0.24557,15.112
1984.6,0.94128,0.24361,15.112
1984.6,0.94182,0.24508,15.112
1984.8,0.94165,0.2448,15.112
1985.1,0.94162,0.24614,15.113
1985.3,0.94086,0.24537,15.113
1985.4,0.94147,0.24357,15.113
1985.7,0.9421,0.24496,15.113
1985.8,0.94266,0.24321,15.113
1986.2,0.9446,0.24584,15.114
1986.2,0.94334,0.24488,NaN
1986.5,0.94129,0.24562,15.114
1986.6,0.94244,0.24487,15.114
1987,0.94175,0.24535,15.114
1987,0.94123,0.24549,15.114
1987.2,0.94379,0.24551,15.114
1987.4,0.9433,0.24507,15.114
1987.8,0.94316,0.24499,15.114
1987.8,0.94063,0.24519,NaN
1988,0.94314,0.24465,15.114
1988.2,0.94011,0.24592,15.115
1988.7,0.94174,0.2449,15.115
1988.7,0.94202,0.24575,NaN
1988.9,0.94141,0.2444,15.115
1989,0.94067,0.24458,15.115
1989.2,0.94138,0.24599,15.116
1989.7,0.94282,0.24552,15.116
1989.7,0.94177,0.24603,NaN
1989.8,0.9426,0.24481,15.116
1990,0.94253,0.24436,15.117
1990.5,0.94087,0.24485,15.117
1990.6,0.94149,0.24425,NaN
1990.6,0.94142,0.24501,15.117
1990.8,0.94126,0.24408,15.117
1991,0.94044,0.24559,15.117
1991.4,0.94284,0.24433,15.118
1991.4,0.9417,0.24567,NaN
1991.6,0.94395,0.24483,15.118
1991.9,0.94389,0.24567,15.118
1992,0.94281,0.24553,15.118
1992.4,0.94243,0.24486,15.118
1992.5,0.94272,0.24522,NaN
1992.6,0.94206,0.24588,15.118
1992.9,0.94089,0.24562,15.118
1993.3,0.94339,0.24572,15.119
1993.3,0.94209,0.24564,NaN
1993.5,0.94367,0.24547,15.119
1993.6,0.94416,0.24482,15.12
1993.8,0.94161,0.2456,15.12
1994.1,0.94271,0.24565,15.12
1994.2,0.94263,0.24452,15.12
1994.4,0.94311,0.2448,15.12
1994.7,0.94276,0.24521,15.12
1994.9,0.94257,0.24406,15.121
1995,0.94376,0.24556,NaN
1995.2,0.94301,0.24608,15.121
1995.4,0.94088,0.24545,15.121
1995.8,0.94447,0.24495,15.121
1995.9,0.94457,0.24505,NaN
1996.1,0.94273,0.24512,15.121
1996.2,0.94202,0.24397,15.121
1996.6,0.9412,0.24531,15.122
1996.7,0.94275,0.24501,NaN
1996.9,0.94045,0.2462,15.122
1997,0.93957,0.24542,15.122
1997.4,0.94121,0.24474,15.122
1997.5,0.94152,0.24476,NaN
1997.6,0.94118,0.24444,15.122
1997.8,0.94394,0.24498,15.122
1998.2,0.9424,0.24424,15.122
1998.3,0.94265,0.24669,NaN
1998.5,0.94243,0.24522,15.123
1998.6,0.94275,0.24606,15.123
1999,0.94399,0.24643,15.123
1999,0.94138,0.24647,NaN
1999.2,0.9429,0.24516,15.123
1999.5,0.94241,0.24523,15.123
1999.9,0.94358,0.24609,15.124
1999.9,0.94271,0.2457,NaN
2000.1,0.94017,0.24579,15.124
2000.2,0.94282,0.24542,15.124
2000.4,0.94377,0.24686,15.124
2000.8,0.94293,0.24625,15.125
2000.9,0.94326,0.24693,15.125
2001,0.94493,0.24715,15.125
2001.3,0.94471,0.24639,15.125
2001.5,0.94287,0.2467,15.125
2001.9,0.94531,0.24566,15.125
2001.9,0.94206,0.24592,NaN
2002.1,0.94214,0.24501,15.125
2002.2,0.94182,0.24636,15.125
2002.7,0.94318,0.24736,15.126
2002.7,0.94401,0.2456,NaN
2002.8,0.94404,0.24662,15.126
2003.1,0.94451,0.24669,15.126
2003.5,0.9406,0.24572,15.127
2003.5,0.94252,0.24658,NaN
2003.6,0.94312,0.2465,15.127
2003.8,0.94038,0.24649,15.127
2004,0.94193,0.24614,15.127
2004.4,0.94227,0.24549,15.128
2004.4,0.94235,0.24699,NaN
2004.7,0.9444,0.24633,15.128
2004.8,0.94329,0.24678,15.128
2005.2,0.94338,0.24609,15.129
2005.2,0.9433,0.24751,15.129
2005.4,0.94251,0.24629,15.129
2005.6,0.94197,0.24515,15.129
2006,0.94064,0.24597,15.129
2006,0.94254,0.24724,NaN
2006.2,0.94202,0.24558,15.129
2006.5,0.94169,0.24628,15.129
2006.8,0.94199,0.2458,15.13
2006.9,0.94122,0.24511,NaN
2007,0.94314,0.24572,15.13
2007.2,0.94081,0.24676,15.13
2007.6,0.94187,0.24688,15.13
2007.7,0.94266,0.24628,NaN
2007.8,0.94024,0.24568,15.13
2008.1,0.94325,0.24651,15.13
2008.5,0.94215,0.24661,15.131
2008.5,0.94077,0.24657,NaN
2008.6,0.94361,0.24639,15.131
2008.8,0.94099,0.24622,15.131
2009,0.94353,0.24608,15.132
2009.4,0.94236,0.246,15.132
2009.5,0.94355,0.24771,NaN
2009.7,0.94125,0.24757,15.133
2009.8,0.94258,0.24643,15.133
2010.3,0.94028,0.2464,15.133
2010.3,0.94223,0.24724,NaN
2010.4,0.94505,0.24512,15.133
2010.6,0.94351,0.24751,15.133
2010.9,0.94347,0.24635,15.133
2011.2,0.94362,0.24485,15.133
2011.3,0.94411,0.24631,NaN
2011.5,0.94051,0.2469,15.133
2011.6,0.94191,0.24628,15.134
2012,0.94432,0.2472,15.134
2012,0.94331,0.24666,NaN
2012.2,0.94227,0.24741,15.134
2012.5,0.94307,0.24577,15.134
2012.8,0.94121,0.24715,15.134
2012.9,0.9429,0.24665,NaN
2013,0.94406,0.24561,15.134
2013.2,0.94228,0.24708,15.134
2013.6,0.94399,0.24783,15.134
2013.6,0.94316,0.24696,15.134
2013.8,0.94196,0.24685,15.134
2014,0.94301,0.24728,15.134
2014.4,0.94442,0.2477,15.134
2014.4,0.94313,0.24757,NaN
2014.6,0.94258,0.24734,15.134
2014.8,0.93935,0.24721,15.135
2015.2,0.94449,0.24632,15.135
2015.2,0.94072,0.24767,NaN
2015.5,0.94066,0.24633,15.135
2015.6,0.94295,0.24629,15.135
2016,0.94171,0.24628,15.136
2016.1,0.94374,0.24669,NaN
2016.2,0.9412,0.24662,15.136
2016.5,0.94221,0.24674,15.136
2016.8,0.94305,0.24611,15.136
2016.9,0.94286,0.2471,NaN
2017,0.94305,0.24707,15.136
2017.3,0.94248,0.24523,15.137
2017.7,0.9402,0.24541,15.137
2017.7,0.94169,0.24645,NaN
2017.8,0.94156,0.24601,15.137
2018.1,0.94306,0.24638,15.137
2018.2,0.94307,0.24775,15.137
2018.6,0.94244,0.24614,15.137
2018.7,0.9428,0.24606,NaN
2018.9,0.94225,0.24657,15.137
2019,0.94315,0.24662,15.137
2019.2,0.94348,0.24656,15.137
2019.7,0.94218,0.24681,15.137
2019.7,0.9424,0.24686,NaN
2019.9,0.94246,0.24597,15.137
2020.1,0.94325,0.24731,15.137
2020.5,0.94303,0.24688,15.137
2020.5,0.94205,0.24746,NaN
2020.6,0.94282,0.24675,15.137
2020.8,0.94256,0.24646,15.137
2021.3,0.9424,0.24796,15.138
2021.3,0.94349,0.2461,NaN
2021.4,0.94279,0.24741,15.138
2021.6,0.94177,0.2467,15.138
2022.1,0.94266,0.24656,15.138
2022.1,0.94199,0.24685,NaN
2022.2,0.943,0.24619,15.138
2022.4,0.94331,0.24629,15.138
2022.6,0.94396,0.24696,15.138
2022.9,0.94294,0.24594,15.138
2023.1,0.94224,0.24664,15.138
2023.3,0.941,0.24687,15.138
2023.4,0.94121,0.24632,15.138
2023.9,0.94193,0.24642,15.138
2023.9,0.94229,0.24646,NaN
2024,0.94299,0.24755,15.138
2024.2,0.94198,0.24588,15.138
2024.4,0.94217,0.24641,15.138
2024.7,0.94239,0.24758,15.138
2024.8,0.94128,0.24576,15.138
2025,0.94154,0.24681,15.138
2025.3,0.94455,0.24683,15.138
2025.6,0.94143,0.24667,15.138
2025.6,0.94173,0.24715,NaN
2025.8,0.94211,0.24681,15.138
2026,0.94274,0.24848,15.138
2026.5,0.94175,0.24644,15.138
2026.5,0.94357,0.24638,NaN
2026.6,0.94424,0.24669,15.138
2026.8,0.94319,0.24708,15.138
2027,0.94342,0.24534,15.138
2027.3,0.94151,0.24595,15.138
2027.4,0.94334,0.24587,NaN
2027.6,0.94235,0.24733,15.138
2027.8,0.94332,0.24705,15.138
2028.1,0.94213,0.2476,15.138
2028.3,0.94208,0.24748,15.138
2028.4,0.94289,0.2463,15.138
2028.6,0.94247,0.24628,15.138
2028.9,0.94251,0.24679,15.138
2029,0.94282,0.24726,15.138
2029.3,0.94156,0.24637,15.138
2029.5,0.94399,0.24739,15.138
2029.8,0.94173,0.24761,15.138
2029.9,0.94322,0.24618,15.138
2030,0.94259,0.24634,15.138
2030.3,0.94339,0.24675,15.139
2030.6,0.94394,0.24643,15.139
2030.6,0.9424,0.24598,15.139
2030.9,0.94228,0.24656,15.139
2031,0.94306,0.24648,15.139
2031.5,0.94321,0.24522,15.14
2031.5,0.94391,0.24615,NaN
2031.6,0.94303,0.24652,15.14
2031.8,0.94348,0.24669,15.14
2032.3,0.94271,0.24748,15.14
2032.3,0.94347,0.2467,NaN
2032.4,0.94136,0.24671,15.141
2032.6,0.94205,0.24718,15.141
2033,0.94022,0.24637,15.141
2033.1,0.94131,0.24637,NaN
2033.3,0.94558,0.24686,15.142
2033.4,0.94216,0.24645,15.142
2033.8,0.9417,0.24753,15.142
2033.9,0.94151,0.24693,NaN
2034.1,0.94119,0.24679,15.142
2034.2,0.94311,0.24839,15.143
2034.7,0.94285,0.24649,15.143
2034.7,0.94174,0.24731,NaN
2034.9,0.94112,0.24708,15.143
2035,0.94177,0.24679,15.143
2035.5,0.94073,0.24716,15.144
2035.5,0.94106,0.2465,NaN
2035.6,0.94027,0.24712,15.144
2035.8,0.94344,0.2471,15.144
2036,0.94339,0.24755,15.145
2036.2,0.94334,0.24583,15.145
2036.5,0.94428,0.24781,15.145
2036.6,0.94236,0.2462,15.145
2036.8,0.94245,0.2464,15.145
2037,0.9425,0.24728,15.145
2037.3,0.94131,0.24772,15.146
2037.4,0.9449,0.24662,15.146
2037.6,0.94241,0.24665,15.146
2037.8,0.9428,0.24739,15.146
2038.2,0.94221,0.24617,15.146
2038.3,0.94267,0.24713,NaN
2038.5,0.94173,0.24714,15.146
2038.6,0.94209,0.247,15.146
2039,0.94183,0.24648,15.146
2039.1,0.94299,0.24723,NaN
2039.2,0.94239,0.2471,15.146
2039.4,0.94255,0.2464,15.147
2039.7,0.94287,0.24593,15.147
2040,0.94195,0.2455,15.147
2040.1,0.94219,0.24628,15.147
2040.2,0.94064,0.24676,15.147
2040.4,0.9423,0.24739,15.147
2040.8,0.94101,0.2458,15.147
2040.8,0.94215,0.24572,NaN
2041.1,0.9434,0.24601,15.147
2041.2,0.94196,0.24557,15.147
2041.7,0.94248,0.24624,15.148
2041.7,0.94051,0.24712,NaN
2041.8,0.94238,0.24619,15.148
2042.1,0.94146,0.24692,15.148
2042.3,0.94428,0.24727,15.148
2042.6,0.94233,0.24605,15.149
2042.6,0.9423,0.24704,NaN
2042.9,0.94243,0.24676,15.149
2043.1,0.94176,0.24705,15.149
2043.5,0.94113,0.247,15.149
2043.5,0.94278,0.24796,NaN
2043.7,0.94387,0.24577,15.149
2043.8,0.94251,0.24682,15.15
2044,0.94235,0.24631,15.15
2044.5,0.9427,0.2467,15.15
2044.5,0.94242,0.24682,NaN
2044.7,0.94305,0.24806,15.15
2044.8,0.94398,0.2478,15.15
2045.3,0.94368,0.24815,15.15
2045.3,0.94053,0.24577,NaN
2045.4,0.9434,0.2469,15.15
2045.7,0.94164,0.24785,15.15
2045.8,0.94282,0.24581,15.15
2046.3,0.94439,0.2472,15.151
2046.3,0.9415,0.24701,NaN
2046.4,0.94281,0.24741,15.151
2046.6,0.94303,0.24549,15.151
2047.1,0.94218,0.24821,15.152
2047.1,0.9427,0.24772,NaN
2047.2,0.9419,0.24855,15.152
2047.4,0.94343,0.24827,15.152
2047.7,0.94275,0.2478,15.152
2048,0.943,0.24778,15.152
2048,0.94314,0.24943,NaN
2048.2,0.94172,0.24713,15.153
2048.5,0.94361,0.24722,15.153
2048.7,0.94193,0.24664,15.153
2048.8,0.94358,0.24799,15.153
2049.1,0.94317,0.2482,15.153
2049.2,0.94221,0.24723,15.153
2049.6,0.94349,0.24683,15.154
2049.6,0.94301,0.24839,NaN
2049.9,0.9426,0.24681,15.154
2050,0.94216,0.2483,15.154
2050.4,0.94306,0.24795,15.155
2050.5,0.94427,0.24711,NaN
2050.6,0.94437,0.24653,15.155
2050.8,0.9439,0.2465,15.155
2051.3,0.94364,0.24655,15.155
2051.3,0.94162,0.24691,15.155
2051.4,0.9427,0.24763,15.156
2051.7,0.94415,0.24793,15.156
2051.8,0.94272,0.24779,15.156
2052.1,0.94373,0.24765,15.156
2052.3,0.94394,0.24755,15.156
2052.5,0.94323,0.24721,15.157
2052.6,0.94368,0.24687,15.157
2052.9,0.9425,0.24819,15.157
2053,0.94513,0.2485,NaN
2053.2,0.942,0.24863,15.158
2053.5,0.94216,0.248,15.159
2053.8,0.94447,0.24827,15.159
2053.9,0.94238,0.2496,15.159
2054,0.94363,0.24839,15.159
2054.2,0.94477,0.24764,15.159
2054.7,0.94302,0.24741,15.159
2054.7,0.94213,0.24787,NaN
2054.8,0.9434,0.24859,15.159
2055,0.94445,0.24741,15.159
2055.2,0.9434,0.24761,15.159
2055.6,0.94231,0.24843,15.159
2055.6,0.9429,0.24714,NaN
2055.8,0.94272,0.24755,15.159
2056.1,0.94464,0.24618,15.159
2056.3,0.94301,0.24683,15.16
2056.6,0.94112,0.24759,15.16
2056.6,0.9417,0.24738,NaN
2056.9,0.94141,0.24738,15.16
2057.1,0.9433,0.24823,15.16
2057.4,0.94276,0.24854,15.16
2057.4,0.94088,0.24737,NaN
2057.6,0.94294,0.24758,15.16
2057.8,0.94194,0.24857,15.16
2058.2,0.94274,0.24908,15.16
2058.2,0.94282,0.24847,NaN
2058.4,0.94307,0.24773,15.161
2058.6,0.94333,0.24779,15.161
2059.1,0.94294,0.24803,15.161
2059.1,0.94075,0.2479,NaN
2059.2,0.94259,0.2477,15.161
2059.4,0.94126,0.24834,15.162
2059.9,0.94254,0.24784,15.162
2059.9,0.9437,0.24772,NaN
2060,0.94226,0.2482,15.162
2060.2,0.94305,0.24896,15.162
2060.5,0.94329,0.24838,15.162
2060.8,0.94145,0.24821,15.162
2060.9,0.94144,0.24892,NaN
2061.1,0.9408,0.24753,15.162
2061.2,0.94105,0.24694,15.163
2061.7,0.94413,0.24923,15.163
2061.7,0.94113,0.24758,NaN
2061.9,0.94235,0.24774,15.163
2062,0.94326,0.249,15.164
2062.5,0.94355,0.24804,15.164
2062.5,0.94223,0.24816,NaN
2062.6,0.94491,0.24749,15.164
2062.9,0.94122,0.24795,15.164
2063.1,0.94229,0.24835,15.164
2063.4,0.94094,0.24893,15.165
2063.4,0.94298,0.24907,15.165
2063.6,0.94125,0.24791,15.165
2063.9,0.94034,0.24786,15.165
2064.2,0.9421,0.24835,15.165
2064.2,0.9418,0.24853,NaN
2064.4,0.94267,0.24805,15.165
2064.7,0.94246,0.24824,15.165
2065.1,0.94201,0.24848,15.165
2065.1,0.94304,0.24898,NaN
2065.3,0.94154,0.24914,15.165
2065.5,0.9431,0.24752,15.165
2065.6,0.94335,0.24817,15.165
2065.9,0.94188,0.24734,15.166
2066.1,0.94161,0.24665,15.166
2066.3,0.94308,0.24834,15.166
2066.4,0.94442,0.24672,15.166
2066.6,0.94205,0.24824,15.166
2066.9,0.94306,0.24742,15.166
2067,0.94417,0.24629,15.166
2067.2,0.94357,0.24788,15.166
2067.4,0.94173,0.24723,15.167
2067.8,0.94171,0.24788,15.167
2067.8,0.94349,0.24799,15.167
2068,0.94212,0.24738,15.167
2068.3,0.9419,0.24758,15.167
2068.5,0.94167,0.24879,15.167
2068.6,0.94324,0.24729,15.167
2068.8,0.94056,0.24768,15.167
2069,0.94313,0.24846,15.167
2069.4,0.94431,0.24836,15.167
2069.4,0.94068,0.24896,NaN
2069.6,0.94131,0.24769,15.168
2069.9,0.9403,0.24761,15.168
2070.2,0.94253,0.24656,15.168
2070.3,0.94246,0.24754,15.168
2070.4,0.94147,0.24701,15.168
2070.7,0.943,0.24769,15.168
2071.1,0.94438,0.24899,15.168
2071.1,0.94275,0.24739,NaN
2071.2,0.9427,0.24724,NaN
2071.5,0.94274,0.24787,15.168
2071.7,0.94083,0.24768,15.168
2072,0.94301,0.24755,15.168
2072,0.94341,0.24725,NaN
2072.3,0.94325,0.24836,15.168
2072.4,0.94139,0.24752,15.168
2072.8,0.94406,0.24814,15.168
2072.9,0.94355,0.24882,15.168
2073,0.94187,0.24762,15.168
2073.2,0.9432,0.24617,15.168
2073.6,0.94289,0.24795,15.168
2073.7,0.94271,0.24859,NaN
2073.8,0.94381,0.24794,15.168
2074.1,0.94329,0.24773,15.168
2074.5,0.94164,0.24888,15.168
2074.5,0.94307,0.24801,NaN
2074.6,0.94346,0.24721,15.168
2074.9,0.94312,0.24873,15.168
2075.1,0.94135,0.24818,15.168
2075.4,0.94187,0.24877,15.168
2075.5,0.94237,0.24707,15.168
2075.6,0.94267,0.24527,15.168
2075.8,0.94183,0.24608,15.168
2076.1,0.94278,0.24787,15.168
2076.4,0.94297,0.24804,15.168
2076.4,0.94128,0.24727,NaN
2076.7,0.94193,0.2478,15.168
2076.8,0.94429,0.2475,15.168
2077.2,0.93881,0.24723,15.168
2077.2,0.94131,0.24694,15.168
2077.5,0.94096,0.24817,15.168
2077.6,0.94469,0.24767,15.168
2078,0.94162,0.24703,15.168
2078.1,0.94156,0.24698,NaN
2078.2,0.94049,0.24677,15.168
2078.5,0.94065,0.24692,15.168
2078.9,0.94249,0.24825,15.168
2078.9,0.94426,0.24722,NaN
2079,0.94194,0.24727,15.168
2079.3,0.94155,0.247,15.168
2079.5,0.94241,0.24722,15.168
2079.8,0.94279,0.24659,15.169
2079.9,0.94167,0.2476,15.169
2080,0.94342,0.24679,15.169
2080.3,0.94214,0.24729,15.169
2080.6,0.94255,0.24808,15.17
2080.6,0.94198,0.24738,NaN
2080.8,0.94094,0.24786,15.17
2081.1,0.94293,0.24662,15.171
2081.5,0.94165,0.2473,15.171
2081.5,0.94258,0.24721,NaN
2081.7,0.94362,0.24668,15.171
2081.8,0.94284,0.2472,15.171
2082.3,0.94087,0.24795,15.171
2082.3,0.94307,0.24665,15.171
2082.4,0.94211,0.24724,NaN
2082.6,0.94325,0.24773,15.172
2082.9,0.94376,0.24746,15.172
2083.1,0.94345,0.24849,15.172
2083.3,0.94449,0.24801,15.172
2083.4,0.94284,0.24614,15.172
2083.6,0.9415,0.24771,15.172
2084,0.94101,0.2477,15.172
2084,0.94214,0.24976,NaN
2084.3,0.94507,0.24902,15.172
2084.4,0.94212,0.24675,15.172
2084.8,0.94195,0.24843,15.172
2084.8,0.94415,0.24722,NaN
2085.1,0.94105,0.24764,15.172
2085.3,0.94301,0.24763,15.172
2085.4,0.94132,0.24744,15.172
2085.9,0.94214,0.24837,15.173
2085.9,0.9422,0.24695,NaN
2086,0.94252,0.2479,15.173
2086.2,0.94357,0.2486,15.173
2086.7,0.94201,0.24656,15.174
2086.7,0.9441,0.24793,NaN
2086.9,0.94009,0.24739,15.174
2087,0.94235,0.24848,15.174
2087.5,0.94228,0.24766,15.174
2087.5,0.94301,0.24691,NaN
2087.6,0.94326,0.24831,15.175
2087.8,0.94229,0.24706,15.175
2088,0.94269,0.24714,15.175
2088.3,0.94267,0.24764,15.175
2088.5,0.94123,0.24775,15.175
2088.6,0.94262,0.24697,15.175
2088.8,0.94127,0.24802,15.175
2089.2,0.94243,0.24729,15.176
2089.2,0.94404,0.24732,15.176
2089.4,0.94203,0.2475,15.176
2089.6,0.94249,0.24795,15.176
2090,0.94195,0.24717,15.176
2090.1,0.94335,0.24672,NaN
2090.2,0.94179,0.24721,15.177
2090.4,0.94087,0.24628,15.177
2090.6,0.94187,0.2486,15.177
2090.9,0.94178,0.24666,15.177
2091,0.94236,0.24631,15.177
2091.3,0.94147,0.24658,15.177
2091.5,0.94341,0.24663,15.178
2091.8,0.9402,0.24703,15.178
2091.8,0.94281,0.24868,15.178
2092,0.94244,0.24676,15.178
2092.3,0.94235,0.24762,15.178
2092.7,0.94276,0.24714,15.178
2092.7,0.94217,0.24813,NaN
2092.8,0.94393,0.24709,15.179
2093,0.94423,0.24844,15.179
2093.5,0.94246,0.24816,15.179
2093.5,0.94167,0.24807,NaN
2093.6,0.94429,0.24692,15.179
2093.8,0.94158,0.24802,15.179
2094.1,0.94435,0.24882,15.179
2094.5,0.94228,0.24799,15.179
2094.5,0.94305,0.24811,NaN
2094.6,0.94376,0.24725,15.18
2094.8,0.94259,0.24839,15.18
2095,0.94501,0.2474,15.18
2095.4,0.94168,0.24855,15.18
2095.5,0.94243,0.24802,NaN
2095.7,0.94219,0.24641,15.181
2095.8,0.94205,0.2488,15.181
2096.3,0.94237,0.24887,15.181
2096.4,0.94091,0.24854,15.181
2096.5,0.94238,0.24813,15.181
2096.6,0.94183,0.24787,15.181
2096.8,0.94327,0.2487,15.181
2097.2,0.94266,0.24776,15.182
2097.3,0.94214,0.24689,NaN
2097.5,0.94265,0.24804,15.182
2097.6,0.94371,0.2485,15.182
2098.1,0.94221,0.24859,15.182
2098.1,0.93971,0.24653,15.183
2098.2,0.94285,0.24726,15.183
2098.5,0.94168,0.24749,15.183
2098.7,0.94262,0.24718,15.183
2099,0.94277,0.24832,15.184
2099,0.9424,0.24799,NaN
2099.2,0.94216,0.24891,15.184
2099.5,0.94138,0.24713,15.184
2099.9,0.94224,0.24741,15.184
2099.9,0.94207,0.24621,NaN
2100.1,0.94191,0.24737,15.184
2100.2,0.9431,0.24794,15.185
2100.7,0.94389,0.24789,15.185
2100.7,0.94368,0.24765,NaN
2100.8,0.94211,0.24731,15.185
2101,0.94206,0.24767,15.185
2101.2,0.94147,0.24826,15.185
2101.6,0.942,0.24884,15.185
2101.6,0.94239,0.24908,NaN
2101.8,0.94301,0.24867,15.185
2102,0.9426,0.24919,15.185
2102.5,0.94235,0.24745,15.185
2102.5,0.9424,0.24788,NaN
2102.6,0.94143,0.24676,NaN
2102.9,0.94267,0.2485,15.185
2103,0.9424,0.24809,15.185
2103.2,0.94179,0.24783,15.186
2103.7,0.94173,0.24943,15.186
2103.7,0.94293,0.24856,NaN
2103.8,0.94329,0.24862,15.186
2104,0.94296,0.24827,15.186
2104.2,0.945,0.24898,15.187
2104.6,0.9433,0.24816,15.187
2104.6,0.94222,0.24838,NaN
2104.8,0.9437,0.24755,15.187
2105,0.94377,0.24702,15.187
2105.5,0.94351,0.2489,15.187
2105.5,0.94374,0.24833,NaN
2105.6,0.94401,0.24849,15.187
2105.9,0.94245,0.24771,15.187
2106.1,0.9425,0.24733,15.187
2106.2,0.94161,0.24818,15.187
2106.4,0.94174,0.24902,15.188
2106.6,0.94131,0.24831,15.188
2106.8,0.94362,0.24824,15.188
2107,0.94169,0.24789,15.188
2107.2,0.94347,0.24826,15.188
2107.4,0.94394,0.24769,15.188
2107.6,0.9435,0.24874,15.188
2107.9,0.9406,0.24852,15.188
2108,0.9429,0.24905,15.188
2108.3,0.94202,0.24742,15.188
2108.4,0.94238,0.24781,15.188
2108.7,0.94347,0.24783,15.188
2109,0.94145,0.2485,15.189
2109,0.94244,0.24743,NaN
2109.2,0.94288,0.24846,15.189
2109.5,0.94345,0.24743,15.189
2109.8,0.94302,0.24893,15.189
2109.8,0.94156,0.2486,NaN
2110.1,0.94356,0.24783,15.19
2110.3,0.9446,0.24881,15.19
2110.7,0.94135,0.24859,15.19
2110.7,0.94226,0.24864,15.19
2110.9,0.94256,0.24825,NaN
2111.1,0.94196,0.24705,15.19
2111.2,0.94388,0.24885,15.19
2111.6,0.94203,0.24878,15.19
2111.6,0.9417,0.24833,NaN
2111.9,0.94238,0.24848,15.19
2112.1,0.94175,0.24857,15.19
2112.5,0.94404,0.24828,15.191
2112.5,0.9423,0.24808,15.191
2112.6,0.94306,0.24804,15.191
2112.8,0.94223,0.24861,15.191
2113.3,0.9407,0.24814,15.191
2113.3,0.94419,0.24903,NaN
2113.4,0.94409,0.24839,15.191
2113.7,0.94348,0.24872,15.191
2113.8,0.94133,0.24694,15.191
2114.2,0.94241,0.24875,15.191
2114.2,0.943,0.24789,NaN
2114.4,0.94365,0.24783,15.191
2114.6,0.94196,0.24755,15.191
2115.1,0.94484,0.24745,15.191
2115.1,0.94262,0.24887,15.191
2115.2,0.94512,0.24926,15.191
2115.4,0.94373,0.24807,15.191
2115.6,0.94282,0.2477,15.191
2116.1,0.94189,0.24808,15.191
2116.1,0.9422,0.24841,NaN
2116.2,0.94361,0.24947,15.191
2116.4,0.94418,0.24678,15.191
2116.6,0.94395,0.24767,15.191
2117,0.94396,0.24781,15.192
2117.1,0.94568,0.24843,NaN
2117.3,0.94282,0.24704,15.192
2117.4,0.94255,0.24881,15.192
2117.9,0.94014,0.24812,15.192
2117.9,0.94212,0.24786,NaN
2118,0.94161,0.2482,15.192
2118.2,0.94221,0.2485,15.192
2118.4,0.942,0.2489,15.192
2118.8,0.94464,0.24721,15.192
2118.8,0.94205,0.24772,NaN
2119.1,0.94301,0.24839,15.192
2119.2,0.9419,0.24903,15.192
2119.7,0.94235,0.24755,15.192
2119.7,0.94471,0.24889,NaN
2119.8,0.94291,0.24835,NaN
2120.1,0.94388,0.24889,15.192
2120.3,0.94196,0.24857,15.192
2120.7,0.94183,0.2483,15.192
2120.7,0.94228,0.24761,NaN
2120.8,0.94175,0.24805,15.192
2121,0.94401,0.24849,15.192
2121.2,0.94421,0.24885,15.192
2121.6,0.94274,0.24662,15.192
2121.6,0.94148,0.24762,15.192
2121.8,0.94332,0.24767,15.192
2122,0.94277,0.24851,15.192
2122.5,0.94136,0.2471,15.192
2122.5,0.94207,0.24901,NaN
2122.7,0.94245,0.24722,15.192
2122.9,0.94099,0.2473,15.192
2123.5,0.94157,0.24594,15.192
2123.5,0.94283,0.24685,NaN
2123.5,0.9431,0.24755,15.192
2123.7,0.94135,0.24721,15.192
2123.8,0.94132,0.24791,15.192
2124,0.94203,0.24751,15.192
2124.4,0.94184,0.24736,15.192
2124.4,0.94334,0.24749,NaN
2124.7,0.9442,0.24813,15.192
2124.9,0.9433,0.2466,15.192
2125,0.9445,0.24701,15.192
2125.4,0.94385,0.24756,15.192
2125.4,0.94202,0.24906,15.192
2125.7,0.94281,0.24752,15.192
2125.8,0.94302,0.24711,15.192
2126.2,0.94306,0.24819,15.192
2126.2,0.94522,0.24878,NaN
2126.5,0.94326,0.24765,15.192
2126.6,0.94343,0.24724,15.192
2127.2,0.94298,0.24694,15.192
2127.2,0.94355,0.24703,NaN
2127.3,0.94226,0.24695,NaN
2127.4,0.94258,0.24785,15.192
2127.6,0.94227,0.2462,15.192
2128.1,0.94226,0.24846,15.192
2128.1,0.94341,0.24724,NaN
2128.2,0.94113,0.24721,15.192
2128.5,0.94229,0.24785,15.192
2128.9,0.9427,0.24732,15.192
2128.9,0.94313,0.24873,NaN
2129,0.94516,0.24822,15.192
2129.2,0.94444,0.24722,15.192
2129.5,0.943,0.24848,15.192
2129.8,0.94184,0.24646,15.192
2129.9,0.94325,0.24783,NaN
2130,0.94282,0.24801,15.192
2130.3,0.94394,0.24822,15.192
2130.8,0.94271,0.24841,15.192
2130.8,0.94211,0.24739,NaN
2130.8,0.94186,0.24723,NaN
2131.1,0.94357,0.2468,15.192
2131.3,0.94181,0.24748,15.193
2131.6,0.94071,0.24692,15.193
2131.7,0.94171,0.24839,15.193
2131.8,0.94153,0.24657,15.193
2132,0.94064,0.24753,15.193
2132.5,0.94355,0.24764,15.194
2132.5,0.94371,0.24635,NaN
2132.6,0.94123,0.24749,15.194
2132.8,0.94329,0.24697,15.194
2133.3,0.94514,0.24815,15.195
2133.4,0.94208,0.2469,NaN
2133.4,0.94036,0.24716,NaN
2133.6,0.94422,0.24804,15.195
2133.9,0.94276,0.24774,15.196
2134.1,0.94291,0.2472,15.196
2134.2,0.94393,0.24676,NaN
2134.5,0.94515,0.2476,15.196
2134.6,0.9426,0.24712,15.196
2135,0.94341,0.24785,15.196
2135,0.94018,0.24758,NaN
2135.3,0.94229,0.24664,15.196
2135.5,0.94278,0.24849,15.196
2135.9,0.94206,0.24708,15.197
2135.9,0.94137,0.24961,NaN
2136,0.94135,0.24743,15.197
2136.2,0.94505,0.24772,15.197
2136.4,0.944,0.24729,15.197
2136.8,0.94489,0.24822,15.197
2136.9,0.94054,0.24774,NaN
2137,0.94139,0.24618,15.197
2137.2,0.94046,0.24661,15.197
2137.7,0.94179,0.2478,15.197
2137.7,0.94294,0.24708,NaN
2137.8,0.94115,0.24708,15.197
2138,0.94254,0.24723,15.197
2138.5,0.94142,0.24672,15.197
2138.6,0.94159,0.24638,NaN
2138.6,0.94344,0.24812,15.198
2138.8,0.94012,0.24712,15.198
2139.1,0.94111,0.24611,15.198
2139.4,0.94338,0.24709,15.198
2139.4,0.94223,0.24915,NaN
2139.6,0.94407,0.24717,15.198
2139.9,0.94162,0.24734,15.198
2140.3,0.94127,0.24677,15.199
2140.4,0.94368,0.24707,NaN
2140.5,0.94291,0.24711,15.199
2140.7,0.94369,0.24734,15.199
2141.2,0.94035,0.24784,15.2
2141.2,0.94352,0.2479,NaN
2141.3,0.94284,0.24703,NaN
2141.5,0.94073,0.24793,15.2
2141.6,0.94347,0.24798,15.2
2142.1,0.94173,0.24756,15.2
2142.1,0.94391,0.24661,NaN
2142.2,0.94227,0.24825,15.201
2142.5,0.94333,0.24744,15.201
2142.6,0.94152,0.24754,15.201
2143,0.94321,0.24737,15.201
2143.1,0.9439,0.24692,15.201
2143.3,0.9431,0.24844,15.201
2143.4,0.94329,0.24676,15.201
2143.8,0.94087,0.24719,15.202
2143.8,0.94078,0.24687,NaN
2144,0.94148,0.24674,15.202
2144.3,0.93968,0.24691,15.202
2144.7,0.9433,0.24852,15.202
2144.7,0.9444,0.24684,NaN
2144.8,0.93954,0.247,15.203
2145,0.94248,0.24751,15.203
2145.3,0.94147,0.24738,15.203
2145.6,0.94334,0.24779,15.203
2145.7,0.94347,0.24684,15.203
2145.8,0.94257,0.24799,15.203
2146,0.94241,0.24781,15.204
2146.4,0.94294,0.24754,15.204
2146.4,0.94194,0.247,NaN
2146.7,0.94314,0.24874,15.204
2146.9,0.94148,0.24925,15.204
2147.3,0.94132,0.24718,15.204
2147.3,0.94307,0.24756,NaN
2147.5,0.94147,0.24816,15.204
2147.7,0.94335,0.24783,15.205
2147.8,0.94296,0.24748,15.205
2148.3,0.94293,0.24814,15.205
2148.3,0.94145,0.24898,NaN
2148.4,0.94189,0.24686,15.205
2148.6,0.94262,0.24831,15.206
2148.8,0.94083,0.24849,15.206
2149.2,0.94315,0.24805,15.206
2149.3,0.94287,0.24753,NaN
2149.4,0.94193,0.24822,15.206
2149.6,0.94307,0.2465,15.206
2149.8,0.94132,0.24837,15.207
2150.2,0.94246,0.24756,15.207
2150.2,0.94212,0.24864,15.207
2150.4,0.9415,0.24797,15.207
2150.6,0.94308,0.24896,15.207
2151.1,0.94164,0.24734,15.207
2151.1,0.94182,0.24898,NaN
2151.2,0.94007,0.24911,NaN
2151.5,0.94275,0.24802,15.207
2151.6,0.94212,0.24857,15.207
2152,0.94328,0.24912,15.208
2152.1,0.94385,0.2491,15.208
2152.2,0.94343,0.24846,15.209
2152.5,0.9409,0.24828,15.209
2152.8,0.94285,0.24828,15.21
2152.8,0.94317,0.24747,NaN
2153.1,0.94279,0.24963,15.21
2153.3,0.94265,0.24849,15.21
2153.8,0.94504,0.24893,15.211
2153.9,0.94465,0.24933,NaN
2153.9,0.94281,0.24855,NaN
2154,0.94121,0.24936,15.211
2154.2,0.94317,0.25021,15.211
2154.4,0.94177,0.24923,15.211
2154.8,0.94148,0.24912,15.211
2154.8,0.9422,0.2481,15.211
2155.1,0.94102,0.24804,15.211
2155.2,0.94132,0.2481,15.211
2155.5,0.94376,0.24858,15.211
2155.8,0.94247,0.24799,15.211
2155.8,0.94504,0.24904,NaN
2156,0.94447,0.24864,15.211
2156.2,0.94258,0.24817,15.211
2156.7,0.94429,0.24944,15.211
2156.7,0.94163,0.2477,15.212
2156.9,0.93965,0.24919,15.212
2157,0.94201,0.24915,15.212
2157.5,0.94194,0.24862,15.212
2157.6,0.94122,0.24925,NaN
2157.6,0.94313,0.24944,NaN
2157.8,0.9426,0.2489,15.213
2158,0.94327,0.24887,15.213
2158.2,0.94283,0.24987,15.213
2158.6,0.94357,0.24944,15.213
2158.7,0.94382,0.24929,NaN
2158.9,0.94439,0.24852,15.213
2159,0.94174,0.24815,15.214
2159.5,0.94101,0.24949,15.214
2159.5,0.94482,0.24768,NaN
2159.6,0.94152,0.24878,15.214
2159.8,0.94376,0.24896,15.214
2160,0.94268,0.24855,15.214
2160.3,0.94319,0.24963,15.214
2160.4,0.94455,0.24931,NaN
2160.6,0.9433,0.24968,15.214
2160.8,0.94317,0.25075,15.214
2161.2,0.94168,0.24973,15.214
2161.3,0.94279,0.24981,NaN
2161.4,0.94293,0.2489,15.215
2161.6,0.94457,0.24911,15.215
2162,0.94365,0.24875,15.215
2162.1,0.94218,0.24955,NaN
2162.3,0.94372,0.24802,15.215
2162.5,0.94318,0.2507,15.216
2162.9,0.94236,0.24981,15.216
2162.9,0.94046,0.24992,NaN
2163.1,0.94358,0.25009,15.216
2163.2,0.94357,0.24915,15.216
2163.4,0.94446,0.24918,15.216
2163.8,0.94314,0.24903,15.217
2163.8,0.94392,0.24956,NaN
2164.1,0.9439,0.25128,15.217
2164.2,0.94366,0.24977,15.217
2164.8,0.94249,0.24918,15.217
2164.8,0.94249,0.24852,NaN
2164.8,0.94288,0.24821,NaN
2165,0.94411,0.24975,15.217
2165.3,0.94248,0.24863,15.217
2165.7,0.94326,0.25027,15.217
2165.7,0.94396,0.24934,NaN
2165.9,0.94203,0.25028,15.217
2166,0.94349,0.24961,15.217
2166.2,0.94349,0.24924,15.217
2166.6,0.94194,0.24956,15.217
2166.7,0.94227,0.24942,15.217
2166.8,0.94313,0.24866,15.217
2167,0.94203,0.24949,15.217
2167.5,0.94081,0.24946,15.217
2167.5,0.94148,0.24801,NaN
2167.7,0.94314,0.24969,15.217
2167.8,0.94299,0.24942,15.217
2168,0.94297,0.24878,15.217
2168.4,0.94099,0.24898,15.218
2168.4,0.94337,0.2493,NaN
2168.6,0.94376,0.24877,15.218
2168.8,0.94352,0.24962,15.218
2169.3,0.94325,0.24898,15.218
2169.3,0.94237,0.24858,NaN
2169.5,0.94352,0.24972,15.218
2169.6,0.94348,0.25004,15.218
2169.8,0.94283,0.24865,15.218
2170.2,0.94275,0.24971,15.218
2170.3,0.94271,0.24966,NaN
2170.5,0.94141,0.2492,15.218
2170.6,0.94157,0.24927,15.218
2170.8,0.94506,0.24945,15.218
2171.2,0.94445,0.2491,15.218
2171.2,0.94378,0.24937,NaN
2171.5,0.94343,0.2491,15.218
2171.6,0.94258,0.25038,15.218
2172,0.94279,0.24886,15.218
2172.1,0.94394,0.24832,NaN
2172.3,0.94207,0.24883,15.218
2172.4,0.94444,0.24927,15.218
2172.9,0.9437,0.24852,15.218
2172.9,0.94222,0.24996,NaN
2173,0.94276,0.24951,15.218
2173.3,0.94254,0.25054,15.218
2173.5,0.94233,0.24813,15.218
2173.8,0.9416,0.2503,15.218
2173.9,0.9435,0.24835,15.218
2174,0.94447,0.24958,15.218
2174.3,0.9434,0.2484,15.218
2174.4,0.94168,0.24935,15.218
2174.8,0.94199,0.249,15.218
2174.8,0.94376,0.24883,NaN
2175,0.94219,0.25007,15.218
2175.2,0.94326,0.24932,15.218
2175.7,0.94356,0.2479,15.218
2175.7,0.94094,0.24927,NaN
2175.8,0.94196,0.24892,15.218
2176.1,0.94334,0.2484,15.218
2176.2,0.9404,0.24873,15.218
2176.6,0.94209,0.24892,15.218
2176.6,0.94135,0.24916,NaN
2176.9,0.94219,0.25017,15.218
2177,0.94304,0.24919,15.218
2177.5,0.94321,0.24783,15.219
2177.5,0.94298,0.24847,NaN
2177.6,0.94187,0.24855,15.219
2177.8,0.94125,0.24986,15.219
2178.1,0.94188,0.24643,15.219
2178.4,0.94116,0.24913,15.22
2178.5,0.94249,0.2493,NaN
2178.6,0.9444,0.24925,15.22
2178.8,0.94276,0.24921,15.22
2179,0.94193,0.24821,15.221
2179.3,0.94218,0.2488,15.221
2179.4,0.94225,0.24877,15.222
2179.6,0.94139,0.24752,15.222
2179.8,0.93995,0.24938,15.222
2180.2,0.94332,0.24847,15.222
2180.2,0.94136,0.25037,NaN
2180.4,0.94014,0.24942,15.222
2180.6,0.94154,0.24812,15.222
2181.1,0.94251,0.25102,15.222
2181.1,0.94317,0.24919,NaN
2181.2,0.94516,0.24846,15.223
2181.4,0.94286,0.25065,15.223
2181.6,0.94426,0.24971,15.223
2182,0.94449,0.24951,15.223
2182,0.94205,0.25031,15.223
2182.3,0.94153,0.24963,15.223
2182.4,0.94121,0.2493,15.223
2182.6,0.94389,0.24921,15.223
2183.1,0.94422,0.24932,15.223
2183.1,0.94222,0.24962,NaN
2183.3,0.94325,0.24831,15.223
2183.4,0.94274,0.24836,15.223
2183.9,0.94319,0.24861,15.224
2183.9,0.94056,0.24871,NaN
2184,0.94281,0.24924,15.224
2184.2,0.94367,0.24939,15.224
2184.4,0.94468,0.24917,15.224
2184.7,0.94403,0.24887,15.225
2184.8,0.94442,0.24955,15.225
2185,0.94225,0.24997,15.225
2185.3,0.94153,0.24904,15.225
2185.6,0.9416,0.24955,15.225
2185.6,0.94221,0.24966,NaN
2185.8,0.94239,0.24893,15.225
2186.1,0.94469,0.24983,15.226
2186.4,0.94276,0.25013,15.226
2186.5,0.94345,0.25021,NaN
2186.7,0.94217,0.24874,15.226
2186.9,0.94573,0.24827,15.226
2187,0.94274,0.24878,15.227
2187.4,0.94373,0.24915,15.227
2187.4,0.94195,0.24943,15.227
2187.6,0.94385,0.25024,15.227
2187.8,0.94274,0.24918,15.227
2188.2,0.94192,0.2484,15.228
2188.3,0.94462,0.24889,NaN
2188.4,0.94096,0.24844,15.228
2188.6,0.9433,0.2487,15.228
2189,0.9416,0.24844,15.228
2189,0.94338,0.24938,NaN
2189.2,0.94228,0.24961,15.228
2189.5,0.9425,0.2472,15.228
2189.9,0.94156,0.24768,15.229
2189.9,0.94177,0.248,NaN
2190.1,0.94443,0.24854,15.229
2190.3,0.94253,0.24993,15.229
2190.4,0.94255,0.2492,15.229
2190.8,0.94195,0.2487,15.229
2190.8,0.94242,0.24894,NaN
2191,0.94257,0.25018,15.229
2191.2,0.94205,0.24891,15.229
2191.4,0.9424,0.25023,15.229
2191.9,0.94209,0.24903,15.23
2192,0.94244,0.24961,15.23
2192,0.94446,0.24931,15.23
2192.3,0.94139,0.24951,15.23
2192.5,0.94135,0.25015,15.23
2192.9,0.94223,0.24998,15.231
2192.9,0.94237,0.25041,NaN
2193,0.94225,0.24893,15.231
2193.2,0.94213,0.24954,15.231
2193.4,0.94332,0.24905,15.231
2193.8,0.94341,0.25069,15.231
2193.8,0.94403,0.25071,15.232
2194,0.94545,0.24998,15.232
2194.2,0.94191,0.24933,15.232
2194.7,0.94208,0.24948,15.232
2194.8,0.94137,0.24917,NaN
2194.8,0.94611,0.2491,NaN
2195,0.94352,0.24778,15.232
2195.2,0.94289,0.24904,15.232
2195.6,0.94124,0.24765,15.232
2195.7,0.94304,0.24916,NaN
2195.8,0.94215,0.24879,15.232
2196,0.94421,0.24942,15.232
2196.5,0.94393,0.25052,15.233
2196.6,0.94262,0.2514,NaN
2196.6,0.94222,0.25031,NaN
2196.9,0.94324,0.24934,15.234
2197.1,0.94266,0.25048,15.235
2197.5,0.94507,0.2495,15.235
2197.5,0.94292,0.24944,NaN
2197.6,0.94252,0.24955,15.235
2197.9,0.94231,0.24976,15.235
2198.1,0.94176,0.24992,15.236
2198.4,0.94228,0.24958,15.236
2198.4,0.94276,0.24788,NaN
2198.6,0.94322,0.25023,15.236
2198.9,0.94368,0.24963,15.236
2199.3,0.94257,0.24997,15.236
2199.3,0.94209,0.24966,NaN
2199.4,0.94292,0.24994,15.236
2199.6,0.94193,0.24972,15.236
2199.9,0.94426,0.25004,15.236
2200.2,0.94265,0.25039,15.236
2200.3,0.94493,0.25037,NaN
2200.4,0.94506,0.25066,15.236
2200.7,0.94201,0.24995,15.236
2201.1,0.94335,0.24995,15.237
2201.2,0.94038,0.2499,15.237
2201.2,0.94215,0.24923,15.237
2201.4,0.94473,0.24985,15.237
2201.6,0.94437,0.25083,15.237
2202,0.94157,0.24999,15.238
2202,0.94345,0.24887,NaN
2202.3,0.94198,0.24842,15.238
2202.4,0.94259,0.25087,15.238
2202.9,0.94293,0.2493,15.239
2202.9,0.94292,0.24884,NaN
2203.1,0.94326,0.24981,15.239
2203.3,0.9427,0.24841,15.239
2203.7,0.94448,0.24893,15.239
2203.8,0.944,0.24886,15.239
2203.9,0.94113,0.24973,15.239
2204.1,0.94348,0.25,15.239
2204.2,0.94234,0.24898,15.239
2204.5,0.94408,0.24933,15.239
2204.6,0.94214,0.24993,15.24
2204.8,0.94238,0.24998,15.24
2205.1,0.94343,0.25011,15.24
2205.4,0.94228,0.24905,15.24
2205.5,0.94431,0.25009,NaN
2205.6,0.94341,0.25095,15.241
2205.8,0.94209,0.24926,15.241
2206.3,0.9435,0.24909,15.241
2206.3,0.94247,0.24986,NaN
2206.4,0.94355,0.25076,15.241
2206.6,0.94163,0.25048,15.242
2206.8,0.94379,0.2491,15.242
2207,0.94445,0.25158,15.242
2207.4,0.94453,0.25002,15.242
2207.4,0.9448,0.25049,15.242
2207.6,0.94299,0.25074,15.242
2207.9,0.9437,0.2499,15.242
2208.2,0.94285,0.25038,15.242
2208.2,0.94268,0.24981,NaN
2208.5,0.94254,0.25048,15.242
2208.6,0.94111,0.25092,15.242
2209,0.942,0.24834,15.243
2209,0.94269,0.25061,NaN
2209.2,0.94549,0.25066,15.243
2209.4,0.94468,0.25012,15.243
2209.9,0.94375,0.24996,15.243
2209.9,0.9438,0.2501,15.243
2210,0.94274,0.25018,15.243
2210.2,0.9451,0.25076,15.243
2210.4,0.94211,0.25069,15.244
2210.7,0.94118,0.25048,15.244
2210.9,0.94552,0.24957,15.244
2211,0.94321,0.25053,15.244
2211.2,0.94225,0.25043,15.244
2211.7,0.94391,0.2507,15.245
2211.7,0.94275,0.25023,NaN
2211.8,0.94335,0.25148,15.245
2212.1,0.94247,0.24897,15.245
2212.3,0.94147,0.24978,15.245
2212.6,0.94198,0.24927,15.246
2212.7,0.94251,0.2496,15.246
2212.8,0.94212,0.2505,15.246
2213.1,0.94395,0.25059,15.246
2213.4,0.94149,0.25018,15.247
2213.5,0.94437,0.24982,NaN
2213.6,0.94279,0.24977,15.247
2213.8,0.94271,0.24981,15.247
2214,0.94306,0.25201,15.247
2214.4,0.9447,0.24902,15.247
2214.5,0.94404,0.25062,NaN
2214.7,0.94215,0.24903,15.247
2214.8,0.94341,0.24946,15.247
2215.2,0.94097,0.25044,15.247
2215.2,0.94256,0.2499,15.247
2215.4,0.94032,0.24992,15.247
2215.6,0.9419,0.24997,15.247
2215.9,0.94209,0.24953,15.247
2216.2,0.94331,0.24972,15.247
2216.2,0.94226,0.25075,15.248
2216.4,0.94309,0.25143,15.248
2216.6,0.94226,0.24888,15.248
2217.1,0.94332,0.24912,15.248
2217.1,0.94396,0.24963,NaN
2217.2,0.94147,0.25011,15.248
2217.5,0.94187,0.24908,15.248
2217.9,0.94476,0.25126,15.248
2217.9,0.94396,0.24991,NaN
2218,0.94339,0.24991,NaN
2218.2,0.94245,0.24988,15.248
2218.5,0.94263,0.24975,15.248
2218.8,0.94316,0.24999,15.248
2218.9,0.94173,0.2502,15.248
2219,0.94288,0.24952,15.248
2219.2,0.9445,0.25143,15.248
2219.6,0.93961,0.2505,15.248
2219.7,0.94183,0.25021,NaN
2219.8,0.94341,0.24954,15.248
2220,0.94246,0.24898,15.248
2220.3,0.9429,0.24968,15.248
2220.6,0.94343,0.24937,15.248
2220.6,0.94422,0.2507,NaN
2220.9,0.94383,0.25006,15.248
2221,0.9436,0.24989,15.248
2221.2,0.94231,0.25013,15.248
2221.6,0.94427,0.25078,15.248
2221.6,0.94383,0.25012,15.248
2221.8,0.94146,0.24971,15.248
2222,0.94321,0.2511,15.248
2222.4,0.94392,0.24944,15.248
2222.4,0.94077,0.24998,15.248
2222.6,0.94275,0.25055,15.248
2222.8,0.94154,0.24924,15.248
2223.3,0.94206,0.24912,15.248
2223.3,0.94324,0.2499,NaN
2223.5,0.94303,0.25125,15.248
2223.7,0.94269,0.2504,15.248
2224.1,0.94229,0.24854,15.248
2224.2,0.94337,0.24998,NaN
2224.2,0.94264,0.25006,NaN
2224.4,0.94327,0.25013,15.248
2224.6,0.94504,0.24951,15.248
2225.1,0.94294,0.24888,15.248
2225.2,0.94071,0.24916,NaN
2225.3,0.94194,0.24949,15.248
2225.4,0.94198,0.24932,15.248
2225.6,0.94281,0.2482,15.248
2226,0.94391,0.24868,15.248
2226,0.94229,0.25047,NaN
2226.2,0.94126,0.24908,15.248
2226.4,0.94407,0.24934,15.248
2226.8,0.94445,0.24982,15.248
2226.8,0.94341,0.24953,NaN
2227,0.94437,0.24996,15.248
2227.2,0.94488,0.24975,15.248
2227.7,0.94264,0.24961,15.248
2227.7,0.94324,0.24979,NaN
2227.8,0.94379,0.24972,15.248
2228.1,0.94316,0.24978,15.248
2228.2,0.94281,0.24987,15.248
2228.6,0.94257,0.24916,15.249
2228.6,0.94314,0.24961,NaN
2228.8,0.94213,0.24867,15.249
2229,0.94267,0.2499,15.249
2229.5,0.94026,0.24812,15.25
2229.6,0.94341,0.24925,15.25
2229.6,0.9419,0.24921,NaN
2229.8,0.94337,0.24837,15.25
2230,0.94337,0.25031,15.25
2230.3,0.94373,0.24917,15.251
2230.4,0.94364,0.2499,15.251
2230.6,0.9432,0.24957,15.251
2230.8,0.94089,0.24898,15.251
2231.2,0.94283,0.24983,15.251
2231.3,0.94225,0.25013,NaN
2231.4,0.94237,0.25004,15.251
2231.6,0.94271,0.24985,15.252
2232.2,0.94367,0.24998,15.252
2232.2,0.94318,0.24865,NaN
2232.3,0.94379,0.24959,NaN
2232.4,0.94324,0.24905,15.252
2232.6,0.94265,0.24952,15.252
2233.1,0.94379,0.24951,15.253
2233.1,0.94417,0.25032,NaN
2233.2,0.9432,0.25009,15.253
2233.4,0.94429,0.24957,15.253
2233.7,0.94254,0.24854,15.253
2234.1,0.94155,0.24862,15.253
2234.1,0.9422,0.24979,15.254
2234.2,0.94316,0.24897,15.254
2234.4,0.94284,0.24889,15.254
2234.6,0.94169,0.25002,15.254
2235,0.94252,0.24985,15.254
2235.1,0.94245,0.25005,NaN
2235.2,0.942,0.25039,15.255
2235.5,0.94312,0.25057,15.255
2235.9,0.9418,0.24704,15.255
2235.9,0.94267,0.24928,NaN
2236.1,0.94362,0.25024,15.255
2236.3,0.94268,0.24784,15.255
2236.4,0.94529,0.24912,15.255
2236.7,0.94326,0.24918,15.255
2236.8,0.94176,0.25107,15.256
2237,0.94142,0.24963,15.256
2237.3,0.94367,0.24988,15.256
2237.6,0.94324,0.2507,15.256
2237.7,0.9429,0.24919,NaN
2237.8,0.94239,0.24933,15.257
2238.1,0.94208,0.24959,15.257
2238.4,0.94246,0.24961,15.257
2238.4,0.94297,0.25013,NaN
2238.6,0.94218,0.24919,15.257
2238.9,0.94416,0.2494,15.257
2239.3,0.94272,0.24942,15.258
2239.4,0.94235,0.24966,NaN
2239.4,0.94384,0.24892,15.258
2239.6,0.94325,0.24795,15.258
2239.8,0.94204,0.24815,15.258
2240.4,0.94272,0.2489,15.258
2240.4,0.94211,0.24941,15.258
2240.4,0.94261,0.24874,NaN
2240.6,0.94333,0.24927,15.258
2240.8,0.94352,0.24925,15.258
2241.3,0.94248,0.25078,15.258
2241.3,0.94286,0.24992,NaN
2241.4,0.94267,0.24935,15.259
2241.7,0.94266,0.2501,15.259
2241.8,0.9424,0.25056,15.26
2242,0.94302,0.24931,15.26
2242.4,0.94444,0.24983,15.261
2242.4,0.94524,0.25059,NaN
2242.7,0.94466,0.25056,15.261
2242.8,0.94309,0.24917,15.261
2243.1,0.94306,0.24917,15.261
2243.4,0.94514,0.24847,15.261
2243.4,0.9448,0.25024,NaN
2243.6,0.94152,0.24945,15.261
2243.8,0.94202,0.24986,15.261
2244,0.94418,0.25028,15.261
2244.4,0.94237,0.24969,15.261
2244.5,0.94246,0.25027,NaN
2244.7,0.94286,0.2506,15.261
2244.8,0.94162,0.24959,15.261
2245.3,0.94201,0.24898,15.261
2245.4,0.94169,0.24946,NaN
2245.4,0.9421,0.25034,15.261
2245.6,0.94248,0.24964,15.261
2245.8,0.94175,0.25005,15.261
2246,0.94147,0.24964,15.261
2246.4,0.94247,0.25056,15.262
2246.5,0.94146,0.25027,NaN
2246.6,0.94197,0.25014,15.262
2246.8,0.94274,0.25222,15.262
2247,0.94272,0.24984,15.262
2247.4,0.94206,0.25029,15.262
2247.5,0.94397,0.25049,15.263
2247.7,0.94521,0.25057,15.263
2247.8,0.94233,0.2503,15.263
2248.3,0.94254,0.25081,15.264
2248.3,0.94182,0.25059,NaN
2248.4,0.94209,0.25158,15.264
2248.7,0.9421,0.24999,15.264
2248.8,0.9421,0.25017,15.264
2249.2,0.94284,0.25119,15.264
2249.2,0.94533,0.24985,NaN
2249.4,0.94317,0.24966,15.264
2249.6,0.94231,0.25058,15.265
2250.1,0.94215,0.24981,15.265
2250.1,0.94297,0.24972,NaN
2250.3,0.94277,0.25055,15.265
2250.4,0.94268,0.25113,15.265
2250.6,0.9424,0.24974,15.265
2251,0.9425,0.25017,15.266
2251,0.943,0.25063,NaN
2251.2,0.94216,0.24897,15.266
2251.4,0.94384,0.2511,15.266
2251.9,0.94017,0.24948,15.266
2251.9,0.94383,0.25051,NaN
2252,0.9415,0.25034,15.267
2252.2,0.94346,0.24955,15.267
2252.4,0.94237,0.24969,15.267
2252.6,0.94397,0.25005,15.267
2253,0.94373,0.24973,15.267
2253,0.94269,0.25049,NaN
2253.3,0.94493,0.25048,15.268
2253.5,0.94261,0.25075,15.268
2253.9,0.9432,0.24961,15.268
2253.9,0.9434,0.25028,NaN
2254,0.9415,0.24913,15.268
2254.2,0.94304,0.24976,15.268
2254.4,0.94121,0.25028,15.268
2254.8,0.94148,0.24983,15.268
2254.9,0.94297,0.24979,NaN
2255,0.94084,0.25042,15.268
2255.3,0.9431,0.24932,15.268
2255.6,0.94323,0.24923,15.268
2255.6,0.9434,0.25134,NaN
2255.9,0.94309,0.25028,15.268
2256.1,0.94222,0.25009,15.268
2256.5,0.94235,0.24969,15.269
2256.5,0.94275,0.24972,NaN
2256.7,0.94141,0.25086,15.269
2256.8,0.94163,0.24926,15.269
2257,0.94271,0.25023,15.269
2257.4,0.94294,0.24967,15.27
2257.4,0.94418,0.24926,NaN
2257.6,0.9412,0.24963,15.27
2257.9,0.94183,0.24963,15.27
2258.3,0.94328,0.25059,15.27
2258.3,0.94204,0.24997,NaN
2258.5,0.94437,0.24987,15.271
2258.6,0.94275,0.2505,15.271
2258.8,0.94583,0.25025,15.271
2259.2,0.9437,0.25107,15.271
2259.3,0.94315,0.25012,15.271
2259.4,0.94122,0.24975,15.271
2259.7,0.94189,0.24983,15.271
2260.1,0.94425,0.25028,15.272
2260.2,0.94242,0.24985,NaN
2260.2,0.94444,0.24907,NaN
2260.4,0.94268,0.25,15.272
2260.7,0.94294,0.24953,15.272
2261.1,0.94145,0.24976,15.272
2261.1,0.94173,0.2507,NaN
2261.3,0.94241,0.2495,15.272
2261.4,0.94414,0.25262,15.272
2261.9,0.94256,0.24954,15.272
2261.9,0.94115,0.25076,15.272
2262,0.94356,0.25022,15.272
2262.2,0.94304,0.25025,15.272
2262.4,0.94151,0.24954,15.272
2262.9,0.94235,0.24939,15.272
2262.9,0.94075,0.24883,NaN
2263,0.94281,0.24923,15.272
2263.3,0.9431,0.2501,15.272
2263.4,0.94049,0.24974,15.273
2263.8,0.94244,0.25028,15.273
2263.9,0.94256,0.25046,NaN
2264.1,0.94152,0.24932,15.273
2264.3,0.94312,0.2495,15.273
2264.4,0.9443,0.25012,15.273
2264.8,0.94313,0.24984,15.273
2264.9,0.94235,0.25051,NaN
2265.1,0.94119,0.24978,15.273
2265.2,0.94174,0.24971,15.273
2265.5,0.94233,0.24965,15.273
2265.8,0.94323,0.24807,15.273
2265.8,0.94371,0.24976,15.273
2266.1,0.94268,0.2487,15.273
2266.2,0.94166,0.24875,15.273
2266.7,0.94276,0.24837,15.273
2266.7,0.94461,0.24973,NaN
2266.8,0.94433,0.2517,15.273
2267.1,0.94137,0.24896,15.273
2267.2,0.94473,0.25008,15.273
2267.6,0.94537,0.24937,15.273
2267.7,0.94162,0.2497,15.273
2267.8,0.94282,0.24957,15.273
2268,0.94311,0.24977,15.273
2268.5,0.94277,0.25051,15.273
2268.6,0.94416,0.24888,NaN
2268.6,0.94202,0.24947,15.273
2268.8,0.94141,0.24952,15.273
2269.1,0.94196,0.24928,15.273
2269.5,0.94177,0.24828,15.273
2269.5,0.94252,0.24931,NaN
2269.6,0.94262,0.25036,15.273
2269.8,0.94318,0.24917,15.273
2270,0.9417,0.24961,15.273
2270.4,0.94473,0.25059,15.273
2270.5,0.94227,0.24972,15.273
2270.6,0.94376,0.24958,15.273
2270.9,0.94289,0.2502,15.273
2271.3,0.94272,0.25085,15.273
2271.3,0.94128,0.24947,NaN
2271.4,0.94291,0.24851,15.273
2271.6,0.94332,0.25008,15.273
2271.9,0.94237,0.25068,15.273
2272,0.94199,0.24977,15.273
2272.4,0.94219,0.24996,15.273
2272.5,0.94232,0.2491,15.273
2272.6,0.94368,0.25025,15.273
2272.9,0.94282,0.24969,15.273
2273.3,0.94228,0.24865,15.273
2273.3,0.94132,0.24954,NaN
2273.4,0.94137,0.24934,15.273
2273.7,0.94206,0.24926,15.273
2273.9,0.94276,0.24996,15.273
2274.2,0.94306,0.25042,15.273
2274.2,0.94199,0.24929,15.273
2274.4,0.94232,0.24856,15.273
2274.6,0.94344,0.24931,15.273
2275.1,0.94274,0.24993,15.273
2275.1,0.94311,0.2488,NaN
2275.3,0.94216,0.24868,15.273
2275.5,0.94194,0.25092,15.273
2275.6,0.94371,0.24788,15.273
2276,0.94224,0.24942,15.273
2276,0.94301,0.24901,NaN
2276.2,0.94285,0.24875,15.273
2276.5,0.943,0.24741,15.273
2276.9,0.94332,0.24797,15.273
2276.9,0.94205,0.24874,NaN
2277,0.9427,0.24789,15.273
2277.2,0.94285,0.2486,15.273
2277.5,0.94419,0.24967,15.273
2277.8,0.94265,0.24954,15.273
2277.9,0.94258,0.24915,NaN
2278,0.94448,0.24864,15.273
2278.2,0.94328,0.2503,15.273
2278.7,0.94154,0.25004,15.273
2278.7,0.94193,0.24863,NaN
2278.8,0.94406,0.24909,15.273
2279.1,0.94325,0.24966,15.273
2279.3,0.94173,0.24944,15.273
2279.6,0.94184,0.24791,15.273
2279.7,0.94294,0.25005,NaN
2279.8,0.94229,0.24977,15.273
2280,0.94433,0.24867,15.274
2280.2,0.94359,0.24892,15.274
2280.6,0.94213,0.24888,15.274
2280.7,0.94366,0.25009,NaN
2280.8,0.94355,0.2491,15.275
2281,0.94377,0.24896,15.275
2281.5,0.94239,0.24905,15.275
2281.6,0.9411,0.25018,NaN
2281.6,0.94261,0.25086,NaN
2281.8,0.94255,0.24859,15.275
2282,0.9442,0.24938,15.275
2282.4,0.94269,0.2495,15.276
2282.4,0.94459,0.24932,15.276
2282.6,0.94231,0.24887,15.276
2282.8,0.94023,0.24877,15.276
2283.3,0.94123,0.25038,15.276
2283.3,0.94239,0.24959,NaN
2283.4,0.94314,0.24961,15.276
2283.6,0.9425,0.2496,15.276
2283.9,0.94257,0.2488,15.276
2284.3,0.94073,0.24756,15.276
2284.3,0.94112,0.24905,NaN
2284.4,0.942,0.24979,15.277
2284.7,0.94282,0.24875,15.277
2284.8,0.94471,0.24954,15.277
2285.2,0.94288,0.24843,15.277
2285.2,0.94334,0.24975,15.277
2285.5,0.94414,0.25047,15.277
2285.6,0.94373,0.24909,15.277
2286.1,0.94004,0.24984,15.277
2286.2,0.94265,0.24835,NaN
2286.3,0.94111,0.24906,15.277
2286.4,0.94219,0.2496,15.277
2286.7,0.94186,0.25066,15.278
2287,0.93996,0.24994,15.278
2287,0.94302,0.24906,NaN
2287.3,0.9437,0.24912,15.278
2287.4,0.9423,0.24945,15.278
2287.7,0.94309,0.24926,15.279
2287.8,0.94288,0.24889,15.279
2288.3,0.94268,0.25022,15.279
2288.3,0.94294,0.24953,NaN
2288.4,0.944,0.2508,15.279
2288.7,0.94325,0.24899,15.279
2288.8,0.94398,0.24845,15.28
2289.1,0.94384,0.24966,15.28
2289.3,0.94359,0.24909,15.28
2289.5,0.94242,0.24851,15.28
2289.7,0.9426,0.24973,15.28
2289.9,0.94456,0.24954,15.28
2290.1,0.94103,0.24949,15.28
2290.2,0.94544,0.25059,15.28
2290.5,0.94354,0.24983,15.28
2290.7,0.94318,0.25019,15.28
2290.9,0.94412,0.25039,15.28
2291,0.94294,0.24998,15.28
2291.3,0.94376,0.24975,15.28
2291.4,0.94188,0.24894,15.28
2291.7,0.94532,0.24883,15.28
2291.8,0.9422,0.25051,15.281
2292,0.94288,0.2486,15.281
2292.3,0.94334,0.24924,15.281
2292.7,0.94091,0.24814,15.281
2292.7,0.94401,0.25025,NaN
2292.8,0.94308,0.24841,15.282
2293,0.94022,0.24814,15.282
2293.2,0.94275,0.24934,15.282
2293.6,0.94424,0.24978,15.282
2293.7,0.94441,0.24967,NaN
2293.9,0.94202,0.2484,15.283
2294.1,0.94202,0.24852,15.283
2294.5,0.94077,0.24886,15.283
2294.6,0.94174,0.24929,NaN
2294.6,0.94194,0.24775,15.283
2294.8,0.94128,0.24769,15.283
2295,0.94392,0.25028,15.283
2295.5,0.94177,0.24924,15.284
2295.5,0.94291,0.24989,NaN
2295.7,0.94312,0.24968,15.285
2295.8,0.94423,0.24991,15.285
2296,0.94237,0.25008,15.285
2296.4,0.94238,0.24975,15.286
2296.4,0.94136,0.24926,NaN
2296.6,0.94252,0.25064,15.286
2296.8,0.94403,0.24986,15.286
2297.4,0.94252,0.24976,15.286
2297.4,0.94142,0.249,NaN
2297.4,0.94458,0.24957,NaN
2297.7,0.94177,0.24824,15.287
2297.8,0.94524,0.25008,15.287
2298,0.94262,0.25012,15.287
2298.5,0.94056,0.24904,15.287
2298.5,0.94331,0.25,NaN
2298.6,0.94256,0.24961,15.287
2298.8,0.94311,0.25031,15.287
2299,0.94194,0.24923,15.287
2299.5,0.94361,0.25081,15.287
2299.5,0.94186,0.25082,NaN
2299.6,0.94108,0.24991,15.287
2299.8,0.94334,0.24917,15.287
2300.4,0.94191,0.25031,15.287
2300.4,0.94255,0.24986,NaN
2300.5,0.94424,0.25003,NaN
2300.7,0.94278,0.24955,15.287
2300.8,0.94481,0.24992,15.288
2301.1,0.94235,0.25026,15.288
2301.4,0.94428,0.24997,15.288
2301.5,0.94225,0.24978,NaN
2301.6,0.94005,0.24934,15.289
2301.8,0.94256,0.2489,15.289
2302.3,0.94261,0.2498,15.289
2302.4,0.94153,0.24933,NaN
2302.4,0.94296,0.2496,NaN
2302.6,0.94157,0.2511,15.29
2302.8,0.93988,0.25104,15.29
2303.3,0.94159,0.24972,15.29
2303.3,0.94046,0.24895,15.29
2303.5,0.94241,0.25117,15.29
2303.6,0.94381,0.24943,15.29
2303.9,0.94249,0.24983,15.29
2304.2,0.94129,0.25017,15.29
2304.3,0.94284,0.24978,15.29
2304.5,0.94046,0.24863,15.29
2304.7,0.94341,0.24914,15.29
2305.1,0.94244,0.24902,15.29
2305.2,0.94121,0.24909,NaN
2305.2,0.94194,0.25064,NaN
2305.4,0.94256,0.25081,15.291
2305.6,0.94255,0.25096,15.291
2306.1,0.94087,0.25001,15.291
2306.1,0.94166,0.24965,NaN
2306.2,0.94355,0.25133,15.291
2306.5,0.94056,0.2497,15.292
2306.7,0.94172,0.25114,15.292
2307,0.94248,0.25001,15.292
2307,0.94275,0.24989,NaN
2307.2,0.94118,0.25086,15.292
2307.4,0.94126,0.24986,15.293
2307.9,0.94306,0.25058,15.293
2308,0.94345,0.25026,NaN
2308.1,0.94187,0.25004,15.293
2308.2,0.94145,0.2501,15.293
2308.4,0.9417,0.24999,15.293
2308.8,0.94153,0.25021,15.293
2308.8,0.94431,0.2502,NaN
2309,0.94145,0.24986,15.294
2309.3,0.94462,0.25048,15.294
2309.7,0.9414,0.2499,15.294
2309.8,0.94355,0.24967,NaN
2309.9,0.94507,0.25024,NaN
2310.1,0.94096,0.25043,15.294
2310.2,0.94166,0.25044,15.295
2310.6,0.94377,0.24936,15.295
2310.7,0.94332,0.25125,NaN
2310.8,0.94207,0.24986,15.295
2311,0.94125,0.24985,15.295
2311.3,0.94271,0.25153,15.295
2311.6,0.94402,0.25081,15.296
2311.7,0.94278,0.25044,NaN
2311.8,0.94147,0.24968,15.296
2312,0.9436,0.2502,15.296
2312.3,0.94379,0.25062,15.296
2312.6,0.94081,0.25061,15.297
2312.7,0.94207,0.2518,NaN
2312.9,0.94228,0.2507,15.297
2313,0.94122,0.25081,15.297
2313.5,0.94187,0.25004,15.297
2313.5,0.94029,0.25008,NaN
2313.7,0.94374,0.24941,15.298
2313.8,0.94292,0.25043,15.298
2314.1,0.94179,0.25073,15.298
2314.4,0.94205,0.25199,15.298
2314.4,0.94204,0.2493,15.298
2314.6,0.94228,0.25067,15.298
2314.9,0.94168,0.25033,15.298
2315.3,0.94178,0.25059,15.298
2315.3,0.94049,0.25004,NaN
2315.4,0.94273,0.25014,15.298
2315.6,0.94389,0.24981,15.298
2316.1,0.94287,0.25018,15.298
2316.2,0.94256,0.24977,NaN
2316.2,0.94582,0.25106,NaN
2316.4,0.94471,0.25225,15.298
2316.6,0.94322,0.25067,15.298
2317,0.94138,0.2487,15.298
2317.1,0.94287,0.24964,NaN
2317.2,0.94526,0.25125,15.298
2317.4,0.94144,0.25091,15.298
2317.6,0.94144,0.25029,15.298
2318,0.94337,0.25153,15.298
2318,0.94206,0.2507,15.298
2318.2,0.9437,0.25065,15.298
2318.4,0.94235,0.24992,15.298
2318.9,0.94249,0.25004,15.298
2318.9,0.9438,0.25049,NaN
2319,0.94432,0.25024,15.298
2319.2,0.94104,0.24976,15.298
2319.4,0.94333,0.2506,15.298
2319.8,0.94233,0.24945,15.298
2319.8,0.94319,0.24945,15.298
2320,0.94165,0.25107,15.298
2320.2,0.94209,0.25022,15.298
2320.4,0.94165,0.25023,15.298
2320.8,0.94328,0.24994,15.298
2320.8,0.94158,0.25138,NaN
2321,0.94223,0.25049,15.298
2321.3,0.94324,0.2504,15.298
2321.7,0.94375,0.24972,15.298
2321.7,0.9423,0.24983,NaN
2321.8,0.94235,0.24965,NaN
2322,0.94431,0.24995,15.298
2322.3,0.94501,0.24953,15.298
2322.7,0.94365,0.25041,15.298
2322.7,0.94564,0.24904,15.298
2322.9,0.94218,0.25048,15.298
2323.1,0.94318,0.24981,15.299
2323.2,0.94308,0.25046,15.299
2323.7,0.94409,0.24976,15.299
2323.7,0.94187,0.25032,NaN
2323.8,0.94056,0.24935,15.299
2324.1,0.94375,0.25079,15.299
2324.3,0.94236,0.2486,15.299
2324.7,0.94318,0.24903,15.299
2324.7,0.94035,0.24968,NaN
2324.8,0.94154,0.24989,NaN
2325,0.94276,0.24918,15.299
2325.3,0.94358,0.24957,15.299
2325.6,0.94133,0.25111,15.299
2325.7,0.94252,0.25053,NaN
2325.9,0.94345,0.2507,15.299
2326,0.94268,0.25011,15.299
2326.2,0.94289,0.25014,15.299
2326.5,0.94189,0.25065,15.299
2326.6,0.94159,0.2498,15.299
2326.8,0.94367,0.251,15.299
2327,0.94242,0.25059,15.299
2327.5,0.94116,0.24992,15.3
2327.6,0.94346,0.25064,NaN
2327.6,0.94597,0.25132,NaN
2327.8,0.94319,0.25082,15.3
2328.1,0.9444,0.24949,15.3
2328.2,0.94396,0.25025,15.3
2328.7,0.94226,0.24992,15.301
2328.7,0.94122,0.25002,NaN
2328.8,0.9441,0.25051,15.301
2329,0.94244,0.25018,15.301
2329.2,0.94374,0.25028,15.301
2329.6,0.94195,0.24956,15.301
2329.6,0.94293,0.25053,NaN
2329.8,0.94255,0.24979,15.302
2330,0.94188,0.25106,15.302
2330.2,0.94336,0.24845,15.302
2330.6,0.94285,0.25012,15.302
2330.7,0.94291,0.24894,NaN
2330.9,0.94174,0.25056,15.302
2331,0.94265,0.24981,15.302
2331.3,0.94191,0.25104,15.302
2331.6,0.943,0.2503,15.302
2331.6,0.94383,0.25055,15.303
2331.8,0.94144,0.25074,15.303
2332.1,0.94239,0.25044,15.303
2332.5,0.94318,0.24992,15.303
2332.5,0.94127,0.25114,NaN
2332.7,0.94145,0.25142,15.303
2332.9,0.9422,0.25109,15.303
2333,0.94289,0.25,15.304
2333.5,0.9449,0.24972,15.304
2333.5,0.94265,0.25078,NaN
2333.6,0.94382,0.25116,15.304
2333.8,0.94445,0.25079,15.304
2334,0.94321,0.25206,15.305
2334.4,0.94417,0.25049,15.305
2334.4,0.94473,0.25009,NaN
2334.6,0.94222,0.2498,15.305
2334.9,0.94123,0.24951,15.305
2335.4,0.94076,0.25101,15.305
2335.4,0.94217,0.24946,15.305
2335.4,0.94355,0.25186,NaN
2335.7,0.94415,0.25008,15.305
2335.8,0.94088,0.24956,15.305
2336.2,0.94215,0.25062,15.306
2336.2,0.94239,0.25053,NaN
2336.4,0.94187,0.25143,15.306
2336.6,0.94302,0.25062,15.306
2336.8,0.9434,0.25067,15.306
2337.2,0.94253,0.25074,15.306
2337.2,0.94247,0.25086,15.307
2337.5,0.94282,0.25154,15.307
2337.7,0.94225,0.24982,15.307
2337.8,0.9418,0.25004,15.307
2338.3,0.94352,0.25057,15.307
2338.3,0.94087,0.24977,15.308
2338.4,0.94273,0.24892,15.308
2338.6,0.94252,0.25061,15.308
2338.8,0.94373,0.25147,15.308
2339.2,0.941,0.24923,15.308
2339.2,0.94303,0.25084,NaN
2339.4,0.94135,0.25008,15.309
2339.6,0.94101,0.24931,15.309
2340.1,0.94259,0.24998,15.309
2340.2,0.94048,0.25022,NaN
2340.2,0.94044,0.24992,15.31
2340.4,0.94085,0.25042,15.31
2340.6,0.94257,0.24933,15.31
2341,0.9435,0.24977,15.311
2341,0.94193,0.24908,NaN
2341.3,0.94201,0.25047,15.311
2341.5,0.94103,0.24929,15.311
2342,0.94225,0.24974,15.311
2342,0.94135,0.25012,NaN
2342,0.94215,0.24935,NaN
2342.2,0.94115,0.25085,15.312
2342.5,0.94178,0.2504,15.312
2342.9,0.94176,0.25147,15.312
2342.9,0.94132,0.25047,15.312
2343,0.94256,0.24977,15.312
2343.3,0.94105,0.25045,15.312
2343.4,0.94213,0.2512,15.312
2343.8,0.9408,0.25027,15.312
2343.8,0.94192,0.24964,NaN
2344.1,0.94265,0.25063,15.312
2344.2,0.94301,0.24993,15.312
2344.4,0.94039,0.25082,15.312
2344.6,0.94458,0.25079,15.312
2345,0.943,0.25048,15.312
2345.1,0.94215,0.25129,NaN
2345.2,0.94371,0.25059,15.312
2345.4,0.94298,0.25008,15.313
2345.6,0.94236,0.25019,15.313
2346,0.94226,0.25124,15.313
2346.1,0.94272,0.2515,NaN
2346.2,0.94329,0.24977,15.313
2346.5,0.94467,0.25237,15.313
2346.9,0.94196,0.25097,15.314
2346.9,0.94255,0.2504,NaN
2347,0.94235,0.24987,15.314
2347.3,0.94432,0.2515,15.314
2347.4,0.94337,0.25019,15.314
2347.8,0.9445,0.25122,15.315
2347.9,0.94295,0.24997,NaN
2348,0.94281,0.25018,15.315
2348.3,0.94393,0.24998,15.315
2348.4,0.94486,0.25017,15.315
2348.9,0.94047,0.25027,15.315
2348.9,0.94498,0.25003,NaN
2349.1,0.94221,0.25057,15.315
2349.2,0.94209,0.24959,15.315
2349.4,0.94181,0.24995,15.315
2349.8,0.94221,0.24953,15.316
2349.9,0.94421,0.2505,NaN
2350,0.94198,0.25053,15.316
2350.3,0.94399,0.2515,15.316
2350.7,0.94267,0.25116,15.316
2350.7,0.94372,0.25042,NaN
2350.8,0.94288,0.25104,15.317
2351.1,0.94241,0.25114,15.317
2351.3,0.94249,0.25072,15.317
2351.4,0.94382,0.25061,15.317
2351.8,0.94154,0.25176,15.318
2351.9,0.94167,0.25165,NaN
2352.1,0.94349,0.251,15.318
2352.3,0.9424,0.25113,15.318
2352.4,0.94182,0.24976,15.318
2352.8,0.9427,0.25093,15.319
2352.9,0.9432,0.25072,NaN
2353,0.94276,0.25099,15.319
2353.3,0.94176,0.25063,15.319
2353.7,0.94512,0.24982,15.319
2353.7,0.94374,0.24998,NaN
2353.8,0.94181,0.25041,15.319
2354,0.94151,0.2508,15.319
2354.3,0.94214,0.25156,15.319
2354.6,0.94421,0.25111,15.319
2354.6,0.94381,0.25032,15.32
2354.8,0.94428,0.25241,15.32
2355,0.94258,0.24931,15.32
2355.2,0.94207,0.25145,15.32
2355.7,0.94266,0.2508,15.32
2355.7,0.94294,0.25105,NaN
2355.9,0.94234,0.25095,15.321
2356,0.94207,0.25113,15.321
2356.2,0.94265,0.25056,15.321
2356.6,0.9408,0.24958,15.321
2356.6,0.94243,0.25033,NaN
2356.9,0.94114,0.25071,15.322
2357,0.94264,0.25075,15.322
2357.5,0.94182,0.24964,15.323
2357.6,0.943,0.25107,NaN
2357.7,0.94229,0.25123,15.323
2357.8,0.94065,0.25105,15.323
2358.1,0.94283,0.24962,15.323
2358.3,0.94054,0.25047,15.323
2358.6,0.94315,0.25088,15.324
2358.6,0.9419,0.25031,NaN
2358.8,0.94258,0.25111,15.324
2359,0.94339,0.25098,15.324
2359.3,0.94285,0.25076,15.324
2359.6,0.94291,0.25098,15.324
2359.7,0.94265,0.25012,NaN
2359.8,0.94389,0.25198,15.324
2360,0.94094,0.25074,15.324
2360.2,0.94194,0.25124,15.324
2360.7,0.94543,0.24983,15.324
2360.8,0.94294,0.24991,NaN
2360.9,0.94208,0.2517,15.325
2361,0.94244,0.25089,15.325
2361.3,0.94441,0.25156,15.325
2361.7,0.94116,0.25127,15.325
2361.7,0.9428,0.2509,NaN
2361.8,0.94206,0.25109,15.325
2362,0.93987,0.25045,15.325
2362.2,0.94266,0.25116,15.325
2362.6,0.94301,0.25122,15.325
2362.6,0.94342,0.25007,NaN
2362.8,0.94275,0.25123,15.325
2363,0.94147,0.24968,15.326
2363.5,0.94209,0.25155,15.326
2363.5,0.94205,0.25027,NaN
2363.6,0.94163,0.25094,15.326
2363.8,0.94228,0.24987,15.326
2364.1,0.94263,0.25031,15.326
2364.4,0.94403,0.24914,15.327
2364.4,0.9421,0.25014,NaN
2364.6,0.94205,0.25072,15.327
2364.8,0.94274,0.24971,15.327
2365.4,0.94238,0.25092,15.327
2365.4,0.94203,0.25136,NaN
2365.4,0.94443,0.25085,NaN
2365.7,0.94168,0.25045,15.327
2365.9,0.94343,0.25217,15.327
2366,0.94006,0.24971,15.327
2366.4,0.94323,0.24957,15.327
2366.4,0.94284,0.25136,15.327
2366.7,0.9426,0.25057,15.327
2366.8,0.94114,0.25106,15.327
2367.1,0.93955,0.24994,15.327
2367.5,0.94311,0.25105,15.327
2367.5,0.94175,0.25046,NaN
2367.6,0.94125,0.25123,15.327
2367.8,0.94128,0.25135,15.327
2368,0.94289,0.251,15.327
2368.4,0.9422,0.25163,15.327
2368.4,0.94179,0.24961,NaN
2368.7,0.94215,0.24945,15.327
2368.9,0.94124,0.24911,15.327
2369.3,0.94225,0.2508,15.328
2369.4,0.94252,0.25034,NaN
2369.4,0.94391,0.25079,15.328
2369.6,0.94198,0.24968,15.328
2369.8,0.94222,0.24948,15.328
2370.3,0.94475,0.25112,15.328
2370.4,0.94406,0.2509,NaN
2370.5,0.94279,0.25121,15.328
2370.7,0.94232,0.24997,15.328
2370.8,0.94064,0.2503,15.328
2371.3,0.94254,0.2512,15.328
2371.4,0.94136,0.25165,NaN
2371.5,0.94116,0.25022,15.328
2371.6,0.94143,0.24964,15.328
2371.8,0.94317,0.25104,15.328
2372.3,0.94412,0.2518,15.328
2372.4,0.94287,0.25069,NaN
2372.4,0.94139,0.25014,15.328
2372.7,0.94457,0.25111,15.328
2372.8,0.9415,0.25158,15.328
2373,0.9434,0.25009,15.328
2373.5,0.942,0.25093,15.328
2373.5,0.94283,0.25146,NaN
2373.6,0.94385,0.25031,15.328
2373.8,0.94289,0.25038,15.328
2374,0.9411,0.25056,15.328
2374.4,0.94117,0.25041,15.328
2374.4,0.94079,0.25049,NaN
2374.6,0.94314,0.25127,15.328
2374.8,0.94027,0.24983,15.328
2375,0.94232,0.2501,15.328
2375.4,0.94312,0.25087,15.328
2375.4,0.94209,0.25092,NaN
2375.7,0.94216,0.25159,15.328
2375.8,0.94172,0.25085,15.328
2376.3,0.94177,0.25014,15.328
2376.4,0.94132,0.25155,NaN
2376.4,0.94231,0.25107,NaN
2376.6,0.94131,0.25142,15.328
2376.8,0.94161,0.2513,15.328
2377.3,0.94299,0.24959,15.328
2377.3,0.94177,0.25152,NaN
2377.4,0.94232,0.25085,NaN
2377.6,0.94141,0.25064,15.329
2377.8,0.94337,0.25183,15.329
2378.2,0.94367,0.24958,15.329
2378.2,0.94278,0.25085,15.329
2378.4,0.94366,0.25077,15.329
2378.6,0.94323,0.25066,15.329
2379.1,0.94451,0.2516,15.329
2379.1,0.94201,0.25184,NaN
2379.2,0.94292,0.25028,15.33
2379.5,0.94371,0.25066,15.33
2379.7,0.94364,0.24961,15.33
2380,0.94278,0.25012,15.33
2380.1,0.94214,0.25071,NaN
2380.2,0.94188,0.24948,15.33
2380.5,0.94174,0.24956,15.331
2380.6,0.94165,0.25103,15.331
2381.1,0.94343,0.25168,15.331
2381.2,0.94389,0.25018,NaN
2381.2,0.94255,0.24867,15.331
2381.4,0.94184,0.25127,15.331
2381.6,0.94213,0.24969,15.331
2382.1,0.94169,0.25035,15.332
2382.1,0.94155,0.25123,NaN
2382.2,0.9444,0.24901,15.332
2382.4,0.94147,0.25006,15.332
2382.6,0.94218,0.25068,15.332
2383.1,0.94201,0.2509,15.332
2383.1,0.94396,0.25159,15.333
2383.2,0.94186,0.25097,15.333
2383.4,0.94218,0.25085,15.333
2383.7,0.94441,0.25075,15.333
2384,0.94175,0.25122,15.333
2384,0.9444,0.25084,NaN
2384.2,0.9421,0.24966,15.333
2384.4,0.94376,0.2509,15.334
2385,0.94163,0.25018,15.334
2385,0.94387,0.25052,NaN
2385.1,0.94354,0.25025,NaN
2385.2,0.94268,0.25,15.334
2385.4,0.94224,0.24977,15.335
2385.6,0.9418,0.24923,15.335
2386,0.94474,0.25004,15.335
2386,0.9447,0.25057,NaN
2386.2,0.94364,0.25076,15.336
2386.5,0.94422,0.24963,15.336
2386.9,0.94326,0.25066,15.337
2386.9,0.94306,0.25071,NaN
2387.1,0.94264,0.25061,15.337
2387.3,0.94254,0.24942,15.337
2387.4,0.94189,0.24993,15.337
2387.6,0.94335,0.25023,15.337
2388,0.9428,0.25014,15.337
2388.1,0.94296,0.25043,15.337
2388.3,0.94231,0.24889,15.337
2388.5,0.94151,0.25028,15.337
2388.9,0.94121,0.24938,15.337
2389,0.94374,0.24974,NaN
2389,0.94164,0.25129,15.337
2389.3,0.94202,0.24988,15.338
2389.4,0.94139,0.24997,15.338
2389.9,0.94272,0.24832,15.338
2389.9,0.94198,0.24944,NaN
2390,0.94152,0.2507,15.338
2390.2,0.9422,0.24944,15.338
2390.4,0.94328,0.24958,15.338
2390.9,0.94305,0.25054,15.339
2390.9,0.94261,0.24958,NaN
2391,0.94338,0.25051,15.339
2391.3,0.94466,0.24978,15.339
2391.4,0.94239,0.24956,15.339
2391.9,0.94301,0.25135,15.339
2391.9,0.9444,0.2509,NaN
2392,0.94317,0.24957,15.339
2392.2,0.94655,0.25143,15.339
2392.4,0.94188,0.25106,15.339
2392.8,0.94412,0.24995,15.34
2392.8,0.94269,0.25098,15.34
2393,0.94386,0.25106,15.34
2393.3,0.94234,0.2508,15.34
2393.7,0.9429,0.25091,15.34
2393.7,0.94101,0.25088,NaN
2393.9,0.94284,0.24957,15.341
2394,0.9431,0.24988,15.341
2394.2,0.94209,0.25073,15.341
2394.4,0.94269,0.24972,15.341
2394.8,0.94367,0.25016,15.341
2394.8,0.94438,0.2511,NaN
2395.1,0.94103,0.2508,15.342
2395.3,0.94249,0.25118,15.342
2395.7,0.9444,0.25119,15.342
2395.7,0.94439,0.25219,NaN
2395.8,0.94212,0.24981,15.342
2396.1,0.94197,0.25053,15.342
2396.2,0.94331,0.25068,15.342
2396.6,0.94244,0.2515,15.342
2396.6,0.9414,0.2503,NaN
2396.8,0.9428,0.25185,15.343
2397,0.94204,0.252,15.343
2397.5,0.94225,0.25113,15.343
2397.6,0.94252,0.25125,NaN
2397.6,0.9428,0.25163,NaN
2397.8,0.94017,0.25103,15.344
2398.1,0.94385,0.25022,15.344
2398.5,0.94113,0.25035,15.344
2398.5,0.94214,0.25113,NaN
2398.6,0.94261,0.25012,15.344
2398.8,0.94148,0.25121,15.344
2399,0.94246,0.2507,15.345
2399.5,0.94327,0.25062,15.345
2399.5,0.94374,0.25001,15.345
2399.6,0.94286,0.24948,15.345
2399.9,0.94235,0.25026,15.345
2400,0.94332,0.24995,15.345
2400.5,0.9413,0.24953,15.345
2400.5,0.94326,0.25068,NaN
2400.6,0.94407,0.25081,NaN
2400.9,0.94115,0.25158,15.345
2401,0.94299,0.25151,15.345
2401.2,0.9442,0.25014,15.346
2401.6,0.94508,0.2514,15.346
2401.6,0.9443,0.25077,NaN
2401.8,0.94193,0.2506,15.346
2402,0.94409,0.24994,15.346
2402.2,0.9444,0.25038,15.346
2402.6,0.94539,0.25073,15.347
2402.6,0.94141,0.2511,NaN
2402.9,0.94349,0.25118,15.348
2403,0.94217,0.25083,15.348
2403.2,0.94353,0.25132,15.348
2403.6,0.94341,0.25176,15.349
2403.7,0.94234,0.25096,NaN
2403.9,0.94224,0.25044,15.349
2404,0.94323,0.25041,15.349
2404.5,0.94455,0.25101,15.349
2404.6,0.94248,0.24945,NaN
2404.7,0.9443,0.25008,15.349
2404.8,0.9437,0.2518,15.349
2405,0.94488,0.2511,15.349
2405.5,0.94224,0.25071,15.349
2405.6,0.94451,0.25074,15.349
2405.6,0.94504,0.25101,NaN
2405.9,0.94343,0.25057,15.349
2406,0.94241,0.25102,15.349
2406.5,0.94283,0.25056,15.35
2406.6,0.94268,0.25011,NaN
2406.6,0.94405,0.25124,15.35
2406.8,0.94247,0.25102,15.35
2407,0.94295,0.25103,15.35
2407.5,0.94317,0.25067,15.35
2407.5,0.94149,0.25093,NaN
2407.7,0.94301,0.25038,15.35
2407.8,0.94291,0.25088,15.35
2408,0.94173,0.24968,15.35
2408.5,0.9419,0.25096,15.351
2408.5,0.94476,0.25045,NaN
2408.6,0.9444,0.25056,15.351
2408.9,0.94191,0.25123,15.351
2409,0.94395,0.25078,15.351
2409.4,0.94195,0.2518,15.351
2409.4,0.94121,0.25052,NaN
2409.6,0.94094,0.25152,15.352
2409.9,0.94303,0.24992,15.352
2410,0.94149,0.25079,15.352
2410.4,0.94435,0.25031,15.352
2410.5,0.94216,0.24981,NaN
2410.6,0.94404,0.25116,15.352
2410.8,0.94188,0.25093,15.352
2411,0.94421,0.25228,15.352
2411.4,0.94409,0.25072,15.352
2411.4,0.94299,0.25095,NaN
2411.6,0.94417,0.25136,15.352
2411.9,0.94301,0.25085,15.352
2412.3,0.94044,0.252,15.352
2412.3,0.94177,0.25085,NaN
2412.4,0.94322,0.25066,NaN
2412.6,0.94366,0.25003,15.353
2412.9,0.94322,0.2507,15.353
2413.2,0.94316,0.25104,15.353
2413.2,0.94466,0.2512,NaN
2413.5,0.94318,0.25115,15.353
2413.6,0.94295,0.25003,15.353
2413.9,0.94373,0.25131,15.354
2414,0.94328,0.25126,15.354
2414.4,0.94323,0.25197,15.354
2414.4,0.94543,0.25102,NaN
2414.7,0.94245,0.25012,15.354
2414.8,0.94252,0.24991,15.354
2415.3,0.94366,0.25141,15.354
2415.4,0.94486,0.25025,NaN
2415.5,0.94645,0.25034,15.354
2415.6,0.94305,0.24998,15.354
2415.8,0.94327,0.25116,15.354
2416.3,0.94191,0.25081,15.354
2416.3,0.94243,0.25063,NaN
2416.4,0.94271,0.25122,15.354
2416.6,0.94121,0.25004,15.354
2416.8,0.94192,0.24942,15.354
2417.2,0.94275,0.2502,15.354
2417.3,0.94179,0.25103,NaN
2417.4,0.94279,0.25005,15.354
2417.6,0.94378,0.25091,15.354
2417.9,0.94223,0.25034,15.354
2418.3,0.94373,0.25021,15.354
2418.3,0.94324,0.24992,NaN
2418.4,0.94286,0.25004,15.354
2418.6,0.9415,0.25076,15.354
2418.8,0.94305,0.25042,15.354
2419.3,0.9431,0.25035,15.354
2419.4,0.94353,0.25062,NaN
2419.4,0.94295,0.24988,NaN
2419.6,0.94299,0.25103,15.354
2419.8,0.94396,0.25032,15.354
2420.3,0.94348,0.25053,15.354
2420.3,0.94373,0.25035,NaN
2420.4,0.94355,0.24994,15.354
2420.7,0.94196,0.24954,15.354
2420.8,0.94432,0.24891,15.354
2421.4,0.94102,0.25033,15.354
2421.4,0.94404,0.25015,15.354
2421.4,0.94505,0.24985,NaN
2421.6,0.94258,0.24918,15.354
2421.8,0.94119,0.25004,15.354
2422.4,0.94217,0.25146,15.354
2422.4,0.94145,0.25003,NaN
2422.4,0.94328,0.25133,NaN
2422.6,0.94371,0.25083,15.354
2422.8,0.94265,0.24939,15.354
2423,0.94187,0.24845,15.354
2423.4,0.94078,0.25184,15.354
2423.4,0.9445,0.25023,NaN
2423.6,0.94293,0.24969,15.354
2423.8,0.94229,0.2502,15.354
2424.3,0.94334,0.25015,15.354
2424.3,0.9436,0.25128,NaN
2424.4,0.94286,0.25049,15.354
2424.6,0.94347,0.25108,15.354
2424.8,0.94364,0.24992,15.354
2425,0.94496,0.25006,15.354
2425.4,0.94403,0.25011,15.354
2425.5,0.94405,0.25006,NaN
2425.7,0.94229,0.25071,15.354
2425.8,0.94292,0.24948,15.354
2426.3,0.94399,0.24962,15.354
2426.4,0.94363,0.24996,NaN
2426.4,0.94293,0.25012,15.354
2426.7,0.94217,0.24978,15.354
2426.8,0.94441,0.25079,15.354
2427.3,0.94427,0.24956,15.354
2427.4,0.94465,0.2511,NaN
2427.4,0.94443,0.25168,15.354
2427.6,0.94151,0.25036,15.354
2427.9,0.94292,0.25138,15.354
2428.3,0.94396,0.2496,15.354
2428.4,0.94308,0.24958,15.354
2428.5,0.94086,0.24925,NaN
2428.6,0.94276,0.2509,15.354
2428.8,0.9421,0.25026,15.354
2429.3,0.94259,0.25016,15.354
2429.3,0.94228,0.24898,NaN
2429.4,0.94444,0.2499,NaN
2429.6,0.94315,0.25096,15.354
2429.8,0.9429,0.24921,15.354
2430,0.94208,0.24962,15.354
2430.5,0.94317,0.25074,15.355
2430.5,0.94427,0.2488,NaN
2430.6,0.94353,0.25035,15.355
2430.9,0.94323,0.24938,15.355
2431.1,0.94051,0.2488,15.355
2431.5,0.94309,0.25019,15.355
2431.6,0.94334,0.24693,NaN
2431.6,0.9422,0.24952,NaN
2431.8,0.94245,0.24902,15.356
2432,0.94248,0.2482,15.356
2432.5,0.94225,0.24947,15.357
2432.5,0.94376,0.24943,NaN
2432.6,0.94455,0.24974,15.357
2432.8,0.94314,0.25064,15.357
2433,0.94315,0.24925,15.357
2433.2,0.94281,0.24975,15.357
2433.7,0.94216,0.24958,15.357
2433.7,0.9431,0.25015,NaN
2433.8,0.94344,0.25049,15.358
2434.1,0.94355,0.24964,15.358
2434.2,0.94209,0.24964,15.358
2434.8,0.94352,0.24779,15.358
2434.8,0.94406,0.25004,NaN
2434.8,0.94315,0.24998,NaN
2435,0.94431,0.25006,15.358
2435.2,0.94245,0.25081,15.358
2435.4,0.94192,0.25003,15.358
2435.8,0.94219,0.25134,15.358
2435.8,0.94412,0.25089,NaN
2436.1,0.94049,0.25008,15.358
2436.3,0.94249,0.2514,15.358
2436.4,0.94377,0.25036,15.358
2437,0.94278,0.25053,15.359
2437,0.9424,0.25056,NaN
2437,0.94275,0.24964,NaN
2437.2,0.94236,0.25049,15.359
2437.4,0.94242,0.25039,15.359
2437.6,0.94412,0.25105,15.359
2438.1,0.94217,0.24954,15.359
2438.1,0.94166,0.2497,NaN
2438.3,0.94417,0.25081,15.36
2438.5,0.94428,0.25052,15.36
2438.6,0.94292,0.25016,15.36
2439.1,0.94227,0.2508,15.36
2439.1,0.94288,0.25031,NaN
2439.3,0.94357,0.25016,15.361
2439.5,0.94148,0.25064,15.361
2439.7,0.94107,0.2502,15.361
2440.1,0.94251,0.24949,15.361
2440.1,0.94268,0.24959,NaN
2440.2,0.94314,0.24989,15.361
2440.5,0.94134,0.24995,15.361
2440.6,0.94162,0.24994,15.361
2441.1,0.94192,0.24997,15.361
2441.1,0.94246,0.25072,NaN
2441.2,0.94276,0.24882,15.361
2441.4,0.94322,0.25176,15.361
2441.6,0.94067,0.24892,15.361
2442.1,0.94481,0.25001,15.362
2442.1,0.94191,0.25118,NaN
2442.2,0.94375,0.25021,15.362
2442.5,0.94423,0.2506,15.362
2442.6,0.94116,0.24995,15.362
2443.1,0.94518,0.24968,15.362
2443.2,0.94231,0.25045,NaN
2443.2,0.94459,0.25153,NaN
2443.5,0.94365,0.25123,15.362
2443.6,0.942,0.25071,15.362
2443.8,0.94336,0.25042,15.362
2444.3,0.94292,0.24995,15.362
2444.3,0.94279,0.25028,15.362
2444.4,0.94277,0.25022,15.362
2444.6,0.94286,0.25054,15.363
2444.8,0.94546,0.2505,15.363
2445.3,0.94298,0.24987,15.363
2445.3,0.94193,0.24952,NaN
2445.5,0.94302,0.24975,15.363
2445.6,0.94228,0.2505,15.363
2445.8,0.94362,0.25029,15.363
2446.4,0.94218,0.24913,15.364
2446.4,0.94251,0.24907,NaN
2446.4,0.94059,0.25011,NaN
2446.7,0.94303,0.24976,15.364
2446.9,0.94245,0.25078,15.364
2447.4,0.94416,0.24988,15.365
2447.4,0.94333,0.24979,NaN
2447.4,0.94318,0.24952,NaN
2447.6,0.94308,0.24983,15.365
2447.8,0.94312,0.25026,15.365
2448,0.9424,0.25023,15.365
2448.4,0.94043,0.25044,15.365
2448.4,0.94246,0.24916,NaN
2448.6,0.94249,0.2494,15.365
2448.9,0.94313,0.24914,15.366
2449,0.94114,0.25014,15.366
2449.5,0.94319,0.25037,15.366
2449.5,0.94395,0.24991,NaN
2449.7,0.9426,0.25054,15.366
2449.9,0.94423,0.25185,15.366
2450,0.94234,0.25104,15.367
2450.4,0.94302,0.25085,15.367
2450.5,0.94386,0.2505,15.367
2450.6,0.94342,0.25079,15.367
2450.9,0.94294,0.24981,15.367
2451,0.94364,0.25037,15.367
2451.5,0.94394,0.25074,15.368
2451.5,0.94255,0.24939,NaN
2451.7,0.94294,0.25063,15.368
2451.9,0.94392,0.25097,15.368
2452,0.9437,0.25037,15.368
2452.5,0.9432,0.25043,15.368
2452.5,0.9426,0.2502,NaN
2452.6,0.94402,0.25121,15.368
2452.9,0.94392,0.25039,15.368
2453,0.94426,0.2511,15.369
2453.4,0.94463,0.25037,15.369
2453.5,0.94326,0.24908,NaN
2453.6,0.9444,0.25074,15.369
2453.8,0.94296,0.24998,15.369
2454,0.943,0.25029,15.37
2454.5,0.94158,0.2497,15.37
2454.5,0.94414,0.25044,NaN
2454.6,0.94203,0.25053,15.37
2454.8,0.9446,0.25082,15.37
2455,0.94478,0.25099,15.37
2455.2,0.94151,0.25009,15.371
2455.6,0.94394,0.24981,15.371
2455.6,0.94324,0.25018,15.371
2455.8,0.9418,0.25057,15.371
2456.1,0.94197,0.25087,15.371
2456.6,0.94214,0.25089,15.371
2456.6,0.94368,0.24978,NaN
2456.6,0.94179,0.25058,NaN
2456.8,0.94202,0.25182,15.371
2457.1,0.94243,0.25038,15.371
2457.3,0.94368,0.25142,15.372
2457.7,0.94258,0.25063,15.372
2457.7,0.94514,0.25011,NaN
2457.9,0.94327,0.25081,15.373
2458,0.94213,0.24946,15.373
2458.2,0.94369,0.25084,15.373
2458.8,0.94187,0.25135,15.374
2458.8,0.94522,0.25022,NaN
2458.8,0.94289,0.25089,NaN
2459,0.94051,0.25043,15.374
2459.2,0.94182,0.2506,15.374
2459.9,0.9411,0.25169,15.375
2459.9,0.94233,0.24998,NaN
2459.9,0.94261,0.25189,NaN
2460,0.94271,0.251,15.375
2460.3,0.94119,0.25035,15.375
2460.4,0.94228,0.25046,15.375
2460.6,0.94346,0.25035,15.375
2461.1,0.94301,0.25,15.375
2461.1,0.94359,0.25024,NaN
2461.2,0.94391,0.25228,NaN
2461.5,0.94182,0.25044,15.375
2461.6,0.9453,0.25076,15.375
2462.1,0.94257,0.25219,15.375
2462.1,0.9438,0.25013,NaN
2462.2,0.94369,0.25153,15.375
2462.4,0.94345,0.25091,15.375
2462.7,0.94333,0.25153,15.375
2463.1,0.94264,0.2511,15.376
2463.1,0.94254,0.25161,NaN
2463.3,0.94347,0.25234,15.376
2463.4,0.94261,0.25009,15.376
2463.7,0.94343,0.25054,15.376
2464.1,0.94406,0.25047,15.376
2464.1,0.94163,0.25156,NaN
2464.3,0.94242,0.25159,15.377
2464.5,0.94213,0.25279,15.377
2464.6,0.9425,0.25194,15.377
2465,0.94449,0.25095,15.377
2465.1,0.94494,0.2515,NaN
2465.3,0.94245,0.24977,15.377
2465.5,0.94418,0.25188,15.377
2465.6,0.94354,0.25193,15.377
2465.9,0.9423,0.25048,15.377
2466.4,0.9423,0.25025,15.378
2466.4,0.94368,0.25111,NaN
2466.5,0.94382,0.2505,NaN
2466.6,0.94358,0.25038,15.378
2466.9,0.94198,0.24957,15.378
2467.3,0.94308,0.25126,15.378
2467.3,0.94338,0.25248,NaN
2467.4,0.94318,0.25093,15.378
2467.6,0.94145,0.25019,15.378
2467.8,0.94262,0.24955,15.378
2468.3,0.94136,0.25096,15.378
2468.3,0.9443,0.25134,NaN
2468.4,0.94439,0.25018,15.378
2468.7,0.94173,0.25173,15.378
2468.9,0.94433,0.25185,15.378
2469.3,0.94334,0.25031,15.378
2469.4,0.94415,0.25104,15.378
2469.5,0.94143,0.2512,15.378
2469.6,0.94399,0.25065,15.378
2469.8,0.94283,0.251,15.378
2470.3,0.94198,0.25063,15.378
2470.3,0.941,0.25102,NaN
2470.4,0.94436,0.25134,15.378
2470.6,0.94314,0.24985,15.378
2470.8,0.94226,0.25118,15.378
2471,0.94316,0.25095,15.378
2471.5,0.94079,0.25075,15.378
2471.5,0.94274,0.24953,NaN
2471.6,0.9421,0.25015,15.378
2471.8,0.94201,0.25056,15.378
2472.1,0.94159,0.25162,15.378
2472.3,0.94197,0.25109,15.378
2472.5,0.94416,0.25105,15.379
2472.7,0.94445,0.25049,15.379
2472.9,0.94308,0.24999,15.379
2473.1,0.94118,0.25053,15.379
2473.3,0.94321,0.25103,15.379
2473.5,0.94345,0.25233,15.379
2473.7,0.94321,0.25043,15.379
2473.9,0.94534,0.25071,15.379
2474,0.94109,0.25064,15.379
2474.3,0.94213,0.25123,15.379
2474.5,0.94459,0.25025,15.379
2474.6,0.94286,0.25196,15.379
2474.9,0.94353,0.24974,15.379
2475.3,0.94264,0.24988,15.379
2475.3,0.94381,0.25157,NaN
2475.4,0.94523,0.25185,15.379
2475.6,0.94261,0.25024,15.379
2475.8,0.94147,0.25011,15.379
2476.3,0.94152,0.25042,15.379
2476.3,0.9433,0.24996,15.379
2476.5,0.94296,0.25129,15.379
2476.7,0.94251,0.25018,15.379
2476.8,0.94274,0.2506,15.379
2477.4,0.94164,0.24979,15.379
2477.4,0.94259,0.24998,NaN
2477.5,0.94347,0.25052,NaN
2477.6,0.94273,0.25066,15.379
2477.8,0.94263,0.25062,15.379
2478,0.9432,0.25143,15.379
2478.5,0.94218,0.25016,15.379
2478.6,0.94219,0.25154,NaN
2478.7,0.94318,0.25178,15.379
2478.8,0.94295,0.2498,15.379
2479,0.94106,0.25022,15.379
2479.5,0.94319,0.25061,15.38
2479.5,0.9433,0.24942,NaN
2479.6,0.94339,0.25028,15.38
2479.8,0.94358,0.2502,15.38
2480,0.94277,0.25137,15.38
2480.5,0.94296,0.25078,15.381
2480.6,0.94339,0.24923,15.381
2480.6,0.94276,0.24938,NaN
2480.8,0.94094,0.25038,15.381
2481.1,0.94114,0.24911,15.381
2481.6,0.94172,0.25039,15.382
2481.6,0.94217,0.2503,NaN
2481.6,0.94197,0.24954,15.382
2481.8,0.94269,0.25098,15.382
2482,0.94156,0.25093,15.382
2482.6,0.94289,0.24974,15.382
2482.7,0.94251,0.25045,NaN
2482.7,0.94209,0.25064,NaN
2482.8,0.94279,0.25028,15.383
2483.1,0.94327,0.25022,15.383
2483.3,0.94322,0.24932,15.383
2483.6,0.94306,0.25094,15.383
2483.6,0.94189,0.25039,NaN
2483.8,0.94292,0.24997,15.383
2484.1,0.94114,0.25074,15.384
2484.5,0.9428,0.24978,15.384
2484.6,0.94363,0.25098,NaN
2484.7,0.94309,0.25013,15.384
2484.9,0.94417,0.24986,15.384
2485,0.94339,0.25113,15.384
2485.5,0.94336,0.25133,15.385
2485.5,0.9421,0.24952,NaN
2485.6,0.94391,0.25141,15.385
2485.8,0.94198,0.24912,15.386
2486,0.94434,0.2499,15.386
2486.5,0.94424,0.25084,15.386
2486.5,0.94298,0.24977,NaN
2486.6,0.9419,0.25089,15.386
2486.8,0.94111,0.25069,15.386
2487,0.94225,0.24988,15.387
2487.5,0.94047,0.24951,15.387
2487.5,0.94158,0.252,NaN
2487.7,0.94236,0.25009,15.387
2487.8,0.94468,0.25093,15.387
2488.1,0.94133,0.25012,15.387
2488.5,0.94141,0.2509,15.387
2488.5,0.94274,0.25074,NaN
2488.6,0.94265,0.25092,15.387
2488.9,0.94011,0.25052,15.387
2489,0.94283,0.25091,15.388
2489.5,0.94298,0.25013,15.388
2489.6,0.94343,0.25013,15.388
2489.6,0.94127,0.25012,NaN
2489.9,0.94385,0.2507,15.388
2490,0.94313,0.2503,15.388
2490.2,0.94384,0.25076,15.388
2490.6,0.94356,0.24998,15.388
2490.6,0.94373,0.24983,15.388
2490.8,0.94163,0.24975,15.388
2491,0.94265,0.24927,15.388
2491.2,0.93952,0.25044,15.388
2491.7,0.94353,0.25062,15.389
2491.7,0.94494,0.25093,NaN
2491.9,0.94133,0.25067,15.389
2492,0.94445,0.24908,15.389
2492.2,0.94371,0.25067,15.389
2492.7,0.94467,0.25236,15.39
2492.7,0.94255,0.24907,NaN
2492.8,0.94045,0.2501,15.39
2493,0.9423,0.2512,15.39
2493.2,0.94199,0.25015,15.39
2493.4,0.94247,0.25003,15.391
2493.8,0.94183,0.25011,15.391
2493.8,0.9416,0.25015,NaN
2494,0.94166,0.25029,15.391
2494.3,0.94204,0.24935,15.391
2494.8,0.94105,0.24945,15.391
2494.8,0.94083,0.25135,15.391
2494.8,0.94169,0.25037,NaN
2495.1,0.94237,0.25061,15.392
2495.2,0.94227,0.25068,15.392
2495.7,0.94303,0.25064,15.392
2495.7,0.94214,0.25162,NaN
2495.8,0.94377,0.25047,NaN
2496.1,0.94196,0.25133,15.392
2496.3,0.94242,0.25101,15.392
2496.7,0.94108,0.25237,15.393
2496.8,0.94376,0.2504,NaN
2496.8,0.94298,0.25045,15.393
2497.1,0.94314,0.25154,15.393
2497.2,0.94301,0.2508,15.393
2497.8,0.94085,0.25118,15.394
2497.8,0.94232,0.251,15.394
2497.8,0.94178,0.25038,NaN
2498.1,0.94083,0.25145,15.394
2498.2,0.94364,0.25116,15.394
2498.8,0.94156,0.25052,15.395
2498.8,0.94016,0.2491,NaN
2498.8,0.94117,0.25081,NaN
2499.1,0.93985,0.25033,15.395
2499.3,0.94217,0.25036,15.395
2499.7,0.9441,0.25051,15.395
2499.7,0.94126,0.2493,NaN
2499.8,0.9422,0.25036,15.396
2500.1,0.94111,0.25046,15.396
2500.2,0.94423,0.25029,15.396
2500.7,0.94282,0.25223,15.396
2500.7,0.94149,0.25125,NaN
2500.8,0.9418,0.25208,15.396
2501.1,0.94199,0.25166,15.396
2501.2,0.94233,0.25155,15.397
2501.7,0.9422,0.2514,15.397
2501.7,0.9432,0.2508,NaN
2501.8,0.94125,0.25176,15.397
2502,0.94226,0.2498,15.398
2502.2,0.94373,0.25103,15.398
2502.7,0.94254,0.25028,15.399
2502.7,0.94202,0.25152,NaN
2502.9,0.9427,0.2514,15.399
2503,0.94072,0.25096,15.399
2503.2,0.94084,0.25073,15.399
2503.7,0.94333,0.25142,15.399
2503.7,0.94256,0.25192,NaN
2503.8,0.94322,0.2503,15.399
2504.1,0.94292,0.251,15.399
2504.2,0.94106,0.25108,15.399
2504.7,0.94011,0.25061,15.399
2504.7,0.94224,0.25069,NaN
2504.8,0.94259,0.25044,15.4
2505.1,0.94086,0.25105,15.4
2505.3,0.94133,0.25044,15.4
2505.7,0.94148,0.24984,15.4
2505.8,0.94326,0.24978,NaN
2505.8,0.94269,0.25043,15.4
2506,0.94331,0.25201,15.4
2506.2,0.94312,0.25077,15.4
2506.7,0.94139,0.25067,15.4
2506.7,0.94331,0.25117,NaN
2506.8,0.94467,0.25222,15.4
2507.1,0.94212,0.24949,15.4
2507.3,0.94033,0.251,15.4
2507.7,0.94179,0.25076,15.401
2507.8,0.94242,0.25131,NaN
2507.9,0.943,0.2512,15.401
2508,0.94355,0.25066,15.401
2508.3,0.94165,0.25122,15.401
2508.7,0.94445,0.25238,15.402
2508.7,0.94265,0.2518,NaN
2508.9,0.94344,0.25066,15.402
2509,0.94495,0.25175,15.402
2509.3,0.94257,0.25164,15.402
2509.5,0.9441,0.2518,15.402
2509.9,0.94208,0.25087,15.403
2509.9,0.94244,0.25112,NaN
2510.1,0.94195,0.24992,15.403
2510.2,0.94165,0.2516,15.403
2510.4,0.94443,0.25083,15.403
2510.9,0.94396,0.25103,15.403
2511,0.94247,0.252,NaN
2511,0.9441,0.25162,15.403
2511.3,0.94367,0.25053,15.403
2511.4,0.94248,0.24948,15.403
2511.9,0.94066,0.24965,15.403
2511.9,0.94257,0.25155,NaN
2512.1,0.94283,0.25125,15.403
2512.2,0.94226,0.25195,15.403
2512.5,0.94277,0.25196,15.404
2512.8,0.94239,0.25115,15.404
2512.9,0.94211,0.25096,NaN
2513.1,0.9426,0.25045,15.404
2513.2,0.9442,0.25139,15.404
2513.5,0.94413,0.25124,15.405
2513.8,0.94116,0.25148,15.405
2513.9,0.94219,0.25087,NaN
2514.1,0.94188,0.25013,15.405
2514.2,0.94225,0.25111,15.405
2514.5,0.94274,0.25082,15.406
2514.9,0.94156,0.25042,15.406
2514.9,0.94147,0.25145,NaN
2515.1,0.94387,0.25098,15.406
2515.3,0.94283,0.25165,15.406
2515.4,0.94173,0.25104,15.406
2515.7,0.94274,0.25266,15.407
2516.1,0.94124,0.25096,15.407
2516.1,0.9422,0.25064,NaN
2516.3,0.94392,0.25043,15.407
2516.5,0.94192,0.25109,15.407
2516.6,0.94372,0.25078,15.407
2517.1,0.94123,0.25064,15.407
2517.1,0.94317,0.25148,NaN
2517.3,0.94367,0.25225,15.407
2517.4,0.9412,0.25063,15.407
2517.7,0.9434,0.25089,15.407
2518.1,0.94252,0.25126,15.407
2518.1,0.94318,0.25046,NaN
2518.2,0.941,0.25008,15.407
2518.5,0.94376,0.25087,15.407
2518.7,0.9423,0.25146,15.407
2519.1,0.94074,0.25092,15.407
2519.1,0.94326,0.25098,NaN
2519.2,0.9451,0.25099,NaN
2519.4,0.94058,0.25105,15.407
2519.7,0.94438,0.25099,15.407
2520.1,0.94247,0.25003,15.407
2520.2,0.94364,0.25027,NaN
2520.2,0.9426,0.24998,15.407
2520.4,0.94224,0.24999,15.407
2520.6,0.94295,0.25131,15.408
2521.2,0.94342,0.25044,15.408
2521.2,0.9421,0.2494,NaN
2521.3,0.94328,0.25001,NaN
2521.5,0.94221,0.25009,15.408
2521.6,0.9448,0.25088,15.408
2521.8,0.94294,0.25112,15.408
2522.1,0.94382,0.25142,15.408
2522.5,0.94345,0.2512,15.408
2522.5,0.94297,0.25135,NaN
2522.6,0.94182,0.25035,15.408
2522.8,0.94121,0.25079,15.408
2523,0.94237,0.25099,15.408
2523.4,0.9425,0.25141,15.408
2523.5,0.94432,0.2512,NaN
2523.6,0.9424,0.25,15.408
2523.8,0.94336,0.25066,15.408
2524,0.9423,0.25089,15.408
2524.4,0.94195,0.2511,15.408
2524.4,0.94331,0.24961,NaN
2524.6,0.94376,0.25073,15.408
2524.9,0.94338,0.25013,15.408
2525,0.94295,0.25068,15.408
2525.4,0.94451,0.25031,15.408
2525.4,0.94215,0.25032,NaN
2525.6,0.94072,0.25093,15.408
2525.8,0.94229,0.25029,15.408
2526,0.94399,0.25006,15.408
2526.4,0.94219,0.25009,15.408
2526.4,0.94379,0.24871,NaN
2526.6,0.94197,0.24945,15.408
2526.9,0.94407,0.24997,15.408
2527.1,0.94325,0.25029,15.408
2527.2,0.94296,0.25059,15.408
2527.6,0.94196,0.25028,15.408
2527.6,0.9437,0.25049,NaN
2527.9,0.94234,0.24999,15.408
2528,0.94284,0.25104,15.408
2528.2,0.94443,0.25118,15.408
2528.6,0.943,0.25109,15.408
2528.6,0.94472,0.25022,NaN
2528.8,0.94429,0.25079,15.408
2529,0.94262,0.25068,15.408
2529.2,0.94397,0.24984,15.408
2529.6,0.94279,0.25014,15.409
2529.6,0.94477,0.25162,NaN
2529.9,0.94309,0.25042,15.409
2530,0.9434,0.25068,15.409
2530.2,0.94301,0.24906,15.409
2530.7,0.94352,0.25077,15.41
2530.7,0.93996,0.25003,NaN
2530.8,0.94338,0.24906,15.41
2531.1,0.94306,0.2512,15.411
2531.2,0.94189,0.25001,15.411
2531.7,0.94323,0.24982,15.411
2531.7,0.94482,0.25077,NaN
2531.8,0.94484,0.25012,15.412
2532.1,0.94374,0.24959,15.412
2532.2,0.94471,0.25115,15.412
2532.6,0.94242,0.24985,15.412
2532.6,0.94125,0.25121,NaN
2532.8,0.94318,0.2495,15.412
2533.1,0.94421,0.2505,15.412
2533.2,0.94559,0.25175,15.412
2533.5,0.9418,0.24995,15.413
2533.8,0.94263,0.25042,15.413
2533.9,0.94347,0.25075,NaN
2534,0.94391,0.25085,15.413
2534.3,0.9422,0.24944,15.413
2534.4,0.94442,0.25088,15.413
2534.8,0.94239,0.24952,15.413
2534.8,0.94421,0.24958,NaN
2535,0.94297,0.24941,15.413
2535.2,0.94218,0.25095,15.413
2535.4,0.94436,0.24986,15.413
2535.9,0.94415,0.25053,15.413
2535.9,0.9428,0.25111,NaN
2536,0.94164,0.25028,15.413
2536.3,0.94338,0.25061,15.413
2536.5,0.94277,0.24928,15.413
2536.8,0.94167,0.25056,15.414
2536.9,0.94231,0.25041,NaN
2537,0.94289,0.25026,15.414
2537.2,0.94278,0.25083,15.414
2537.5,0.94244,0.25075,15.414
2537.8,0.94527,0.25053,15.415
2537.8,0.94295,0.24905,NaN
2538.1,0.94375,0.2501,15.415
2538.2,0.94367,0.25095,15.415
2538.5,0.94325,0.25008,15.415
2538.8,0.94315,0.25102,15.416
2538.8,0.9432,0.25095,NaN
2539,0.94059,0.24969,15.416
2539.2,0.94106,0.25022,15.416
2539.5,0.94363,0.25111,15.416
2539.9,0.9434,0.25134,15.416
2539.9,0.94306,0.24965,NaN
2540,0.94414,0.25177,15.416
2540.2,0.94352,0.25127,15.416
2540.4,0.94171,0.24915,15.416
2540.7,0.94267,0.2504,15.417
2541,0.94208,0.25026,15.417
2541,0.94132,0.24889,NaN
2541.3,0.94241,0.24896,15.417
2541.4,0.94163,0.24823,15.417
2541.7,0.94124,0.24957,15.417
2542.1,0.9422,0.2503,15.418
2542.1,0.94386,0.24962,NaN
2542.2,0.94261,0.24948,15.418
2542.4,0.94081,0.25018,15.418
2542.7,0.94155,0.25132,15.418
2543.1,0.94433,0.25095,15.418
2543.1,0.94238,0.25047,NaN
2543.2,0.94502,0.25178,15.419
2543.4,0.94367,0.25036,15.419
2543.6,0.94113,0.2512,15.419
2544.1,0.94199,0.24983,15.419
2544.2,0.9427,0.25081,NaN
2544.3,0.94037,0.25187,NaN
2544.4,0.94089,0.24898,15.42
2544.6,0.94236,0.25042,15.42
2544.9,0.94452,0.25057,15.42
2545.3,0.94331,0.25037,15.42
2545.3,0.94142,0.25101,NaN
2545.4,0.94283,0.25007,15.42
2545.7,0.94265,0.25163,15.421
2545.8,0.94313,0.25037,15.421
2546.3,0.94273,0.25055,15.421
2546.3,0.94355,0.25064,NaN
2546.4,0.94276,0.25067,15.421
2546.6,0.94273,0.25079,15.421
2546.9,0.94179,0.25077,15.422
2547.3,0.94241,0.24977,15.422
2547.4,0.94105,0.25147,NaN
2547.4,0.94161,0.24978,NaN
2547.7,0.94351,0.24996,15.422
2547.8,0.94263,0.25125,15.422
2548.1,0.94348,0.25022,15.423
2548.5,0.94325,0.25135,15.423
2548.5,0.94159,0.25019,NaN
2548.6,0.94272,0.25078,15.424
2548.8,0.94368,0.25001,15.424
2549,0.94324,0.24947,15.424
2549.5,0.94141,0.25027,15.425
2549.5,0.94278,0.24921,NaN
2549.7,0.94385,0.24938,15.425
2549.8,0.9434,0.25064,15.425
2550,0.94343,0.25075,15.425
2550.5,0.94244,0.25189,15.426
2550.5,0.94318,0.25062,NaN
2550.6,0.94153,0.24999,15.426
2550.9,0.9453,0.25089,15.426
2551.1,0.94197,0.25062,15.426
2551.5,0.9428,0.24993,15.426
2551.5,0.94408,0.25105,NaN
2551.7,0.94223,0.25029,15.426
2551.8,0.94304,0.2492,15.426
2552,0.94157,0.24976,15.426
2552.5,0.94257,0.25075,15.426
2552.6,0.94251,0.25138,NaN
2552.7,0.94037,0.25004,NaN
2552.9,0.94399,0.25059,15.426
2553,0.94204,0.24995,15.426
2553.6,0.94397,0.24953,15.426
2553.6,0.94066,0.25113,NaN
2553.7,0.94288,0.2515,NaN
2553.8,0.94247,0.25009,15.427
2554,0.94306,0.2494,15.427
2554.2,0.94225,0.25075,15.427
2554.7,0.94325,0.25145,15.427
2554.7,0.94302,0.24951,NaN
2554.9,0.94246,0.25015,15.428
2555,0.94417,0.25007,15.428
2555.2,0.94107,0.24914,15.428
2555.7,0.94255,0.25001,15.428
2555.8,0.94232,0.25096,15.428
2555.9,0.94321,0.25025,NaN
2556,0.94175,0.24915,15.428
2556.3,0.94242,0.24983,15.428
2556.4,0.94418,0.25051,15.429
2556.8,0.94425,0.24872,15.429
2556.9,0.94316,0.2513,NaN
2557.1,0.94264,0.25074,15.429
2557.3,0.9429,0.25088,15.429
2557.4,0.94192,0.25098,15.429
2557.9,0.94263,0.24998,15.429
2557.9,0.94146,0.25039,NaN
2558.1,0.94274,0.25115,15.429
2558.2,0.94134,0.24952,15.429
2558.4,0.94333,0.25083,15.43
2558.6,0.94025,0.25019,15.43
2559,0.94316,0.25114,15.43
2559.1,0.94046,0.25182,NaN
2559.2,0.94268,0.25055,15.43
2559.4,0.943,0.25195,15.431
2559.7,0.94321,0.25156,15.431
2559.8,0.94324,0.25224,15.431
2560.4,0.94201,0.2489,15.431
2560.4,0.94139,0.25165,NaN
2560.4,0.94221,0.25127,15.431
2560.6,0.94052,0.24991,15.432
2560.8,0.94257,0.25112,15.432
2561.4,0.94286,0.25067,15.432
2561.4,0.94184,0.25042,NaN
2561.4,0.94339,0.25051,NaN
2561.7,0.94117,0.25091,15.432
2561.8,0.94124,0.25001,15.432
2562.4,0.94405,0.25096,15.432
2562.4,0.94252,0.25115,NaN
2562.5,0.94409,0.25031,NaN
2562.6,0.94279,0.25047,15.432
2562.9,0.94251,0.25074,15.432
2563,0.94253,0.24922,15.432
2563.4,0.94464,0.2511,15.432
2563.5,0.94128,0.25156,NaN
2563.6,0.94384,0.25074,15.433
2563.8,0.94223,0.24997,15.433
2564.1,0.94069,0.25081,15.433
2564.3,0.94279,0.25093,15.433
2564.6,0.94365,0.2495,15.433
2564.7,0.94087,0.25048,NaN
2564.8,0.94335,0.24979,15.434
2565.1,0.94305,0.25106,15.434
2565.3,0.94354,0.25107,15.434
2565.7,0.94142,0.25053,15.434
2565.7,0.94228,0.25031,NaN
2565.9,0.94209,0.2513,15.434
2566.1,0.94348,0.25012,15.435
2566.2,0.9427,0.25009,15.435
2566.7,0.9431,0.24969,15.435
2566.7,0.94429,0.25113,NaN
2566.8,0.94319,0.25086,15.435
2567.1,0.94192,0.25031,15.435
2567.3,0.94287,0.2514,15.435
2567.7,0.94135,0.25012,15.435
2567.7,0.94437,0.25126,NaN
2567.9,0.94461,0.24935,15.435
2568,0.94278,0.24966,15.435
2568.3,0.9431,0.25052,15.435
2568.7,0.94322,0.25052,15.435
2568.8,0.94248,0.25077,NaN
2568.8,0.9433,0.25038,15.435
2569.1,0.94378,0.24998,15.435
2569.2,0.94247,0.25,15.435
2569.8,0.94413,0.24875,15.435
2569.8,0.94325,0.24979,15.435
2569.9,0.94383,0.2496,NaN
2570,0.9431,0.2509,15.435
2570.2,0.94332,0.24936,15.436
2570.7,0.94353,0.24993,15.436
2570.8,0.94446,0.25098,NaN
2570.8,0.94233,0.24989,NaN
2571.1,0.94219,0.24964,15.436
2571.3,0.9419,0.24928,15.436
2571.4,0.94163,0.24977,15.436
2571.8,0.94147,0.25043,15.436
2571.8,0.94389,0.25039,NaN
2572,0.94249,0.24991,15.436
2572.2,0.9412,0.25137,15.436
2572.5,0.94229,0.25033,15.436
2572.8,0.94189,0.25056,15.436
2572.8,0.942,0.25026,NaN
2573,0.94358,0.25057,15.436
2573.2,0.9436,0.25051,15.436
2573.4,0.94288,0.25082,15.436
2573.7,0.94362,0.24879,15.436
2574,0.94476,0.25017,15.436
2574.1,0.94376,0.24957,NaN
2574.2,0.94304,0.25019,15.436
2574.4,0.94326,0.25007,15.436
2574.7,0.94284,0.24987,15.436
2575.1,0.94071,0.25068,15.436
2575.1,0.94249,0.25003,NaN
2575.2,0.94263,0.25088,15.436
2575.4,0.94364,0.25075,15.436
2575.7,0.94225,0.2504,15.436
2576.2,0.9446,0.24992,15.436
2576.2,0.94375,0.2515,15.436
2576.2,0.94149,0.25044,NaN
2576.5,0.94186,0.25166,15.436
2576.6,0.94222,0.2513,15.435
2577.1,0.9403,0.25017,15.435
2577.2,0.94152,0.25072,NaN
2577.2,0.94137,0.249,15.435
2577.4,0.94402,0.24906,15.435
2577.6,0.94328,0.24941,15.435
2577.8,0.9409,0.24987,15.435
2578.2,0.94181,0.25034,15.435
2578.3,0.94227,0.24904,NaN
2578.4,0.94272,0.24969,15.435
2578.6,0.94204,0.24961,15.435
2578.8,0.94328,0.25114,15.435
2579.2,0.94149,0.24978,15.435
2579.3,0.94323,0.25004,NaN
2579.4,0.94243,0.25093,15.435
2579.7,0.9427,0.24953,15.435
2579.8,0.94196,0.25119,15.436
2580.2,0.9422,0.24897,15.436
2580.3,0.94221,0.24993,NaN
2580.4,0.94306,0.24957,15.436
2580.6,0.94492,0.24982,15.436
2580.8,0.94207,0.25093,15.436
2581.3,0.94235,0.25088,15.437
2581.3,0.94265,0.25077,NaN
2581.4,0.94438,0.25048,15.437
2581.7,0.94411,0.24922,15.437
2581.8,0.94297,0.24958,15.437
2582.3,0.94291,0.25037,15.437
2582.3,0.94207,0.24874,NaN
2582.4,0.94196,0.24915,15.437
2582.6,0.94169,0.2506,15.437
2582.8,0.94274,0.24992,15.437
2583.2,0.94265,0.24958,15.437
2583.3,0.94347,0.248,NaN
2583.5,0.9432,0.24856,15.437
2583.6,0.94222,0.24885,15.437
2583.8,0.94299,0.24985,15.437
2584.3,0.94505,0.24877,15.438
2584.3,0.94483,0.24885,NaN
2584.5,0.94319,0.24933,15.438
2584.6,0.94251,0.24963,15.438
2584.8,0.94404,0.24993,15.438
2585.2,0.94347,0.24967,15.438
2585.2,0.93986,0.25018,NaN
2585.5,0.94162,0.25029,15.438
2585.7,0.94215,0.25021,15.438
2585.9,0.94165,0.25021,15.438
2586.3,0.94161,0.24871,15.438
2586.3,0.94373,0.25006,NaN
2586.5,0.94277,0.25047,15.439
2586.7,0.94109,0.24927,15.439
2586.8,0.94025,0.25019,15.439
2587.3,0.94227,0.2508,15.439
2587.3,0.94344,0.24934,NaN
2587.4,0.94157,0.24956,15.439
2587.7,0.94236,0.2493,15.44
2587.8,0.94338,0.24998,15.44
2588,0.94366,0.25075,15.44
2588.4,0.94287,0.24991,15.44
2588.4,0.94154,0.24987,NaN
2588.6,0.94313,0.25066,15.44
2588.9,0.94373,0.25047,15.44
2589.4,0.94274,0.25066,15.44
2589.4,0.94257,0.2508,NaN
2589.4,0.94314,0.25014,NaN
2589.7,0.94389,0.25045,15.44
2589.8,0.94106,0.24847,15.441
2590,0.94096,0.25024,15.441
2590.5,0.94436,0.25028,15.441
2590.5,0.94057,0.24974,NaN
2590.7,0.94468,0.24992,15.441
2590.9,0.942,0.24955,15.441
2591,0.94259,0.24994,15.441
2591.5,0.94349,0.24954,15.441
2591.6,0.94401,0.25092,NaN
2591.6,0.94075,0.25008,15.441
2591.8,0.94249,0.24985,15.441
2592,0.94173,0.25079,15.441
2592.2,0.94069,0.25028,15.441
2592.4,0.9434,0.24996,15.441
2592.8,0.94102,0.25018,15.442
2592.9,0.94129,0.25054,NaN
2593.1,0.94153,0.24889,15.442
2593.2,0.94288,0.25023,15.442
2593.4,0.9428,0.25035,15.442
2593.9,0.94185,0.24923,15.443
2593.9,0.94351,0.24928,NaN
2594,0.94028,0.25014,15.443
2594.2,0.9428,0.24915,15.443
2594.5,0.94025,0.24891,15.443
2594.9,0.94345,0.24974,15.444
2594.9,0.94343,0.2485,NaN
2595,0.9425,0.24857,15.444
2595.3,0.94239,0.25069,15.444
2595.5,0.94281,0.24898,15.444
2595.8,0.94242,0.2511,15.444
2595.9,0.94029,0.25009,NaN
2596,0.94214,0.2492,15.444
2596.2,0.94447,0.24918,15.444
2596.5,0.94196,0.25008,15.444
2596.8,0.94203,0.24955,15.444
2596.9,0.9437,0.25035,NaN
2597.1,0.94386,0.2486,15.444
2597.2,0.9447,0.24989,15.444
2597.4,0.94402,0.25083,15.444
2597.9,0.94496,0.24948,15.444
2597.9,0.94452,0.25008,NaN
2598.1,0.94198,0.24971,15.445
2598.2,0.94401,0.25116,15.445
2598.4,0.94233,0.24974,15.445
2599,0.94474,0.25057,15.445
2599,0.9402,0.25099,NaN
2599,0.94273,0.25024,NaN
2599.2,0.94068,0.24857,15.445
2599.4,0.9425,0.24982,15.445
2599.6,0.94287,0.25002,15.445
2600,0.94165,0.24925,15.446
2600.1,0.94294,0.25011,NaN
2600.3,0.94102,0.24942,15.446
2600.5,0.94227,0.24986,15.446
2600.6,0.94318,0.2493,15.446
2601.2,0.94328,0.25002,15.447
2601.2,0.94156,0.24899,NaN
2601.3,0.94157,0.24893,NaN
2601.4,0.94428,0.24931,15.447
2601.6,0.94397,0.2488,15.447
2601.9,0.94483,0.24923,15.447
2602.3,0.94219,0.25058,15.447
2602.3,0.94266,0.25082,NaN
2602.4,0.94391,0.25,15.447
2602.6,0.94431,0.24958,15.448
2602.9,0.9425,0.25106,15.448
2603.4,0.94299,0.25026,15.448
2603.4,0.94363,0.25065,NaN
2603.4,0.94382,0.25021,NaN
2603.6,0.94334,0.25017,15.448
2603.8,0.94222,0.25039,15.448
2604,0.9425,0.2506,15.448
2604.4,0.94268,0.24943,15.448
2604.5,0.94414,0.2521,NaN
2604.7,0.94499,0.2495,15.449
2604.9,0.94513,0.24969,15.449
2605,0.94402,0.25107,15.45
2605.4,0.94283,0.25121,15.45
2605.5,0.94358,0.25099,NaN
2605.7,0.94277,0.2497,15.45
2605.9,0.94457,0.25054,15.45
2606,0.94561,0.24957,15.451
2606.2,0.94265,0.25047,15.451
2606.6,0.94246,0.25012,15.451
2606.6,0.94414,0.24989,15.451
2606.8,0.94281,0.24941,15.451
2607.1,0.94258,0.25109,15.451
2607.2,0.94199,0.24965,15.451
2607.5,0.94177,0.24939,15.451
2607.9,0.94276,0.24975,15.451
2607.9,0.94248,0.25023,NaN
2608,0.9429,0.25005,15.451
2608.2,0.94433,0.25023,15.451
2608.4,0.94412,0.25103,15.451
2608.9,0.94173,0.24996,15.451
2609,0.9396,0.24977,15.451
2609,0.94159,0.24921,15.451
2609.3,0.94219,0.2488,15.451
2609.4,0.94471,0.25117,15.452
2610,0.94438,0.24975,15.452
2610,0.94104,0.24993,NaN
2610.1,0.94247,0.25223,NaN
2610.3,0.9431,0.251,15.453
2610.4,0.94379,0.25081,15.453
2610.6,0.94189,0.24975,15.453
2611.1,0.94172,0.25017,15.453
2611.2,0.94254,0.24957,15.454
2611.2,0.94405,0.25014,NaN
2611.4,0.94459,0.25016,15.454
2611.6,0.94306,0.2503,15.454
2612.2,0.9417,0.24924,15.454
2612.2,0.94321,0.24958,15.454
2612.3,0.94179,0.24962,NaN
2612.5,0.94102,0.25031,15.454
2612.7,0.94354,0.24965,15.454
2612.8,0.94318,0.24953,15.454
2613.3,0.94418,0.24958,15.454
2613.3,0.94329,0.25002,NaN
2613.4,0.94211,0.25016,15.454
2613.6,0.94355,0.24961,15.454
2613.8,0.94267,0.24963,15.454
2614,0.94152,0.24976,15.455
2614.4,0.94273,0.24942,15.455
2614.5,0.94116,0.24904,NaN
2614.6,0.94477,0.24986,15.455
2614.8,0.94477,0.25045,15.455
2615,0.94011,0.24845,15.456
2615.5,0.9421,0.24959,15.456
2615.5,0.94385,0.2504,NaN
2615.6,0.9394,0.24995,15.456
2615.8,0.94426,0.24957,15.456
2616.1,0.94286,0.24998,15.456
2616.6,0.94187,0.2493,15.457
2616.6,0.94088,0.25017,NaN
2616.6,0.94361,0.24944,NaN
2616.8,0.94184,0.24917,15.457
2617.1,0.94527,0.24935,15.457
2617.2,0.94199,0.24866,15.457
2617.6,0.94315,0.24982,15.457
2617.6,0.9421,0.24984,NaN
2617.8,0.94123,0.24928,15.457
2618.1,0.94405,0.25026,15.457
2618.2,0.94165,0.25017,15.457
2618.6,0.94095,0.25092,15.457
2618.7,0.94354,0.25001,NaN
2618.8,0.94332,0.25019,15.457
2619,0.94212,0.25006,15.457
2619.3,0.94274,0.25013,15.457
2619.7,0.94273,0.24986,15.458
2619.7,0.94295,0.25046,NaN
2619.8,0.94415,0.24957,15.458
2620,0.94232,0.2507,15.458
2620.3,0.94272,0.24942,15.458
2620.8,0.94261,0.24935,15.458
2620.8,0.94386,0.24996,15.458
2620.9,0.94162,0.25029,NaN
2621,0.94422,0.25127,15.458
2621.3,0.94174,0.25004,15.458
2621.4,0.94381,0.24928,15.458
2622,0.94352,0.24955,15.458
2622.1,0.9431,0.24812,NaN
2622.1,0.94579,0.25036,15.458
2622.3,0.94342,0.24999,15.458
2622.4,0.94363,0.25113,15.458
2622.6,0.94297,0.25003,15.458
2623.2,0.94265,0.25101,15.458
2623.2,0.94205,0.24955,NaN
2623.2,0.94315,0.24997,15.458
2623.4,0.94198,0.24942,15.458
2623.6,0.94506,0.25026,15.458
2623.9,0.94325,0.25036,15.458
2624.2,0.94288,0.25094,15.458
2624.2,0.94262,0.24996,NaN
2624.5,0.94364,0.25053,15.458
2624.6,0.9433,0.24833,15.458
2624.8,0.94325,0.24961,15.458
2625.3,0.94264,0.24963,15.458
2625.4,0.94176,0.24966,NaN
2625.4,0.94291,0.24932,NaN
2625.6,0.94251,0.24992,15.458
2625.9,0.94314,0.25125,15.458
2626,0.94279,0.2501,15.458
2626.4,0.94159,0.24949,15.458
2626.5,0.94614,0.25032,15.458
2626.6,0.94325,0.25069,15.458
2626.9,0.94319,0.25047,15.458
2627.1,0.94248,0.24947,15.458
2627.5,0.94171,0.25003,15.458
2627.5,0.9411,0.25027,NaN
2627.6,0.93944,0.2496,15.458
2627.9,0.94166,0.25064,15.458
2628,0.94308,0.24968,15.458
2628.6,0.94362,0.25026,15.459
2628.6,0.94267,0.24971,NaN
2628.6,0.94318,0.2514,NaN
2628.8,0.9435,0.24942,15.459
2629,0.94182,0.24992,15.459
2629.3,0.94315,0.25022,15.459
2629.7,0.94101,0.25,15.459
2629.7,0.94334,0.25033,NaN
2629.8,0.94454,0.24927,15.459
2630.1,0.94147,0.25008,15.459
2630.2,0.94302,0.25041,15.459
2630.4,0.94453,0.25051,15.459
2630.7,0.94174,0.24914,15.459
2631.1,0.94341,0.24886,15.459
2631.1,0.94381,0.25035,NaN
2631.3,0.94447,0.24916,15.459
2631.5,0.94304,0.24997,15.459
2631.6,0.94267,0.25009,15.46
2631.8,0.94332,0.2502,15.46
2632.2,0.94266,0.24952,15.46
2632.2,0.94368,0.24978,15.46
2632.4,0.9445,0.24919,15.46
2632.7,0.94214,0.24819,15.46
2632.8,0.94176,0.24923,15.461
2633.3,0.94301,0.24893,15.461
2633.3,0.94308,0.25004,NaN
2633.4,0.94054,0.24915,15.462
2633.6,0.94149,0.24974,15.462
2633.9,0.94311,0.25056,15.462
2634.3,0.94302,0.25069,15.463
2634.3,0.94261,0.24983,NaN
2634.4,0.94195,0.24886,15.463
2634.7,0.94515,0.249,15.463
2634.9,0.94385,0.25057,15.463
2635.4,0.94246,0.24996,15.463
2635.4,0.94311,0.25011,NaN
2635.4,0.94161,0.24957,NaN
2635.6,0.94334,0.24953,15.463
2635.8,0.94276,0.25055,15.464
2636.1,0.94333,0.25017,15.464
2636.6,0.94343,0.25082,15.464
2636.6,0.94367,0.24967,NaN
2636.6,0.94407,0.25,NaN
2636.9,0.94315,0.2493,15.464
2637.1,0.94225,0.25044,15.464
2637.6,0.94325,0.25079,15.464
2637.6,0.94293,0.24897,NaN
2637.6,0.94316,0.2503,NaN
2637.8,0.94178,0.24988,15.464
2638,0.94152,0.24876,15.464
2638.2,0.94402,0.25109,15.464
2638.7,0.94364,0.25109,15.464
2638.7,0.94359,0.25038,NaN
2638.8,0.94273,0.24934,15.465
2639.1,0.94323,0.24905,15.465
2639.3,0.94289,0.25011,15.465
2639.4,0.94312,0.24842,15.465
2639.8,0.94449,0.25062,15.466
2639.8,0.9425,0.24871,NaN
2640,0.94284,0.24916,15.466
2640.3,0.94325,0.25037,15.466
2640.4,0.94125,0.2487,15.466
2640.9,0.94067,0.25005,15.467
2640.9,0.94159,0.25024,NaN
2641,0.94251,0.2499,15.467
2641.3,0.94317,0.24991,15.467
2641.5,0.94286,0.24916,15.467
2641.6,0.94258,0.24981,15.467
2641.8,0.94322,0.25096,15.467
2642.2,0.94183,0.2488,15.468
2642.2,0.94263,0.24979,NaN
2642.4,0.94195,0.24923,15.468
2642.6,0.94197,0.25037,15.468
2642.9,0.94294,0.24932,15.468
2643.3,0.94312,0.24928,15.469
2643.3,0.94253,0.24877,NaN
2643.4,0.94304,0.24899,NaN
2643.7,0.9441,0.25049,15.469
2643.8,0.94228,0.24881,15.469
2644,0.94029,0.25005,15.469
2644.4,0.94147,0.24951,15.47
2644.5,0.94414,0.24983,NaN
2644.6,0.94315,0.25037,15.47
2644.8,0.94224,0.2494,15.47
2645,0.94305,0.24924,15.47
2645.4,0.94151,0.24975,15.47
2645.4,0.94285,0.25025,NaN
2645.7,0.94248,0.25058,15.47
2645.8,0.94281,0.24913,15.47
2646,0.94294,0.2502,15.471
2646.4,0.94397,0.24942,15.471
2646.5,0.94322,0.24915,NaN
2646.7,0.94303,0.25005,15.471
2646.8,0.94479,0.25006,15.471
2647,0.94253,0.25051,15.471
2647.3,0.94358,0.24886,15.472
2647.7,0.94298,0.25092,15.472
2647.7,0.94257,0.25091,NaN
2647.8,0.94452,0.25153,15.472
2648.1,0.94308,0.2503,15.472
2648.2,0.94272,0.25095,15.472
2648.8,0.94218,0.24912,15.473
2648.8,0.943,0.25066,NaN
2648.8,0.9453,0.2495,NaN
2649,0.9434,0.25055,15.473
2649.2,0.94265,0.25072,15.473
2649.5,0.94447,0.25036,15.473
2649.9,0.94344,0.24921,15.473
2649.9,0.94256,0.25039,NaN
2650.1,0.94181,0.25051,15.473
2650.2,0.94358,0.24947,15.473
2650.4,0.9423,0.25069,15.473
2650.6,0.94241,0.25023,15.474
2651,0.94307,0.25063,15.475
2651.1,0.94366,0.25087,NaN
2651.2,0.94284,0.25095,15.475
2651.4,0.94252,0.25087,15.476
2651.6,0.94165,0.24888,15.476
2652.2,0.94377,0.2501,15.476
2652.2,0.94368,0.25068,NaN
2652.2,0.94293,0.25028,NaN
2652.4,0.94381,0.25087,15.476
2652.6,0.9431,0.25003,15.476
2652.8,0.94378,0.25094,15.476
2653.2,0.94304,0.25019,15.476
2653.3,0.94504,0.24983,NaN
2653.4,0.94314,0.25056,15.476
2653.7,0.94295,0.25065,15.476
2653.9,0.94448,0.24913,15.477
2654,0.94225,0.24967,15.477
2654.5,0.94545,0.25023,15.477
2654.5,0.94221,0.24968,NaN
2654.7,0.94281,0.24876,15.477
2654.8,0.94423,0.25031,15.477
2655,0.94249,0.25099,15.477
2655.6,0.94435,0.25118,15.478
2655.6,0.94324,0.25001,NaN
2655.6,0.94248,0.24978,15.478
2655.9,0.94166,0.25045,15.478
2656.1,0.94172,0.24965,15.478
2656.2,0.94456,0.24965,15.478
2656.5,0.9445,0.24994,15.478
2656.7,0.94431,0.25122,15.479
2656.9,0.94153,0.24903,15.479
2657.1,0.94143,0.24985,15.479
2657.2,0.94183,0.24926,15.479
2657.5,0.94161,0.24952,15.479
2657.7,0.94275,0.25073,15.48
2657.8,0.94355,0.25049,15.48
2658.1,0.94306,0.25033,15.48
2658.3,0.94429,0.24976,15.48
2658.5,0.943,0.24912,15.48
2658.6,0.94267,0.25058,15.48
2659.1,0.94318,0.25033,15.48
2659.2,0.94449,0.24893,NaN
2659.2,0.94298,0.25083,15.48
2659.4,0.94334,0.25113,15.48
2659.6,0.94455,0.25003,15.481
2659.9,0.94266,0.24944,15.481
2660.3,0.94141,0.25091,15.481
2660.3,0.94262,0.25038,NaN
2660.4,0.94126,0.2498,15.481
2660.7,0.94281,0.25122,15.482
2660.8,0.94077,0.25081,15.482
2661.3,0.94302,0.24848,15.482
2661.3,0.94299,0.24995,NaN
2661.5,0.9426,0.25096,15.482
2661.6,0.94069,0.24987,15.482
2661.9,0.94246,0.25096,15.483
2662,0.94244,0.24966,15.483
2662.5,0.94303,0.24969,15.483
2662.5,0.94282,0.24946,NaN
2662.7,0.942,0.25039,15.483
2662.8,0.94302,0.25073,15.483
2663,0.93953,0.25041,15.483
2663.5,0.94167,0.24998,15.483
2663.5,0.94135,0.24891,NaN
2663.6,0.94353,0.24927,15.483
2663.8,0.94384,0.24946,15.483
2664,0.94271,0.24984,15.483
2664.2,0.94217,0.25169,15.483
2664.6,0.94249,0.25114,15.483
2664.7,0.94349,0.25101,NaN
2664.8,0.94281,0.24997,15.483
2665.1,0.94313,0.24933,15.484
2665.2,0.94415,0.25007,15.484
2665.4,0.94274,0.2506,15.484
2665.7,0.94522,0.25024,15.484
2666.1,0.94367,0.24954,15.484
2666.1,0.94202,0.24979,NaN
2666.3,0.94281,0.24971,15.485
2666.4,0.94228,0.24989,15.485
2666.6,0.94436,0.25039,15.485
2667.2,0.9434,0.25008,15.485
2667.2,0.94294,0.25079,NaN
2667.3,0.94393,0.25059,NaN
2667.4,0.94361,0.25025,15.486
2667.6,0.94289,0.25026,15.486
2667.8,0.94308,0.25129,15.486
2668.3,0.94375,0.25019,15.486
2668.4,0.94216,0.2514,NaN
2668.5,0.94479,0.24942,NaN
2668.7,0.94351,0.25023,15.487
2668.8,0.94172,0.25047,15.487
2669.4,0.94357,0.25139,15.487
2669.5,0.9429,0.25117,NaN
2669.5,0.94251,0.25041,NaN
2669.6,0.9433,0.25042,15.487
2669.9,0.94217,0.25044,15.487
2670.1,0.94082,0.24997,15.487
2670.5,0.94456,0.24941,15.487
2670.5,0.94368,0.25019,NaN
2670.6,0.94248,0.25022,15.487
2670.8,0.94385,0.24971,15.487
2671.1,0.9447,0.25078,15.487
2671.2,0.94422,0.25012,15.487
2671.7,0.94405,0.25011,15.487
2671.8,0.94464,0.24976,NaN
2671.8,0.94373,0.25062,NaN
2672,0.94285,0.25106,15.487
2672.2,0.94359,0.25042,15.487
2672.4,0.94328,0.25123,15.487
2672.8,0.9433,0.24964,15.488
2672.9,0.94273,0.2505,NaN
2673,0.94085,0.25044,15.488
2673.2,0.94241,0.24959,15.488
2673.4,0.9427,0.24898,15.488
2673.9,0.94549,0.25026,15.488
2673.9,0.94182,0.25034,NaN
2674.1,0.94288,0.25053,15.488
2674.3,0.9427,0.24972,15.488
2674.4,0.94389,0.24978,15.488
2675,0.94471,0.25032,15.488
2675,0.94374,0.24944,NaN
2675,0.94168,0.25102,NaN
2675.3,0.94319,0.25013,15.488
2675.4,0.94488,0.25149,15.488
2675.9,0.9414,0.25134,15.488
2675.9,0.9425,0.24997,NaN
2676,0.94328,0.24898,15.488
2676.2,0.94216,0.24952,15.488
2676.4,0.94418,0.24972,15.488
2676.7,0.94364,0.25011,15.488
2677,0.9438,0.25109,15.488
2677.1,0.94406,0.25016,NaN
2677.2,0.9425,0.24944,15.488
2677.4,0.94136,0.2509,15.488
2677.6,0.94478,0.25025,15.488
2678.1,0.94314,0.25138,15.488
2678.2,0.94545,0.24965,NaN
2678.2,0.94385,0.25062,NaN
2678.5,0.94235,0.24938,15.488
2678.6,0.94247,0.24967,15.488
2678.9,0.94421,0.25,15.488
2679.3,0.94373,0.25053,15.488
2679.3,0.94147,0.24993,15.488
2679.4,0.94212,0.24968,15.488
2679.7,0.9427,0.24983,15.488
2679.9,0.9436,0.24895,15.488
2680.4,0.94253,0.25025,15.488
2680.4,0.945,0.25032,NaN
2680.4,0.94312,0.25033,15.488
2680.6,0.94342,0.2512,15.488
2680.8,0.94403,0.24976,15.488
2681,0.94241,0.25115,15.488
2681.4,0.94347,0.24913,15.488
2681.5,0.94406,0.24985,NaN
2681.6,0.94216,0.25124,15.488
2681.8,0.9423,0.25032,15.488
2682,0.94305,0.25078,15.489
2682.2,0.94148,0.24971,15.489
2682.6,0.94498,0.24949,15.489
2682.7,0.94262,0.25038,NaN
2682.8,0.94496,0.25155,15.489
2683,0.94347,0.24983,15.489
2683.2,0.94539,0.25114,15.489
2683.7,0.94307,0.24934,15.49
2683.7,0.94274,0.24844,15.49
2683.8,0.94222,0.24941,15.49
2684,0.94396,0.25021,15.49
2684.2,0.94237,0.25085,15.49
2684.4,0.94406,0.25065,15.491
2685,0.94195,0.24911,15.491
2685,0.94354,0.24893,15.491
2685,0.94293,0.25069,NaN
2685.3,0.94165,0.2507,15.491
2685.4,0.9443,0.25161,15.491
2685.6,0.94406,0.24987,15.491
2686.1,0.9423,0.25021,15.491
2686.2,0.94228,0.25002,15.492
2686.3,0.94368,0.24921,NaN
2686.4,0.94277,0.24866,15.492
2686.7,0.94334,0.2495,15.492
2686.8,0.9423,0.24966,15.492
2687.2,0.94332,0.25025,15.492
2687.3,0.94439,0.24985,NaN
2687.5,0.94266,0.25022,15.492
2687.6,0.94365,0.2496,15.492
2687.8,0.93977,0.25054,15.493
2688.3,0.94069,0.25138,15.493
2688.3,0.9446,0.24884,NaN
2688.5,0.94329,0.24948,15.493
2688.7,0.9426,0.24835,15.493
2688.8,0.94149,0.24994,15.494
2689.3,0.94473,0.25005,15.494
2689.3,0.94222,0.24924,NaN
2689.4,0.94282,0.24927,15.494
2689.6,0.94287,0.25016,15.494
2689.8,0.94077,0.24983,15.495
2690,0.94273,0.24995,15.495
2690.5,0.9424,0.249,15.495
2690.5,0.94177,0.2494,NaN
2690.6,0.94281,0.25012,15.495
2690.8,0.94322,0.2498,15.495
2691,0.94054,0.24968,15.495
2691.6,0.94386,0.25035,15.496
2691.6,0.94174,0.24823,NaN
2691.7,0.94352,0.24926,NaN
2691.8,0.94305,0.25008,15.496
2692,0.94089,0.25003,15.496
2692.2,0.94278,0.24945,15.497
2692.8,0.94246,0.24821,15.497
2692.8,0.94324,0.24911,NaN
2692.9,0.94269,0.24864,15.497
2693,0.9425,0.24931,15.497
2693.2,0.9426,0.24947,15.497
2693.4,0.94242,0.24875,15.498
2693.9,0.94349,0.24844,15.498
2693.9,0.94394,0.24892,NaN
2694,0.94312,0.24827,15.498
2694.2,0.94223,0.24949,15.498
2694.5,0.94414,0.2488,15.498
2694.6,0.94453,0.24863,15.498
2695,0.94151,0.24953,15.498
2695.1,0.94088,0.24837,NaN
2695.3,0.94232,0.24826,15.498
2695.5,0.94237,0.24928,15.498
2695.6,0.94287,0.2507,15.498
2696.2,0.94534,0.25077,15.499
2696.2,0.94273,0.24884,NaN
2696.2,0.94232,0.24895,15.499
2696.5,0.94336,0.25038,15.499
2696.6,0.94345,0.24882,15.5
2696.8,0.94382,0.24915,15.5
2697,0.94217,0.249,15.5
2697.5,0.94469,0.24987,15.501
2697.5,0.94419,0.24955,NaN
2697.6,0.94172,0.24917,15.501
2697.8,0.94365,0.24938,15.501
2698,0.94242,0.24992,15.501
2698.3,0.94436,0.25085,15.501
2698.7,0.94252,0.24982,15.501
2698.7,0.94386,0.24993,NaN
2698.8,0.94205,0.24999,15.501
2699,0.94509,0.25055,15.502
2699.3,0.9431,0.24876,15.502
2699.8,0.94423,0.24991,15.502
2699.9,0.94155,0.24994,NaN
2699.9,0.94419,0.25077,NaN
2700,0.94417,0.25173,15.502
2700.3,0.94331,0.24965,15.502
2700.5,0.94324,0.24978,15.502
2700.9,0.94259,0.24982,15.502
2700.9,0.94443,0.25008,NaN
2701,0.94228,0.25164,15.502
2701.3,0.94113,0.24983,15.502
2701.4,0.94406,0.24996,15.502
2701.6,0.94309,0.24967,15.502
2702.1,0.9445,0.24981,15.503
2702.1,0.94363,0.24943,NaN
2702.2,0.94499,0.24901,15.503
2702.5,0.9432,0.24922,15.503
2702.6,0.94356,0.24875,15.503
2702.8,0.94202,0.2498,15.504
2703,0.94358,0.24985,15.504
2703.4,0.94141,0.24951,15.504
2703.4,0.94187,0.24896,NaN
2703.6,0.94263,0.24975,15.504
2703.9,0.94259,0.25041,15.505
2704.1,0.94245,0.24958,15.505
2704.5,0.9457,0.24857,15.505
2704.6,0.94421,0.24927,NaN
2704.7,0.94319,0.25047,15.505
2704.8,0.94458,0.25006,15.505
2705,0.94383,0.25026,15.505
2705.3,0.94492,0.24963,15.505
2705.7,0.94342,0.24964,15.506
2705.7,0.94371,0.24952,NaN
2705.9,0.94333,0.25074,15.506
2706.1,0.94491,0.24902,15.506
2706.2,0.94474,0.25031,15.507
2706.7,0.94216,0.24948,15.507
2706.7,0.94266,0.24999,NaN
2706.8,0.94394,0.24947,NaN
2707,0.94161,0.24979,15.507
2707.2,0.9425,0.24898,15.508
2707.5,0.94293,0.24903,15.508
2707.9,0.94305,0.24895,15.508
2707.9,0.94254,0.24914,NaN
2708,0.94388,0.25026,15.508
2708.2,0.943,0.24975,15.508
2708.4,0.94456,0.25069,15.508
2708.7,0.94355,0.24794,15.509
2708.8,0.94302,0.24785,15.509
2709.3,0.943,0.2494,15.509
2709.3,0.94193,0.24995,NaN
2709.4,0.9415,0.24855,15.509
2709.7,0.94307,0.2492,15.509
2709.9,0.94294,0.24956,15.509
2710,0.94156,0.24986,15.509
2710.5,0.94362,0.24931,15.509
2710.5,0.94205,0.24989,NaN
2710.7,0.94302,0.24952,15.509
2710.9,0.94197,0.24889,15.509
2711,0.94347,0.24965,15.51
2711.5,0.94439,0.25024,15.51
2711.5,0.94233,0.25065,NaN
2711.6,0.94291,0.24842,15.51
2711.8,0.944,0.25027,15.511
2712,0.94413,0.25042,15.511
2712.6,0.94345,0.25073,15.511
2712.6,0.9439,0.25065,NaN
2712.7,0.94308,0.24998,15.511
2712.8,0.9436,0.25002,15.512
2713.1,0.94434,0.24967,15.512
2713.3,0.9424,0.24967,15.512
2713.7,0.94373,0.24951,15.513
2713.8,0.94429,0.24984,NaN
2713.8,0.9407,0.2503,15.513
2714.1,0.94409,0.24926,15.513
2714.3,0.94375,0.24988,15.513
2714.4,0.94422,0.24857,15.513
2714.7,0.944,0.25052,15.513
2715.1,0.94348,0.24947,15.513
2715.1,0.94287,0.25026,NaN
2715.2,0.94302,0.24946,15.513
2715.5,0.94341,0.24812,15.513
2715.6,0.94369,0.24931,15.514
2716.1,0.94314,0.24987,15.514
2716.1,0.94412,0.24961,NaN
2716.2,0.94333,0.24947,15.514
2716.4,0.94423,0.24929,15.514
2716.6,0.94207,0.24963,15.514
2717.2,0.94102,0.25024,15.514
2717.2,0.94396,0.2506,NaN
2717.2,0.94334,0.24879,NaN
2717.5,0.94257,0.24987,15.514
2717.6,0.94383,0.25095,15.514
2717.8,0.94381,0.2493,15.514
2718.3,0.94193,0.25003,15.514
2718.3,0.94341,0.24954,NaN
2718.4,0.94395,0.24922,15.514
2718.7,0.94313,0.2503,15.514
2718.8,0.94204,0.25007,15.514
2719.4,0.94251,0.24883,15.514
2719.4,0.94365,0.24972,15.514
2719.5,0.94154,0.25002,NaN
2719.6,0.94339,0.24888,15.514
2719.8,0.94109,0.24864,15.514
2720,0.94214,0.24911,15.515
2720.3,0.94443,0.25047,15.515
2720.8,0.94391,0.25049,15.515
2720.8,0.94385,0.24915,NaN
2720.8,0.94231,0.24997,NaN
2721,0.94385,0.25,15.515
2721.2,0.94436,0.25022,15.515
2721.4,0.94572,0.25108,15.515
2721.8,0.94338,0.24995,15.515
2721.9,0.94436,0.24923,NaN
2722.1,0.94366,0.25049,15.515
2722.3,0.94311,0.24888,15.515
2722.5,0.94376,0.251,15.515
2722.9,0.94369,0.25113,15.515
2722.9,0.94303,0.24887,NaN
2723,0.94488,0.25048,15.515
2723.2,0.9431,0.25057,15.515
2723.5,0.94222,0.24875,15.515
2723.7,0.94427,0.25032,15.515
2724.1,0.94305,0.24917,15.515
2724.1,0.94476,0.24988,NaN
2724.2,0.94264,0.25036,15.515
2724.4,0.94412,0.2491,15.515
2724.7,0.94292,0.25025,15.515
2724.8,0.94447,0.25001,15.516
2725.2,0.94358,0.24908,15.516
2725.3,0.9454,0.24922,NaN
2725.4,0.94281,0.24909,15.516
2725.7,0.94372,0.24889,15.516
2725.8,0.9423,0.25062,15.516
2726.3,0.94388,0.24974,15.516
2726.3,0.94435,0.25074,NaN
2726.4,0.94211,0.24896,15.516
2726.6,0.94423,0.24882,15.516
2726.8,0.94288,0.2501,15.516
2727,0.94231,0.2499,15.516
2727.4,0.94239,0.24905,15.516
2727.5,0.94375,0.24879,NaN
2727.7,0.94304,0.24851,15.516
2727.8,0.94351,0.24997,15.516
2728,0.94296,0.24992,15.516
2728.2,0.94341,0.2496,15.516
2728.6,0.94353,0.24887,15.516
2728.6,0.94189,0.24953,NaN
2728.8,0.94253,0.24887,15.516
2729,0.94357,0.24965,15.516
2729.2,0.94318,0.24985,15.516
2729.7,0.94429,0.24941,15.516
2729.7,0.94371,0.24915,NaN
2729.9,0.94294,0.2501,15.516
2730,0.94429,0.24995,15.516
2730.2,0.94244,0.24944,15.516
2730.8,0.94564,0.24864,15.516
2730.8,0.94468,0.24877,15.516
2730.8,0.94311,0.24898,NaN
2731,0.94608,0.24962,15.516
2731.2,0.94402,0.24871,15.516
2731.4,0.94396,0.2509,15.516
2731.9,0.94391,0.24986,15.516
2731.9,0.94487,0.24948,NaN
2732,0.94335,0.24919,15.516
2732.3,0.94167,0.24947,15.516
2732.4,0.9442,0.2487,15.516
2732.6,0.9441,0.24902,15.516
2733.1,0.94355,0.24846,15.516
2733.1,0.9447,0.24938,NaN
2733.2,0.94238,0.24902,15.516
2733.4,0.94219,0.24953,15.516
2733.7,0.94279,0.24896,15.516
2733.8,0.94337,0.2486,15.516
2734,0.94352,0.24826,15.516
2734.5,0.94204,0.24746,15.516
2734.5,0.94081,0.24846,NaN
2734.6,0.94443,0.24974,15.516
2734.9,0.94348,0.24845,15.516
2735,0.94368,0.24851,15.516
2735.6,0.94378,0.24881,15.517
2735.6,0.94245,0.24853,NaN
2735.7,0.94302,0.24937,NaN
2735.8,0.94362,0.24965,15.517
2736.1,0.94195,0.24969,15.517
2736.3,0.94218,0.24874,15.517
2736.7,0.94374,0.24919,15.518
2736.7,0.94275,0.24995,NaN
2736.9,0.94333,0.24911,15.518
2737,0.94464,0.24823,15.518
2737.2,0.94323,0.24929,15.518
2737.8,0.9421,0.24998,15.519
2737.8,0.94213,0.24884,15.519
2737.8,0.94383,0.24978,NaN
2738,0.94346,0.24888,15.519
2738.2,0.9432,0.24864,15.519
2738.4,0.94344,0.24817,15.52
2738.9,0.94334,0.24934,15.52
2738.9,0.94286,0.2497,NaN
2739.1,0.94299,0.2487,15.52
2739.2,0.94131,0.24916,15.52
2739.4,0.94238,0.24884,15.52
2739.9,0.94392,0.24829,15.52
2740,0.94315,0.24963,NaN
2740.1,0.9452,0.24863,15.52
2740.2,0.94508,0.25009,15.52
2740.4,0.94293,0.24867,15.52
2740.6,0.94339,0.24873,15.52
2741,0.94299,0.24929,15.52
2741.1,0.9447,0.24954,NaN
2741.3,0.94209,0.24936,15.52
2741.5,0.94405,0.24889,15.52
2741.6,0.94377,0.25043,15.521
2742.2,0.94347,0.24982,15.521
2742.2,0.9418,0.24854,NaN
2742.2,0.94225,0.2483,15.521
2742.5,0.94494,0.24905,15.521
2742.6,0.94307,0.24847,15.521
2742.8,0.94371,0.24898,15.522
2743.3,0.9435,0.2504,15.522
2743.3,0.94485,0.25007,NaN
2743.4,0.94424,0.24776,15.522
2743.6,0.94151,0.24996,15.522
2743.8,0.94465,0.24864,15.522
2744.4,0.94225,0.24842,15.523
2744.4,0.94385,0.24895,NaN
2744.4,0.94062,0.24864,NaN
2744.6,0.94279,0.24837,15.523
2744.8,0.94242,0.24933,15.523
2745,0.94253,0.24926,15.523
2745.6,0.94357,0.24873,15.523
2745.6,0.94346,0.24803,NaN
2745.6,0.94413,0.2495,NaN
2745.9,0.9435,0.24802,15.523
2746,0.94534,0.24914,15.523
2746.2,0.94463,0.24864,15.523
2746.7,0.94268,0.24982,15.524
2746.7,0.94276,0.25053,NaN
2746.8,0.94321,0.25016,15.524
2747,0.94252,0.24937,15.524
2747.2,0.94349,0.24865,15.524
2747.5,0.94256,0.24859,15.525
2747.9,0.94354,0.24852,15.525
2748,0.94252,0.25026,NaN
2748,0.94378,0.24857,15.525
2748.2,0.94298,0.24993,15.526
2748.4,0.94364,0.24817,15.526
2748.7,0.94356,0.24868,15.526
2749.1,0.9429,0.24893,15.526
2749.1,0.94221,0.24823,NaN
2749.3,0.94228,0.24919,15.526
2749.4,0.94336,0.24961,15.526
2749.6,0.94416,0.249,15.526
2750.2,0.94363,0.24827,15.526
2750.2,0.94307,0.24938,NaN
2750.2,0.94277,0.24912,NaN
2750.5,0.94359,0.24753,15.527
2750.6,0.94537,0.24934,15.527
2750.8,0.94288,0.24971,15.527
2751.3,0.94192,0.24885,15.527
2751.3,0.94198,0.24927,NaN
2751.5,0.94205,0.24753,15.527
2751.6,0.94297,0.25002,15.527
2751.9,0.94192,0.24927,15.527
2752.4,0.94301,0.24902,15.527
2752.5,0.94279,0.24857,NaN
2752.5,0.9417,0.24821,NaN
2752.6,0.94106,0.24728,15.527
2752.8,0.9436,0.24954,15.527
2753,0.94294,0.24951,15.527
2753.4,0.94128,0.24994,15.527
2753.4,0.94358,0.24846,NaN
2753.6,0.94387,0.24973,15.528
2753.9,0.94304,0.24856,15.528
2754,0.94206,0.24914,15.528
2754.6,0.94382,0.24912,15.528
2754.7,0.94366,0.2492,NaN
2754.7,0.94281,0.24954,15.529
2754.8,0.94313,0.24897,15.529
2755,0.94314,0.24987,15.529
2755.2,0.9451,0.24888,15.529
2755.5,0.94155,0.2482,15.529
2755.8,0.94443,0.24881,15.529
2755.9,0.94325,0.24975,NaN
2756.1,0.94395,0.24924,15.53
2756.2,0.94244,0.25004,15.53
2756.5,0.9432,0.24952,15.53
2757,0.94325,0.24974,15.53
2757,0.94279,0.2486,NaN
2757,0.94267,0.24862,15.53
2757.2,0.9402,0.24895,15.53
2757.4,0.94213,0.25014,15.53
2757.6,0.94411,0.24856,15.53
2758.1,0.943,0.24889,15.53
2758.1,0.94334,0.24981,NaN
2758.3,0.94458,0.24964,15.53
2758.5,0.94322,0.24907,15.53
2758.6,0.94201,0.24962,15.53
2759.1,0.94469,0.24797,15.53
2759.1,0.9418,0.24804,NaN
2759.2,0.94194,0.24853,15.53
2759.4,0.94309,0.24811,15.53
2759.7,0.94453,0.24881,15.53
2759.8,0.94252,0.24968,15.531
2760.4,0.94335,0.2494,15.531
2760.4,0.94374,0.24784,NaN
2760.5,0.94495,0.24983,NaN
2760.6,0.94265,0.24945,15.531
2760.8,0.94447,0.24848,15.531
2761,0.94291,0.24826,15.531
2761.3,0.9453,0.24917,15.532
2761.7,0.94355,0.24886,15.532
2761.7,0.94239,0.25024,NaN
2761.8,0.94232,0.2488,15.532
2762,0.94434,0.2503,15.532
2762.2,0.94337,0.24903,15.533
2762.8,0.9418,0.25,15.533
2762.8,0.94342,0.24999,15.533
2762.9,0.94227,0.25012,NaN
2763,0.94359,0.24961,15.533
2763.2,0.94285,0.24844,15.533
2763.5,0.94144,0.24931,15.533
2763.9,0.94307,0.24954,15.533
2763.9,0.94246,0.24881,NaN
2764,0.94374,0.24969,15.533
2764.3,0.94373,0.2497,15.533
2764.4,0.94353,0.24862,15.534
2764.6,0.94481,0.24874,15.534
2765.1,0.94383,0.24935,15.534
2765.1,0.94276,0.24961,NaN
2765.2,0.94297,0.24906,15.534
2765.5,0.94252,0.24978,15.534
2765.7,0.94191,0.24873,15.534
2766.2,0.9427,0.24878,15.534
2766.2,0.94377,0.24963,NaN
2766.2,0.94224,0.24997,NaN
2766.5,0.94359,0.24905,15.534
2766.6,0.9442,0.24981,15.534
2766.8,0.94274,0.24852,15.534
2767,0.94283,0.25018,15.534
2767.5,0.94187,0.24921,15.535
2767.5,0.94096,0.24935,NaN
2767.6,0.94214,0.24862,15.535
2767.9,0.94283,0.24933,15.535
2768,0.94347,0.24931,15.535
2768.6,0.94464,0.25016,15.536
2768.6,0.94438,0.24946,15.536
2768.6,0.94458,0.24977,NaN
2768.9,0.94353,0.24931,15.536
2769,0.94368,0.24989,15.536
2769.2,0.9433,0.24884,15.536
2769.8,0.94131,0.24947,15.537
2769.8,0.94459,0.25028,NaN
2769.8,0.94258,0.24841,NaN
2770.1,0.94329,0.24843,15.537
2770.2,0.94469,0.24938,15.537
2770.4,0.94181,0.24938,15.537
2770.9,0.9454,0.24919,15.537
2770.9,0.94293,0.24915,NaN
2771,0.94541,0.24933,NaN
2771.3,0.94413,0.24904,15.537
2771.4,0.94381,0.24983,15.537
2771.6,0.94335,0.24893,15.538
2772.1,0.94561,0.24933,15.538
2772.1,0.94394,0.24977,NaN
2772.2,0.94229,0.24975,15.538
2772.5,0.94405,0.24928,15.538
2772.6,0.94235,0.24865,15.538
2773.2,0.94301,0.24898,15.538
2773.2,0.9445,0.25042,NaN
2773.2,0.94347,0.24992,NaN
2773.4,0.9434,0.24877,15.538
2773.7,0.94396,0.2479,15.538
2773.8,0.94291,0.24944,15.538
2774.2,0.94183,0.24896,15.538
2774.3,0.94454,0.25006,NaN
2774.4,0.94474,0.24922,15.538
2774.7,0.94576,0.24895,15.538
2774.8,0.94317,0.24923,15.538
2775.4,0.94292,0.25032,15.539
2775.4,0.94278,0.24848,15.539
2775.4,0.9432,0.24911,NaN
2775.6,0.9438,0.24911,15.539
2775.9,0.94367,0.24863,15.539
2776,0.94431,0.25022,15.539
2776.5,0.94482,0.24916,15.539
2776.5,0.94463,0.24981,NaN
2776.7,0.94143,0.24886,15.539
2776.8,0.94377,0.24966,15.539
2777,0.94266,0.24899,15.539
2777.5,0.94275,0.24904,15.539
2777.6,0.94413,0.24962,NaN
2777.6,0.94263,0.24885,15.539
2777.8,0.9445,0.24908,15.539
2778,0.94323,0.25047,15.539
2778.2,0.943,0.24858,15.539
2778.7,0.9433,0.25049,15.539
2778.7,0.94432,0.24999,NaN
2778.8,0.9416,0.24905,15.539
2779.1,0.94466,0.24978,15.539
2779.3,0.94389,0.24907,15.539
2779.4,0.94215,0.24941,15.539
2780,0.94241,0.24862,15.539
2780,0.94222,0.24945,15.539
2780,0.94474,0.24933,NaN
2780.3,0.94328,0.24935,15.539
2780.4,0.94395,0.24935,15.539
2780.6,0.94197,0.24886,15.539
2781.2,0.94412,0.24987,15.539
2781.2,0.94183,0.24886,NaN
2781.2,0.94204,0.24971,NaN
2781.4,0.94374,0.24824,15.539
2781.6,0.94344,0.24848,15.539
2781.8,0.94382,0.24843,15.539
2782.3,0.94303,0.2497,15.539
2782.4,0.94396,0.24828,NaN
2782.4,0.94345,0.24857,NaN
2782.6,0.94517,0.24999,15.539
2782.9,0.94484,0.2489,15.539
2783,0.94563,0.2489,15.539
2783.5,0.94401,0.24813,15.539
2783.5,0.94306,0.24888,NaN
2783.7,0.94192,0.24861,15.539
2783.8,0.94179,0.2489,15.539
2784.1,0.94331,0.24942,15.539
2784.6,0.94422,0.24828,15.539
2784.6,0.94512,0.24879,NaN
2784.6,0.94208,0.24942,NaN
2784.8,0.94354,0.24879,15.539
2785,0.94181,0.24898,15.539
2785.2,0.94217,0.24819,15.539
2785.7,0.94275,0.24912,15.54
2785.7,0.94443,0.24805,NaN
2785.8,0.94237,0.24859,15.54
2786,0.94179,0.2485,15.54
2786.2,0.94061,0.24751,15.54
2786.5,0.94522,0.25027,15.541
2786.9,0.94421,0.24939,15.541
2786.9,0.94529,0.24967,NaN
2787,0.94334,0.24941,15.541
2787.3,0.94265,0.24852,15.541
2787.4,0.94363,0.24878,15.542
2788,0.9428,0.24906,15.542
2788,0.94443,0.24859,NaN
2788.1,0.94441,0.24817,NaN
2788.3,0.94541,0.24944,15.542
2788.4,0.94443,0.25015,15.542
2788.7,0.94425,0.24821,15.542
2789.1,0.94148,0.24985,15.543
2789.2,0.94285,0.24925,NaN
2789.2,0.94459,0.24954,15.543
2789.5,0.94258,0.24825,15.543
2789.7,0.94337,0.24862,15.543
2790.2,0.94351,0.24855,15.544
2790.3,0.94538,0.24939,NaN
2790.3,0.94306,0.24974,NaN
2790.4,0.9435,0.25002,15.544
2790.7,0.94362,0.25023,15.544
2790.8,0.94324,0.24936,15.544
2791.4,0.94167,0.24887,15.544
2791.4,0.94284,0.24876,15.545
2791.5,0.94433,0.24828,NaN
2791.6,0.94404,0.24879,15.545
2791.8,0.94278,0.24905,15.545
2792.1,0.94266,0.2496,15.545
2792.5,0.94399,0.25034,15.545
2792.6,0.94087,0.24917,NaN
2792.7,0.94267,0.24928,NaN
2792.8,0.94336,0.24793,15.545
2793,0.94396,0.24935,15.545
2793.2,0.9438,0.24748,15.545
2793.8,0.94409,0.24844,15.546
2793.8,0.94375,0.24868,NaN
2793.8,0.94484,0.24818,NaN
2794,0.94151,0.24924,15.546
2794.3,0.94311,0.24875,15.546
2794.4,0.94263,0.24803,15.547
2794.7,0.94339,0.24842,15.547
2795.1,0.94347,0.24831,15.547
2795.1,0.94316,0.24942,NaN
2795.2,0.94228,0.24831,15.547
2795.4,0.94414,0.24816,15.547
2795.6,0.94251,0.24855,15.548
2795.9,0.94251,0.24871,15.548
2796.3,0.94299,0.25034,15.548
2796.3,0.94391,0.24756,NaN
2796.4,0.94542,0.2501,15.548
2796.6,0.94389,0.24903,15.548
2796.8,0.94508,0.24782,15.548
2797,0.9423,0.2477,15.548
2797.4,0.94353,0.24947,15.549
2797.5,0.94252,0.24844,NaN
2797.7,0.94432,0.24904,15.549
2797.9,0.94371,0.24952,15.549
2798,0.94206,0.24852,15.549
2798.6,0.94275,0.24937,15.549
2798.6,0.94361,0.24912,NaN
2798.6,0.94382,0.24972,NaN
2798.8,0.94322,0.24854,15.55
2799,0.94249,0.24975,15.55
2799.3,0.94209,0.24793,15.551
2799.7,0.94078,0.24991,15.551
2799.8,0.94172,0.24883,NaN
2799.9,0.94283,0.24856,15.551
2800.1,0.94191,0.24877,15.551
2800.2,0.94384,0.24837,15.551
2800.5,0.94248,0.24906,15.552
2800.9,0.94346,0.24881,15.552
2800.9,0.94293,0.24812,15.552
2801,0.94408,0.25032,15.552
2801.3,0.94304,0.2498,15.552
2801.5,0.94566,0.24948,15.552
2801.6,0.94519,0.24925,15.552
2802,0.94356,0.24954,15.552
2802.1,0.9435,0.24997,NaN
2802.2,0.94369,0.25027,15.552
2802.5,0.94191,0.24962,15.553
2802.6,0.94312,0.24921,15.553
2803.2,0.94389,0.25113,15.553
2803.2,0.94526,0.24881,NaN
2803.2,0.94522,0.24918,15.553
2803.5,0.94323,0.25016,15.553
2803.6,0.94254,0.249,15.553
2803.9,0.9441,0.24913,15.554
2804.3,0.94269,0.25074,15.554
2804.3,0.94369,0.24942,NaN
2804.4,0.94387,0.2495,15.554
2804.6,0.94166,0.24897,15.555
2804.8,0.942,0.24988,15.555
2805.1,0.94264,0.24931,15.555
2805.5,0.94089,0.24932,15.555
2805.5,0.94308,0.24941,NaN
2805.6,0.94442,0.2493,15.555
2805.9,0.94383,0.24996,15.556
2806.1,0.94358,0.24947,15.556
2806.6,0.94185,0.25023,15.556
2806.6,0.94417,0.25043,NaN
2806.7,0.94296,0.24856,NaN
2806.9,0.94392,0.24854,15.556
2807,0.94294,0.24915,15.556
2807.2,0.9417,0.24929,15.556
2807.5,0.9435,0.25095,15.556
2807.9,0.94027,0.24989,15.556
2807.9,0.94294,0.24984,NaN
2808.1,0.94196,0.24912,15.557
2808.2,0.94342,0.25009,15.557
2808.4,0.9443,0.24997,15.557
2808.7,0.94239,0.24903,15.557
2809,0.94332,0.24978,15.558
2809.1,0.94671,0.24995,NaN
2809.3,0.94416,0.24861,15.558
2809.4,0.94348,0.25013,15.558
2809.6,0.9429,0.24932,15.558
2809.8,0.94358,0.24859,15.558
2810.3,0.94337,0.24928,15.559
2810.4,0.94339,0.24878,NaN
2810.4,0.94347,0.24922,15.559
2810.6,0.94394,0.25049,15.559
2810.8,0.94302,0.25033,15.559
2811.5,0.94217,0.24947,15.559
2811.5,0.94429,0.24973,NaN
2811.5,0.94423,0.24893,NaN
2811.6,0.94337,0.24925,15.559
2811.8,0.94151,0.24951,15.559
2812,0.94387,0.24949,15.559
2812.5,0.94484,0.24925,15.559
2812.5,0.94384,0.24855,NaN
2812.7,0.94268,0.24875,15.56
2812.8,0.94336,0.24991,15.56
2813,0.94427,0.25029,15.56
2813.2,0.94381,0.25035,15.56
2813.7,0.9445,0.24998,15.561
2813.8,0.94461,0.24864,NaN
2813.8,0.94422,0.24931,NaN
2814,0.944,0.25025,15.561
2814.2,0.94255,0.24976,15.561
2814.4,0.94326,0.24982,15.561
2814.8,0.94411,0.24999,15.562
2814.9,0.94268,0.24914,NaN
2815.1,0.94383,0.25055,15.562
2815.2,0.94426,0.25054,15.562
2815.4,0.94308,0.25053,15.562
2816,0.94336,0.24904,15.563
2816,0.9431,0.25007,NaN
2816.1,0.94407,0.24977,NaN
2816.2,0.94496,0.24925,15.563
2816.5,0.94466,0.25036,15.563
2816.6,0.94329,0.24991,15.563
2817.1,0.94456,0.24967,15.564
2817.2,0.94253,0.24933,NaN
2817.2,0.94373,0.2491,15.564
2817.5,0.94338,0.24968,15.564
2817.6,0.94192,0.25043,15.564
2817.8,0.94423,0.24955,15.564
2818.2,0.94254,0.2502,15.564
2818.2,0.9417,0.25006,NaN
2818.4,0.94511,0.25012,15.564
2818.6,0.94226,0.24972,15.564
2818.8,0.94414,0.25029,15.564
2819.4,0.94309,0.25046,15.565
2819.4,0.94331,0.24912,NaN
2819.4,0.94374,0.24898,NaN
2819.6,0.94323,0.25011,15.565
2819.8,0.94115,0.25055,15.565
2820.1,0.94393,0.25075,15.565
2820.2,0.94569,0.24946,15.565
2820.6,0.94537,0.25197,15.566
2820.7,0.94529,0.24972,NaN
2820.9,0.94504,0.24986,15.566
2821,0.94487,0.25022,15.566
2821.3,0.9439,0.24981,15.566
2821.8,0.94278,0.24954,15.566
2821.8,0.94188,0.24968,NaN
2821.8,0.9422,0.24892,NaN
2822,0.94282,0.24733,15.566
2822.2,0.94355,0.24907,15.566
2822.4,0.94464,0.24841,15.567
2822.9,0.94407,0.25053,15.567
2822.9,0.94302,0.24967,NaN
2823,0.94395,0.2496,NaN
2823.2,0.94242,0.24922,15.567
2823.5,0.94151,0.2495,15.567
2823.6,0.94368,0.24884,15.567
2824.1,0.94304,0.24935,15.567
2824.2,0.94382,0.24933,NaN
2824.2,0.94706,0.24956,15.567
2824.4,0.94384,0.2493,15.567
2824.7,0.94587,0.24839,15.567
2824.9,0.944,0.24835,15.567
2825.3,0.9439,0.24962,15.567
2825.3,0.94202,0.24918,NaN
2825.4,0.94233,0.24921,NaN
2825.7,0.94243,0.24873,15.567
2825.9,0.94324,0.24819,15.567
2826,0.94436,0.25147,15.567
2826.2,0.94207,0.24869,15.567
2826.7,0.94133,0.24962,15.567
2826.7,0.94304,0.24991,15.567
2826.8,0.9435,0.24959,15.567
2827,0.94314,0.2512,15.567
2827.3,0.94389,0.24858,15.567
2827.7,0.94278,0.25131,15.567
2827.7,0.94541,0.25064,NaN
2827.8,0.94376,0.2498,15.567
2828,0.94331,0.25038,15.567
2828.3,0.9438,0.24982,15.567
2828.5,0.94138,0.24956,15.567
2829.1,0.94292,0.2494,15.567
2829.1,0.94265,0.24948,NaN
2829.1,0.94084,0.24907,15.567
2829.2,0.94276,0.24913,15.567
2829.5,0.94436,0.2499,15.567
2829.7,0.94294,0.24962,15.567
2830.2,0.94386,0.24985,15.567
2830.2,0.94166,0.2489,NaN
2830.2,0.94358,0.25014,NaN
2830.5,0.94462,0.2493,15.567
2830.6,0.94327,0.24976,15.567
2830.9,0.94388,0.24942,15.567
2831.4,0.94247,0.24947,15.567
2831.4,0.94251,0.24817,NaN
2831.5,0.94066,0.25012,15.567
2831.6,0.94362,0.24962,15.567
2831.8,0.94318,0.24932,15.567
2832,0.9426,0.24995,15.567
2832.3,0.94213,0.24888,15.567
2832.8,0.94323,0.24886,15.567
2832.8,0.9425,0.24914,NaN
2832.8,0.94332,0.24938,NaN
2833,0.94174,0.248,15.567
2833.3,0.94164,0.25029,15.567
2833.5,0.94298,0.24883,15.567
2833.9,0.94262,0.24855,15.567
2834,0.94317,0.24844,15.567
2834,0.94282,0.24927,NaN
2834.2,0.94328,0.24908,15.568
2834.4,0.94387,0.24905,15.568
2834.6,0.94258,0.24992,15.568
2835,0.943,0.24882,15.568
2835.1,0.94282,0.24895,NaN
2835.3,0.94295,0.24898,15.568
2835.5,0.94212,0.24988,15.568
2835.6,0.94382,0.24807,15.568
2836.2,0.94301,0.24818,15.569
2836.2,0.9439,0.24952,15.569
2836.2,0.94299,0.24841,NaN
2836.4,0.94244,0.24869,15.569
2836.6,0.94153,0.24793,15.569
2836.8,0.94363,0.24836,15.569
2837.3,0.94266,0.2498,15.57
2837.4,0.94229,0.24908,NaN
2837.5,0.94301,0.24939,15.57
2837.6,0.94125,0.24978,15.57
2837.8,0.94304,0.24743,15.57
2838,0.94351,0.24979,15.57
2838.5,0.94088,0.24962,15.571
2838.6,0.94586,0.24979,NaN
2838.6,0.94074,0.24853,15.571
2838.9,0.9423,0.24816,15.571
2839.1,0.94212,0.2499,15.571
2839.2,0.94159,0.24904,15.571
2839.5,0.94126,0.24906,15.571
2839.7,0.94396,0.24927,15.572
2839.9,0.94138,0.24878,15.572
2840.1,0.94453,0.2494,15.572
2840.3,0.9435,0.24888,15.572
2840.4,0.94499,0.24815,15.572
2840.7,0.94256,0.24972,15.572
2840.9,0.94422,0.24968,15.572
2841,0.94403,0.24768,15.573
2841.3,0.94312,0.2496,15.573
2841.4,0.94364,0.24945,15.573
2841.6,0.94402,0.24899,15.573
2842.2,0.94233,0.24923,15.573
2842.3,0.94302,0.24833,NaN
2842.3,0.94381,0.24896,NaN
2842.4,0.94275,0.24846,15.574
2842.6,0.9417,0.24868,15.574
2842.9,0.9428,0.24967,15.574
2843.3,0.94367,0.24827,15.574
2843.4,0.94319,0.24836,NaN
2843.4,0.94198,0.24941,NaN
2843.6,0.94323,0.24785,15.574
2843.8,0.94472,0.24911,15.574
2844.4,0.94524,0.24866,15.575
2844.4,0.94631,0.24937,NaN
2844.5,0.94316,0.24943,NaN
2844.7,0.94381,0.2494,15.575
2844.8,0.94254,0.24836,15.575
2845,0.9451,0.24862,15.575
2845.6,0.94522,0.2484,15.577
2845.6,0.94179,0.24853,NaN
2845.6,0.94353,0.24799,NaN
2845.9,0.94366,0.24871,15.577
2846,0.94353,0.24882,15.577
2846.2,0.9424,0.2486,15.577
2846.8,0.94331,0.24966,15.578
2846.8,0.94421,0.24738,NaN
2846.9,0.94171,0.24835,NaN
2847,0.94165,0.24764,15.578
2847.2,0.94222,0.24773,15.578
2847.4,0.94283,0.24814,15.578
2847.9,0.9431,0.24768,15.578
2848,0.94394,0.24828,NaN
2848.1,0.94083,0.24832,NaN
2848.2,0.94379,0.24939,15.578
2848.4,0.94406,0.24958,15.578
2848.7,0.94439,0.25022,15.578
2849,0.9432,0.24861,15.578
2849.1,0.94347,0.2488,NaN
2849.3,0.94133,0.24814,15.578
2849.4,0.94349,0.24985,15.578
2849.6,0.943,0.24853,15.579
2849.9,0.94258,0.24941,15.579
2850.3,0.94172,0.24923,15.579
2850.3,0.94345,0.24869,NaN
2850.4,0.9411,0.24952,15.579
2850.7,0.94243,0.24894,15.579
2850.8,0.94168,0.24899,15.58
2851,0.94261,0.24933,15.58
2851.4,0.94423,0.2489,15.58
2851.5,0.94423,0.25073,NaN
2851.6,0.94326,0.24976,15.58
2851.9,0.9435,0.25,15.58
2852.1,0.94378,0.2495,15.58
2852.2,0.94382,0.24921,15.581
2852.8,0.94249,0.24882,15.581
2852.8,0.94156,0.24904,NaN
2852.9,0.94218,0.24907,NaN
2853,0.9412,0.24924,15.581
2853.3,0.94295,0.24905,15.581
2853.4,0.94178,0.24865,15.581
2854,0.94209,0.24891,15.582
2854,0.94374,0.24992,NaN
2854,0.944,0.24929,NaN
2854.2,0.94296,0.24821,15.582
2854.4,0.94118,0.24856,15.582
2854.7,0.94381,0.24834,15.583
2855.2,0.942,0.24802,15.583
2855.2,0.94393,0.24843,NaN
2855.3,0.94284,0.25008,NaN
2855.4,0.94301,0.24883,15.583
2855.6,0.94318,0.24853,15.583
2855.8,0.94226,0.24848,15.584
2856.3,0.94127,0.25021,15.584
2856.3,0.9432,0.24881,NaN
2856.4,0.94376,0.24952,15.584
2856.7,0.94431,0.24901,15.584
2856.8,0.94341,0.24884,15.584
2857.1,0.94307,0.24823,15.584
2857.5,0.94404,0.24986,15.584
2857.5,0.94526,0.24894,NaN
2857.6,0.94256,0.24926,15.584
2857.8,0.94336,0.24883,15.585
2858,0.94166,0.2497,15.585
2858.2,0.9416,0.24949,15.585
2858.6,0.9437,0.24945,15.585
2858.7,0.94147,0.25,NaN
2858.8,0.94345,0.24878,15.585
2859.1,0.94305,0.24936,15.586
2859.2,0.94501,0.24975,15.586
2859.4,0.94455,0.24968,15.586
2860,0.94338,0.24939,15.587
2860,0.94349,0.24924,NaN
2860.1,0.94296,0.24851,NaN
2860.2,0.94325,0.24938,15.587
2860.4,0.94291,0.24952,15.587
2860.6,0.94427,0.24861,15.587
2861.1,0.93993,0.24929,15.587
2861.1,0.94401,0.24777,15.587
2861.2,0.94223,0.24927,15.587
2861.5,0.94269,0.24998,15.587
2861.6,0.94421,0.2485,15.588
2862.2,0.94333,0.24868,15.588
2862.2,0.94334,0.24846,NaN
2862.3,0.94257,0.25005,15.589
2862.5,0.94297,0.24981,15.589
2862.6,0.94185,0.24865,15.589
2862.8,0.94189,0.24983,15.589
2863.4,0.94228,0.24943,15.59
2863.4,0.94172,0.24921,NaN
2863.5,0.94192,0.24922,15.59
2863.6,0.94238,0.24875,15.59
2863.9,0.94306,0.24894,15.59
2864.1,0.94233,0.2487,15.59
2864.5,0.94242,0.24905,15.59
2864.5,0.9418,0.24926,NaN
2864.6,0.94294,0.24942,15.59
2864.8,0.94061,0.24845,15.59
2865.1,0.94271,0.24863,15.59
2865.2,0.94185,0.24893,15.59
2865.6,0.94374,0.24905,15.59
2865.7,0.94469,0.2499,NaN
2865.8,0.94343,0.24969,15.59
2866.1,0.94255,0.24902,15.59
2866.3,0.94434,0.24929,15.591
2866.4,0.9439,0.24867,15.591
2867,0.94273,0.24976,15.591
2867,0.94312,0.24938,NaN
2867,0.9425,0.24972,NaN
2867.2,0.94151,0.24799,15.591
2867.4,0.9438,0.24847,15.591
2867.6,0.94265,0.24898,15.592
2868.2,0.94359,0.25014,15.592
2868.2,0.94143,0.24892,NaN
2868.2,0.94298,0.2491,NaN
2868.5,0.9428,0.24924,15.592
2868.6,0.94279,0.24778,15.592
2868.8,0.94135,0.24818,15.593
2869.4,0.94236,0.24843,15.593
2869.4,0.94324,0.24921,NaN
2869.4,0.94386,0.24939,15.593
2869.6,0.94167,0.24948,15.593
2869.8,0.94334,0.24803,15.593
2870,0.94306,0.24937,15.593
2870.5,0.945,0.25037,15.593
2870.5,0.94405,0.24891,15.593
2870.6,0.94234,0.25072,15.593
2870.9,0.94399,0.24867,15.593
2871,0.94307,0.24852,15.594
2871.6,0.94259,0.24955,15.594
2871.6,0.94294,0.24982,NaN
2871.7,0.94418,0.24895,NaN
2871.8,0.94267,0.24789,15.594
2872,0.9417,0.24859,15.594
2872.2,0.94371,0.24916,15.595
2872.7,0.94366,0.24904,15.595
2872.7,0.94317,0.24933,15.595
2872.9,0.9418,0.24906,15.595
2873,0.94376,0.24984,15.595
2873.2,0.94303,0.24947,15.595
2873.4,0.94157,0.24947,15.595
2873.9,0.94149,0.24931,15.595
2873.9,0.9437,0.24796,NaN
2874,0.94238,0.24904,15.595
2874.3,0.94339,0.24826,15.595
2874.5,0.94271,0.24848,15.596
2874.7,0.94398,0.24713,15.596
2875.1,0.94141,0.24841,15.596
2875.1,0.94268,0.24771,NaN
2875.3,0.94132,0.24855,15.596
2875.4,0.94311,0.24811,15.596
2875.6,0.94155,0.24837,15.596
2875.9,0.94277,0.24841,15.596
2876.2,0.94334,0.24917,15.596
2876.3,0.94341,0.24758,NaN
2876.4,0.94351,0.24862,15.596
2876.6,0.94094,0.24613,15.596
2876.8,0.94414,0.2491,15.596
2877,0.94285,0.24955,15.596
2877.4,0.94271,0.24737,15.596
2877.5,0.94229,0.2477,NaN
2877.6,0.94369,0.24857,15.596
2877.8,0.94266,0.24833,15.596
2878,0.94209,0.24935,15.596
2878.5,0.94356,0.24925,15.596
2878.5,0.94245,0.2477,NaN
2878.6,0.94351,0.24941,15.596
2878.8,0.94428,0.24864,15.596
2879.1,0.94272,0.24889,15.596
2879.2,0.94376,0.24871,15.596
2879.4,0.94407,0.24946,15.596
2879.9,0.94159,0.24855,15.596
2880,0.94307,0.24829,NaN
2880.1,0.94163,0.24921,NaN
2880.2,0.94477,0.24974,15.596
2880.4,0.94316,0.249,15.596
2880.6,0.94615,0.2493,15.596
2881.1,0.94318,0.24828,15.596
2881.2,0.94328,0.2489,NaN
2881.2,0.944,0.24879,15.596
2881.5,0.9437,0.24867,15.596
2881.6,0.94365,0.24941,15.596
2882.2,0.94202,0.2496,15.596
2882.2,0.94354,0.24939,NaN
2882.3,0.94252,0.24961,NaN
2882.4,0.94348,0.24825,15.596
2882.6,0.94185,0.24916,15.596
2882.8,0.94225,0.24708,15.596
2883.4,0.94297,0.24952,15.596
2883.5,0.94095,0.24853,NaN
2883.5,0.9432,0.24922,NaN
2883.7,0.94397,0.24844,15.596
2883.8,0.94379,0.24892,15.596
2884,0.94348,0.24903,15.596
2884.6,0.94448,0.24816,15.596
2884.6,0.94234,0.24691,NaN
2884.7,0.94236,0.2483,NaN
2884.9,0.94225,0.2475,15.596
2885,0.94404,0.24837,15.596
2885.2,0.94356,0.24947,15.596
2885.7,0.94115,0.24816,15.596
2885.7,0.94329,0.24807,NaN
2885.9,0.94114,0.24785,15.596
2886,0.94536,0.24951,15.596
2886.2,0.94399,0.24849,15.596
2886.4,0.94504,0.24842,15.596
2886.9,0.94179,0.24962,15.596
2886.9,0.94178,0.24844,15.596
2887,0.94286,0.24829,15.597
2887.2,0.94281,0.24831,15.597
2887.4,0.94251,0.24901,15.597
2887.6,0.94294,0.2488,15.597
2888.1,0.94065,0.24905,15.598
2888.1,0.94144,0.24732,NaN
2888.2,0.94147,0.2487,15.598
2888.5,0.94174,0.24861,15.598
2888.6,0.944,0.2476,15.598
2888.8,0.94304,0.24842,15.598
2889.2,0.94279,0.24827,15.598
2889.2,0.94147,0.24725,15.599
2889.4,0.94356,0.24848,15.599
2889.7,0.94363,0.24846,15.599
2889.8,0.94263,0.24913,15.599
2890.4,0.9444,0.24855,15.6
2890.4,0.9428,0.24843,NaN
2890.5,0.94527,0.24839,NaN
2890.6,0.94202,0.2485,15.6
2890.9,0.94156,0.24799,15.6
2891.1,0.94354,0.24707,15.6
2891.2,0.94191,0.24917,15.6
2891.8,0.94367,0.24789,15.6
2891.9,0.94187,0.24867,NaN
2891.9,0.94245,0.24931,NaN
2892,0.94192,0.24754,15.6
2892.3,0.94273,0.24775,15.6
2892.4,0.94118,0.24861,15.6
2893,0.94423,0.24848,15.601
2893,0.94274,0.24803,NaN
2893,0.94219,0.24799,NaN
2893.2,0.94403,0.24938,15.601
2893.5,0.94493,0.24849,15.601
2893.7,0.94153,0.24793,15.602
2894.1,0.94282,0.24905,15.602
2894.1,0.94405,0.24979,NaN
2894.2,0.94314,0.24893,15.602
2894.4,0.94309,0.24931,15.602
2894.7,0.94356,0.24865,15.602
2894.8,0.94412,0.24947,15.602
2895.3,0.94178,0.24897,15.602
2895.3,0.94252,0.24896,NaN
2895.5,0.94584,0.24865,15.603
2895.7,0.94312,0.24923,15.603
2895.8,0.94204,0.24924,15.603
2896.4,0.94142,0.24861,15.603
2896.4,0.94311,0.24855,NaN
2896.4,0.94293,0.24918,NaN
2896.6,0.94269,0.24788,15.603
2896.8,0.94158,0.2479,15.603
2897.1,0.94274,0.24975,15.603
2897.5,0.94265,0.24917,15.603
2897.6,0.9434,0.24971,NaN
2897.6,0.94449,0.2488,NaN
2897.8,0.94397,0.24954,15.604
2898,0.94184,0.24909,15.604
2898.3,0.94473,0.24846,15.604
2898.7,0.94476,0.25042,15.604
2898.7,0.94277,0.24997,NaN
2898.9,0.94425,0.24993,15.604
2899,0.94196,0.24836,15.604
2899.2,0.94443,0.24896,15.604
2899.8,0.94236,0.24968,15.605
2899.9,0.94213,0.24794,NaN
2899.9,0.94496,0.2482,NaN
2900.1,0.94184,0.24862,15.605
2900.2,0.94342,0.24822,15.605
2900.4,0.94417,0.24804,15.605
2901,0.94593,0.24824,15.606
2901.1,0.94381,0.24893,NaN
2901.1,0.94278,0.24764,NaN
2901.3,0.94165,0.24829,15.606
2901.5,0.94333,0.24778,15.606
2901.6,0.94558,0.24872,15.606
2902.2,0.94296,0.24921,15.606
2902.2,0.9445,0.24776,NaN
2902.3,0.94322,0.24681,NaN
2902.4,0.94532,0.24822,15.607
2902.7,0.94379,0.24877,15.607
2902.9,0.94338,0.24811,15.607
2903.3,0.94262,0.24789,15.607
2903.3,0.94351,0.2489,NaN
2903.4,0.9428,0.24935,15.607
2903.7,0.94225,0.24929,15.607
2903.9,0.94195,0.24706,15.607
2904.4,0.94226,0.24925,15.607
2904.4,0.94077,0.2481,NaN
2904.5,0.94305,0.24882,NaN
2904.7,0.94301,0.24802,15.607
2904.8,0.9432,0.2496,15.607
2905,0.94475,0.24854,15.607
2905.5,0.94291,0.24795,15.607
2905.5,0.94426,0.24997,NaN
2905.6,0.94386,0.24955,15.608
2905.8,0.94402,0.24994,15.608
2906,0.94216,0.24914,15.608
2906.2,0.94426,0.24974,15.608
2906.7,0.94474,0.24891,15.609
2906.7,0.94379,0.24862,NaN
2906.9,0.94322,0.24873,15.609
2907.1,0.94172,0.2498,15.609
2907.2,0.94395,0.24878,15.609
2907.4,0.94303,0.24787,15.609
2907.8,0.94378,0.24885,15.61
2907.9,0.94403,0.24986,NaN
2908,0.94362,0.25033,15.61
2908.2,0.94256,0.24933,15.61
2908.4,0.94394,0.24888,15.61
2908.9,0.94301,0.24923,15.61
2908.9,0.94493,0.2489,NaN
2909.1,0.94273,0.249,15.61
2909.2,0.94371,0.24904,15.61
2909.4,0.9429,0.24918,15.61
2909.6,0.94571,0.24887,15.61
2910.1,0.94466,0.24761,15.611
2910.1,0.94252,0.24921,NaN
2910.2,0.94409,0.24911,15.611
2910.5,0.94356,0.24864,15.611
2910.6,0.94326,0.24996,15.611
2910.8,0.94297,0.25025,15.611
2911.2,0.9433,0.24902,15.611
2911.2,0.94367,0.24839,NaN
2911.5,0.94425,0.24945,15.611
2911.6,0.94295,0.24757,15.611
2911.8,0.943,0.24881,15.612
2912,0.94444,0.248,15.612
2912.5,0.94234,0.24879,15.612
2912.5,0.94443,0.24822,NaN
2912.6,0.94378,0.24907,NaN
2912.8,0.9428,0.24815,15.612
2913,0.94156,0.248,15.613
2913.2,0.94251,0.24827,15.613
2913.8,0.94319,0.24915,15.613
2913.8,0.94314,0.24831,NaN
2913.9,0.94296,0.24953,NaN
2914,0.94536,0.24904,15.613
2914.3,0.94492,0.24979,15.614
2914.5,0.94313,0.24789,15.614
2914.6,0.94277,0.24865,15.614
2915.1,0.94301,0.24915,15.614
2915.1,0.94263,0.2495,NaN
2915.3,0.94161,0.24919,15.614
2915.4,0.94178,0.24915,15.614
2915.6,0.94354,0.24898,15.614
2915.8,0.94391,0.2478,15.614
2916.3,0.94247,0.25013,15.614
2916.3,0.94286,0.24915,NaN
2916.4,0.94338,0.2485,15.615
2916.6,0.94239,0.24807,15.615
2916.8,0.94098,0.24852,15.615
2917,0.94273,0.24829,15.615
2917.5,0.94269,0.24927,15.615
2917.6,0.94305,0.24898,15.615
2917.7,0.94336,0.24872,NaN
2917.8,0.94266,0.24882,15.615
2918.1,0.94333,0.2486,15.615
2918.2,0.94304,0.249,15.615
2918.4,0.94078,0.24737,15.615
2918.6,0.94249,0.24839,15.615
2919,0.943,0.24801,15.615
2919,0.94322,0.24832,NaN
2919.2,0.94142,0.24806,15.615
2919.4,0.94321,0.25006,15.615
2919.6,0.94453,0.24833,15.615
2919.8,0.94119,0.24964,15.615
2920.2,0.94344,0.24866,15.616
2920.3,0.94325,0.24943,NaN
2920.5,0.9423,0.24822,15.616
2920.6,0.9422,0.24861,15.616
2920.8,0.94161,0.2493,15.616
2921,0.94259,0.24879,15.616
2921.3,0.94248,0.24889,15.616
2921.8,0.94639,0.24894,15.616
2921.8,0.94356,0.2484,NaN
2921.8,0.94327,0.24878,15.616
2922,0.94107,0.24876,15.616
2922.2,0.94378,0.24824,15.616
2922.4,0.94538,0.24945,15.617
2923,0.94223,0.24885,15.617
2923,0.9433,0.24872,NaN
2923.1,0.94423,0.24875,NaN
2923.2,0.94334,0.24972,15.617
2923.5,0.94336,0.24928,15.617
2923.7,0.94342,0.25016,15.617
2923.8,0.94335,0.24845,15.617
2924,0.94317,0.24795,15.617
2924.5,0.94365,0.24904,15.618
2924.5,0.94231,0.24773,NaN
2924.6,0.94348,0.24955,15.618
2924.8,0.94395,0.24835,15.618
2925,0.94346,0.24864,15.618
2925.3,0.94303,0.24918,15.618
2925.8,0.94224,0.24816,15.618
2925.8,0.94374,0.24896,NaN
2925.9,0.94388,0.24917,NaN
2926,0.94243,0.24782,15.618
2926.3,0.9444,0.248,15.618
2926.5,0.94163,0.24861,15.618
2926.6,0.94527,0.24949,15.618
2927.1,0.94464,0.24901,15.618
2927.1,0.94327,0.24889,NaN
2927.2,0.94404,0.24883,NaN
2927.5,0.94387,0.24895,15.618
2927.6,0.94328,0.24891,15.618
2927.8,0.94274,0.24889,15.618
2928.1,0.9428,0.24777,15.618
2928.5,0.94241,0.24817,15.618
2928.5,0.94275,0.24883,NaN
2928.6,0.94372,0.24874,15.618
2928.8,0.94359,0.24837,15.618
2929.1,0.94273,0.24792,15.618
2929.2,0.94484,0.24873,15.618
2929.4,0.9435,0.24914,15.618
2929.9,0.94174,0.24806,15.618
2929.9,0.94135,0.24887,NaN
2930,0.94446,0.24912,15.618
2930.3,0.94265,0.24897,15.618
2930.4,0.94437,0.248,15.618
2930.7,0.94381,0.24825,15.618
2931.1,0.94275,0.24957,15.618
2931.2,0.94593,0.24907,NaN
2931.3,0.94113,0.24858,15.618
2931.4,0.943,0.24907,15.618
2931.6,0.94374,0.24962,15.618
2931.8,0.94095,0.24898,15.618
2932.3,0.94353,0.24919,15.618
2932.3,0.94424,0.24871,NaN
2932.4,0.94263,0.24779,NaN
2932.7,0.94307,0.24926,15.618
2932.8,0.94518,0.24927,15.618
2933,0.94367,0.25007,15.618
2933.5,0.94167,0.24979,15.618
2933.5,0.94517,0.24837,NaN
2933.7,0.94118,0.24764,15.618
2933.8,0.94117,0.24825,15.618
2934,0.94423,0.24928,15.618
2934.2,0.94179,0.24836,15.618
2934.4,0.94583,0.24733,15.618
2934.9,0.94247,0.24777,15.618
2934.9,0.94233,0.24764,NaN
2935.1,0.94347,0.2479,15.618
2935.2,0.94345,0.24891,15.618
2935.4,0.94296,0.24781,15.618
2935.6,0.94435,0.24891,15.618
2936.2,0.94181,0.24755,15.618
2936.2,0.94397,0.24828,NaN
2936.2,0.94241,0.24816,NaN
2936.5,0.94161,0.24876,15.618
2936.7,0.94084,0.24772,15.618
2936.8,0.94328,0.24752,15.618
2937.3,0.94188,0.24874,15.618
2937.4,0.94292,0.24763,NaN
2937.5,0.94196,0.24723,NaN
2937.6,0.94226,0.24842,15.619
2937.8,0.94367,0.24752,15.619
2938.1,0.94306,0.24841,15.619
2938.6,0.94212,0.24806,15.62
2938.6,0.9445,0.24853,NaN
2938.7,0.94049,0.24905,15.62
2938.8,0.94332,0.24903,15.62
2939,0.9429,0.2479,15.62
2939.2,0.94323,0.24783,15.62
2939.6,0.94469,0.24965,15.62
2939.7,0.94063,0.24909,NaN
2939.8,0.94281,0.24859,15.62
2940.1,0.94233,0.24903,15.621
2940.2,0.94341,0.24948,15.621
2940.8,0.94261,0.24795,15.621
2940.9,0.94261,0.2479,NaN
2940.9,0.94388,0.24883,NaN
2941,0.9423,0.24829,15.621
2941.3,0.94548,0.24719,15.621
2941.4,0.94339,0.24805,15.621
2942,0.94387,0.24863,15.621
2942.1,0.94504,0.24838,NaN
2942.1,0.94479,0.24872,NaN
2942.2,0.94262,0.24788,15.622
2942.4,0.94237,0.24945,15.622
2942.6,0.94379,0.2491,15.622
2943.2,0.94415,0.24792,15.623
2943.2,0.94391,0.24832,NaN
2943.3,0.94192,0.24844,NaN
2943.5,0.94158,0.24852,15.623
2943.7,0.94426,0.24845,15.623
2943.8,0.9443,0.2495,15.623
2944.1,0.94186,0.24835,15.623
2944.5,0.94269,0.24865,15.624
2944.5,0.9423,0.24849,NaN
2944.6,0.94158,0.24847,15.624
2944.8,0.94275,0.24879,15.624
2945.1,0.94061,0.24886,15.624
2945.2,0.94235,0.24832,15.624
2945.6,0.9437,0.24758,15.624
2945.7,0.944,0.24874,NaN
2945.9,0.94286,0.24774,15.624
2946,0.94449,0.24966,15.624
2946.2,0.94414,0.24871,15.624
2946.4,0.94427,0.24842,15.625
2946.7,0.94341,0.24818,15.625
2947.1,0.94189,0.24896,15.625
2947.1,0.94303,0.24908,NaN
2947.2,0.94487,0.2497,15.626
2947.5,0.94214,0.24799,15.626
2947.7,0.94346,0.2479,15.626
2947.8,0.94202,0.24816,15.627
2948.4,0.94226,0.24801,15.627
2948.4,0.94462,0.24782,NaN
2948.5,0.94306,0.24805,NaN
2948.7,0.94313,0.24748,15.627
2948.8,0.94259,0.24814,15.627
2949,0.94184,0.24847,15.627
2949.6,0.94302,0.2478,15.628
2949.6,0.94069,0.24881,NaN
2949.6,0.94248,0.24831,NaN
2949.9,0.94255,0.24684,15.628
2950,0.94518,0.2482,15.628
2950.3,0.94272,0.24704,15.628
2950.7,0.94447,0.24907,15.628
2950.7,0.94208,0.24744,NaN
2950.8,0.94086,0.24807,15.628
2951,0.94263,0.24798,15.628
2951.2,0.94512,0.24928,15.628
2951.4,0.94283,0.24765,15.629
2951.9,0.94255,0.24831,15.629
2951.9,0.94362,0.24861,NaN
2952,0.9431,0.24787,15.629
2952.3,0.9424,0.24798,15.629
2952.5,0.94289,0.24827,15.63
2952.6,0.94181,0.24748,15.63
2952.8,0.94541,0.24896,15.63
2953.3,0.94359,0.248,15.63
2953.3,0.94163,0.24922,NaN
2953.4,0.94282,0.24848,15.63
2953.7,0.94278,0.24796,15.631
2953.8,0.94206,0.24944,15.631
2954,0.94376,0.24756,15.631
2954.5,0.94166,0.24853,15.631
2954.5,0.94236,0.248,NaN
2954.6,0.9426,0.24867,15.631
2954.8,0.94366,0.24855,15.631
2955.1,0.94047,0.24795,15.631
2955.3,0.94235,0.24872,15.631
2955.7,0.94376,0.24813,15.632
2955.7,0.94321,0.24816,NaN
2955.9,0.94291,0.24788,15.632
2956.1,0.94382,0.24878,15.632
2956.3,0.94406,0.24924,15.632
2956.4,0.94482,0.24867,15.632
2956.8,0.94358,0.24805,15.632
2956.8,0.94316,0.2488,NaN
2957,0.94487,0.24937,15.632
2957.2,0.94228,0.24803,15.632
2957.5,0.94149,0.24817,15.633
2957.6,0.94192,0.24936,15.633
2958.1,0.94171,0.2481,15.633
2958.1,0.94373,0.24802,NaN
2958.3,0.94214,0.24907,15.633
2958.4,0.94313,0.24844,15.634
2958.7,0.94361,0.24942,15.634
2958.8,0.94138,0.2479,15.634
2959,0.94336,0.24876,15.634
2959.5,0.94209,0.24928,15.635
2959.5,0.94418,0.24881,NaN
2959.6,0.94286,0.2485,15.635
2959.8,0.94307,0.2496,15.635
2960,0.94138,0.24825,15.635
2960.6,0.94147,0.24863,15.635
2960.7,0.94079,0.24939,NaN
2960.7,0.94367,0.2471,NaN
2960.8,0.94294,0.2483,15.635
2961.1,0.94391,0.24838,15.636
2961.3,0.94127,0.24841,15.636
2961.8,0.94465,0.24849,15.636
2961.9,0.94286,0.24837,NaN
2961.9,0.94185,0.24866,NaN
2962,0.94212,0.25001,15.636
2962.2,0.9409,0.24747,15.637
2962.5,0.94251,0.24994,15.637
2963,0.94218,0.24909,15.637
2963,0.94438,0.24841,NaN
2963,0.94238,0.24854,NaN
2963.3,0.94376,0.24976,15.637
2963.4,0.94396,0.24886,15.638
2963.7,0.94361,0.24939,15.638
2963.8,0.94347,0.24923,15.638
2964.3,0.94314,0.24812,15.639
2964.3,0.94484,0.25,NaN
2964.4,0.94332,0.24944,15.639
2964.6,0.94248,0.24803,15.639
2964.9,0.94266,0.24899,15.639
2965.3,0.94193,0.24825,15.639
2965.4,0.94255,0.2495,NaN
2965.4,0.9449,0.24837,15.64
2965.7,0.94249,0.24818,15.64
2965.8,0.94294,0.24875,15.64
2966,0.94377,0.24959,15.64
2966.5,0.94173,0.24842,15.64
2966.5,0.94122,0.24938,NaN
2966.6,0.94327,0.24902,15.64
2966.8,0.94176,0.24934,15.641
2967,0.94547,0.24875,15.641
2967.3,0.94218,0.24792,15.641
2967.7,0.94315,0.24826,15.641
2967.7,0.945,0.24806,NaN
2967.8,0.94307,0.24788,15.641
2968.1,0.94403,0.24969,15.641
2968.2,0.94316,0.24862,15.641
2968.5,0.94323,0.24862,15.641
2968.9,0.94359,0.24946,15.642
2969,0.94353,0.24885,NaN
2969,0.94395,0.24912,15.642
2969.3,0.94169,0.24851,15.642
2969.5,0.94543,0.24844,15.642
2969.6,0.94292,0.24986,15.642
2970.2,0.94252,0.24948,15.642
2970.2,0.94202,0.24851,NaN
2970.2,0.944,0.24919,NaN
2970.5,0.94237,0.24862,15.642
2970.6,0.94474,0.24918,15.643
2970.8,0.94219,0.24811,15.643
2971.4,0.94298,0.24974,15.643
2971.4,0.94393,0.25004,NaN
2971.5,0.94256,0.24947,NaN
2971.6,0.94419,0.24892,15.643
2971.8,0.94184,0.24825,15.643
2972,0.94213,0.25043,15.643
2972.5,0.94319,0.24764,15.644
2972.5,0.94179,0.24886,NaN
2972.7,0.94149,0.24896,15.644
2972.8,0.94508,0.24912,15.644
2973,0.9447,0.24847,15.644
2973.3,0.94402,0.24979,15.644
2973.7,0.94232,0.24863,15.645
2973.8,0.94331,0.24755,NaN
2973.8,0.94343,0.24886,15.645
2974,0.94273,0.24885,15.645
2974.2,0.94311,0.24902,15.645
2974.5,0.94102,0.24805,15.645
2975,0.94453,0.24936,15.645
2975.1,0.94385,0.24965,NaN
2975.1,0.94163,0.24861,NaN
2975.2,0.94162,0.24944,15.645
2975.4,0.93963,0.24848,15.645
2975.7,0.94233,0.24906,15.645
2975.8,0.9408,0.2492,15.645
2976,0.94062,0.25001,15.645
2976.4,0.9439,0.24926,15.645
2976.5,0.94423,0.24901,NaN
2976.6,0.94013,0.24893,15.645
2976.9,0.94417,0.25042,15.645
2977,0.94201,0.24853,15.645
2977.2,0.94206,0.2481,15.646
2977.7,0.94414,0.24919,15.646
2977.7,0.94458,0.24949,NaN
2977.8,0.9438,0.24951,15.646
2978,0.9452,0.24797,15.646
2978.3,0.9423,0.2485,15.646
2978.4,0.94196,0.24902,15.646
2979,0.94229,0.24971,15.646
2979.1,0.94325,0.24907,NaN
2979.1,0.94339,0.2484,NaN
2979.2,0.94249,0.24926,15.646
2979.4,0.94391,0.24896,15.646
2979.6,0.94248,0.25002,15.646
2979.9,0.94546,0.24859,15.646
2980.3,0.94322,0.24922,15.646
2980.3,0.94488,0.24989,NaN
2980.5,0.94294,0.24944,15.646
2980.6,0.9435,0.24963,15.646
2980.8,0.94236,0.24804,15.646
2981.1,0.94167,0.24888,15.646
2981.5,0.94263,0.24881,15.646
2981.5,0.94112,0.24864,NaN
2981.6,0.94325,0.24917,NaN
2981.8,0.94239,0.24879,15.646
2982.1,0.94166,0.2487,15.646
2982.2,0.94525,0.24777,15.646
2982.4,0.9429,0.25101,15.646
2983,0.94294,0.24918,15.646
2983,0.94228,0.24805,NaN
2983,0.944,0.24847,NaN
2983.3,0.94344,0.24921,15.646
2983.4,0.94322,0.24889,15.647
2983.6,0.94217,0.24929,15.647
2984.2,0.94368,0.24913,15.647
2984.2,0.94377,0.24862,NaN
2984.2,0.9447,0.24913,NaN
2984.5,0.94274,0.2489,15.647
2984.6,0.94359,0.24902,15.647
2984.8,0.94469,0.24921,15.647
2985.4,0.94271,0.25017,15.647
2985.5,0.94213,0.24848,NaN
2985.5,0.94349,0.24796,NaN
2985.6,0.94397,0.24914,15.647
2985.8,0.94495,0.24964,15.647
2986,0.94454,0.24898,15.647
2986.2,0.9446,0.24892,15.647
2986.7,0.94114,0.24943,15.647
2986.7,0.94378,0.24948,NaN
2986.8,0.94425,0.24852,15.647
2987,0.9425,0.24916,15.647
2987.3,0.94299,0.24942,15.647
2987.5,0.94329,0.24768,15.647
2987.6,0.94221,0.24846,15.647
2988.1,0.94328,0.2468,15.647
2988.1,0.94561,0.24995,NaN
2988.2,0.94231,0.24876,15.647
2988.4,0.94271,0.2482,15.647
2988.7,0.94153,0.24818,15.647
2988.8,0.94237,0.24809,15.647
2989.3,0.94157,0.24825,15.648
2989.3,0.94218,0.2486,NaN
2989.4,0.94273,0.24795,15.648
2989.6,0.94215,0.24839,15.648
2989.9,0.94363,0.24937,15.648
2990,0.94413,0.24903,15.649
2990.6,0.94352,0.24961,15.649
2990.6,0.94084,0.24866,NaN
2990.7,0.94267,0.24837,NaN
2990.9,0.94538,0.24903,15.649
2991,0.94415,0.24881,15.649
2991.2,0.94286,0.24856,15.649
2991.4,0.94373,0.24888,15.65
2991.8,0.94285,0.24738,15.65
2991.9,0.94236,0.24855,NaN
2992,0.94483,0.24946,15.65
2992.2,0.94235,0.24847,15.65
2992.5,0.94329,0.25001,15.65
2992.6,0.9429,0.2473,15.65
2993,0.94239,0.24855,15.65
2993.1,0.94415,0.2496,NaN
2993.3,0.9453,0.24948,15.65
2993.4,0.94275,0.24921,15.651
2993.6,0.94267,0.24812,15.651
2993.9,0.94331,0.24932,15.651
2994.3,0.94261,0.24823,15.652
2994.3,0.94385,0.24817,NaN
2994.4,0.94401,0.24801,15.652
2994.7,0.94418,0.24794,15.652
2994.8,0.94196,0.24952,15.653
2995.1,0.94342,0.24874,15.653
2995.5,0.94412,0.24782,15.653
2995.5,0.94414,0.24819,NaN
2995.6,0.94368,0.24847,NaN
2995.8,0.94269,0.24738,15.653
2996,0.94428,0.24802,15.654
2996.2,0.94375,0.24857,15.654
2996.6,0.94329,0.24787,15.654
2996.7,0.94374,0.24739,NaN
2996.8,0.94152,0.24756,15.654
2997,0.94203,0.24817,15.654
2997.3,0.94235,0.24826,15.654
2997.4,0.94336,0.24843,15.654
2997.9,0.94384,0.24818,15.654
2998,0.94261,0.24857,NaN
2998,0.94301,0.24746,NaN
2998.2,0.94299,0.24766,15.654
2998.4,0.94292,0.2485,15.655
2998.6,0.94423,0.24866,15.655
2999.1,0.94349,0.24762,15.655
2999.1,0.94228,0.24676,NaN
2999.3,0.94295,0.24896,15.655
2999.4,0.94359,0.24772,15.655
2999.7,0.94386,0.24793,15.656
2999.9,0.94424,0.24788,15.656
3000,0.94263,0.24895,15.656
3000.5,0.94214,0.24828,15.656
3000.5,0.94448,0.2483,NaN
3000.6,0.94249,0.24807,15.656
3000.8,0.94311,0.24839,15.657
3001.1,0.94259,0.24887,15.657
3001.3,0.94395,0.24709,15.657
3001.7,0.94455,0.24831,15.657
3001.7,0.94159,0.24876,NaN
3001.8,0.94345,0.24879,15.657
3002,0.9438,0.24775,15.657
3002.2,0.94265,0.24814,15.657
3002.5,0.94389,0.24807,15.657
3002.9,0.94301,0.24832,15.658
3003,0.94214,0.24773,NaN
3003,0.94261,0.24756,15.658
3003.2,0.94353,0.24827,15.658
3003.4,0.94269,0.24722,15.658
3003.6,0.9459,0.24799,15.658
3004.1,0.94133,0.24766,15.659
3004.1,0.94228,0.24899,NaN
3004.3,0.94111,0.24867,15.659
3004.4,0.94385,0.24781,15.659
3004.6,0.94282,0.24899,15.659
3004.8,0.94339,0.24701,15.66
3005.2,0.94274,0.2484,15.66
3005.3,0.94315,0.24784,NaN
3005.5,0.94372,0.24899,15.66
3005.7,0.94302,0.24886,15.66
3005.8,0.94266,0.24746,15.66
3006,0.94181,0.24843,15.66
3006.2,0.94169,0.24803,15.66
3006.7,0.94333,0.24848,15.66
3006.7,0.945,0.24813,15.661
3006.8,0.94145,0.24773,15.661
3007.1,0.94167,0.24915,15.661
3007.2,0.943,0.24859,15.661
3007.5,0.94174,0.24981,15.661
3007.9,0.94241,0.24852,15.661
3007.9,0.9412,0.24795,NaN
3008,0.94228,0.24941,15.661
3008.2,0.94361,0.24939,15.662
3008.4,0.94154,0.24789,15.662
3008.6,0.94339,0.24859,15.662
3009.2,0.94325,0.24905,15.662
3009.2,0.94519,0.24748,NaN
3009.2,0.94272,0.2479,NaN
3009.4,0.94441,0.2482,15.662
3009.7,0.94454,0.24901,15.663
3009.8,0.94404,0.24906,15.663
3010.4,0.94327,0.24783,15.663
3010.4,0.94349,0.24801,15.663
3010.5,0.94376,0.24814,NaN
3010.6,0.94503,0.24851,15.663
3010.9,0.94153,0.24807,15.664
3011,0.94484,0.24927,15.664
3011.6,0.94115,0.24875,15.665
3011.7,0.94307,0.24936,NaN
3011.7,0.94505,0.24904,NaN
3011.9,0.94263,0.24779,15.665
3012,0.94013,0.24825,15.665
3012.2,0.94248,0.24829,15.665
3012.8,0.94394,0.24828,15.666
3012.9,0.94318,0.24745,15.666
3012.9,0.94187,0.24903,NaN
3013.1,0.94305,0.2483,15.666
3013.2,0.94457,0.24779,15.666
3013.5,0.94496,0.24815,15.666
3013.6,0.94341,0.24893,15.666
3014.2,0.94319,0.2488,15.667
3014.2,0.94397,0.24958,NaN
3014.2,0.94392,0.24902,NaN
3014.5,0.94352,0.2497,15.667
3014.6,0.94226,0.2481,15.667
3014.8,0.94458,0.24758,15.667
3015.3,0.9438,0.24881,15.667
3015.3,0.94308,0.24839,NaN
3015.5,0.94329,0.24866,15.667
3015.7,0.94294,0.24824,15.667
3015.8,0.94296,0.24762,15.667
3016.4,0.93966,0.24768,15.667
3016.5,0.944,0.24828,15.668
3016.5,0.94232,0.24938,NaN
3016.6,0.94341,0.24843,15.668
3016.8,0.94199,0.24893,15.668
3017,0.94429,0.24798,15.668
3017.6,0.94305,0.24863,15.669
3017.6,0.94282,0.2482,NaN
3017.7,0.9447,0.24733,NaN
3017.9,0.94503,0.2483,15.669
3018,0.94413,0.2495,15.669
3018.2,0.94319,0.24932,15.669
3018.9,0.94502,0.24863,15.67
3018.9,0.94255,0.24858,NaN
3018.9,0.94453,0.24879,NaN
3019,0.94355,0.24771,NaN
3019.3,0.94561,0.24907,15.67
3019.5,0.94403,0.24799,15.67
3019.6,0.94206,0.2474,15.67
3020.1,0.94397,0.24805,15.671
3020.1,0.94612,0.24799,NaN
3020.2,0.94307,0.24874,15.671
3020.4,0.94163,0.2484,15.671
3020.6,0.94314,0.24875,15.671
3020.9,0.94231,0.24786,15.671
3021.3,0.94244,0.24874,15.671
3021.4,0.94218,0.24841,NaN
3021.4,0.94449,0.24763,15.672
3021.6,0.9439,0.24758,15.672
3021.8,0.94109,0.24932,15.672
3022.1,0.94217,0.24833,15.672
3022.2,0.94192,0.2484,15.672
3022.5,0.94344,0.24779,15.672
3022.7,0.94069,0.24829,15.672
3022.9,0.9431,0.24775,15.672
3023.1,0.94273,0.24859,15.672
3023.3,0.94286,0.24728,15.673
3023.5,0.94331,0.24851,15.673
3023.6,0.94233,0.24919,15.673
3023.9,0.94277,0.24888,15.673
3024.1,0.94269,0.24792,15.673
3024.3,0.94147,0.24774,15.673
3024.5,0.94252,0.24863,15.673
3024.6,0.94369,0.24948,15.673
3024.9,0.94192,0.24995,15.673
3025.3,0.94264,0.24899,15.673
3025.3,0.94286,0.24832,NaN
3025.4,0.94258,0.24789,NaN
3025.6,0.94278,0.24789,15.673
3025.9,0.942,0.24917,15.673
3026.1,0.94143,0.24708,15.674
3026.5,0.94416,0.24746,15.674
3026.5,0.94253,0.24804,NaN
3026.7,0.94519,0.24887,15.674
3026.8,0.94439,0.24912,15.674
3027.1,0.94089,0.24839,15.674
3027.2,0.94375,0.24789,15.674
3027.8,0.94343,0.24852,15.675
3027.8,0.94508,0.24806,NaN
3027.8,0.94283,0.24879,NaN
3028.1,0.94339,0.24896,15.675
3028.2,0.94169,0.24796,15.675
3028.4,0.94338,0.24889,15.675
3029,0.94195,0.24851,15.675
3029,0.94362,0.24758,NaN
3029.1,0.94072,0.24865,NaN
3029.2,0.94353,0.24922,15.675
3029.5,0.94405,0.24811,15.675
3029.7,0.94267,0.24865,15.675
3030.1,0.94253,0.24837,15.675
3030.1,0.94264,0.24814,NaN
3030.3,0.94441,0.24786,15.675
3030.4,0.94259,0.24815,15.675
3030.6,0.94351,0.24846,15.675
3030.8,0.9429,0.24771,15.675
3031.4,0.94268,0.24878,15.675
3031.4,0.94263,0.24827,NaN
3031.4,0.94271,0.24789,15.675
3031.6,0.94183,0.24909,15.675
3031.8,0.94337,0.24829,15.675
3032.1,0.94412,0.24918,15.675
3032.3,0.94274,0.24772,15.676
3032.8,0.94274,0.24804,15.676
3032.8,0.94203,0.24838,NaN
3032.8,0.94409,0.24824,NaN
3033,0.94498,0.24957,15.676
3033.2,0.94277,0.24802,15.676
3033.4,0.94387,0.24867,15.676
3033.9,0.94299,0.24757,15.676
3034,0.94343,0.2486,NaN
3034.1,0.94322,0.24828,15.676
3034.2,0.94342,0.24738,15.676
3034.4,0.94381,0.2486,15.676
3034.6,0.94229,0.24855,15.676
3035.1,0.94483,0.24774,15.676
3035.1,0.94397,0.24872,NaN
3035.2,0.94242,0.24812,15.676
3035.4,0.94467,0.2492,15.676
3035.7,0.94436,0.2485,15.676
3035.9,0.94364,0.24821,15.676
3036.3,0.94371,0.24847,15.676
3036.3,0.9417,0.2488,NaN
3036.5,0.94419,0.24752,15.676
3036.6,0.94279,0.24802,15.676
3036.9,0.94236,0.24841,15.676
3037.1,0.94155,0.24846,15.676
3037.2,0.94275,0.2486,15.676
3037.8,0.94594,0.24777,15.676
3037.8,0.94486,0.24879,NaN
3037.9,0.94393,0.24781,15.676
3038,0.94332,0.2483,15.676
3038.2,0.94258,0.24922,15.676
3038.4,0.94292,0.24814,15.676
3038.9,0.94346,0.24874,15.676
3039,0.94433,0.24748,NaN
3039,0.94211,0.24753,NaN
3039.2,0.9419,0.24731,15.676
3039.4,0.94349,0.2476,15.676
3039.6,0.94326,0.24698,15.676
3040.1,0.94265,0.24926,15.677
3040.1,0.94214,0.24839,NaN
3040.3,0.94262,0.24812,15.677
3040.4,0.94386,0.24813,15.677
3040.6,0.94333,0.2482,15.677
3041.2,0.94423,0.24783,15.678
3041.2,0.94441,0.24838,NaN
3041.2,0.94437,0.24792,NaN
3041.4,0.94456,0.24825,15.678
3041.6,0.94363,0.24938,15.678
3041.9,0.94294,0.2486,15.679
3042.4,0.94253,0.24764,15.679
3042.4,0.94356,0.24832,NaN
3042.4,0.94242,0.24827,NaN
3042.6,0.94504,0.24807,15.679
3042.9,0.94299,0.24787,15.679
3043,0.94392,0.24752,15.679
3043.6,0.94374,0.24895,15.679
3043.6,0.94426,0.24937,15.679
3043.6,0.9435,0.24741,NaN
3043.9,0.9425,0.24828,15.679
3044,0.94223,0.2477,15.679
3044.2,0.94386,0.24692,15.679
3044.7,0.94546,0.24881,15.679
3044.7,0.94455,0.24784,NaN
3044.9,0.94334,0.24863,15.679
3045.1,0.94458,0.2473,15.68
3045.2,0.94448,0.24832,15.68
3045.5,0.94556,0.24745,15.68
3045.9,0.94291,0.24906,15.68
3046,0.94227,0.24786,NaN
3046,0.94377,0.2476,15.68
3046.3,0.94273,0.24879,15.681
3046.5,0.94316,0.24784,15.681
3046.6,0.94269,0.24712,15.681
3047.1,0.94544,0.2491,15.681
3047.2,0.94231,0.24835,NaN
3047.2,0.94071,0.24696,NaN
3047.5,0.94249,0.2489,15.681
3047.7,0.94373,0.24847,15.681
3047.8,0.94551,0.2476,15.682
3048,0.94263,0.24829,15.682
3048.5,0.94245,0.24814,15.682
3048.5,0.94188,0.24624,NaN
3048.7,0.94396,0.24914,15.682
3048.9,0.94365,0.24802,15.682
3049,0.9415,0.24902,15.682
3049.2,0.94224,0.24732,15.682
3049.7,0.94264,0.24774,15.683
3049.7,0.94408,0.24902,NaN
3049.8,0.94351,0.24856,15.683
3050.1,0.94409,0.24758,15.683
3050.2,0.943,0.24752,15.683
3050.4,0.944,0.24763,15.683
3050.9,0.94259,0.24923,15.684
3050.9,0.94456,0.24791,NaN
3051,0.94341,0.24914,15.684
3051.3,0.94326,0.24681,15.684
3051.4,0.9442,0.24827,15.684
3051.7,0.94481,0.24793,15.684
3052.2,0.94355,0.24773,15.685
3052.3,0.94408,0.24866,NaN
3052.3,0.94294,0.24808,NaN
3052.4,0.94227,0.2472,15.685
3052.6,0.94413,0.24662,15.685
3052.8,0.94476,0.24746,15.685
3053,0.94522,0.24835,15.685
3053.5,0.94316,0.24715,15.685
3053.6,0.94226,0.24822,15.685
3053.7,0.94401,0.24713,NaN
3053.9,0.94448,0.24765,15.685
3054,0.94272,0.24817,15.685
3054.3,0.94328,0.24841,15.686
3054.8,0.94262,0.24817,15.686
3054.8,0.9426,0.2469,NaN
3054.8,0.9441,0.24851,NaN
3055.1,0.9431,0.24781,15.686
3055.3,0.94484,0.24746,15.687
3055.4,0.94284,0.24894,15.687
3055.9,0.94385,0.24779,15.687
3056,0.94217,0.24632,NaN
3056,0.94419,0.24933,NaN
3056.2,0.94371,0.2477,15.687
3056.4,0.94231,0.24695,15.687
3056.7,0.9445,0.24765,15.688
3056.8,0.94343,0.24823,15.688
3057.3,0.94392,0.24843,15.688
3057.3,0.94429,0.248,NaN
3057.4,0.94417,0.24796,15.688
3057.7,0.94261,0.24792,15.688
3057.8,0.94296,0.24752,15.688
3058.1,0.94293,0.2473,15.688
3058.5,0.94159,0.2462,15.688
3058.5,0.94164,0.24822,NaN
3058.6,0.94366,0.24824,15.688
3058.9,0.94291,0.24891,15.688
3059,0.94543,0.2481,15.688
3059.2,0.94284,0.24782,15.689
3059.7,0.94321,0.24884,15.69
3059.7,0.94113,0.24736,NaN
3059.9,0.94378,0.24917,15.69
3060,0.94467,0.24756,15.69
3060.3,0.94247,0.24898,15.691
3060.5,0.94171,0.2473,15.691
3060.6,0.94172,0.24873,15.691
3061,0.94423,0.24758,15.691
3061.1,0.94449,0.24787,NaN
3061.2,0.9442,0.24842,15.691
3061.5,0.94484,0.2489,15.691
3061.6,0.94402,0.24907,15.691
3062.2,0.94337,0.24865,15.691
3062.3,0.94331,0.24756,NaN
3062.3,0.94236,0.24773,NaN
3062.4,0.94548,0.24884,15.691
3062.7,0.94359,0.24793,15.691
3062.8,0.94299,0.24696,15.692
3063.4,0.94354,0.24756,15.692
3063.4,0.94435,0.24714,NaN
3063.5,0.94352,0.2477,NaN
3063.6,0.94283,0.24765,15.692
3063.8,0.94411,0.2475,15.692
3064,0.94468,0.24768,15.692
3064.2,0.94401,0.24804,15.692
3064.7,0.94416,0.24799,15.692
3064.7,0.94183,0.24911,NaN
3064.8,0.94268,0.24775,15.692
3065.1,0.94129,0.24724,15.692
3065.2,0.94334,0.2481,15.692
3065.5,0.94309,0.24709,15.692
3065.9,0.94493,0.24908,15.693
3065.9,0.94402,0.2496,NaN
3066,0.94282,0.2487,15.693
3066.3,0.9442,0.24668,15.693
3066.4,0.94506,0.24809,15.693
3067,0.94384,0.24834,15.694
3067.1,0.94196,0.2472,NaN
3067.1,0.94428,0.24815,NaN
3067.2,0.94369,0.24837,15.694
3067.4,0.94307,0.24691,15.694
3067.7,0.94393,0.24688,15.694
3068.2,0.94331,0.24723,15.694
3068.2,0.94378,0.24865,NaN
3068.2,0.94332,0.24765,NaN
3068.5,0.94453,0.24846,15.694
3068.6,0.94604,0.24879,15.694
3068.9,0.94282,0.24858,15.695
3069.5,0.94637,0.24791,15.695
3069.5,0.94365,0.2475,NaN
3069.5,0.94345,0.2486,15.695
3069.6,0.94525,0.24909,15.695
3069.8,0.94133,0.24859,15.695
3070,0.94476,0.24896,15.695
3070.2,0.94494,0.24863,15.695
3070.6,0.94415,0.2477,15.695
3070.7,0.94513,0.24819,NaN
3070.8,0.94476,0.24755,15.695
3071,0.9433,0.24728,15.695
3071.2,0.94417,0.2473,15.696
3071.5,0.94326,0.24816,15.696
3071.6,0.9454,0.24874,15.696
3072.1,0.94255,0.24755,15.696
3072.2,0.94312,0.24809,NaN
3072.3,0.94302,0.24669,15.696
3072.4,0.94379,0.24853,15.697
3072.6,0.94475,0.24949,15.697
3072.9,0.94358,0.24805,15.697
3073.3,0.94387,0.24837,15.697
3073.3,0.94414,0.24761,NaN
3073.4,0.94334,0.24781,15.697
3073.6,0.94357,0.24866,15.697
3073.9,0.94448,0.24877,15.697
3074,0.94462,0.24792,15.697
3074.5,0.9428,0.24846,15.697
3074.6,0.94262,0.24665,NaN
3074.6,0.94194,0.24832,NaN
3074.9,0.94352,0.24843,15.697
3075,0.94065,0.24814,15.697
3075.2,0.94343,0.24688,15.697
3075.7,0.94236,0.24818,15.698
3075.7,0.94464,0.24847,NaN
3075.8,0.94096,0.2475,15.698
3076,0.94174,0.24865,15.698
3076.3,0.94335,0.24798,15.698
3076.5,0.9423,0.24752,15.698
3077,0.94176,0.24853,15.699
3077,0.94257,0.24778,NaN
3077.1,0.94068,0.24709,NaN
3077.2,0.94279,0.24875,15.699
3077.4,0.94302,0.24805,15.699
3077.6,0.94265,0.24834,15.699
3078.1,0.94318,0.24749,15.699
3078.2,0.94354,0.24895,NaN
3078.2,0.94376,0.24753,15.699
3078.5,0.94307,0.24864,15.699
3078.7,0.94274,0.24811,15.699
3078.8,0.94219,0.24678,15.7
3079.4,0.94252,0.2484,15.7
3079.4,0.94048,0.24692,NaN
3079.5,0.94524,0.24904,NaN
3079.7,0.94195,0.24808,15.7
3079.9,0.94246,0.24691,15.7
3080,0.94195,0.24806,15.7
3080.2,0.94303,0.24887,15.7
3080.6,0.94293,0.24786,15.7
3080.7,0.9428,0.24768,NaN
3080.8,0.94295,0.24819,15.7
3081,0.94179,0.24847,15.7
3081.3,0.94161,0.24583,15.7
3081.4,0.94358,0.24789,15.7
3081.8,0.9431,0.24779,15.7
3081.9,0.94276,0.24814,NaN
3082.1,0.94221,0.24799,15.7
3082.2,0.94227,0.24834,15.7
3082.4,0.94164,0.24788,15.7
3082.7,0.94358,0.24809,15.7
3082.8,0.9426,0.24868,15.7
3083.3,0.94173,0.24785,15.7
3083.3,0.94178,0.24639,15.7
3083.4,0.94268,0.25001,15.7
3083.7,0.94157,0.24765,15.7
3083.8,0.943,0.2464,15.7
3084,0.94323,0.24801,15.7
3084.5,0.94462,0.24741,15.7
3084.6,0.94444,0.24752,NaN
3084.7,0.94215,0.24613,15.7
3084.8,0.94323,0.24929,15.7
3085,0.94206,0.24816,15.7
3085.2,0.94241,0.24872,15.7
3085.7,0.94194,0.24705,15.7
3085.7,0.94146,0.24836,NaN
3085.9,0.94341,0.24762,15.7
3086,0.94177,0.24814,15.7
3086.3,0.94413,0.24835,15.7
3086.4,0.94207,0.24693,15.7
3086.9,0.94353,0.24818,15.7
3086.9,0.94279,0.24687,NaN
3087,0.94222,0.24798,15.7
3087.2,0.94311,0.24735,15.7
3087.5,0.94167,0.24855,15.7
3087.7,0.94325,0.24785,15.7
3088.2,0.94357,0.24713,15.7
3088.2,0.94293,0.24785,NaN
3088.2,0.94372,0.24822,NaN
3088.5,0.94215,0.24787,15.7
3088.6,0.94338,0.24749,15.7
3088.9,0.94354,0.24766,15.7
3089,0.94434,0.24682,15.7
3089.5,0.94275,0.24717,15.7
3089.5,0.94417,0.24849,NaN
3089.6,0.94425,0.24716,15.7
3089.8,0.94095,0.24729,15.7
3090,0.94325,0.24761,15.7
3090.2,0.94218,0.24842,15.699
3090.7,0.94528,0.24789,15.699
3090.8,0.94314,0.2475,NaN
3090.8,0.94144,0.24687,NaN
3091,0.9435,0.24681,15.699
3091.2,0.94242,0.24605,15.699
3091.4,0.94362,0.24703,15.699
3091.6,0.94394,0.2478,15.699
3092,0.94321,0.24692,15.699
3092.1,0.94379,0.24741,NaN
3092.2,0.94319,0.2472,15.699
3092.5,0.94369,0.24743,15.699
3092.6,0.94181,0.24714,15.699
3092.8,0.94381,0.24779,15.699
3093.3,0.94504,0.24815,15.699
3093.4,0.94379,0.24705,15.699
3093.4,0.9415,0.24734,NaN
3093.6,0.94309,0.24733,15.699
3093.9,0.94179,0.24666,15.699
3094,0.94275,0.24695,15.699
3094.2,0.94381,0.24812,15.7
3094.8,0.94216,0.24779,15.7
3094.8,0.94238,0.24664,NaN
3094.8,0.94227,0.24723,NaN
3095,0.94158,0.24704,15.7
3095.3,0.9416,0.24667,15.7
3095.5,0.94255,0.24691,15.7
3096.1,0.94215,0.24839,15.701
3096.1,0.94196,0.24661,NaN
3096.1,0.94358,0.24722,NaN
3096.2,0.94163,0.24689,15.701
3096.4,0.94381,0.24757,15.701
3096.6,0.94378,0.24798,15.701
3096.8,0.93989,0.24788,15.702
3097.3,0.93976,0.24751,15.703
3097.3,0.94237,0.24761,NaN
3097.4,0.94127,0.24773,NaN
3097.7,0.94215,0.24681,15.703
3097.9,0.94046,0.24714,15.704
3098,0.94338,0.24652,15.704
3098.6,0.94204,0.24896,15.704
3098.7,0.94164,0.24636,NaN
3098.7,0.94341,0.24911,NaN
3098.9,0.94343,0.24781,15.704
3099,0.94215,0.2481,15.704
3099.2,0.94313,0.24844,15.704
3099.4,0.94426,0.24866,15.704
3099.9,0.9426,0.24789,15.704
3099.9,0.94267,0.24766,NaN
3100.1,0.94444,0.2496,15.704
3100.2,0.94139,0.24805,15.704
3100.5,0.94263,0.24735,15.704
3100.7,0.94164,0.24768,15.704
3100.8,0.94315,0.24636,15.704
3101.3,0.94164,0.24763,15.705
3101.3,0.94309,0.24835,NaN
3101.5,0.94354,0.24744,15.705
3101.6,0.94325,0.24807,15.705
3101.8,0.9427,0.24771,15.705
3102.1,0.94386,0.24856,15.705
3102.5,0.94351,0.24769,15.706
3102.6,0.94306,0.24612,15.706
3102.6,0.94197,0.24776,NaN
3102.8,0.94197,0.24855,15.706
3103,0.94214,0.24757,15.706
3103.3,0.9412,0.24909,15.706
3103.7,0.94158,0.24718,15.707
3103.8,0.94468,0.24792,NaN
3103.8,0.94249,0.24732,15.707
3104,0.94407,0.24819,15.707
3104.3,0.94226,0.24761,15.707
3104.4,0.9442,0.24792,15.707
3105,0.94229,0.24812,15.707
3105,0.94154,0.24729,NaN
3105,0.94203,0.24786,NaN
3105.3,0.94083,0.24814,15.708
3105.4,0.94271,0.24821,15.708
3105.6,0.94122,0.24826,15.708
3106.3,0.94197,0.24706,15.709
3106.3,0.94296,0.24911,NaN
3106.3,0.94413,0.24783,NaN
3106.4,0.94158,0.24763,15.709
3106.6,0.94344,0.24759,15.709
3106.8,0.94215,0.24915,15.709
3107.4,0.9421,0.24773,15.709
3107.4,0.94302,0.24722,NaN
3107.4,0.94237,0.24816,NaN
3107.7,0.94283,0.24672,15.71
3107.8,0.94253,0.24685,15.71
3108.1,0.94504,0.24851,15.71
3108.6,0.94287,0.2477,15.71
3108.6,0.94096,0.24708,NaN
3108.6,0.94174,0.24812,NaN
3108.9,0.9425,0.24784,15.71
3109,0.94246,0.24686,15.71
3109.2,0.94241,0.24809,15.71
3109.8,0.94227,0.24777,15.71
3109.9,0.94132,0.24789,NaN
3109.9,0.94124,0.24728,NaN
3110.1,0.94291,0.24774,15.711
3110.2,0.94243,0.24827,15.711
3110.4,0.94134,0.24719,15.711
3110.6,0.94297,0.2478,15.711
3111.2,0.94092,0.24927,15.712
3111.2,0.94415,0.24896,NaN
3111.3,0.9428,0.24652,NaN
3111.4,0.94258,0.24871,15.712
3111.6,0.94231,0.24838,15.712
3111.8,0.94433,0.24843,15.712
3112,0.94128,0.24791,15.713
3112.6,0.94292,0.24776,15.713
3112.6,0.94266,0.24932,NaN
3112.7,0.94293,0.2481,NaN
3112.8,0.94401,0.24872,15.713
3113,0.94318,0.24912,15.713
3113.2,0.94386,0.24686,15.713
3113.4,0.94314,0.24817,15.713
3113.9,0.94261,0.24818,15.714
3113.9,0.94273,0.24883,NaN
3114.1,0.94129,0.24919,15.714
3114.2,0.94177,0.24793,15.714
3114.4,0.94195,0.24822,15.714
3114.6,0.94413,0.24743,15.714
3115.1,0.94049,0.24791,15.715
3115.1,0.94098,0.24914,NaN
3115.2,0.94255,0.24773,15.716
3115.4,0.94113,0.24895,15.716
3115.6,0.94326,0.24763,15.716
3115.8,0.94376,0.24936,15.717
3116.3,0.94324,0.24866,15.717
3116.3,0.94171,0.24883,NaN
3116.4,0.94301,0.24876,15.717
3116.7,0.94088,0.24849,15.717
3116.8,0.9426,0.24796,15.717
3117,0.94123,0.24869,15.717
3117.5,0.94255,0.24788,15.717
3117.6,0.94183,0.2486,NaN
3117.6,0.94234,0.24884,NaN
3117.9,0.94296,0.24699,15.718
3118.1,0.94328,0.24839,15.718
3118.2,0.94336,0.24802,15.718
3118.9,0.9421,0.24771,15.718
3118.9,0.94081,0.24869,NaN
3118.9,0.94296,0.24834,NaN
3119,0.94197,0.24788,15.718
3119.3,0.94296,0.24792,15.718
3119.4,0.94324,0.24851,15.718
3119.6,0.94164,0.24729,15.718
3120.1,0.94513,0.24809,15.718
3120.1,0.94289,0.24871,NaN
3120.2,0.94296,0.2475,15.719
3120.4,0.94235,0.24797,15.719
3120.6,0.94198,0.24757,15.719
3120.8,0.94269,0.24905,15.719
3121.4,0.94118,0.24773,15.72
3121.4,0.9411,0.24823,NaN
3121.4,0.94112,0.24863,NaN
3121.6,0.93897,0.24857,15.72
3121.8,0.94282,0.2478,15.72
3122,0.943,0.24833,15.72
3122.6,0.94264,0.24672,15.72
3122.7,0.94038,0.2477,NaN
3122.7,0.94214,0.24803,NaN
3122.9,0.94491,0.24823,15.72
3123,0.94347,0.24811,15.721
3123.3,0.94259,0.24845,15.721
3123.4,0.94209,0.24717,15.721
3123.7,0.94339,0.24727,15.721
3124.1,0.94331,0.24823,15.721
3124.1,0.94286,0.24894,NaN
3124.2,0.94002,0.24774,15.721
3124.4,0.94371,0.24786,15.721
3124.7,0.94121,0.24871,15.721
3124.8,0.94235,0.24763,15.722
3125.3,0.94307,0.24812,15.722
3125.4,0.94372,0.24811,NaN
3125.4,0.94234,0.24832,NaN
3125.6,0.94446,0.24865,15.722
3125.8,0.9404,0.2487,15.723
3126.1,0.94295,0.24872,15.723
3126.6,0.94359,0.24778,15.723
3126.6,0.94183,0.24973,NaN
3126.6,0.94237,0.24865,NaN
3126.8,0.9417,0.24977,15.723
3127.1,0.94308,0.24812,15.723
3127.2,0.94204,0.24815,15.723
3127.8,0.94056,0.24745,15.724
3127.9,0.94112,0.24869,NaN
3127.9,0.94326,0.24788,NaN
3128.1,0.94396,0.2487,15.724
3128.2,0.94109,0.24905,15.724
3128.5,0.94277,0.24878,15.724
3129,0.9409,0.24756,15.724
3129.1,0.94312,0.24802,15.724
3129.1,0.94201,0.24774,NaN
3129.2,0.94232,0.24812,15.724
3129.5,0.94126,0.24759,15.724
3129.6,0.9435,0.24721,15.724
3130.2,0.94313,0.24815,15.724
3130.3,0.94294,0.24848,NaN
3130.3,0.94226,0.24775,15.724
3130.4,0.94392,0.24839,15.724
3130.6,0.94249,0.2478,15.724
3130.8,0.94451,0.24982,15.724
3131,0.94099,0.24819,15.724
3131.2,0.94209,0.2483,15.725
3131.8,0.9408,0.24922,15.725
3131.9,0.94139,0.24792,15.725
3131.9,0.94409,0.24785,NaN
3132.1,0.94085,0.24768,15.725
3132.2,0.94186,0.24805,15.725
3132.5,0.9413,0.24863,15.725
3133,0.94277,0.24813,15.725
3133,0.94114,0.2482,NaN
3133,0.93981,0.2487,NaN
3133.2,0.94194,0.24885,15.725
3133.5,0.94227,0.24777,15.725
3133.6,0.9442,0.24894,15.725
3134.2,0.94313,0.24762,15.725
3134.2,0.94174,0.24754,NaN
3134.3,0.94258,0.24745,NaN
3134.4,0.94087,0.25042,15.725
3134.7,0.94305,0.24757,15.725
3134.8,0.94457,0.24883,15.725
3135,0.94334,0.24757,15.725
3135.5,0.94336,0.24881,15.725
3135.5,0.94535,0.24885,NaN
3135.6,0.94229,0.24892,15.725
3135.8,0.94225,0.24799,15.726
3136,0.94228,0.24877,15.726
3136.3,0.94126,0.24811,15.726
3136.7,0.94314,0.2491,15.726
3136.7,0.9432,0.24883,NaN
3136.8,0.944,0.24914,15.726
3137,0.94136,0.24868,15.726
3137.3,0.94246,0.24814,15.726
3137.4,0.94166,0.24876,15.726
3137.6,0.94391,0.24807,15.726
3138.2,0.94317,0.24845,15.726
3138.3,0.94348,0.24751,NaN
3138.3,0.94339,0.2485,NaN
3138.5,0.94197,0.24807,15.726
3138.6,0.94357,0.24922,15.726
3138.8,0.94171,0.24913,15.726
3139.4,0.94315,0.24802,15.726
3139.4,0.93982,0.24769,NaN
3139.4,0.94169,0.24726,NaN
3139.7,0.94389,0.24824,15.726
3139.8,0.94328,0.24822,15.726
3140,0.94248,0.24805,15.726
3140.3,0.94197,0.24762,15.726
3140.7,0.94112,0.24732,15.726
3140.8,0.94457,0.24725,NaN
3140.8,0.94292,0.24822,15.726
3141.1,0.94196,0.24828,15.726
3141.2,0.94246,0.24853,15.726
3141.4,0.94239,0.24702,15.726
3142,0.94238,0.24897,15.726
3142,0.94157,0.24855,NaN
3142.1,0.94441,0.24768,NaN
3142.2,0.94263,0.24759,15.726
3142.5,0.94214,0.24829,15.726
3142.6,0.94335,0.24914,15.726
3142.8,0.9424,0.24776,15.726
3143.3,0.94374,0.24787,15.727
3143.3,0.94343,0.24884,NaN
3143.5,0.94351,0.24744,15.727
3143.6,0.94252,0.24708,15.728
3143.9,0.94365,0.24902,15.728
3144.1,0.94236,0.24845,15.728
3144.5,0.94387,0.24794,15.729
3144.5,0.94323,0.24829,NaN
3144.6,0.94127,0.24912,15.729
3144.8,0.94293,0.24817,15.729
3145,0.94056,0.24787,15.729
3145.2,0.94449,0.24786,15.729
3145.8,0.94278,0.24839,15.729
3145.8,0.94185,0.24775,15.729
3145.8,0.9423,0.24849,NaN
3146,0.94266,0.2478,15.729
3146.2,0.94494,0.2479,15.729
3146.4,0.94112,0.24765,15.729
3146.6,0.94159,0.24859,15.73
3147.1,0.94122,0.24677,15.73
3147.2,0.94296,0.24821,NaN
3147.2,0.94193,0.2475,15.73
3147.4,0.94334,0.24798,15.73
3147.6,0.94281,0.24673,15.73
3147.8,0.94292,0.24762,15.73
3148.4,0.94211,0.2479,15.731
3148.4,0.94386,0.24773,15.731
3148.4,0.94434,0.24871,NaN
3148.6,0.94201,0.24825,15.731
3148.9,0.94192,0.24787,15.731
3149.1,0.94117,0.24782,15.732
3149.6,0.94236,0.24722,15.732
3149.6,0.94341,0.24882,NaN
3149.6,0.94185,0.24784,NaN
3149.8,0.94198,0.24742,15.732
3150.1,0.94236,0.24835,15.732
3150.3,0.9424,0.24789,15.733
3150.4,0.94385,0.24805,15.733
3150.9,0.94291,0.24759,15.733
3150.9,0.94068,0.24705,NaN
3151,0.94334,0.24577,15.733
3151.2,0.94146,0.24707,15.733
3151.5,0.94122,0.2478,15.733
3151.6,0.94147,0.24734,15.733
3152.2,0.94332,0.24759,15.733
3152.3,0.94266,0.24718,NaN
3152.3,0.94247,0.24868,NaN
3152.4,0.9437,0.24791,15.734
3152.7,0.94208,0.24726,15.734
3152.9,0.94251,0.24709,15.734
3153,0.94211,0.24917,15.734
3153.5,0.9398,0.24632,15.735
3153.5,0.94098,0.24656,NaN
3153.7,0.94198,0.24745,15.735
3153.8,0.94195,0.24804,15.735
3154,0.94196,0.2476,15.735
3154.2,0.94358,0.24769,15.735
3154.7,0.94313,0.248,15.736
3154.8,0.9416,0.24784,15.736
3154.8,0.94375,0.24686,NaN
3155.1,0.94297,0.24721,15.736
3155.3,0.94108,0.24785,15.736
3155.4,0.94395,0.24692,15.736
3156,0.94158,0.24896,15.736
3156.1,0.94103,0.24709,NaN
3156.1,0.94327,0.24753,NaN
3156.3,0.94228,0.24877,15.736
3156.4,0.9431,0.24883,15.736
3156.7,0.94343,0.24836,15.737
3157.3,0.94267,0.24804,15.737
3157.3,0.94228,0.24729,NaN
3157.3,0.94146,0.24732,NaN
3157.5,0.94312,0.24691,15.737
3157.6,0.94307,0.24711,15.738
3157.9,0.94322,0.24946,15.738
3158.1,0.94431,0.24738,15.738
3158.5,0.94328,0.2496,15.738
3158.6,0.94189,0.24752,NaN
3158.7,0.94331,0.24703,15.739
3158.8,0.94314,0.24772,15.739
3159,0.94389,0.24768,15.739
3159.3,0.94209,0.24752,15.739
3159.8,0.94145,0.24855,15.739
3159.9,0.94057,0.24851,NaN
3159.9,0.9407,0.24763,NaN
3160,0.94196,0.24793,15.739
3160.2,0.94294,0.24729,15.739
3160.4,0.94109,0.24797,15.739
3160.6,0.94078,0.24645,15.739
3161.1,0.94306,0.24816,15.739
3161.1,0.94302,0.24767,NaN
3161.3,0.94334,0.2473,15.74
3161.5,0.94333,0.24754,15.74
3161.6,0.94297,0.24707,15.74
3161.8,0.94289,0.24897,15.74
3162,0.942,0.24746,15.74
3162.4,0.94281,0.24824,15.741
3162.5,0.93936,0.24696,NaN
3162.7,0.94291,0.2477,15.742
3162.8,0.94372,0.24835,15.742
3163.1,0.94297,0.248,15.742
3163.3,0.94072,0.24848,15.742
3163.8,0.94187,0.24884,15.743
3163.8,0.94435,0.24925,NaN
3163.8,0.94039,0.24774,NaN
3164,0.94192,0.24767,15.743
3164.3,0.94372,0.24773,15.743
3164.4,0.94243,0.24767,15.743
3164.6,0.94123,0.24842,15.743
3165.1,0.94171,0.24735,15.743
3165.2,0.94304,0.24898,NaN
3165.2,0.94045,0.24631,15.743
3165.5,0.94177,0.24912,15.743
3165.6,0.94352,0.24933,15.743
3165.8,0.94406,0.24803,15.743
3166.4,0.94262,0.24824,15.743
3166.4,0.94369,0.24831,NaN
3166.4,0.94153,0.24863,NaN
3166.6,0.94463,0.24888,15.744
3166.8,0.94166,0.24812,15.744
3167,0.94441,0.24868,15.744
3167.7,0.94504,0.24819,15.745
3167.7,0.94409,0.24812,NaN
3167.8,0.94423,0.249,NaN
3167.9,0.94303,0.24797,15.745
3168.1,0.94389,0.24862,15.745
3168.2,0.94342,0.2473,15.745
3168.4,0.9414,0.24878,15.745
3168.6,0.94313,0.24877,15.746
3169.1,0.94241,0.2486,15.746
3169.1,0.9438,0.2484,NaN
3169.2,0.94306,0.24808,15.746
3169.4,0.94211,0.24833,15.746
3169.6,0.94274,0.24837,15.746
3169.8,0.94235,0.24836,15.746
3170.4,0.9425,0.24801,15.746
3170.4,0.94313,0.24813,NaN
3170.4,0.94353,0.24774,NaN
3170.7,0.94303,0.24795,15.747
3170.8,0.94453,0.2487,15.747
3171.1,0.943,0.24894,15.747
3171.6,0.94214,0.24762,15.747
3171.6,0.94212,0.24837,NaN
3171.6,0.94289,0.24871,NaN
3171.8,0.94237,0.24794,15.748
3172.1,0.94277,0.24799,15.748
3172.2,0.943,0.24766,15.748
3172.4,0.94283,0.24778,15.748
3172.9,0.94333,0.24789,15.748
3172.9,0.94312,0.24867,NaN
3173,0.94154,0.24751,NaN
3173.3,0.94295,0.24862,15.749
3173.5,0.9437,0.24867,15.749
3173.6,0.9414,0.24685,15.749
3174.2,0.94135,0.24796,15.749
3174.2,0.94285,0.24834,NaN
3174.3,0.94378,0.24797,NaN
3174.5,0.94381,0.24767,15.75
3174.6,0.94316,0.24862,15.75
3174.9,0.94285,0.2471,15.75
3175.1,0.94325,0.24734,15.75
3175.6,0.94494,0.24829,15.75
3175.6,0.94478,0.24818,15.75
3175.7,0.94256,0.24714,NaN
3175.8,0.94367,0.24805,15.75
3176,0.94284,0.24805,15.75
3176.3,0.94337,0.24832,15.75
3176.4,0.94262,0.24795,15.75
3176.9,0.94251,0.24832,15.751
3177,0.94384,0.24855,NaN
3177,0.94313,0.24799,15.751
3177.2,0.94347,0.24808,15.751
3177.4,0.94374,0.24778,15.751
3177.6,0.94393,0.24909,15.752
3178.2,0.94381,0.24767,15.752
3178.2,0.94418,0.24919,NaN
3178.2,0.94356,0.2479,NaN
3178.5,0.94268,0.24799,15.753
3178.7,0.94556,0.24883,15.753
3178.9,0.94354,0.24905,15.753
3179.4,0.94314,0.24881,15.754
3179.4,0.94388,0.2482,NaN
3179.5,0.94292,0.24824,NaN
3179.6,0.94259,0.2479,15.754
3179.8,0.94276,0.24824,15.754
3180.1,0.94561,0.24852,15.754
3180.2,0.94251,0.24874,15.754
3180.7,0.94294,0.24827,15.754
3180.7,0.94345,0.25004,NaN
3180.8,0.94239,0.24725,15.754
3181.1,0.94258,0.24946,15.754
3181.2,0.94273,0.24961,15.754
3181.4,0.94476,0.24846,15.755
3182,0.94476,0.24835,15.755
3182,0.94322,0.24871,NaN
3182,0.94342,0.24821,NaN
3182.3,0.94462,0.24837,15.755
3182.5,0.94243,0.24691,15.755
3182.6,0.94392,0.24847,15.755
3183.2,0.94266,0.24886,15.755
3183.2,0.94035,0.24909,NaN
3183.3,0.94259,0.24918,NaN
3183.4,0.94315,0.24833,15.755
3183.6,0.94318,0.24731,15.755
3183.8,0.94189,0.24932,15.755
3184,0.94356,0.24901,15.755
3184.5,0.9438,0.24877,15.755
3184.5,0.94302,0.24841,NaN
3184.7,0.94354,0.2479,15.755
3184.8,0.94161,0.24876,15.755
3185.1,0.94437,0.24881,15.755
3185.3,0.9432,0.24676,15.755
3185.8,0.94199,0.24842,15.755
3185.8,0.9434,0.24691,15.755
3185.8,0.94376,0.24765,NaN
3186.1,0.94355,0.24762,15.755
3186.3,0.94429,0.24879,15.755
3186.5,0.94308,0.24873,15.755
3187,0.94427,0.24798,15.755
3187,0.94329,0.24812,15.755
3187.1,0.94309,0.24742,NaN
3187.2,0.94392,0.24872,15.755
3187.4,0.94279,0.24917,15.755
3187.7,0.94215,0.24772,15.755
3187.8,0.94214,0.24912,15.755
3188.4,0.94117,0.24752,15.755
3188.4,0.94199,0.24836,NaN
3188.5,0.94395,0.2474,NaN
3188.6,0.94272,0.2479,15.755
3188.9,0.94272,0.24732,15.755
3189,0.94226,0.2491,15.755
3189.6,0.94508,0.24852,15.755
3189.6,0.94396,0.24803,NaN
3189.7,0.94316,0.24911,15.755
3189.9,0.94208,0.24859,15.755
3190.1,0.94267,0.24775,15.755
3190.3,0.9424,0.24853,15.755
3190.4,0.94294,0.24819,15.755
3190.9,0.94349,0.24764,15.755
3191,0.94248,0.24822,NaN
3191,0.9439,0.24912,15.755
3191.2,0.94245,0.24928,15.755
3191.4,0.94191,0.24908,15.755
3191.6,0.94239,0.24787,15.755
3192.2,0.94072,0.24698,15.755
3192.2,0.94277,0.24765,NaN
3192.2,0.94243,0.24748,NaN
3192.4,0.94262,0.24719,15.755
3192.7,0.94277,0.24808,15.755
3192.9,0.94194,0.24775,15.755
3193,0.94142,0.24737,15.755
3193.2,0.94382,0.24699,15.755
3193.7,0.94359,0.24831,15.755
3193.7,0.9426,0.24792,15.755
3193.8,0.94276,0.24775,15.755
3194,0.94254,0.24607,15.755
3194.2,0.94271,0.2462,15.755
3194.4,0.94351,0.24807,15.755
3194.9,0.94214,0.24763,15.756
3195,0.94297,0.2474,15.756
3195,0.94245,0.24769,NaN
3195.2,0.94157,0.24755,15.756
3195.5,0.943,0.24637,15.756
3195.6,0.94451,0.24792,15.756
3196.2,0.94391,0.24855,15.757
3196.3,0.94287,0.24849,NaN
3196.3,0.94302,0.24702,NaN
3196.4,0.94305,0.24788,15.757
3196.6,0.94204,0.2476,15.757
3196.9,0.94095,0.2476,15.757
3197,0.94153,0.24634,15.758
3197.5,0.94114,0.24857,15.758
3197.5,0.94255,0.24782,NaN
3197.6,0.94385,0.24845,15.758
3197.8,0.94242,0.2494,15.758
3198.1,0.94333,0.2476,15.758
3198.3,0.94284,0.2469,15.758
3198.8,0.94092,0.24633,15.758
3198.8,0.9429,0.24776,NaN
3198.8,0.94227,0.24646,NaN
3199,0.94468,0.2486,15.759
3199.2,0.94309,0.2492,15.759
3199.5,0.94183,0.24734,15.759
3200,0.94362,0.24787,15.759
3200.1,0.9428,0.24778,NaN
3200.1,0.94267,0.2493,15.76
3200.3,0.94326,0.2479,15.76
3200.4,0.94227,0.24748,15.76
3200.6,0.94269,0.24646,15.76
3200.9,0.94271,0.24824,15.76
3201.4,0.94326,0.24756,15.761
3201.4,0.94196,0.24723,NaN
3201.4,0.94164,0.2481,NaN
3201.6,0.94203,0.24731,15.761
3201.8,0.94308,0.2476,15.761
3202,0.94196,0.24802,15.761
3202.2,0.9423,0.2468,15.761
3202.8,0.94236,0.24791,15.762
3202.8,0.94247,0.24738,NaN
3202.8,0.94309,0.24772,NaN
3203,0.94388,0.24815,15.762
3203.3,0.94374,0.24808,15.762
3203.4,0.9455,0.24876,15.762
3204,0.9434,0.24706,15.762
3204,0.94189,0.24661,NaN
3204.1,0.94436,0.24906,NaN
3204.2,0.94278,0.24734,15.763
3204.4,0.94251,0.24848,15.763
3204.7,0.94154,0.24847,15.763
3204.9,0.94269,0.24781,15.763
3205.3,0.9411,0.24836,15.764
3205.4,0.94253,0.24748,NaN
3205.4,0.9428,0.24843,15.764
3205.6,0.94328,0.24766,15.764
3205.8,0.94402,0.24829,15.764
3206,0.94347,0.24846,15.764
3206.5,0.94314,0.24751,15.765
3206.6,0.94121,0.24737,NaN
3206.7,0.94276,0.2467,NaN
3206.8,0.94218,0.24597,15.765
3207.1,0.94181,0.24769,15.765
3207.3,0.94291,0.24669,15.765
3207.8,0.94438,0.24741,15.765
3207.8,0.9428,0.24738,NaN
3207.9,0.94285,0.24827,15.765
3208,0.94259,0.24696,15.765
3208.2,0.94217,0.24732,15.765
3208.5,0.94183,0.24721,15.766
3209,0.9432,0.24759,15.767
3209.1,0.94353,0.24749,NaN
3209.1,0.94272,0.24753,NaN
3209.2,0.94393,0.24691,15.768
3209.4,0.94219,0.24644,15.768
3209.6,0.94397,0.24882,15.768
3209.9,0.94398,0.24791,15.768
3210.3,0.94371,0.24621,15.768
3210.4,0.94319,0.24907,NaN
3210.4,0.94194,0.24817,NaN
3210.6,0.94225,0.248,15.768
3210.9,0.94324,0.24804,15.768
3211,0.94552,0.24844,15.768
3211.6,0.94041,0.24773,15.768
3211.6,0.94296,0.24885,NaN
3211.7,0.94313,0.24803,NaN
3211.8,0.94127,0.2477,15.768
3212,0.94311,0.24792,15.768
3212.2,0.94405,0.24975,15.768
3212.9,0.94562,0.24805,15.768
3212.9,0.94544,0.24762,NaN
3212.9,0.94289,0.24861,NaN
3213.1,0.94393,0.24781,15.768
3213.2,0.94337,0.24799,15.768
3213.4,0.9424,0.24769,15.768
3214,0.94358,0.2477,15.769
3214.1,0.94318,0.24895,NaN
3214.1,0.94431,0.24798,NaN
3214.2,0.94195,0.24712,15.769
3214.4,0.94239,0.24814,15.769
3214.6,0.943,0.24774,15.77
3214.8,0.94333,0.24828,15.77
3215.3,0.94189,0.24715,15.77
3215.4,0.94197,0.24844,NaN
3215.5,0.94465,0.24745,NaN
3215.6,0.94193,0.24826,15.771
3215.9,0.94368,0.24748,15.771
3216.1,0.94306,0.24832,15.771
3216.6,0.94455,0.24887,15.771
3216.6,0.94212,0.2472,NaN
3216.7,0.94235,0.24822,NaN
3216.9,0.94402,0.24855,15.771
3217.1,0.94383,0.24721,15.772
3217.2,0.94257,0.24713,15.772
3217.9,0.94378,0.24887,15.772
3217.9,0.94271,0.24894,15.772
3218,0.94165,0.24822,NaN
3218,0.94259,0.24864,15.772
3218.2,0.94218,0.24874,15.772
3218.4,0.94395,0.24783,15.772
3218.7,0.94365,0.24889,15.772
3219.1,0.94421,0.24861,15.773
3219.2,0.94328,0.24795,NaN
3219.2,0.94204,0.24789,NaN
3219.4,0.94479,0.24763,15.773
3219.6,0.94407,0.24757,15.773
3219.9,0.94354,0.24809,15.774
3220.4,0.94219,0.24781,15.774
3220.4,0.94054,0.24728,15.774
3220.4,0.94291,0.249,NaN
3220.6,0.94274,0.24786,15.774
3220.9,0.94306,0.24743,15.774
3221.1,0.94311,0.24747,15.774
3221.6,0.94302,0.24923,15.775
3221.7,0.94296,0.24802,NaN
3221.7,0.94214,0.24868,NaN
3221.9,0.94289,0.24763,15.775
3222,0.94159,0.24818,15.775
3222.2,0.94269,0.2477,15.775
3222.5,0.94282,0.24659,15.775
3222.9,0.94305,0.24773,15.775
3222.9,0.94262,0.2479,NaN
3223,0.94413,0.2466,15.775
3223.2,0.94287,0.2477,15.775
3223.4,0.94114,0.24907,15.775
3223.7,0.94234,0.24773,15.776
3224.1,0.94342,0.24827,15.776
3224.1,0.94246,0.24809,NaN
3224.3,0.94223,0.24745,NaN
3224.4,0.9428,0.24778,15.777
3224.6,0.94204,0.24706,15.777
3224.9,0.94204,0.24767,15.777
3225.4,0.94349,0.24825,15.777
3225.4,0.94355,0.24711,NaN
3225.5,0.94256,0.24715,NaN
3225.6,0.94355,0.25014,15.777
3225.9,0.94158,0.24812,15.777
3226,0.9449,0.24827,15.778
3226.2,0.94262,0.24884,15.778
3226.7,0.94205,0.24713,15.778
3226.8,0.94282,0.24879,NaN
3226.8,0.9442,0.24751,NaN
3227,0.944,0.24738,15.778
3227.2,0.94426,0.24816,15.779
3227.5,0.94364,0.24815,15.779
3228,0.94135,0.24754,15.779
3228,0.94285,0.24827,15.779
3228.1,0.94291,0.24767,NaN
3228.2,0.94257,0.24849,15.779
3228.5,0.94385,0.24661,15.779
3228.7,0.94394,0.24801,15.779
3228.8,0.94282,0.24823,15.779
3229.3,0.94295,0.24858,15.779
3229.3,0.94309,0.24802,NaN
3229.4,0.94266,0.24866,15.779
3229.6,0.94456,0.24891,15.779
3229.9,0.94386,0.24857,15.779
3230,0.94496,0.2474,15.779
3230.2,0.94191,0.24686,15.779
3230.7,0.94392,0.24754,15.779
3230.8,0.94215,0.24834,NaN
3230.9,0.94213,0.24718,15.779
3231.1,0.94342,0.24831,15.779
3231.2,0.94404,0.24766,15.779
3231.4,0.94384,0.24862,15.779
3232,0.94245,0.24857,15.78
3232,0.94186,0.24782,15.78
3232.1,0.94356,0.24886,NaN
3232.2,0.94375,0.24825,15.78
3232.4,0.94339,0.24871,15.78
3232.6,0.94252,0.24759,15.78
3232.9,0.9423,0.24794,15.78
3233.3,0.94145,0.2475,15.78
3233.3,0.94303,0.24657,NaN
3233.5,0.94299,0.2473,15.78
3233.6,0.94356,0.24818,15.78
3233.8,0.94206,0.2467,15.78
3234,0.94134,0.24889,15.78
3234.6,0.94295,0.24751,15.78
3234.7,0.94221,0.24701,NaN
3234.7,0.94359,0.24771,NaN
3234.9,0.9393,0.24625,15.78
3235.1,0.94337,0.24819,15.78
3235.2,0.9415,0.24771,15.78
3235.8,0.94042,0.24832,15.78
3235.9,0.94407,0.24789,15.78
3235.9,0.94205,0.2486,NaN
3236,0.94016,0.24866,15.78
3236.2,0.94347,0.24797,15.78
3236.4,0.94308,0.24657,15.78
3236.6,0.94387,0.24787,15.78
3237.2,0.94301,0.24704,15.78
3237.2,0.94075,0.24802,NaN
3237.3,0.94366,0.24834,NaN
3237.4,0.94421,0.24765,15.78
3237.6,0.94506,0.24859,15.78
3237.8,0.94308,0.24821,15.78
3238.5,0.94272,0.24794,15.78
3238.5,0.94138,0.24667,NaN
3238.5,0.9425,0.24776,NaN
3238.7,0.94285,0.24712,15.78
3238.8,0.94293,0.24745,15.78
3239,0.94299,0.24742,15.78
3239.2,0.94095,0.24649,15.78
3239.7,0.94343,0.24789,15.78
3239.8,0.94301,0.24696,NaN
3239.8,0.94287,0.24773,15.78
3240,0.94107,0.2471,15.78
3240.2,0.94153,0.24783,15.78
3240.4,0.94268,0.24792,15.78
3240.6,0.94426,0.24706,15.78
3241.1,0.94133,0.24834,15.78
3241.1,0.94304,0.24795,NaN
3241.2,0.94202,0.24739,15.78
3241.4,0.94327,0.24802,15.78
3241.7,0.94332,0.24746,15.78
3241.8,0.94097,0.24693,15.78
3242,0.94074,0.2482,15.78
3242.2,0.94157,0.24722,15.78
3242.7,0.9424,0.2478,15.78
3242.7,0.94224,0.24717,NaN
3242.8,0.94355,0.24866,15.78
3243,0.94439,0.24773,15.78
3243.3,0.94281,0.24576,15.78
3243.5,0.94199,0.24784,15.78
3243.9,0.94312,0.24747,15.78
3244,0.94091,0.24668,NaN
3244.1,0.94148,0.24766,NaN
3244.2,0.94415,0.24689,15.78
3244.5,0.94151,0.24764,15.78
3244.6,0.94274,0.2481,15.78
3245.3,0.9417,0.24866,15.78
3245.3,0.94157,0.2488,NaN
3245.4,0.94315,0.24773,NaN
3245.4,0.9439,0.24806,15.78
3245.6,0.94079,0.24786,15.78
3245.9,0.94233,0.24725,15.78
3246.1,0.94409,0.24688,15.78
3246.6,0.94399,0.24764,15.78
3246.6,0.94343,0.24799,15.78
3246.6,0.94081,0.24711,NaN
3246.8,0.94294,0.24816,15.78
3247.1,0.94403,0.24695,15.78
3247.3,0.94175,0.24637,15.78
3247.4,0.94188,0.24699,15.78
3247.6,0.94198,0.24839,15.78
3248.2,0.94265,0.24659,15.78
3248.2,0.94286,0.24694,NaN
3248.2,0.94208,0.24732,NaN
3248.4,0.94183,0.24606,15.781
3248.7,0.94216,0.24607,15.781
3248.8,0.94232,0.24676,15.781
3249.4,0.94475,0.24703,15.782
3249.5,0.9431,0.24783,NaN
3249.5,0.9446,0.24686,NaN
3249.6,0.94287,0.24711,15.782
3249.8,0.94342,0.24669,15.782
3250,0.94336,0.2475,15.782
3250.3,0.94227,0.24757,15.782
3250.7,0.94217,0.24757,15.783
3250.8,0.94218,0.24692,NaN
3250.8,0.94292,0.24703,NaN
3251,0.94394,0.24621,15.783
3251.2,0.94425,0.24636,15.783
3251.4,0.94476,0.24791,15.783
3252,0.94375,0.24794,15.784
3252.1,0.94253,0.24847,NaN
3252.1,0.94271,0.24741,15.784
3252.2,0.94298,0.24656,15.784
3252.4,0.94209,0.24794,15.784
3252.7,0.94458,0.24723,15.784
3252.8,0.94291,0.24774,15.784
3253,0.94453,0.24776,15.784
3253.5,0.94238,0.24757,15.784
3253.5,0.94262,0.2473,NaN
3253.7,0.94345,0.24797,15.784
3253.8,0.9446,0.24682,15.784
3254,0.945,0.24843,15.784
3254.3,0.94298,0.24802,15.784
3254.9,0.94466,0.24747,15.784
3254.9,0.94358,0.24746,NaN
3255,0.94322,0.24795,NaN
3255,0.94129,0.24758,NaN
3255.2,0.94396,0.2475,15.784
3255.5,0.94294,0.24747,15.785
3255.6,0.94365,0.24812,15.785
3256.2,0.94416,0.24663,15.785
3256.2,0.94186,0.24787,NaN
3256.2,0.9441,0.24826,NaN
3256.5,0.94494,0.24757,15.786
3256.6,0.94326,0.24672,15.786
3256.8,0.94216,0.24831,15.786
3257.4,0.94413,0.24814,15.786
3257.5,0.94245,0.24849,NaN
3257.5,0.94462,0.24757,NaN
3257.7,0.94287,0.24778,15.787
3257.8,0.94287,0.24637,15.787
3258.1,0.94196,0.24795,15.787
3258.2,0.9436,0.24774,15.787
3258.7,0.94143,0.24855,15.787
3258.8,0.94448,0.24832,NaN
3258.8,0.9437,0.24699,NaN
3259.1,0.94286,0.24779,15.787
3259.2,0.94289,0.24843,15.787
3259.4,0.9439,0.24811,15.787
3259.7,0.94246,0.24809,15.787
3260.3,0.94424,0.24647,15.787
3260.3,0.94146,0.24767,NaN
3260.3,0.9436,0.24764,15.787
3260.5,0.94309,0.24616,15.787
3260.6,0.94192,0.24818,15.788
3260.8,0.94225,0.24672,15.788
3261.1,0.94355,0.24897,15.788
3261.5,0.94238,0.24822,15.788
3261.5,0.94388,0.24793,NaN
3261.6,0.94309,0.24674,15.789
3261.9,0.94516,0.24706,15.789
3262.1,0.94079,0.24654,15.789
3262.2,0.94266,0.2475,15.789
3262.9,0.94283,0.24764,15.789
3262.9,0.94333,0.24677,NaN
3262.9,0.93969,0.24786,15.79
3263.1,0.94303,0.24675,15.79
3263.2,0.94122,0.24712,15.79
3263.4,0.94217,0.24702,15.79
3263.7,0.94432,0.24638,15.79
3264.2,0.94466,0.24705,15.79
3264.2,0.94401,0.24828,NaN
3264.2,0.94376,0.24844,NaN
3264.4,0.94383,0.24759,15.79
3264.7,0.94315,0.24598,15.79
3264.8,0.94346,0.24732,15.791
3265.4,0.9422,0.24757,15.792
3265.4,0.94233,0.24942,NaN
3265.4,0.94353,0.24676,15.792
3265.6,0.93971,0.24646,15.792
3265.9,0.94,0.2465,15.793
3266,0.94358,0.24994,15.793
3266.3,0.94412,0.24826,15.793
3266.7,0.94224,0.24923,15.793
3266.8,0.94184,0.24775,NaN
3266.9,0.94304,0.24856,15.793
3267,0.944,0.24761,15.793
3267.3,0.94328,0.24867,15.793
3267.4,0.94389,0.24749,15.793
3268,0.94263,0.24748,15.793
3268,0.94237,0.24765,NaN
3268,0.94312,0.24732,NaN
3268.2,0.94403,0.24702,15.793
3268.4,0.94297,0.24757,15.793
3268.7,0.94372,0.24788,15.793
3268.9,0.94171,0.24758,15.793
3269.3,0.94105,0.24815,15.794
3269.4,0.94208,0.24726,NaN
3269.4,0.94258,0.24879,15.794
3269.7,0.94191,0.24782,15.794
3269.9,0.94153,0.24787,15.794
3270,0.94242,0.24692,15.794
3270.6,0.94188,0.24805,15.795
3270.7,0.94313,0.24791,NaN
3270.7,0.94428,0.24731,NaN
3270.8,0.94219,0.247,15.795
3271,0.94536,0.24787,15.795
3271.3,0.94166,0.24782,15.795
3271.4,0.94349,0.24684,15.796
3271.6,0.94336,0.24764,15.796
3272.1,0.9434,0.24864,15.796
3272.2,0.94237,0.24594,NaN
3272.2,0.94416,0.24831,15.796
3272.4,0.94302,0.24798,15.796
3272.7,0.94309,0.24707,15.796
3272.8,0.94331,0.24707,15.797
3273,0.94325,0.2471,15.797
3273.5,0.94416,0.24715,15.797
3273.5,0.94304,0.24772,NaN
3273.6,0.94476,0.24928,15.797
3273.9,0.94271,0.24835,15.797
3274,0.94261,0.24693,15.797
3274.2,0.94227,0.24739,15.797
3274.9,0.94053,0.24708,15.797
3274.9,0.94205,0.24743,NaN
3274.9,0.94234,0.24825,NaN
3275,0.94334,0.24868,15.797
3275.3,0.94337,0.24664,15.797
3275.4,0.94212,0.24789,15.798
3275.6,0.94313,0.24712,15.798
3276.1,0.94312,0.24759,15.798
3276.2,0.94407,0.24869,NaN
3276.2,0.94235,0.24832,NaN
3276.5,0.94526,0.247,15.799
3276.6,0.94283,0.24744,15.799
3276.8,0.94307,0.24881,15.799
3277.1,0.94264,0.24792,15.799
3277.7,0.942,0.24735,15.8
3277.7,0.94347,0.24714,NaN
3277.7,0.94213,0.24731,NaN
3277.8,0.94275,0.24931,15.8
3278.1,0.94419,0.24681,15.8
3278.3,0.94203,0.24792,15.8
3278.4,0.94213,0.2485,15.8
3278.9,0.9445,0.248,15.8
3279,0.94377,0.24781,15.801
3279,0.94184,0.2482,NaN
3279.3,0.94225,0.24712,15.801
3279.4,0.94346,0.24738,15.801
3279.6,0.9438,0.24784,15.801
3280.2,0.94327,0.24704,15.801
3280.2,0.94326,0.24735,NaN
3280.2,0.94252,0.24773,NaN
3280.4,0.94266,0.24776,15.801
3280.6,0.94223,0.24923,15.801
3280.8,0.9424,0.24939,15.802
3281,0.9407,0.24912,15.802
3281.5,0.94217,0.24866,15.802
3281.5,0.94465,0.24759,NaN
3281.7,0.94223,0.24769,15.802
3281.8,0.94285,0.24786,15.802
3282.1,0.94261,0.24772,15.803
3282.2,0.94039,0.24765,15.803
3282.5,0.94525,0.2486,15.803
3283,0.94402,0.24738,15.804
3283,0.94364,0.24735,NaN
3283.1,0.94462,0.2486,NaN
3283.2,0.94426,0.24724,15.804
3283.4,0.94186,0.24891,15.804
3283.7,0.94212,0.24795,15.804
3283.9,0.94468,0.2495,15.804
3284,0.94407,0.24742,15.804
3284.5,0.94369,0.24891,15.804
3284.5,0.94147,0.24827,NaN
3284.6,0.94373,0.24822,15.804
3284.8,0.94207,0.24843,15.804
3285,0.9435,0.24718,15.804
3285.2,0.94304,0.24779,15.804
3285.8,0.94313,0.2491,15.804
3285.8,0.94305,0.24927,15.805
3285.9,0.94194,0.249,NaN
3286.1,0.94179,0.24891,15.805
3286.3,0.94336,0.24752,15.805
3286.4,0.94408,0.24774,15.805
3287.1,0.94433,0.24787,15.805
3287.1,0.94276,0.24816,NaN
3287.1,0.94348,0.24851,NaN
3287.2,0.94247,0.24837,15.805
3287.4,0.94268,0.24826,15.805
3287.6,0.94325,0.24841,15.805
3287.8,0.94155,0.2483,15.805
3288.3,0.94168,0.2479,15.805
3288.3,0.94449,0.24773,NaN
3288.4,0.94287,0.24947,NaN
3288.7,0.94136,0.2474,15.805
3288.8,0.94296,0.24754,15.805
3289,0.9438,0.24814,15.805
3289.2,0.94413,0.24914,15.805
3289.4,0.9425,0.24875,15.805
3289.9,0.94488,0.24943,15.805
3289.9,0.94097,0.24829,NaN
3290,0.94499,0.24764,15.805
3290.3,0.94234,0.24917,15.805
3290.5,0.94227,0.24842,15.805
3290.6,0.94298,0.24865,15.805
3291.2,0.94346,0.24816,15.805
3291.3,0.94513,0.2495,15.805
3291.3,0.94162,0.2474,NaN
3291.4,0.94364,0.24934,15.805
3291.6,0.9439,0.24792,15.805
3291.9,0.94239,0.24757,15.805
3292,0.94217,0.24762,15.805
3292.6,0.94283,0.2475,15.805
3292.6,0.94232,0.24815,NaN
3292.6,0.94417,0.24862,NaN
3292.8,0.94126,0.24863,15.805
3293,0.94077,0.2481,15.805
3293.2,0.94411,0.24743,15.805
3293.9,0.94178,0.24851,15.805
3293.9,0.94255,0.24697,NaN
3293.9,0.94329,0.24892,NaN
3294,0.94242,0.24784,15.805
3294.2,0.94218,0.24815,15.805
3294.5,0.94372,0.24751,15.805
3294.7,0.94184,0.24757,15.805
3295.1,0.94348,0.24778,15.805
3295.1,0.94265,0.24858,NaN
3295.2,0.94277,0.24725,15.805
3295.5,0.94344,0.24797,15.805
3295.6,0.94404,0.24841,15.805
3295.8,0.94258,0.24788,15.805
3296,0.94235,0.24963,15.805
3296.7,0.94303,0.2471,15.805
3296.7,0.94429,0.24835,NaN
3296.7,0.94406,0.2491,NaN
3296.8,0.94156,0.2474,15.805
3297.1,0.94225,0.24702,15.805
3297.2,0.94245,0.24827,15.806
3297.4,0.9432,0.24628,15.806
3298,0.94635,0.2475,15.806
3298,0.94322,0.24788,15.806
3298,0.94199,0.24715,NaN
3298.3,0.94357,0.24835,15.806
3298.5,0.94608,0.24731,15.807
3298.6,0.94346,0.2479,15.807
3299.2,0.94305,0.24842,15.807
3299.2,0.94184,0.24829,NaN
3299.3,0.943,0.249,NaN
3299.4,0.94384,0.24735,15.808
3299.7,0.94312,0.24744,15.808
3299.9,0.94321,0.24709,15.808
3300,0.94213,0.24902,15.808
3300.6,0.94371,0.24716,15.808
3300.6,0.94316,0.24915,NaN
3300.6,0.94339,0.24915,15.808
3300.8,0.94408,0.24761,15.808
3301.1,0.94339,0.24826,15.808
3301.2,0.94282,0.24796,15.809
3301.8,0.94365,0.24842,15.809
3301.9,0.94199,0.24779,NaN
3301.9,0.94295,0.24667,15.809
3302.1,0.94152,0.24849,15.809
3302.2,0.94363,0.24655,15.809
3302.4,0.9427,0.24834,15.809
3303.1,0.94305,0.24659,15.81
3303.1,0.94287,0.24677,NaN
3303.1,0.94131,0.24798,NaN
3303.3,0.94372,0.24883,15.81
3303.5,0.94318,0.24939,15.81
3303.7,0.9429,0.24834,15.81
3303.8,0.94161,0.24821,15.811
3304.4,0.94228,0.24704,15.811
3304.4,0.94209,0.24799,NaN
3304.4,0.94061,0.24766,NaN
3304.7,0.94188,0.2487,15.811
3304.8,0.94291,0.24802,15.811
3305,0.94414,0.24749,15.811
3305.6,0.94198,0.24637,15.812
3305.7,0.94445,0.24791,NaN
3305.7,0.94363,0.24689,NaN
3305.8,0.94428,0.24807,15.812
3306,0.94321,0.24809,15.812
3306.2,0.94413,0.24884,15.812
3306.4,0.94232,0.24745,15.812
3306.9,0.94254,0.24719,15.813
3307,0.94201,0.24835,NaN
3307,0.94276,0.24795,15.813
3307.2,0.94327,0.24776,15.813
3307.5,0.94275,0.24867,15.813
3307.6,0.94125,0.24833,15.813
3307.8,0.94331,0.24651,15.813
3308,0.94226,0.24761,15.813
3308.5,0.94366,0.24794,15.814
3308.5,0.94279,0.24722,NaN
3308.6,0.94342,0.24653,15.814
3308.9,0.94314,0.24743,15.814
3309,0.94369,0.24562,15.814
3309.2,0.94232,0.24827,15.814
3309.7,0.94411,0.24841,15.815
3309.8,0.94244,0.24795,NaN
3309.8,0.9424,0.24658,15.815
3310,0.94353,0.24647,15.815
3310.2,0.94139,0.24766,15.815
3310.4,0.9434,0.24732,15.815
3310.6,0.94095,0.24793,15.815
3311.2,0.94126,0.24715,15.815
3311.2,0.94112,0.24839,NaN
3311.3,0.94282,0.24811,NaN
3311.4,0.94368,0.24904,15.815
3311.6,0.9426,0.24853,15.816
3311.8,0.94257,0.24728,15.816
3312.4,0.94481,0.24794,15.817
3312.4,0.94417,0.24716,NaN
3312.5,0.94251,0.24984,15.817
3312.6,0.94297,0.24805,15.818
3312.8,0.94351,0.24688,15.818
3313,0.94114,0.24792,15.818
3313.3,0.9426,0.24793,15.818
3313.9,0.94504,0.24822,15.818
3313.9,0.9426,0.24837,NaN
3313.9,0.94249,0.24919,NaN
3314,0.94335,0.24773,15.819
3314.2,0.94398,0.24842,15.819
3314.5,0.94167,0.24803,15.819
3314.7,0.94301,0.24797,15.819
3315.1,0.94219,0.24762,15.819
3315.2,0.94243,0.2484,NaN
3315.2,0.9414,0.24697,15.819
3315.5,0.94519,0.24812,15.819
3315.6,0.94226,0.24941,15.819
3315.8,0.94354,0.24762,15.819
3316.4,0.9422,0.24783,15.819
3316.4,0.94326,0.24906,NaN
3316.5,0.94157,0.24721,15.819
3316.6,0.94337,0.24843,15.819
3316.8,0.94438,0.24854,15.819
3317,0.94198,0.24777,15.82
3317.2,0.94361,0.24964,15.82
3317.8,0.9421,0.2483,15.821
3317.8,0.94406,0.24773,NaN
3317.9,0.94112,0.2472,NaN
3318.1,0.94286,0.24761,15.821
3318.2,0.94065,0.24869,15.821
3318.4,0.94289,0.24785,15.821
3318.7,0.9423,0.2497,15.821
3319.2,0.94336,0.24754,15.822
3319.2,0.94369,0.24691,NaN
3319.2,0.94467,0.24762,NaN
3319.4,0.94549,0.24797,15.822
3319.7,0.94276,0.2485,15.822
3319.8,0.94376,0.24698,15.822
3320.1,0.94346,0.24793,15.822
3320.2,0.94495,0.24834,15.823
3320.7,0.94346,0.24821,15.823
3320.7,0.94238,0.24747,15.823
3320.9,0.94166,0.24896,15.823
3321,0.94391,0.24796,15.823
3321.3,0.94245,0.24896,15.823
3321.4,0.94328,0.24805,15.823
3322,0.94238,0.2489,15.824
3322,0.94205,0.24808,NaN
3322.1,0.94159,0.24877,NaN
3322.2,0.94352,0.24876,15.824
3322.5,0.94313,0.24839,15.824
3322.7,0.94335,0.24796,15.824
3323.2,0.94405,0.24889,15.825
3323.3,0.94383,0.24817,NaN
3323.3,0.94353,0.2485,NaN
3323.4,0.9432,0.2485,15.825
3323.6,0.94335,0.24966,15.825
3323.8,0.94231,0.24937,15.825
3324,0.94288,0.24768,15.825
3324.6,0.94257,0.24741,15.825
3324.6,0.94175,0.24834,NaN
3324.6,0.94183,0.2486,NaN
3324.8,0.94161,0.24785,15.825
3325,0.94369,0.24863,15.825
3325.3,0.94233,0.24897,15.826
3325.4,0.94132,0.24744,15.826
3325.9,0.9434,0.24877,15.826
3326,0.94423,0.24972,NaN
3326.1,0.94201,0.24822,15.826
3326.2,0.94296,0.24902,15.827
3326.5,0.94483,0.24761,15.827
3326.6,0.94584,0.24804,15.827
3327.1,0.94333,0.24858,15.827
3327.2,0.94224,0.2487,NaN
3327.2,0.94163,0.24875,15.828
3327.4,0.94438,0.24954,15.828
3327.7,0.94223,0.24848,15.828
3327.8,0.94305,0.24878,15.828
3328,0.94075,0.24821,15.828
3328.5,0.94276,0.24836,15.828
3328.5,0.94207,0.24859,NaN
3328.6,0.94321,0.2488,15.828
3328.8,0.94365,0.24867,15.828
3329.1,0.94485,0.24839,15.828
3329.2,0.94344,0.24898,15.828
3329.8,0.94272,0.24856,15.829
3329.8,0.93982,0.24867,NaN
3329.8,0.94238,0.2491,15.829
3330,0.9414,0.24831,15.829
3330.3,0.9413,0.2483,15.829
3330.5,0.94257,0.24827,15.83
3330.6,0.94485,0.24881,15.83
3331.1,0.94397,0.24869,15.831
3331.2,0.94163,0.2485,NaN
3331.2,0.94395,0.24914,NaN
3331.4,0.94098,0.24843,15.831
3331.7,0.94348,0.24795,15.831
3331.9,0.94261,0.24831,15.831
3332,0.94227,0.24812,15.831
3332.7,0.94258,0.24831,15.831
3332.7,0.9421,0.24846,NaN
3332.7,0.94302,0.24813,NaN
3332.8,0.94312,0.24898,15.831
3333,0.94471,0.24892,15.831
3333.3,0.94312,0.2487,15.831
3333.4,0.94438,0.24866,15.831
3334.1,0.94183,0.24865,15.832
3334.1,0.94204,0.24824,NaN
3334.1,0.94226,0.24766,NaN
3334.3,0.94359,0.24943,15.832
3334.4,0.94129,0.24781,15.832
3334.6,0.94349,0.24834,15.832
3334.8,0.94225,0.24886,15.832
3335.4,0.94361,0.2487,15.833
3335.4,0.94086,0.249,15.833
3335.5,0.94419,0.24842,NaN
3335.6,0.94201,0.24824,15.833
3335.8,0.94223,0.24976,15.833
3336,0.94389,0.24835,15.833
3336.2,0.94281,0.24791,15.833
3336.7,0.94503,0.25019,15.833
3336.7,0.9413,0.24883,NaN
3336.9,0.94149,0.24945,15.833
3337,0.94203,0.2487,15.834
3337.2,0.94262,0.24826,15.834
3337.5,0.94153,0.24732,15.834
3337.6,0.94353,0.2491,15.834
3338.1,0.94144,0.24937,15.834
3338.2,0.94197,0.24903,NaN
3338.3,0.94282,0.24803,15.834
3338.4,0.94398,0.24909,15.834
3338.6,0.94297,0.24885,15.834
3338.8,0.94316,0.24823,15.834
3339.4,0.94243,0.24762,15.834
3339.4,0.9457,0.24847,NaN
3339.4,0.94192,0.24787,NaN
3339.6,0.94152,0.24796,15.834
3339.8,0.94227,0.24935,15.834
3340.1,0.94265,0.24713,15.834
3340.2,0.94216,0.24804,15.834
3340.7,0.94469,0.24883,15.834
3340.7,0.94199,0.24806,NaN
3340.9,0.94126,0.24839,15.834
3341.1,0.94254,0.24841,15.834
3341.2,0.9412,0.24977,15.834
3341.4,0.94184,0.24877,15.834
3342,0.94084,0.24768,15.834
3342,0.94274,0.24866,NaN
3342.1,0.94265,0.24794,NaN
3342.2,0.94402,0.24808,15.834
3342.5,0.94146,0.24872,15.834
3342.6,0.94305,0.24813,15.834
3342.8,0.94268,0.24821,15.834
3343.3,0.94362,0.24842,15.834
3343.3,0.94182,0.24747,NaN
3343.5,0.9415,0.24781,15.834
3343.6,0.94302,0.24927,15.834
3343.8,0.94422,0.24784,15.834
3344,0.94241,0.24884,15.834
3344.6,0.94259,0.24822,15.834
3344.7,0.93928,0.24737,NaN
3344.7,0.94402,0.24753,NaN
3344.8,0.93892,0.24841,15.834
3345.1,0.94223,0.24864,15.834
3345.2,0.94098,0.24775,15.834
3345.4,0.94168,0.2486,15.834
3346,0.94317,0.24849,15.834
3346,0.94313,0.24858,NaN
3346.1,0.94346,0.24782,NaN
3346.3,0.94358,0.2476,15.834
3346.4,0.94311,0.24688,15.834
3346.7,0.94185,0.24763,15.834
3346.9,0.94361,0.24734,15.834
3347.3,0.94151,0.2475,15.834
3347.4,0.94329,0.24836,NaN
3347.5,0.94308,0.24856,15.834
3347.6,0.94215,0.2487,15.834
3347.8,0.94451,0.24922,15.834
3348.1,0.94438,0.24783,15.834
3348.6,0.9438,0.24814,15.834
3348.7,0.94353,0.2481,NaN
3348.7,0.94449,0.2484,NaN
3348.8,0.94481,0.24803,15.834
3349,0.94399,0.24802,15.834
3349.3,0.94414,0.24703,15.835
3349.4,0.94294,0.24714,15.835
3350,0.94176,0.2479,15.835
3350,0.94411,0.24883,NaN
3350,0.94214,0.24757,15.835
3350.2,0.9418,0.24767,15.835
3350.5,0.94154,0.24693,15.836
3350.6,0.9428,0.24759,15.836
3350.9,0.9433,0.24722,15.836
3351.4,0.94178,0.24848,15.836
3351.5,0.9417,0.24663,NaN
3351.5,0.94299,0.24793,NaN
3351.6,0.9422,0.24768,15.837
3351.9,0.94365,0.24801,15.837
3352,0.94153,0.24791,15.837
3352.3,0.94376,0.24735,15.837
3352.7,0.943,0.24733,15.837
3352.8,0.94371,0.24821,NaN
3352.8,0.94191,0.2479,15.838
3353,0.9412,0.24775,15.838
3353.3,0.94387,0.24729,15.838
3353.4,0.94568,0.24708,15.838
3354.1,0.94345,0.24925,15.838
3354.2,0.94433,0.24791,15.838
3354.2,0.94162,0.24795,NaN
3354.2,0.94309,0.24865,NaN
3354.4,0.94196,0.24741,15.838
3354.6,0.94181,0.24901,15.839
3354.8,0.94347,0.24771,15.839
3355.4,0.94374,0.24742,15.839
3355.4,0.94329,0.24739,NaN
3355.5,0.943,0.24885,NaN
3355.6,0.94313,0.24799,15.839
3355.8,0.94349,0.24791,15.84
3356,0.94328,0.2476,15.84
3356.2,0.94336,0.24861,15.84
3356.8,0.94138,0.24841,15.84
3356.8,0.94111,0.24807,NaN
3356.9,0.94173,0.24697,NaN
3357,0.94271,0.24701,15.84
3357.3,0.94204,0.24838,15.84
3357.4,0.94117,0.24734,15.84
3357.6,0.9418,0.24828,15.841
3357.8,0.94388,0.24945,15.841
3358.4,0.94261,0.2465,15.842
3358.4,0.94145,0.24842,NaN
3358.4,0.94315,0.24865,15.842
3358.6,0.94241,0.24743,15.842
3358.8,0.9428,0.24863,15.842
3359,0.94326,0.24817,15.843
3359.6,0.9395,0.24846,15.843
3359.6,0.94065,0.2478,NaN
3359.7,0.94096,0.24774,NaN
3359.9,0.94184,0.24745,15.844
3360,0.94051,0.24802,15.844
3360.3,0.94071,0.24753,15.844
3360.4,0.94096,0.24814,15.844
3360.9,0.94278,0.2469,15.844
3360.9,0.94242,0.24801,NaN
3361,0.94215,0.24774,15.844
3361.2,0.94206,0.247,15.844
3361.5,0.93906,0.2475,15.844
3361.6,0.94315,0.24712,15.844
3362.2,0.94288,0.24713,15.844
3362.3,0.94217,0.24791,NaN
3362.3,0.94366,0.2468,NaN
3362.4,0.9417,0.24711,15.844
3362.6,0.94185,0.24741,15.844
3362.9,0.94298,0.24904,15.844
3363,0.94206,0.24731,15.844
3363.6,0.94347,0.24737,15.845
3363.6,0.94296,0.24814,NaN
3363.6,0.94173,0.24675,NaN
3363.9,0.94319,0.24841,15.845
3364,0.94183,0.24858,15.845
3364.3,0.94156,0.24737,15.845
3364.5,0.94441,0.24842,15.845
3364.6,0.93985,0.24754,15.846
3365.1,0.94216,0.24847,15.846
3365.2,0.94117,0.2483,NaN
3365.3,0.9424,0.2473,15.846
3365.4,0.94308,0.2488,15.846
3365.7,0.94245,0.24841,15.847
3365.8,0.94259,0.24755,15.847
3366.4,0.94215,0.24901,15.847
3366.4,0.9415,0.24934,NaN
3366.5,0.94311,0.24784,NaN
3366.6,0.94189,0.24949,15.847
3366.9,0.94199,0.24808,15.847
3367,0.94269,0.24757,15.847
3367.3,0.94219,0.24739,15.847
3367.7,0.94296,0.24865,15.848
3367.8,0.94364,0.24741,NaN
3367.8,0.94235,0.249,15.848
3368,0.94289,0.24882,15.848
3368.3,0.94171,0.24835,15.848
3368.4,0.94243,0.24969,15.848
3369,0.943,0.24804,15.849
3369.1,0.94249,0.24814,NaN
3369.1,0.94406,0.24757,NaN
3369.2,0.94251,0.24882,15.849
3369.5,0.94455,0.2475,15.849
3369.6,0.9413,0.24779,15.85
3370.3,0.94303,0.24695,15.85
3370.3,0.94232,0.24822,NaN
3370.3,0.94265,0.24771,NaN
3370.5,0.94269,0.24748,15.85
3370.6,0.94211,0.24736,15.85
3370.8,0.94215,0.24852,15.85
3371,0.94068,0.24748,15.85
3371.6,0.94217,0.24787,15.851
3371.6,0.9433,0.24864,NaN
3371.6,0.94122,0.24773,NaN
3371.9,0.94345,0.24851,15.851
3372,0.94203,0.2487,15.851
3372.3,0.94201,0.24669,15.851
3372.4,0.94321,0.24932,15.851
3372.9,0.9431,0.24826,15.852
3373,0.94194,0.24804,NaN
3373,0.94216,0.24822,15.852
3373.3,0.9402,0.24861,15.852
3373.4,0.94333,0.24789,15.852
3373.6,0.94281,0.24894,15.853
3374.2,0.94264,0.24974,15.853
3374.2,0.94469,0.24828,NaN
3374.2,0.94296,0.24872,NaN
3374.5,0.9435,0.24856,15.853
3374.6,0.94121,0.248,15.853
3374.8,0.94536,0.24883,15.854
3375.1,0.94342,0.24832,15.854
3375.6,0.9425,0.24733,15.854
3375.6,0.94423,0.24765,NaN
3375.7,0.94306,0.24837,NaN
3375.8,0.94383,0.24777,15.854
3376.1,0.9436,0.24791,15.855
3376.3,0.94397,0.2484,15.855
3376.4,0.94311,0.24836,15.855
3377,0.94263,0.24861,15.855
3377,0.94139,0.24832,NaN
3377,0.94292,0.24887,NaN
3377.2,0.9423,0.24761,15.855
3377.4,0.9417,0.24988,15.855
3377.6,0.94371,0.24843,15.856
3378.2,0.94361,0.24954,15.856
3378.3,0.94294,0.249,NaN
3378.3,0.94127,0.24828,NaN
3378.4,0.94288,0.24779,15.856
3378.6,0.94386,0.24774,15.856
3378.8,0.94208,0.24741,15.856
3379,0.94202,0.24834,15.856
3379.6,0.94116,0.24815,15.857
3379.6,0.94286,0.24849,NaN
3379.7,0.94188,0.24864,NaN
3379.8,0.94218,0.24924,15.857
3380,0.94224,0.24939,15.857
3380.3,0.94187,0.24839,15.857
3380.4,0.94287,0.24826,15.857
3381.1,0.94356,0.24906,15.857
3381.2,0.94334,0.24922,NaN
3381.2,0.9426,0.24895,NaN
3381.2,0.94129,0.24999,15.857
3381.5,0.93998,0.24837,15.857
3381.6,0.94087,0.24828,15.857
3381.8,0.94416,0.24835,15.857
3382.5,0.94277,0.24757,15.858
3382.5,0.94116,0.24894,NaN
3382.5,0.94321,0.24968,NaN
3382.7,0.94136,0.24866,15.858
3382.8,0.9395,0.24917,15.858
3383,0.94219,0.24883,15.858
3383.2,0.94293,0.24683,15.858
3383.7,0.94045,0.25004,15.859
3383.8,0.94417,0.24845,NaN
3383.8,0.94084,0.24804,NaN
3384.1,0.94193,0.24927,15.859
3384.2,0.94241,0.24815,15.859
3384.4,0.94333,0.24856,15.859
3385,0.94266,0.24879,15.86
3385.1,0.94299,0.24831,NaN
3385.1,0.94382,0.24954,NaN
3385.3,0.94264,0.24898,15.86
3385.4,0.94306,0.24856,15.86
3385.7,0.94348,0.2496,15.86
3385.9,0.94371,0.24991,15.86
3386.3,0.94369,0.24823,15.86
3386.4,0.94164,0.24795,15.86
3386.5,0.94157,0.24895,15.86
3386.6,0.94424,0.24948,15.86
3386.8,0.94251,0.24943,15.86
3387.1,0.94138,0.247,15.86
3387.3,0.94374,0.24729,15.86
3387.9,0.94301,0.24839,15.86
3387.9,0.94123,0.24813,NaN
3387.9,0.94254,0.24795,NaN
3388,0.94193,0.24763,15.86
3388.3,0.94193,0.2488,15.861
3388.4,0.94121,0.24916,15.861
3388.6,0.94208,0.24779,15.861
3389.2,0.94098,0.24967,15.861
3389.3,0.94307,0.24713,NaN
3389.3,0.94147,0.25013,NaN
3389.5,0.94295,0.24798,15.861
3389.6,0.94188,0.24892,15.861
3389.8,0.94087,0.24817,15.861
3390,0.94049,0.24854,15.861
3390.5,0.94112,0.24845,15.861
3390.6,0.94081,0.2481,NaN
3390.7,0.94226,0.24819,15.861
3390.9,0.94301,0.24721,15.861
3391,0.94145,0.24903,15.861
3391.2,0.94272,0.24796,15.861
3391.9,0.94201,0.2481,15.861
3391.9,0.94293,0.2477,NaN
3391.9,0.94083,0.24772,NaN
3392.1,0.94117,0.24752,15.861
3392.2,0.94127,0.24804,15.861
3392.4,0.94431,0.24803,15.861
3392.6,0.94193,0.24779,15.861
3393.2,0.94246,0.24899,15.861
3393.2,0.94061,0.24879,NaN
3393.3,0.94138,0.24804,NaN
3393.4,0.94301,0.24923,15.861
3393.6,0.94028,0.24807,15.861
3393.8,0.94418,0.24829,15.861
3394,0.94195,0.24836,15.861
3394.3,0.94256,0.2486,15.861
3394.9,0.94094,0.2492,15.861
3394.9,0.94233,0.24879,NaN
3394.9,0.94244,0.24851,NaN
3395,0.94303,0.24969,15.861
3395.2,0.94206,0.24751,15.861
3395.4,0.9435,0.24934,15.861
3395.6,0.94378,0.24824,15.861
3396.2,0.94245,0.24913,15.861
3396.2,0.94189,0.24913,NaN
3396.2,0.94327,0.24806,15.861
3396.4,0.94318,0.24907,15.861
3396.6,0.94112,0.24892,15.861
3396.8,0.94491,0.24915,15.861
3397,0.9429,0.24831,15.861
3397.5,0.94246,0.24979,15.861
3397.5,0.94255,0.24834,NaN
3397.6,0.94124,0.24865,15.861
3397.9,0.94265,0.24863,15.861
3398,0.94098,0.24854,15.861
3398.2,0.94229,0.24884,15.861
3398.8,0.94172,0.24683,15.861
3398.9,0.94113,0.24701,NaN
3398.9,0.94513,0.24969,NaN
3399,0.94129,0.24799,15.861
3399.2,0.94125,0.24748,15.861
3399.4,0.94257,0.2497,15.861
3399.6,0.94293,0.24792,15.861
3400.1,0.94397,0.24827,15.861
3400.1,0.94294,0.24775,NaN
3400.3,0.94398,0.24829,NaN
3400.5,0.94415,0.24875,15.861
3400.6,0.94304,0.24712,15.861
3400.8,0.94273,0.2473,15.861
3401.4,0.94254,0.24834,15.861
3401.4,0.94188,0.24762,15.862
3401.5,0.94248,0.24956,NaN
3401.6,0.94238,0.24821,15.862
3401.8,0.9432,0.24869,15.862
3402.1,0.94248,0.24782,15.862
3402.3,0.94569,0.24781,15.862
3402.7,0.94028,0.24888,15.862
3402.7,0.94217,0.24749,NaN
3402.8,0.94165,0.24738,15.862
3403,0.94219,0.24816,15.862
3403.2,0.94145,0.24721,15.862
3403.4,0.94249,0.2478,15.862
3404,0.94174,0.24782,15.862
3404.1,0.94155,0.24736,NaN
3404.1,0.94303,0.2483,NaN
3404.2,0.9425,0.2477,15.863
3404.5,0.94195,0.24769,15.863
3404.6,0.94371,0.24828,15.863
3404.9,0.94341,0.24776,15.863
3405.4,0.94361,0.2476,15.864
3405.5,0.94248,0.24728,NaN
3405.5,0.94223,0.24789,15.864
3405.6,0.94196,0.24807,15.864
3405.9,0.94227,0.24831,15.864
3406.1,0.94191,0.24704,15.864
3406.6,0.94368,0.24904,15.865
3406.7,0.94335,0.24801,NaN
3406.7,0.9432,0.24784,NaN
3406.8,0.94298,0.24742,15.865
3407,0.9406,0.247,15.865
3407.2,0.94241,0.24769,15.865
3407.5,0.94128,0.24692,15.865
3408,0.9433,0.24768,15.865
3408,0.94295,0.24694,NaN
3408,0.94199,0.24814,NaN
3408.2,0.94268,0.24831,15.865
3408.5,0.94399,0.24778,15.865
3408.6,0.94241,0.24827,15.865
3408.8,0.94248,0.24767,15.865
3409.3,0.94274,0.24788,15.866
3409.4,0.94191,0.24739,15.866
3409.4,0.94051,0.24753,NaN
3409.6,0.94292,0.24814,15.866
3409.8,0.94211,0.24765,15.866
3410,0.9424,0.2474,15.866
3410.2,0.94571,0.24851,15.866
3410.8,0.94245,0.24799,15.867
3410.8,0.94174,0.24777,NaN
3410.9,0.94148,0.24677,15.867
3411,0.94292,0.24735,15.867
3411.2,0.94187,0.24876,15.868
3411.4,0.94162,0.24806,15.868
3412,0.94332,0.2487,15.868
3412.1,0.94152,0.24768,NaN
3412.1,0.94328,0.24757,NaN
3412.3,0.94216,0.24824,15.868
3412.5,0.94062,0.24851,15.868
3412.6,0.94318,0.24905,15.868
3412.8,0.9421,0.24809,15.868
3413.3,0.94412,0.24734,15.869
3413.3,0.94321,0.24879,NaN
3413.4,0.94386,0.24704,15.869
3413.6,0.94225,0.24652,15.869
3413.8,0.94161,0.24675,15.869
3414.1,0.94211,0.24786,15.869
3414.3,0.94163,0.24829,15.869
3415,0.94483,0.2485,15.869
3415,0.94279,0.24716,NaN
3415,0.94088,0.24655,NaN
3415.1,0.94292,0.24877,NaN
3415.3,0.94219,0.24848,15.869
3415.4,0.94474,0.24808,15.869
3415.7,0.94307,0.24824,15.869
3416.2,0.94194,0.24787,15.87
3416.3,0.94234,0.24812,NaN
3416.3,0.9439,0.24752,NaN
3416.4,0.9406,0.24739,15.87
3416.6,0.94125,0.24764,15.87
3416.9,0.94437,0.24805,15.87
3417,0.94264,0.24733,15.87
3417.5,0.94204,0.24763,15.871
3417.6,0.94329,0.24758,NaN
3417.7,0.94191,0.24769,NaN
3417.8,0.94107,0.24742,15.871
3418,0.94477,0.24728,15.871
3418.2,0.94165,0.24857,15.871
3418.9,0.94257,0.24786,15.872
3418.9,0.94316,0.24816,NaN
3418.9,0.94201,0.24545,NaN
3419,0.94307,0.24857,15.872
3419.2,0.94103,0.24647,15.872
3419.4,0.94186,0.24702,15.872
3419.7,0.94205,0.24855,15.872
3420.3,0.94302,0.24721,15.872
3420.3,0.94408,0.24793,NaN
3420.4,0.94358,0.24852,NaN
3420.4,0.9439,0.24833,NaN
3420.6,0.94261,0.24799,15.872
3420.8,0.94042,0.24685,15.872
3421,0.94414,0.24884,15.872
3421.3,0.94146,0.24817,15.872
3421.7,0.94271,0.24663,15.873
3421.8,0.9409,0.24803,NaN
3421.8,0.94355,0.24899,15.873
3422,0.94255,0.24813,15.873
3422.2,0.94448,0.24735,15.873
3422.4,0.94335,0.24835,15.873
3422.6,0.94264,0.24817,15.873
3423.1,0.94124,0.24719,15.874
3423.2,0.94371,0.24749,NaN
3423.3,0.94375,0.24868,NaN
3423.4,0.94032,0.24906,15.874
3423.7,0.94282,0.24804,15.874
3423.9,0.94195,0.24825,15.874
3424.5,0.94541,0.24805,15.875
3424.5,0.94385,0.24929,NaN
3424.5,0.94193,0.24786,NaN
3424.7,0.94365,0.24896,15.875
3424.9,0.9431,0.2485,15.875
3425,0.9429,0.24746,15.875
3425.2,0.9421,0.24741,15.875
3425.8,0.94509,0.24878,15.875
3425.8,0.94204,0.24815,15.875
3425.8,0.94323,0.24868,NaN
3426.1,0.94263,0.24916,15.875
3426.2,0.94375,0.24819,15.875
3426.4,0.94459,0.24877,15.875
3426.7,0.94155,0.24883,15.875
3427.1,0.94048,0.24778,15.876
3427.2,0.94313,0.24755,NaN
3427.3,0.94088,0.2482,15.876
3427.4,0.94425,0.2481,15.876
3427.6,0.94285,0.24859,15.876
3427.9,0.94052,0.24665,15.876
3428,0.94241,0.24833,15.876
3428.6,0.94113,0.24833,15.877
3428.6,0.94166,0.24861,15.877
3428.6,0.94151,0.24733,NaN
3428.8,0.94161,0.2481,15.877
3429,0.94231,0.24833,15.877
3429.3,0.94211,0.24797,15.877
3429.4,0.941,0.2474,15.877
3429.9,0.94143,0.24947,15.877
3430,0.94097,0.24907,NaN
3430,0.94385,0.24811,NaN
3430.2,0.94269,0.24823,15.878
3430.4,0.9429,0.24926,15.878
3430.7,0.94112,0.2485,15.878
3431.3,0.94024,0.24919,15.878
3431.3,0.94285,0.24731,NaN
3431.3,0.94312,0.24804,15.878
3431.4,0.94286,0.24813,15.878
3431.6,0.94113,0.24834,15.878
3431.8,0.94229,0.24787,15.879
3432,0.94307,0.24885,15.879
3432.2,0.94218,0.24798,15.879
3432.9,0.9421,0.24987,15.88
3432.9,0.94344,0.24863,NaN
3432.9,0.94227,0.24733,NaN
3433.1,0.94342,0.24791,15.88
3433.2,0.94194,0.24907,15.88
3433.4,0.94242,0.24831,15.88
3433.7,0.94415,0.24806,15.88
3434.2,0.94309,0.24958,15.881
3434.3,0.94361,0.25021,NaN
3434.3,0.94285,0.24789,NaN
3434.4,0.94211,0.24806,15.881
3434.6,0.94396,0.24795,15.881
3434.8,0.94362,0.2477,15.881
3435,0.94245,0.24783,15.881
3435.6,0.94265,0.24789,15.881
3435.6,0.94073,0.24741,NaN
3435.6,0.94334,0.24761,NaN
3435.8,0.94359,0.24763,15.881
3436,0.94159,0.24842,15.881
3436.2,0.94225,0.248,15.881
3436.9,0.94371,0.24754,15.882
3436.9,0.94364,0.24792,NaN
3437,0.94221,0.24857,NaN
3437.1,0.94299,0.24798,15.882
3437.2,0.94371,0.24872,15.882
3437.4,0.94195,0.24794,15.882
3437.6,0.94309,0.24863,15.882
3438.2,0.94128,0.24694,15.882
3438.2,0.94268,0.24819,NaN
3438.3,0.94001,0.24707,NaN
3438.4,0.94297,0.24792,15.882
3438.7,0.94393,0.24949,15.882
3438.9,0.94075,0.24788,15.882
3439,0.94255,0.24781,15.882
3439.3,0.94288,0.2487,15.882
3439.8,0.94262,0.24786,15.882
3439.8,0.94251,0.24825,NaN
3439.9,0.9415,0.24859,NaN
3440,0.94333,0.24802,15.882
3440.3,0.94266,0.2479,15.882
3440.4,0.9428,0.24787,15.882
3440.6,0.94491,0.248,15.882
3441.1,0.94152,0.24725,15.882
3441.2,0.94202,0.24626,NaN
3441.2,0.94407,0.248,NaN
3441.4,0.94311,0.24899,15.883
3441.6,0.94326,0.24913,15.883
3441.8,0.94274,0.24769,15.883
3442,0.94411,0.24813,15.883
3442.5,0.94403,0.2475,15.883
3442.5,0.94009,0.24717,NaN
3442.7,0.94376,0.24863,15.883
3442.8,0.94476,0.24877,15.883
3443,0.94325,0.24753,15.883
3443.2,0.94155,0.24895,15.883
3443.9,0.94383,0.24846,15.883
3443.9,0.94201,0.24737,NaN
3443.9,0.94371,0.2471,NaN
3444.1,0.94381,0.24793,15.883
3444.2,0.94383,0.24898,15.883
3444.4,0.94217,0.24928,15.883
3444.7,0.94246,0.24885,15.883
3445.3,0.94039,0.24845,15.883
3445.3,0.94328,0.24832,NaN
3445.3,0.94426,0.24919,NaN
3445.4,0.943,0.24875,15.883
3445.7,0.94277,0.24797,15.883
3445.8,0.94319,0.2475,15.883
3446,0.9447,0.24841,15.883
3446.6,0.94281,0.24861,15.883
3446.6,0.94244,0.24694,NaN
3446.7,0.94291,0.24834,NaN
3446.8,0.94255,0.24865,15.883
3447.1,0.94253,0.24707,15.883
3447.3,0.94311,0.2485,15.883
3447.4,0.94167,0.24828,15.883
3447.9,0.94113,0.24854,15.883
3447.9,0.94088,0.24783,NaN
3448,0.94158,0.24758,15.883
3448.2,0.94128,0.24817,15.883
3448.4,0.94315,0.24829,15.883
3448.6,0.94267,0.24737,15.883
3449.2,0.94138,0.24893,15.883
3449.2,0.94332,0.24802,15.883
3449.2,0.94358,0.24785,NaN
3449.4,0.94417,0.2479,15.883
3449.6,0.94254,0.24688,15.883
3449.8,0.9426,0.24732,15.883
3450,0.9423,0.24744,15.883
3450.5,0.94238,0.24875,15.883
3450.6,0.94353,0.24725,NaN
3450.7,0.94343,0.24753,15.884
3450.8,0.94439,0.24903,15.884
3451,0.94369,0.24826,15.884
3451.3,0.94235,0.24665,15.884
3451.5,0.94375,0.24856,15.884
3451.6,0.94254,0.24846,15.884
3452.1,0.94381,0.24817,15.884
3452.1,0.94163,0.24836,NaN
3452.3,0.94197,0.24774,15.884
3452.4,0.94091,0.24741,15.884
3452.6,0.94237,0.24801,15.885
3452.8,0.94156,0.24758,15.885
3453.4,0.94264,0.24832,15.885
3453.5,0.94185,0.24811,15.886
3453.5,0.94148,0.24841,NaN
3453.6,0.94067,0.24772,15.886
3453.9,0.94301,0.24829,15.886
3454,0.94343,0.24839,15.886
3454.2,0.94172,0.24749,15.886
3454.8,0.94357,0.24851,15.887
3454.8,0.94286,0.24843,NaN
3454.8,0.94255,0.2483,NaN
3455,0.94104,0.24768,15.887
3455.2,0.94083,0.24663,15.887
3455.4,0.94155,0.24776,15.887
3455.6,0.94315,0.2479,15.887
3456.1,0.94175,0.24765,15.887
3456.1,0.94167,0.24759,NaN
3456.2,0.94331,0.24896,15.887
3456.5,0.942,0.24815,15.887
3456.6,0.94166,0.24798,15.888
3456.9,0.94434,0.24831,15.888
3457.5,0.9417,0.24891,15.889
3457.6,0.94292,0.24762,NaN
3457.6,0.94227,0.24869,NaN
3457.6,0.94344,0.24946,NaN
3457.8,0.94356,0.24777,15.889
3458,0.94165,0.24907,15.889
3458.2,0.9437,0.24865,15.889
3458.4,0.94428,0.24835,15.889
3459.1,0.94414,0.24738,15.89
3459.1,0.94278,0.24728,NaN
3459.1,0.94248,0.24818,NaN
3459.3,0.94284,0.24889,15.89
3459.4,0.9435,0.24802,15.89
3459.6,0.94253,0.24858,15.89
3459.8,0.94429,0.24818,15.89
3460.4,0.94039,0.2481,15.89
3460.4,0.94224,0.24839,NaN
3460.4,0.9409,0.24865,NaN
3460.7,0.94052,0.24844,15.89
3460.9,0.94211,0.24762,15.89
3461,0.94083,0.24827,15.89
3461.3,0.94305,0.24792,15.891
3461.7,0.94284,0.24906,15.891
3461.8,0.94384,0.24812,NaN
3461.8,0.94086,0.24843,NaN
3462.1,0.94441,0.24896,15.892
3462.2,0.94058,0.24841,15.892
3462.4,0.94228,0.24812,15.892
3463.1,0.9425,0.24773,15.893
3463.1,0.94382,0.24793,NaN
3463.1,0.9447,0.24803,15.893
3463.2,0.9428,0.24902,15.894
3463.4,0.94286,0.24779,15.894
3463.6,0.94275,0.2487,15.894
3463.8,0.94292,0.24816,15.894
3464.4,0.9425,0.2481,15.894
3464.4,0.94301,0.24854,NaN
3464.4,0.94325,0.2484,NaN
3464.6,0.9408,0.24787,15.894
3464.8,0.94376,0.24926,15.894
3465,0.94294,0.24812,15.894
3465.2,0.9429,0.2477,15.894
3465.8,0.94234,0.24784,15.894
3465.8,0.94253,0.2482,NaN
3465.9,0.94279,0.24737,NaN
3466,0.94448,0.24861,15.894
3466.2,0.94349,0.24845,15.894
3466.4,0.9422,0.24856,15.895
3466.6,0.94495,0.24792,15.895
3467.1,0.94131,0.2488,15.895
3467.1,0.9421,0.24885,NaN
3467.2,0.94266,0.24773,NaN
3467.4,0.94313,0.24926,15.895
3467.6,0.94176,0.24888,15.895
3467.8,0.94368,0.24858,15.896
3468.4,0.94223,0.24863,15.896
3468.5,0.94233,0.24953,NaN
3468.5,0.94382,0.24902,NaN
3468.6,0.9424,0.24768,15.896
3468.8,0.94084,0.2492,15.896
3469,0.94266,0.24954,15.896
3469.2,0.94343,0.24893,15.897
3469.8,0.94329,0.24833,15.897
3469.8,0.94214,0.24891,NaN
3469.9,0.94258,0.24874,NaN
3470.1,0.94233,0.24936,15.897
3470.2,0.94328,0.24911,15.897
3470.4,0.94443,0.2484,15.898
3470.6,0.94513,0.24786,15.898
3471.1,0.94279,0.24892,15.898
3471.1,0.94254,0.24784,NaN
3471.3,0.94293,0.2473,15.898
3471.4,0.94338,0.2493,15.898
3471.6,0.94319,0.24886,15.899
3471.9,0.94281,0.24865,15.899
3472.4,0.94292,0.24753,15.899
3472.4,0.94204,0.24836,NaN
3472.4,0.94076,0.24737,NaN
3472.6,0.94254,0.24879,15.899
3472.8,0.94298,0.2478,15.9
3473,0.94426,0.24792,15.9
3473.2,0.94263,0.24865,15.9
3473.8,0.94193,0.24784,15.9
3473.8,0.94129,0.24853,NaN
3473.9,0.94103,0.24827,NaN
3474,0.94134,0.24855,15.9
3474.2,0.94089,0.24877,15.9
3474.5,0.94145,0.24871,15.9
3474.6,0.94112,0.24877,15.901
3475.2,0.94321,0.24948,15.901
3475.2,0.94037,0.24921,NaN
3475.2,0.94155,0.2488,NaN
3475.5,0.94069,0.24837,15.901
3475.6,0.94147,0.24802,15.902
3475.9,0.94373,0.24967,15.902
3476.1,0.94444,0.24943,15.902
3476.6,0.9411,0.24842,15.902
3476.6,0.94277,0.25021,NaN
3476.6,0.93946,0.24874,NaN
3476.8,0.94364,0.24794,15.903
3477.1,0.94268,0.24941,15.903
3477.3,0.94251,0.24785,15.903
3477.4,0.94204,0.24929,15.903
3477.6,0.94233,0.25007,15.903
3478.1,0.94188,0.24899,15.903
3478.1,0.94215,0.24881,NaN
3478.3,0.94,0.24927,15.903
3478.5,0.94113,0.24924,15.903
3478.6,0.94218,0.24848,15.903
3478.8,0.94167,0.24968,15.903
3479.5,0.94097,0.24895,15.904
3479.5,0.94195,0.24834,NaN
3479.5,0.94124,0.24797,15.904
3479.6,0.94318,0.24739,15.904
3479.8,0.9412,0.24929,15.904
3480,0.94187,0.24939,15.904
3480.2,0.94397,0.24934,15.904
3480.5,0.94164,0.24887,15.904
3481,0.94185,0.24953,15.906
3481,0.94276,0.24804,NaN
3481,0.9428,0.2485,NaN
3481.2,0.94234,0.24966,15.906
3481.4,0.94365,0.24869,15.906
3481.6,0.94209,0.24851,15.907
3481.8,0.94199,0.24946,15.907
3482.4,0.94406,0.24929,15.907
3482.4,0.94427,0.2498,NaN
3482.4,0.94397,0.24967,NaN
3482.6,0.94373,0.24957,15.908
3482.9,0.94129,0.24827,15.908
3483,0.94279,0.2491,15.908
3483.2,0.94238,0.24912,15.908
3483.7,0.94227,0.24918,15.908
3483.7,0.94177,0.24849,NaN
3483.9,0.94289,0.24954,15.908
3484.1,0.9424,0.24909,15.908
3484.2,0.94427,0.24911,15.908
3484.4,0.94224,0.24891,15.908
3485,0.94287,0.24902,15.908
3485,0.94279,0.25035,NaN
3485.1,0.94279,0.24851,NaN
3485.2,0.94366,0.24934,15.908
3485.4,0.94319,0.24919,15.908
3485.6,0.94071,0.24883,15.908
3485.8,0.94153,0.24798,15.908
3486.4,0.94274,0.24871,15.909
3486.4,0.9425,0.24936,15.909
3486.4,0.9426,0.24925,NaN
3486.6,0.94256,0.24833,15.909
3486.8,0.94258,0.24847,15.909
3487.1,0.9444,0.24779,15.909
3487.7,0.94093,0.25048,15.91
3487.7,0.94323,0.24899,NaN
3487.7,0.94242,0.24938,NaN
3487.9,0.94211,0.2485,15.91
3488,0.94202,0.24876,15.91
3488.3,0.94114,0.2487,15.91
3488.4,0.94189,0.24878,15.91
3489,0.94189,0.24889,15.911
3489,0.94184,0.24881,NaN
3489.1,0.94349,0.24973,NaN
3489.2,0.94472,0.24908,15.911
3489.4,0.94227,0.2492,15.911
3489.6,0.94142,0.24946,15.911
3489.9,0.94219,0.25008,15.911
3490.5,0.94228,0.24888,15.911
3490.5,0.94387,0.24972,NaN
3490.5,0.94291,0.24924,NaN
3490.7,0.93992,0.24979,15.911
3490.8,0.94246,0.24913,15.911
3491.1,0.94183,0.24836,15.911
3491.2,0.94281,0.24935,15.911
3491.8,0.94446,0.24949,15.911
3491.8,0.94334,0.24893,NaN
3491.8,0.94209,0.24873,NaN
3492.1,0.94197,0.25024,15.911
3492.3,0.9424,0.24932,15.911
3492.4,0.94138,0.2487,15.911
3492.6,0.94294,0.24796,15.911
3493.2,0.94127,0.24952,15.912
3493.2,0.94419,0.25047,NaN
3493.3,0.94281,0.24823,15.912
3493.5,0.94446,0.24946,15.912
3493.6,0.94443,0.24856,15.912
3493.8,0.9448,0.24962,15.912
3494,0.94146,0.24786,15.912
3494.5,0.94272,0.24901,15.912
3494.6,0.9425,0.24901,NaN
3494.6,0.94446,0.24902,15.912
3494.8,0.94184,0.24841,15.912
3495,0.94115,0.2503,15.912
3495.3,0.94455,0.24984,15.912
3495.9,0.94359,0.25024,15.912
3495.9,0.94262,0.24976,15.912
3495.9,0.94401,0.24916,NaN
3496.1,0.94383,0.24949,15.912
3496.2,0.94401,0.24961,15.912
3496.5,0.94265,0.25014,15.912
3496.7,0.94253,0.24849,15.912
3496.8,0.94516,0.24816,15.912
3497.5,0.94557,0.24965,15.912
3497.5,0.94356,0.24918,NaN
3497.5,0.94276,0.24927,NaN
3497.6,0.94297,0.24928,15.912
3497.8,0.94404,0.24925,15.912
3498,0.94373,0.24958,15.912
3498.2,0.94341,0.24861,15.912
3498.9,0.9433,0.24946,15.912
3498.9,0.94373,0.24884,NaN
3499,0.9429,0.2487,NaN
3499,0.94069,0.24937,NaN
3499.2,0.94209,0.2487,15.912
3499.5,0.94345,0.25022,15.912
3499.6,0.94366,0.24944,15.912
3500.3,0.94259,0.24825,15.912
3500.3,0.94227,0.24769,NaN
3500.4,0.94443,0.2497,NaN
3500.4,0.94199,0.24891,15.912
3500.6,0.94203,0.24739,15.912
3500.9,0.94326,0.24851,15.912
3501,0.94268,0.24779,15.912
3501.2,0.94366,0.24764,15.912
3501.8,0.94284,0.24959,15.912
3501.8,0.9417,0.24836,NaN
3501.8,0.94208,0.24786,NaN
3502.1,0.94271,0.2488,15.912
3502.2,0.94244,0.25012,15.912
3502.4,0.94356,0.24893,15.912
3503.1,0.94264,0.24815,15.912
3503.1,0.94127,0.24779,NaN
3503.1,0.94211,0.24911,NaN
3503.2,0.94296,0.24939,15.913
3503.4,0.94344,0.2494,15.913
3503.7,0.94437,0.24733,15.913
3503.8,0.9441,0.24803,15.913
3504,0.94487,0.24852,15.913
3504.2,0.94303,0.24739,15.914
3504.7,0.94545,0.24721,15.914
3504.8,0.94213,0.24832,NaN
3504.8,0.94307,0.24912,NaN
3505,0.9429,0.24758,15.914
3505.2,0.94247,0.24987,15.915
3505.4,0.94234,0.24814,15.915
3506.1,0.9442,0.24841,15.915
3506.1,0.94031,0.24921,NaN
3506.1,0.94264,0.24866,NaN
3506.2,0.9435,0.24845,15.915
3506.5,0.94071,0.2494,15.916
3506.6,0.9408,0.24806,15.916
3506.8,0.94215,0.24784,15.916
3507.5,0.94099,0.24907,15.916
3507.5,0.94253,0.24773,NaN
3507.5,0.94385,0.24969,NaN
3507.7,0.94319,0.24858,15.916
3507.8,0.94225,0.24808,15.916
3508,0.94136,0.24802,15.916
3508.3,0.94288,0.24864,15.917
3508.9,0.94256,0.24835,15.918
3508.9,0.94404,0.24883,NaN
3509,0.94258,0.24857,NaN
3509,0.94119,0.24842,15.918
3509.2,0.94239,0.24945,15.918
3509.5,0.94415,0.24869,15.918
3509.6,0.94229,0.24817,15.918
3509.8,0.94234,0.24906,15.919
3510.3,0.94166,0.24938,15.919
3510.4,0.94381,0.24814,15.919
3510.4,0.9409,0.24878,NaN
3510.6,0.94391,0.24999,15.919
3510.8,0.94197,0.2484,15.919
3511,0.94362,0.24861,15.92
3511.7,0.94096,0.24908,15.92
3511.7,0.942,0.2489,NaN
3511.7,0.94487,0.24795,NaN
3511.9,0.94202,0.24914,15.92
3512.1,0.94107,0.24871,15.92
3512.2,0.94164,0.24835,15.92
3512.4,0.94267,0.24901,15.92
3513.1,0.94298,0.24872,15.92
3513.1,0.94257,0.24908,NaN
3513.1,0.94416,0.24941,NaN
3513.2,0.94359,0.24949,15.92
3513.5,0.94277,0.24966,15.921
3513.6,0.94178,0.24776,15.921
3513.8,0.94154,0.24765,15.921
3514.4,0.94383,0.24972,15.921
3514.4,0.9437,0.24896,NaN
3514.5,0.94232,0.24941,NaN
3514.6,0.94341,0.24957,15.921
3514.9,0.9414,0.24811,15.921
3515,0.94342,0.24989,15.922
3515.2,0.94258,0.24873,15.922
3515.7,0.94142,0.24961,15.922
3515.7,0.94264,0.24765,NaN
3515.8,0.94371,0.24805,15.922
3516,0.94283,0.24816,15.922
3516.3,0.94113,0.24768,15.922
3516.4,0.94152,0.24758,15.922
3516.7,0.94192,0.24947,15.922
3517.3,0.94201,0.24846,15.922
3517.3,0.94272,0.24816,NaN
3517.4,0.94382,0.25095,NaN
3517.4,0.94239,0.24975,15.923
3517.6,0.94147,0.24924,15.923
3517.8,0.94171,0.24789,15.923
3518,0.94177,0.24802,15.923
3518.7,0.94249,0.24868,15.924
3518.7,0.94239,0.24823,NaN
3518.7,0.94305,0.24907,NaN
3518.8,0.94396,0.24928,15.924
3519,0.94243,0.24831,15.924
3519.2,0.94422,0.24964,15.924
3519.5,0.94323,0.24802,15.925
3520,0.94314,0.24916,15.925
3520,0.94178,0.24909,NaN
3520.1,0.94256,0.24889,NaN
3520.2,0.94262,0.24909,15.925
3520.5,0.94271,0.24933,15.925
3520.6,0.9427,0.24897,15.925
3520.8,0.94252,0.24848,15.925
3521.3,0.94296,0.24805,15.926
3521.4,0.94183,0.24955,NaN
3521.4,0.94326,0.24723,15.926
3521.6,0.94339,0.24891,15.926
3521.8,0.9429,0.2494,15.926
3522,0.94424,0.24908,15.926
3522.6,0.94193,0.24966,15.927
3522.7,0.94286,0.25042,NaN
3522.7,0.94209,0.24939,NaN
3522.8,0.94311,0.24859,15.927
3523.1,0.94267,0.24814,15.927
3523.3,0.94135,0.24936,15.927
3523.4,0.94243,0.24903,15.928
3523.6,0.94352,0.24892,15.928
3524.3,0.94244,0.24898,15.928
3524.3,0.94399,0.24952,15.928
3524.3,0.94157,0.24892,NaN
3524.4,0.94147,0.2481,15.928
3524.6,0.94303,0.24934,15.928
3524.9,0.94335,0.24875,15.929
3525,0.94188,0.24943,15.929
3525.5,0.94129,0.24875,15.929
3525.6,0.94313,0.24896,NaN
3525.7,0.94167,0.24938,15.929
3525.8,0.94155,0.24841,15.929
3526,0.94163,0.24876,15.929
3526.2,0.94285,0.24964,15.929
3526.5,0.94196,0.25012,15.93
3527,0.94318,0.24928,15.93
3527,0.94275,0.24864,NaN
3527,0.94316,0.24828,15.931
3527.2,0.94291,0.24978,15.931
3527.4,0.94264,0.24924,15.931
3527.7,0.94317,0.24856,15.931
3527.8,0.94311,0.2485,15.931
3528.4,0.94339,0.24822,15.932
3528.4,0.94134,0.24903,NaN
3528.4,0.94163,0.24902,NaN
3528.7,0.9431,0.24871,15.932
3528.8,0.94328,0.24958,15.932
3529,0.94252,0.24803,15.932
3529.6,0.94256,0.24908,15.933
3529.7,0.94233,0.24909,NaN
3529.7,0.94506,0.24906,NaN
3529.8,0.94258,0.24912,15.933
3530,0.94372,0.24942,15.933
3530.3,0.94365,0.24925,15.933
3530.5,0.94261,0.24767,15.933
3530.7,0.94297,0.24889,15.933
3531.2,0.94301,0.24974,15.933
3531.2,0.94138,0.24815,NaN
3531.2,0.94151,0.24882,NaN
3531.4,0.94336,0.24972,15.933
3531.6,0.9437,0.24942,15.933
3531.9,0.94212,0.24943,15.933
3532.5,0.94151,0.24936,15.934
3532.5,0.94289,0.24907,NaN
3532.5,0.94351,0.24945,NaN
3532.7,0.9429,0.24818,15.934
3532.8,0.94296,0.24947,15.934
3533.1,0.94348,0.24905,15.934
3533.2,0.94365,0.25057,15.934
3533.4,0.94166,0.24981,15.934
3533.9,0.9419,0.24964,15.935
3534,0.94253,0.24829,NaN
3534,0.94249,0.25039,NaN
3534.2,0.94201,0.24959,15.935
3534.4,0.94171,0.2486,15.936
3534.6,0.94135,0.2503,15.936
3534.8,0.94263,0.24972,15.936
3535.3,0.9405,0.24835,15.936
3535.4,0.94433,0.24822,NaN
3535.4,0.94476,0.24912,15.936
3535.7,0.943,0.24895,15.936
3535.8,0.94247,0.25006,15.937
3536.1,0.94141,0.24872,15.937
3536.2,0.94182,0.24993,15.937
3536.8,0.9429,0.24975,15.937
3536.8,0.94277,0.2486,NaN
3536.8,0.94424,0.24978,NaN
3537.1,0.93937,0.24891,15.937
3537.3,0.9454,0.24906,15.937
3537.4,0.94325,0.25023,15.937
3538,0.94384,0.24975,15.938
3538,0.9434,0.24982,NaN
3538.1,0.94465,0.24964,NaN
3538.2,0.94355,0.24967,15.938
3538.4,0.94189,0.25,15.938
3538.6,0.94425,0.24841,15.938
3538.8,0.94572,0.24979,15.938
3539.4,0.94185,0.24969,15.939
3539.4,0.94487,0.24961,NaN
3539.5,0.94495,0.24981,NaN
3539.6,0.94342,0.24961,15.939
3539.9,0.9428,0.25068,15.939
3540,0.94337,0.25024,15.939
3540.2,0.94239,0.25024,15.94
3540.8,0.94175,0.24972,15.94
3540.8,0.9422,0.2488,NaN
3540.8,0.94381,0.24914,15.94
3541.1,0.94322,0.24913,15.94
3541.2,0.94416,0.24845,15.94
3541.4,0.94266,0.2502,15.94
3542.1,0.94351,0.24985,15.94
3542.1,0.94443,0.24949,NaN
3542.2,0.94428,0.24967,NaN
3542.2,0.94363,0.24965,15.94
3542.5,0.9436,0.24956,15.94
3542.7,0.94231,0.24881,15.94
3542.8,0.94283,0.25037,15.94
3543.1,0.94363,0.24923,15.94
3543.6,0.94312,0.24948,15.94
3543.6,0.94458,0.25068,NaN
3543.7,0.94182,0.24868,NaN
3543.9,0.94361,0.24976,15.94
3544.1,0.94299,0.25008,15.94
3544.2,0.94142,0.2481,15.94
3544.4,0.94345,0.25042,15.94
3545.1,0.94426,0.24949,15.941
3545.1,0.94374,0.24911,NaN
3545.1,0.94278,0.24829,NaN
3545.3,0.9431,0.24843,15.941
3545.5,0.94335,0.25015,15.941
3545.6,0.94345,0.24997,15.941
3545.8,0.94522,0.24927,15.941
3546.4,0.9445,0.24893,15.941
3546.4,0.94214,0.24861,NaN
3546.5,0.94241,0.24923,NaN
3546.6,0.94291,0.24894,15.941
3546.8,0.94346,0.24934,15.941
3547,0.94484,0.2494,15.941
3547.2,0.94192,0.24896,15.941
3547.8,0.94199,0.25004,15.941
3547.8,0.94362,0.24852,NaN
3547.8,0.94385,0.24915,NaN
3548,0.94335,0.25021,15.941
3548.3,0.9419,0.24958,15.941
3548.4,0.94518,0.24997,15.941
3548.7,0.94353,0.24918,15.941
3548.8,0.94258,0.24838,15.941
3549.3,0.94338,0.24884,15.941
3549.3,0.94322,0.25003,NaN
3549.5,0.94406,0.24853,15.941
3549.6,0.94375,0.24928,15.941
3549.9,0.94305,0.2483,15.941
3550,0.94581,0.24947,15.941
3550.2,0.94409,0.24878,15.941
3550.7,0.94385,0.25019,15.941
3550.7,0.94361,0.24907,NaN
3550.8,0.94421,0.2479,15.941
3551.1,0.94415,0.24983,15.941
3551.2,0.94313,0.24908,15.941
3551.4,0.9444,0.24789,15.941
3552,0.94346,0.24953,15.941
3552.1,0.94588,0.24917,NaN
3552.1,0.94425,0.24942,NaN
3552.2,0.94488,0.25043,15.941
3552.4,0.94211,0.24857,15.941
3552.7,0.9439,0.25011,15.941
3552.8,0.94236,0.24927,15.941
3553.4,0.9443,0.24888,15.941
3553.4,0.94166,0.24842,NaN
3553.4,0.94264,0.24938,NaN
3553.7,0.94378,0.24986,15.941
3553.9,0.94446,0.24974,15.941
3554,0.94238,0.24976,15.941
3554.3,0.94222,0.24869,15.941
3554.7,0.94335,0.24902,15.941
3554.8,0.94396,0.24824,NaN
3554.8,0.94402,0.2486,15.941
3555,0.9429,0.24855,15.941
3555.2,0.94273,0.24943,15.941
3555.4,0.9415,0.24967,15.941
3555.7,0.94152,0.24948,15.941
3556.2,0.94233,0.24834,15.942
3556.3,0.94292,0.24723,NaN
3556.3,0.94228,0.24796,NaN
3556.4,0.94465,0.24946,15.942
3556.6,0.9441,0.24813,15.942
3556.9,0.94295,0.24833,15.943
3557,0.94338,0.24844,15.943
3557.6,0.94145,0.24804,15.944
3557.6,0.94105,0.24794,NaN
3557.7,0.94342,0.24895,NaN
3557.8,0.9428,0.24837,15.944
3558,0.94363,0.24832,15.944
3558.2,0.94245,0.2487,15.944
3558.5,0.94145,0.24947,15.944
3559,0.94233,0.24902,15.945
3559,0.94394,0.24845,NaN
3559,0.94269,0.24846,NaN
3559.2,0.94324,0.24773,15.945
3559.5,0.94271,0.24874,15.945
3559.7,0.94441,0.24912,15.945
3559.8,0.94241,0.24856,15.945
3560.4,0.9427,0.24818,15.945
3560.5,0.94302,0.24945,NaN
3560.5,0.94394,0.24902,NaN
3560.7,0.94186,0.2487,15.945
3560.8,0.94392,0.24954,15.945
3561,0.94371,0.25047,15.946
3561.2,0.94404,0.24963,15.946
3561.8,0.94345,0.24794,15.946
3561.8,0.94345,0.2493,NaN
3561.9,0.94281,0.24929,NaN
3562.1,0.94339,0.24847,15.946
3562.2,0.94302,0.24876,15.946
3562.4,0.9422,0.24952,15.946
3562.6,0.94139,0.24821,15.946
3563.1,0.94332,0.24986,15.946
3563.1,0.94345,0.25051,NaN
3563.3,0.94401,0.24876,15.947
3563.5,0.94238,0.2495,15.947
3563.6,0.94274,0.24924,15.947
3563.9,0.94252,0.24964,15.947
3564,0.94242,0.25016,15.947
3564.6,0.94423,0.24964,15.948
3564.6,0.94451,0.24867,NaN
3564.6,0.94454,0.24879,NaN
3564.8,0.94391,0.25001,15.948
3565.1,0.94302,0.24988,15.948
3565.2,0.94465,0.24812,15.948
3565.4,0.94263,0.24974,15.948
3565.9,0.94324,0.24846,15.949
3566,0.9429,0.24949,NaN
3566,0.94158,0.24939,NaN
3566.3,0.94296,0.24891,15.949
3566.4,0.94374,0.2502,15.949
3566.7,0.9454,0.24981,15.949
3566.8,0.9446,0.2492,15.949
3567.4,0.9435,0.24834,15.949
3567.4,0.9441,0.24849,NaN
3567.4,0.94296,0.24901,NaN
3567.6,0.94228,0.24858,15.949
3567.8,0.94516,0.2492,15.949
3568,0.94331,0.25038,15.949
3568.3,0.94255,0.24946,15.949
3568.4,0.94379,0.2486,15.95
3568.9,0.94301,0.24922,15.95
3569,0.94438,0.24735,NaN
3569.1,0.94216,0.24866,15.95
3569.2,0.943,0.24875,15.95
3569.4,0.9415,0.24889,15.95
3569.7,0.94248,0.24856,15.95
3569.8,0.94383,0.24973,15.951
3570.4,0.94351,0.2481,15.951
3570.4,0.94255,0.24803,15.951
3570.4,0.9443,0.24879,NaN
3570.6,0.94192,0.2499,15.951
3570.8,0.94141,0.24852,15.951
3571.1,0.94429,0.24909,15.951
3571.2,0.94261,0.24909,15.952
3571.9,0.94234,0.24834,15.952
3571.9,0.94374,0.24833,NaN
3571.9,0.94434,0.2492,NaN
3572.1,0.94303,0.24897,15.952
3572.3,0.94157,0.24938,15.952
3572.4,0.94256,0.24819,15.952
3572.7,0.94442,0.24802,15.952
3573.3,0.94277,0.2496,15.952
3573.3,0.94185,0.24936,15.952
3573.3,0.94174,0.24879,NaN
3573.5,0.94362,0.2501,15.952
3573.6,0.94227,0.24807,15.952
3573.9,0.94422,0.24936,15.953
3574,0.94344,0.24852,15.953
3574.2,0.94264,0.24989,15.953
3574.9,0.94358,0.24883,15.953
3574.9,0.94403,0.24772,NaN
3574.9,0.94407,0.24885,NaN
3575,0.94297,0.24895,NaN
3575.2,0.94326,0.24998,15.954
3575.4,0.94297,0.24999,15.954
3575.6,0.94363,0.24988,15.954
3576.3,0.94297,0.24937,15.954
3576.3,0.94215,0.24981,NaN
3576.3,0.94403,0.24901,NaN
3576.5,0.94399,0.24929,15.955
3576.6,0.9434,0.24914,15.955
3576.8,0.94324,0.24913,15.955
3577.1,0.94148,0.24853,15.955
3577.6,0.94199,0.24865,15.955
3577.6,0.94447,0.24976,NaN
3577.6,0.9424,0.24942,NaN
3577.9,0.94314,0.25052,15.956
3578.1,0.94175,0.25043,15.956
3578.2,0.94174,0.25001,15.956
3578.5,0.94228,0.24906,15.956
3579,0.9432,0.24935,15.956
3579,0.94588,0.25059,NaN
3579.1,0.94264,0.24956,NaN
3579.2,0.94227,0.24935,15.957
3579.5,0.94301,0.24976,15.957
3579.6,0.9424,0.24958,15.957
3579.8,0.94325,0.24906,15.957
3580.3,0.94373,0.24943,15.957
3580.3,0.94277,0.2506,15.957
3580.4,0.94231,0.25005,15.957
3580.7,0.94553,0.24935,15.957
3580.9,0.94531,0.24719,15.957
3581,0.94277,0.24964,15.957
3581.2,0.9429,0.24995,15.957
3581.7,0.94371,0.24809,15.958
3581.8,0.94332,0.24936,NaN
3581.8,0.94257,0.24929,15.958
3582,0.94445,0.24954,15.958
3582.3,0.94302,0.24987,15.958
3582.4,0.94388,0.24978,15.958
3582.7,0.94376,0.24961,15.958
3583.2,0.94158,0.24841,15.958
3583.2,0.94267,0.24883,NaN
3583.3,0.94402,0.24792,15.958
3583.4,0.94297,0.2492,15.958
3583.7,0.94467,0.24906,15.958
3583.8,0.94384,0.24974,15.958
3584,0.94172,0.24868,15.958
3584.5,0.9413,0.2493,15.959
3584.6,0.94196,0.24878,NaN
3584.6,0.94375,0.24978,15.959
3584.8,0.9431,0.2493,15.959
3585,0.93977,0.2495,15.959
3585.2,0.94441,0.24977,15.959
3585.9,0.94302,0.24936,15.96
3585.9,0.94352,0.2491,NaN
3586,0.94207,0.24917,NaN
3586,0.94176,0.24923,NaN
3586.2,0.94592,0.24964,15.96
3586.4,0.94299,0.25108,15.96
3586.6,0.94343,0.24991,15.96
3586.8,0.94226,0.24983,15.96
3587.5,0.94344,0.24957,15.961
3587.5,0.94381,0.24949,NaN
3587.6,0.94368,0.24987,NaN
3587.6,0.94414,0.24916,15.961
3587.9,0.94176,0.24898,15.961
3588,0.94003,0.24952,15.961
3588.3,0.94413,0.24782,15.961
3588.8,0.94168,0.24892,15.961
3588.9,0.94369,0.24981,15.961
3588.9,0.94257,0.24986,NaN
3589.1,0.9422,0.24849,15.961
3589.3,0.94096,0.24892,15.961
3589.4,0.94259,0.24952,15.961
3589.6,0.94291,0.24984,15.961
3590.2,0.94416,0.24869,15.961
3590.2,0.94331,0.25002,NaN
3590.3,0.94425,0.2491,NaN
3590.4,0.94405,0.24913,15.961
3590.7,0.94351,0.24894,15.962
3590.8,0.94148,0.24759,15.962
3591,0.94367,0.24957,15.962
3591.7,0.94314,0.24929,15.963
3591.7,0.94196,0.2493,NaN
3591.7,0.94302,0.24999,NaN
3591.9,0.9423,0.24906,15.963
3592,0.94366,0.24836,15.963
3592.2,0.94283,0.24865,15.963
3592.4,0.94359,0.24984,15.963
3593.1,0.94354,0.24858,15.963
3593.2,0.94194,0.24907,NaN
3593.2,0.94349,0.24821,NaN
3593.2,0.94227,0.24992,NaN
3593.5,0.94491,0.24947,15.963
3593.6,0.94357,0.25031,15.963
3593.9,0.94254,0.24893,15.963
3594.5,0.94114,0.24923,15.964
3594.5,0.94217,0.24959,NaN
3594.5,0.94351,0.24915,NaN
3594.6,0.94323,0.24907,15.964
3594.8,0.94186,0.24836,15.964
3595,0.94363,0.24912,15.964
3595.2,0.9427,0.24887,15.964
3595.8,0.94427,0.24863,15.964
3595.9,0.94264,0.24893,NaN
3595.9,0.94464,0.24938,NaN
3596.1,0.94136,0.24768,15.964
3596.3,0.9428,0.24964,15.964
3596.4,0.94556,0.24994,15.964
3596.7,0.94309,0.24801,15.964
3597.2,0.94236,0.24851,15.964
3597.3,0.9435,0.24817,NaN
3597.3,0.94226,0.24993,NaN
3597.5,0.94369,0.25055,15.964
3597.6,0.94431,0.24948,15.964
3597.9,0.94315,0.24856,15.964
3598,0.94291,0.24956,15.964
3598.6,0.94508,0.24945,15.964
3598.6,0.94384,0.25063,NaN
3598.7,0.94449,0.24947,NaN
3598.9,0.94369,0.24921,15.964
3599,0.9423,0.2495,15.964
3599.2,0.94208,0.24866,15.964
3599.5,0.94507,0.24804,15.964
3600,0.94229,0.24986,15.964
3600,0.94321,0.24842,NaN
3600.1,0.94158,0.25079,NaN
3600.3,0.94348,0.24959,15.964
3600.5,0.94423,0.24955,15.964
3600.6,0.94327,0.25001,15.964
3600.8,0.94575,0.24827,15.964
3601.4,0.94512,0.24903,15.964
3601.5,0.94409,0.24928,NaN
3601.5,0.94182,0.24963,NaN
3601.6,0.9443,0.24951,15.964
3601.9,0.94216,0.24895,15.964
3602.1,0.94211,0.24805,15.964
3602.3,0.94342,0.24887,15.964
3602.8,0.94222,0.24959,15.964
3602.8,0.94281,0.24969,NaN
3602.9,0.9436,0.25005,NaN
3603,0.94415,0.24944,15.963
3603.3,0.94343,0.24929,15.963
3603.5,0.94283,0.24964,15.963
3603.6,0.9426,0.24846,15.963
3604.2,0.94022,0.24909,15.963
3604.3,0.94168,0.2494,NaN
3604.3,0.94064,0.24937,NaN
3604.4,0.94315,0.25047,15.963
3604.7,0.9428,0.24993,15.963
3604.9,0.94313,0.25069,15.963
3605,0.94279,0.24812,15.963
3605.2,0.94389,0.24919,15.963
3605.9,0.9406,0.24867,15.963
3605.9,0.9419,0.24779,NaN
3605.9,0.94318,0.24868,NaN
3606,0.9419,0.24869,15.963
3606.2,0.94288,0.24921,15.963
3606.4,0.94208,0.24957,15.963
3606.6,0.94331,0.24884,15.963
3607.3,0.94135,0.24837,15.963
3607.3,0.94258,0.2482,NaN
3607.3,0.94156,0.24858,NaN
3607.4,0.9418,0.24899,15.963
3607.6,0.94399,0.24846,15.963
3607.8,0.94245,0.24895,15.963
3608,0.94202,0.24892,15.963
3608.2,0.94103,0.24925,15.963
3608.8,0.94107,0.25071,15.964
3608.8,0.94293,0.24879,NaN
3608.8,0.94268,0.24873,NaN
3609,0.94122,0.24857,15.964
3609.3,0.94363,0.24959,15.965
3609.5,0.94417,0.24935,15.965
3609.7,0.94159,0.24936,15.965
3610.1,0.94318,0.24871,15.965
3610.2,0.94252,0.24956,NaN
3610.2,0.9422,0.24949,15.966
3610.4,0.94273,0.24922,15.966
3610.7,0.94066,0.24882,15.966
3610.8,0.94164,0.24807,15.966
3611.1,0.94409,0.24933,15.966
3611.5,0.94228,0.24869,15.967
3611.6,0.94165,0.24782,NaN
3611.7,0.94178,0.24973,NaN
3611.8,0.94306,0.24833,15.967
3612,0.94173,0.24848,15.967
3612.2,0.94377,0.24894,15.967
3612.4,0.94198,0.24911,15.967
3612.9,0.94201,0.24848,15.967
3613,0.94165,0.24928,NaN
3613,0.94118,0.24909,15.967
3613.2,0.9416,0.24929,15.967
3613.5,0.9438,0.24988,15.968
3613.6,0.94437,0.24936,15.968
3613.9,0.94272,0.24934,15.968
3614.4,0.94231,0.25036,15.969
3614.4,0.94149,0.24885,NaN
3614.4,0.94117,0.25034,NaN
3614.7,0.94185,0.24929,15.97
3614.8,0.94136,0.2496,15.97
3615,0.94319,0.24888,15.97
3615.3,0.94375,0.24822,15.97
3615.7,0.94251,0.24881,15.97
3615.8,0.94253,0.24819,NaN
3615.8,0.94131,0.25019,15.97
3616,0.94394,0.24993,15.97
3616.2,0.94261,0.2482,15.971
3616.4,0.94197,0.24963,15.971
3617,0.94078,0.24863,15.971
3617.1,0.94274,0.24941,NaN
3617.1,0.94203,0.25024,NaN
3617.2,0.94209,0.24997,15.971
3617.5,0.94294,0.24989,15.971
3617.6,0.94161,0.24911,15.971
3617.8,0.94054,0.24893,15.971
3618.5,0.94425,0.24941,15.971
3618.5,0.94092,0.24973,NaN
3618.5,0.94312,0.24979,NaN
3618.6,0.94267,0.24924,15.971
3618.8,0.94167,0.24856,15.971
3619.1,0.94158,0.24808,15.972
3619.2,0.94306,0.24883,15.972
3619.7,0.94234,0.25041,15.972
3619.8,0.94251,0.24918,NaN
3619.8,0.94305,0.24815,NaN
3620,0.94183,0.24956,15.973
3620.3,0.94222,0.24932,15.973
3620.4,0.94209,0.24968,15.973
3620.6,0.94187,0.25058,15.973
3621.1,0.94345,0.24945,15.973
3621.2,0.94253,0.25139,NaN
3621.3,0.94311,0.24898,15.974
3621.4,0.94268,0.24936,15.974
3621.6,0.94372,0.24883,15.974
3621.8,0.94185,0.24912,15.974
3622,0.94291,0.24958,15.974
3622.5,0.94411,0.2497,15.974
3622.6,0.9431,0.24899,NaN
3622.6,0.94271,0.24982,15.975
3622.8,0.94362,0.24861,15.975
3623,0.94246,0.25012,15.975
3623.2,0.94152,0.25021,15.975
3623.5,0.94207,0.24951,15.975
3624,0.94374,0.24949,15.976
3624,0.94339,0.2493,NaN
3624,0.94203,0.24906,NaN
3624.2,0.9426,0.25049,15.976
3624.5,0.94195,0.25018,15.976
3624.6,0.94137,0.25059,15.976
3624.8,0.94264,0.24907,15.976
3625.4,0.9428,0.24982,15.977
3625.4,0.94206,0.25023,NaN
3625.4,0.94177,0.25024,NaN
3625.6,0.94222,0.24986,15.977
3625.8,0.94292,0.25027,15.977
3626.1,0.94193,0.24948,15.977
3626.2,0.94202,0.24899,15.977
3626.7,0.94266,0.25054,15.977
3626.8,0.94249,0.24927,NaN
3626.8,0.9406,0.25018,NaN
3627,0.94155,0.25012,15.978
3627.2,0.94282,0.24969,15.978
3627.5,0.94236,0.24916,15.978
3627.6,0.94083,0.25076,15.978
3628.1,0.94262,0.24906,15.979
3628.2,0.94246,0.25157,NaN
3628.2,0.94256,0.24942,15.979
3628.4,0.94162,0.2507,15.979
3628.6,0.94355,0.2502,15.979
3628.9,0.94261,0.24995,15.979
3629,0.94509,0.25039,15.979
3629.3,0.94329,0.24929,15.98
3629.8,0.94435,0.25019,15.98
3629.8,0.94453,0.24953,NaN
3629.8,0.94247,0.2506,NaN
3630,0.94017,0.25048,15.98
3630.2,0.94066,0.25156,15.98
3630.4,0.94057,0.25038,15.98
3630.6,0.9432,0.25009,15.98
3631.1,0.94109,0.25023,15.981
3631.2,0.94454,0.25022,NaN
3631.2,0.94187,0.25083,15.981
3631.4,0.94243,0.24986,15.982
3631.6,0.94191,0.24917,15.982
3631.9,0.9445,0.25052,15.982
3632,0.94122,0.24946,15.983
3632.5,0.94345,0.25034,15.983
3632.5,0.94139,0.25032,NaN
3632.7,0.94157,0.24877,15.983
3632.8,0.94315,0.24977,15.983
3633,0.94123,0.25076,15.983
3633.2,0.94067,0.2509,15.983
3633.5,0.94316,0.25084,15.983
3634,0.94304,0.25096,15.983
3634,0.94212,0.24942,NaN
3634.1,0.94144,0.24994,NaN
3634.2,0.94426,0.24968,15.983
3634.4,0.94261,0.24972,15.983
3634.6,0.94165,0.24953,15.983
3634.9,0.94216,0.25036,15.983
3635.4,0.94133,0.25021,15.983
3635.4,0.94277,0.25102,NaN
3635.4,0.94286,0.25032,NaN
3635.6,0.94354,0.24932,15.983
3635.8,0.94339,0.25007,15.983
3636.1,0.94171,0.24889,15.984
3636.2,0.94307,0.25038,15.984
3636.7,0.94146,0.2506,15.984
3636.8,0.94132,0.25059,NaN
3636.9,0.94163,0.24962,15.985
3637,0.94217,0.25155,15.985
3637.2,0.94035,0.25029,15.985
3637.4,0.94207,0.25128,15.985
3637.6,0.94102,0.24938,15.985
3637.9,0.94057,0.24982,15.986
3638.4,0.94214,0.25041,15.986
3638.4,0.94327,0.2496,NaN
3638.4,0.9437,0.25067,NaN
3638.6,0.94251,0.24968,15.986
3638.9,0.94125,0.24895,15.986
3639.1,0.94227,0.24903,15.986
3639.2,0.94135,0.25011,15.986
3639.8,0.94116,0.25016,15.987
3639.8,0.9422,0.25107,NaN
3639.8,0.94188,0.24916,NaN
3640,0.94061,0.25031,15.987
3640.3,0.94218,0.24998,15.987
3640.5,0.94369,0.24976,15.987
3640.7,0.9416,0.25092,15.987
3641.2,0.94029,0.2502,15.988
3641.2,0.94423,0.25106,NaN
3641.2,0.94323,0.24977,NaN
3641.4,0.9416,0.25041,15.988
3641.6,0.942,0.25063,15.988
3641.8,0.94224,0.25076,15.988
3642,0.94253,0.25025,15.988
3642.6,0.94027,0.25032,15.989
3642.6,0.94167,0.24852,NaN
3642.7,0.93962,0.25044,NaN
3642.8,0.94106,0.24975,15.989
3643.1,0.94228,0.25138,15.989
3643.2,0.94115,0.24995,15.989
3643.5,0.94138,0.25042,15.989
3644,0.94146,0.24989,15.99
3644,0.9427,0.25003,NaN
3644.1,0.94301,0.24949,NaN
3644.2,0.94214,0.25041,15.99
3644.4,0.94132,0.24989,15.99
3644.7,0.94282,0.25052,15.99
3644.8,0.94245,0.25008,15.99
3645.4,0.94126,0.24915,15.99
3645.5,0.94382,0.25064,NaN
3645.5,0.94299,0.2489,NaN
3645.6,0.94194,0.2512,15.99
3645.8,0.94292,0.25011,15.99
3646,0.94113,0.25027,15.99
3646.3,0.94208,0.24958,15.99
3646.8,0.94322,0.24973,15.99
3646.8,0.94248,0.25013,NaN
3646.8,0.94431,0.25026,NaN
3647,0.94435,0.24924,15.99
3647.2,0.94289,0.25029,15.99
3647.5,0.94172,0.2503,15.99
3647.7,0.94181,0.25058,15.99
3647.8,0.94243,0.25015,15.99
3648.5,0.94188,0.24958,15.991
3648.5,0.94437,0.25066,NaN
3648.5,0.94167,0.24976,NaN
3648.7,0.94294,0.25052,15.991
3648.8,0.94387,0.24953,15.991
3649.1,0.9441,0.25036,15.991
3649.3,0.94359,0.25018,15.991
3649.4,0.94364,0.25041,15.991
3650,0.94248,0.25103,15.991
3650,0.94067,0.2506,NaN
3650,0.94282,0.24974,15.991
3650.2,0.94316,0.25141,15.991
3650.5,0.94199,0.2494,15.991
3650.7,0.94512,0.24968,15.991
3650.8,0.94409,0.25062,15.991
3651.3,0.9419,0.25107,15.991
3651.4,0.94328,0.25114,NaN
3651.5,0.94201,0.2499,15.991
3651.6,0.94318,0.24989,15.991
3651.8,0.9403,0.2487,15.991
3652.1,0.94191,0.24971,15.991
3652.3,0.94401,0.24962,15.991
3652.8,0.94381,0.25045,15.991
3652.8,0.94422,0.24914,NaN
3652.9,0.94391,0.24976,15.991
3653,0.94321,0.24995,15.991
3653.2,0.94507,0.25041,15.991
3653.4,0.94191,0.25125,15.991
3653.6,0.94251,0.25099,15.991
3654.3,0.9431,0.25032,15.991
3654.3,0.94435,0.24865,NaN
3654.3,0.94262,0.2488,NaN
3654.4,0.94207,0.24992,15.991
3654.7,0.94567,0.25007,15.991
3654.8,0.94482,0.24987,15.991
3655,0.94347,0.25122,15.991
3655.6,0.94437,0.25142,15.991
3655.7,0.94444,0.2502,NaN
3655.7,0.94427,0.25057,NaN
3655.8,0.94214,0.25008,15.991
3656.1,0.94306,0.25108,15.991
3656.3,0.94196,0.25052,15.991
3656.4,0.94282,0.2504,15.991
3657.2,0.94216,0.25048,15.991
3657.2,0.94269,0.24959,NaN
3657.2,0.94284,0.25149,NaN
3657.3,0.94312,0.25087,NaN
3657.4,0.94099,0.25018,15.991
3657.6,0.94436,0.25078,15.991
3657.8,0.94112,0.24952,15.991
3658.4,0.94221,0.24906,15.992
3658.5,0.94252,0.25118,NaN
3658.5,0.94265,0.24985,NaN
3658.6,0.94329,0.24979,15.992
3658.8,0.94181,0.25068,15.992
3659.1,0.94289,0.24955,15.993
3659.2,0.94332,0.24983,15.993
3659.9,0.94435,0.24942,15.994
3659.9,0.94518,0.25004,NaN
3659.9,0.94346,0.25031,NaN
3660,0.94429,0.24949,15.994
3660.2,0.94123,0.24941,15.994
3660.4,0.94219,0.2489,15.994
3660.6,0.9431,0.24916,15.994
3661.2,0.94269,0.24958,15.995
3661.2,0.94252,0.25046,NaN
3661.3,0.94407,0.24921,NaN
3661.4,0.94339,0.25066,15.995
3661.7,0.943,0.24989,15.995
3661.8,0.94462,0.24952,15.995
3662.1,0.94374,0.25055,15.995
3662.6,0.94149,0.25037,15.995
3662.6,0.94255,0.24938,NaN
3662.7,0.94216,0.24889,NaN
3662.9,0.94112,0.25038,15.995
3663,0.94243,0.24936,15.996
3663.2,0.94429,0.24969,15.996
3663.5,0.94331,0.25069,15.996
3664,0.94224,0.25059,15.996
3664,0.94272,0.25013,NaN
3664.1,0.94344,0.25074,NaN
3664.3,0.94315,0.2502,15.996
3664.5,0.94386,0.24996,15.996
3664.6,0.94164,0.2512,15.996
3664.8,0.94312,0.25031,15.996
3665.4,0.94198,0.24932,15.996
3665.4,0.94346,0.24876,NaN
3665.5,0.94241,0.25058,NaN
3665.7,0.94436,0.25046,15.997
3665.8,0.94518,0.24856,15.997
3666,0.94308,0.24888,15.997
3666.3,0.94218,0.25024,15.997
3666.4,0.94371,0.24924,15.997
3667,0.94175,0.24797,15.998
3667,0.94353,0.25035,NaN
3667,0.94384,0.25021,NaN
3667.3,0.94556,0.2515,15.998
3667.4,0.94349,0.25087,15.998
3667.6,0.94293,0.24984,15.999
3667.9,0.94346,0.25076,15.999
3668.4,0.94287,0.24941,15.999
3668.4,0.94425,0.24901,NaN
3668.4,0.94153,0.25031,15.999
3668.6,0.94335,0.2496,15.999
3668.8,0.94353,0.24965,15.999
3669.1,0.94196,0.24985,15.999
3669.3,0.94074,0.24987,16
3669.8,0.94108,0.25004,16
3669.8,0.94284,0.25078,NaN
3669.9,0.94324,0.2486,NaN
3670,0.94275,0.24998,16
3670.3,0.94331,0.24971,16
3670.4,0.94312,0.2501,16
3670.7,0.9431,0.24892,16
3671.2,0.94382,0.25074,16.001
3671.3,0.94184,0.24877,NaN
3671.3,0.94371,0.24928,NaN
3671.4,0.94092,0.25006,16.001
3671.6,0.94272,0.24935,16.001
3671.8,0.94054,0.24977,16.001
3672.1,0.94145,0.24985,16.001
3672.6,0.94177,0.24982,16.002
3672.7,0.94244,0.25057,NaN
3672.7,0.9425,0.25047,NaN
3672.8,0.94249,0.24897,16.002
3673.1,0.94015,0.25047,16.003
3673.3,0.94222,0.24888,16.003
3673.4,0.94253,0.25031,16.003
3673.7,0.94251,0.25019,16.003
3674.3,0.94268,0.24982,16.003
3674.3,0.94364,0.24902,NaN
3674.3,0.94415,0.2506,NaN
3674.4,0.94248,0.25095,16.003
3674.6,0.9433,0.25054,16.004
3674.8,0.94395,0.24972,16.004
3675,0.94165,0.24963,16.004
3675.7,0.94359,0.251,16.005
3675.7,0.94498,0.24928,NaN
3675.8,0.94395,0.25,16.005
3675.8,0.94401,0.24993,NaN
3676,0.94159,0.2508,16.005
3676.3,0.94314,0.2497,16.005
3676.4,0.94235,0.2499,16.005
3676.6,0.94454,0.25176,16.005
3677.1,0.94304,0.24974,16.006
3677.2,0.94388,0.25145,NaN
3677.2,0.94219,0.25018,16.006
3677.5,0.94184,0.24904,16.007
3677.6,0.94342,0.24874,16.007
3677.8,0.94472,0.25101,16.007
3678,0.94226,0.25111,16.007
3678.6,0.94119,0.25025,16.008
3678.6,0.94114,0.25006,NaN
3678.7,0.94386,0.24997,NaN
3678.8,0.94251,0.25044,16.008
3679.1,0.94568,0.2503,16.008
3679.3,0.94248,0.24936,16.008
3679.5,0.94303,0.25134,16.008
3680,0.94383,0.25045,16.009
3680,0.94337,0.25131,16.009
3680,0.94326,0.25001,NaN
3680.2,0.94506,0.24973,16.009
3680.5,0.94324,0.25035,16.009
3680.7,0.94379,0.24932,16.009
3681.3,0.94242,0.25029,16.009
3681.3,0.94243,0.25033,NaN
3681.4,0.94455,0.24985,NaN
3681.5,0.94419,0.25074,NaN
3681.6,0.94485,0.25002,16.009
3681.9,0.94299,0.25029,16.009
3682.1,0.94389,0.25059,16.009
3682.2,0.94336,0.25214,16.009
3682.7,0.9432,0.25113,16.009
3682.7,0.94222,0.25073,NaN
3682.8,0.94199,0.25018,16.01
3683,0.94417,0.25119,16.01
3683.3,0.94295,0.25065,16.01
3683.4,0.9428,0.25004,16.01
3684.1,0.94301,0.25052,16.011
3684.2,0.94275,0.25064,NaN
3684.2,0.94283,0.25001,NaN
3684.2,0.94515,0.25048,NaN
3684.4,0.94237,0.24981,16.011
3684.7,0.94256,0.24975,16.011
3684.9,0.94233,0.24945,16.011
3685.5,0.94392,0.25213,16.011
3685.5,0.94338,0.25028,NaN
3685.6,0.94402,0.25098,NaN
3685.7,0.94432,0.2503,16.011
3685.8,0.94475,0.25145,16.011
3686,0.94223,0.25162,16.012
3686.3,0.9428,0.2516,16.012
3686.4,0.94357,0.25118,16.012
3686.9,0.94387,0.25128,16.012
3686.9,0.94358,0.25207,NaN
3687.1,0.94478,0.2505,16.012
3687.2,0.94367,0.25139,16.013
3687.5,0.94278,0.25103,16.013
3687.6,0.94411,0.25228,16.013
3687.8,0.9413,0.25056,16.013
3688.4,0.9426,0.25158,16.014
3688.4,0.94448,0.2518,NaN
3688.4,0.94445,0.2517,NaN
3688.6,0.94246,0.25117,16.014
3688.9,0.94251,0.25,16.014
3689,0.9417,0.24981,16.014
3689.2,0.94215,0.25011,16.014
3689.7,0.94381,0.25005,16.015
3689.7,0.9439,0.24982,NaN
3689.8,0.94401,0.25046,NaN
3690,0.94491,0.25129,16.015
3690.3,0.94475,0.25103,16.015
3690.5,0.9445,0.25075,16.015
3690.7,0.94541,0.25133,16.015
3691.2,0.94167,0.25044,16.015
3691.2,0.94101,0.25038,NaN
3691.3,0.94281,0.25158,NaN
3691.4,0.94155,0.25143,16.015
3691.6,0.94183,0.25105,16.015
3691.8,0.94257,0.24995,16.016
3692,0.94525,0.2506,16.016
3692.3,0.94339,0.25051,16.016
3692.9,0.94346,0.25048,16.017
3692.9,0.94346,0.25122,NaN
3692.9,0.94273,0.25204,NaN
3693.1,0.94103,0.2507,NaN
3693.2,0.94302,0.25118,16.017
3693.5,0.94342,0.25078,16.017
3693.6,0.94358,0.24962,16.017
3694.3,0.94358,0.24928,16.018
3694.3,0.94273,0.25083,NaN
3694.4,0.94299,0.25043,NaN
3694.5,0.94355,0.25086,16.018
3694.6,0.94359,0.25067,16.018
3694.9,0.94321,0.25133,16.018
3695.1,0.94392,0.25147,16.018
3695.7,0.94306,0.24956,16.018
3695.7,0.94218,0.25091,NaN
3695.8,0.94338,0.25107,NaN
3695.8,0.94501,0.25121,NaN
3696,0.94427,0.25072,16.018
3696.3,0.94345,0.25178,16.018
3696.5,0.94454,0.25058,16.018
3697.1,0.9429,0.2505,16.018
3697.1,0.94264,0.25138,NaN
3697.1,0.94179,0.24968,16.019
3697.2,0.94232,0.25057,16.019
3697.4,0.94268,0.25095,16.019
3697.7,0.94236,0.25078,16.019
3697.8,0.94292,0.25032,16.019
3698.5,0.94312,0.25063,16.02
3698.5,0.94298,0.25144,NaN
3698.5,0.94388,0.24979,NaN
3698.7,0.94461,0.25127,16.02
3698.8,0.94209,0.25115,16.02
3699,0.94308,0.25072,16.02
3699.3,0.94246,0.25049,16.02
3699.5,0.94255,0.2508,16.02
3700,0.9433,0.25004,16.02
3700,0.94432,0.25177,NaN
3700,0.94361,0.25064,NaN
3700.3,0.945,0.25097,16.02
3700.4,0.94543,0.25038,16.02
3700.6,0.94402,0.251,16.02
3700.8,0.94325,0.2499,16.02
3701.3,0.94187,0.25061,16.02
3701.3,0.94458,0.25081,NaN
3701.4,0.94242,0.2501,16.02
3701.7,0.94264,0.25043,16.02
3701.8,0.9439,0.24896,16.02
3702.1,0.94415,0.25023,16.02
3702.2,0.94478,0.25094,16.02
3702.8,0.94418,0.25087,16.02
3702.8,0.94225,0.25016,NaN
3702.8,0.9438,0.25104,NaN
3703,0.94386,0.25046,16.02
3703.3,0.94351,0.24975,16.02
3703.5,0.94326,0.25015,16.02
3703.6,0.94364,0.2501,16.02
3704.1,0.94328,0.24979,16.02
3704.2,0.94219,0.25074,NaN
3704.2,0.94353,0.25025,NaN
3704.4,0.94153,0.25136,16.02
3704.7,0.94097,0.25092,16.02
3704.9,0.94242,0.24977,16.02
3705,0.9434,0.24947,16.02
3705.2,0.94159,0.24949,16.02
3705.8,0.94462,0.24942,16.02
3705.8,0.94303,0.25086,16.02
3705.9,0.94303,0.25042,NaN
3706.1,0.94359,0.2503,16.02
3706.2,0.94172,0.25012,16.02
3706.4,0.94335,0.25,16.02
3706.6,0.94373,0.25072,16.02
3707.2,0.94317,0.25091,16.02
3707.2,0.94363,0.24914,NaN
3707.3,0.94034,0.24988,NaN
3707.4,0.94274,0.25028,16.02
3707.6,0.94318,0.25226,16.02
3707.8,0.9428,0.25099,16.02
3708,0.9435,0.25003,16.02
3708.2,0.94395,0.25043,16.02
3708.8,0.94347,0.24956,16.02
3708.8,0.94177,0.25062,NaN
3708.9,0.94354,0.24935,NaN
3709,0.94443,0.25077,16.02
3709.2,0.94351,0.25017,16.02
3709.5,0.94161,0.2507,16.02
3709.6,0.94173,0.24922,16.02
3710.2,0.94131,0.25065,16.021
3710.3,0.94291,0.24889,16.021
3710.3,0.94612,0.25073,NaN
3710.4,0.94447,0.25011,16.021
3710.6,0.94318,0.25186,16.021
3710.8,0.94473,0.24913,16.021
3711,0.94304,0.24968,16.021
3711.7,0.94195,0.24967,16.022
3711.7,0.94266,0.25018,NaN
3711.8,0.94285,0.24952,NaN
3711.8,0.94256,0.25039,16.022
3712,0.94313,0.24953,16.022
3712.2,0.94332,0.2514,16.023
3712.4,0.94502,0.24963,16.023
3712.6,0.94261,0.24956,16.023
3713.2,0.94398,0.25066,16.023
3713.3,0.94268,0.25112,NaN
3713.3,0.94331,0.24945,NaN
3713.4,0.94367,0.25061,16.023
3713.6,0.9441,0.24932,16.024
3713.9,0.94517,0.24969,16.024
3714.1,0.9424,0.25108,16.024
3714.5,0.94177,0.25127,16.024
3714.6,0.94172,0.25001,NaN
3714.6,0.94385,0.2507,16.024
3714.8,0.94315,0.25036,16.024
3715.1,0.94258,0.24952,16.024
3715.3,0.94255,0.25041,16.024
3715.4,0.94127,0.25036,16.024
3716,0.94309,0.24969,16.025
3716.1,0.94393,0.25019,NaN
3716.1,0.94331,0.2505,NaN
3716.2,0.94262,0.25054,16.025
3716.5,0.9456,0.2512,16.025
3716.6,0.94416,0.25032,16.025
3716.8,0.943,0.24992,16.025
3717.4,0.94341,0.24989,16.026
3717.4,0.94356,0.25098,16.026
3717.4,0.94505,0.25093,NaN
3717.6,0.94396,0.24944,16.026
3717.9,0.94334,0.25158,16.026
3718.1,0.94204,0.25103,16.026
3718.2,0.94434,0.24936,16.026
3718.4,0.9436,0.25188,16.027
3719.1,0.9437,0.24997,16.027
3719.1,0.94407,0.24948,NaN
3719.1,0.94324,0.25194,NaN
3719.2,0.94458,0.24969,NaN
3719.4,0.94387,0.24914,16.027
3719.7,0.94204,0.25125,16.027
3719.9,0.94327,0.25072,16.028
3720.5,0.94393,0.25076,16.028
3720.5,0.94271,0.2503,16.028
3720.5,0.94387,0.24919,NaN
3720.6,0.94482,0.25028,16.028
3720.9,0.94371,0.24976,16.028
3721,0.94388,0.25099,16.029
3721.2,0.94369,0.25121,16.029
3721.9,0.94312,0.25054,16.029
3721.9,0.94183,0.24965,NaN
3722,0.94294,0.25072,16.029
3722.1,0.94248,0.24999,16.029
3722.2,0.94349,0.25055,16.029
3722.4,0.94495,0.25076,16.029
3722.6,0.94407,0.25023,16.029
3722.8,0.94322,0.25005,16.029
3723.4,0.94464,0.25061,16.03
3723.4,0.94315,0.25042,NaN
3723.5,0.94409,0.25023,NaN
3723.6,0.9427,0.25007,16.03
3723.9,0.94268,0.25088,16.03
3724,0.94215,0.24985,16.03
3724.3,0.94264,0.25066,16.03
3724.5,0.94431,0.25086,16.03
3725,0.94338,0.2493,16.031
3725,0.9426,0.25075,NaN
3725,0.9434,0.25015,NaN
3725.3,0.94341,0.25049,16.031
3725.5,0.94434,0.25139,16.031
3725.6,0.94368,0.24989,16.032
3725.9,0.94461,0.25013,16.032
3726.4,0.94208,0.25142,16.033
3726.4,0.94217,0.25094,NaN
3726.4,0.94375,0.25059,16.033
3726.7,0.94375,0.25021,16.033
3726.8,0.94187,0.25044,16.033
3727.1,0.94156,0.25143,16.034
3727.2,0.94179,0.25002,16.034
3727.8,0.94464,0.25098,16.034
3727.9,0.94279,0.25004,16.034
3727.9,0.94062,0.25124,NaN
3728,0.94311,0.25046,16.034
3728.2,0.94324,0.25108,16.034
3728.4,0.94183,0.25038,16.034
3728.6,0.94457,0.25109,16.034
3729.2,0.94297,0.25029,16.034
3729.2,0.94342,0.24929,NaN
3729.3,0.94525,0.25188,NaN
3729.5,0.94432,0.24981,16.034
3729.7,0.94245,0.2502,16.034
3729.8,0.94393,0.25077,16.034
3730,0.94343,0.25164,16.034
3730.7,0.94233,0.24986,16.035
3730.7,0.94212,0.2517,NaN
3730.8,0.94319,0.2502,NaN
3730.8,0.94345,0.2504,NaN
3731.1,0.9436,0.2503,16.035
3731.2,0.94227,0.25033,16.035
3731.4,0.9421,0.25066,16.036
3732.1,0.94304,0.25069,16.036
3732.1,0.94313,0.25215,NaN
3732.2,0.94322,0.25086,NaN
3732.2,0.94271,0.25098,16.036
3732.5,0.94184,0.25119,16.036
3732.6,0.9441,0.25098,16.036
3732.8,0.94324,0.25048,16.036
3733,0.94274,0.25123,16.036
3733.5,0.94195,0.25066,16.037
3733.6,0.94192,0.25092,16.037
3733.6,0.94217,0.25113,NaN
3733.8,0.94201,0.24999,16.037
3734.1,0.94222,0.25191,16.037
3734.3,0.94224,0.25086,16.037
3734.5,0.94405,0.2507,16.037
3735,0.94184,0.25027,16.038
3735,0.9415,0.25115,NaN
3735,0.94228,0.24979,16.038
3735.2,0.94328,0.2519,16.038
3735.4,0.94093,0.25041,16.038
3735.7,0.94135,0.25032,16.038
3735.9,0.94305,0.2498,16.038
3736,0.94328,0.25066,16.039
3736.7,0.94511,0.25112,16.039
3736.7,0.94185,0.25217,NaN
3736.8,0.94162,0.25048,16.039
3736.9,0.94249,0.24982,16.039
3737,0.94352,0.25128,16.039
3737.3,0.94061,0.2519,16.039
3737.5,0.94415,0.25098,16.039
3738.1,0.94273,0.2509,16.039
3738.1,0.94349,0.25161,NaN
3738.2,0.94327,0.25249,NaN
3738.3,0.94272,0.25145,16.039
3738.4,0.94235,0.24989,16.039
3738.6,0.94185,0.25129,16.039
3738.9,0.94163,0.25175,16.04
3739,0.94328,0.25059,16.04
3739.6,0.94281,0.25032,16.04
3739.6,0.94358,0.25206,NaN
3739.6,0.94432,0.2516,NaN
3739.9,0.94364,0.2501,16.04
3740,0.9427,0.2502,16.04
3740.3,0.94457,0.25228,16.041
3740.4,0.94204,0.25081,16.041
3741,0.94186,0.25148,16.041
3741,0.94399,0.25045,NaN
3741,0.94195,0.25078,NaN
3741.2,0.9427,0.24988,16.041
3741.4,0.94317,0.25001,16.042
3741.6,0.94329,0.25146,16.042
3741.9,0.94329,0.25089,16.042
3742,0.94436,0.25114,16.042
3742.7,0.94193,0.25098,16.042
3742.7,0.94186,0.25123,NaN
3742.8,0.94212,0.25046,NaN
3742.9,0.94499,0.25121,16.042
3743,0.94484,0.25146,16.042
3743.3,0.94396,0.25074,16.042
3743.5,0.94401,0.25038,16.042
3744.1,0.94199,0.25108,16.043
3744.1,0.94291,0.2507,NaN
3744.1,0.94458,0.25159,NaN
3744.2,0.9411,0.2504,16.043
3744.5,0.94264,0.25084,16.043
3744.6,0.94309,0.25072,16.043
3744.8,0.94229,0.25102,16.043
3745.5,0.94486,0.25053,16.043
3745.6,0.94331,0.25235,16.043
3745.6,0.94236,0.25156,NaN
3745.6,0.94227,0.25144,NaN
3745.8,0.9441,0.25085,16.043
3746.1,0.94223,0.25154,16.043
3746.3,0.94393,0.25169,16.043
3746.9,0.94372,0.24991,16.043
3747,0.94189,0.25048,NaN
3747,0.94253,0.25113,NaN
3747,0.94259,0.25039,NaN
3747.3,0.94223,0.25114,16.043
3747.4,0.94288,0.25043,16.043
3747.6,0.94381,0.25075,16.043
3747.8,0.94309,0.25133,16.043
3748.3,0.94238,0.2506,16.044
3748.4,0.94239,0.252,NaN
3748.4,0.94557,0.25177,NaN
3748.6,0.94231,0.25143,16.044
3748.8,0.94372,0.25055,16.044
3749,0.94439,0.25145,16.044
3749.3,0.94372,0.25069,16.044
3749.8,0.94424,0.25128,16.044
3749.8,0.94191,0.25162,NaN
3749.8,0.94308,0.25007,NaN
3750,0.94293,0.25048,16.044
3750.3,0.94178,0.25049,16.044
3750.4,0.94394,0.25143,16.044
3750.7,0.9449,0.25094,16.044
3751.3,0.94352,0.25047,16.045
3751.3,0.94533,0.2501,NaN
3751.3,0.94474,0.25167,NaN
3751.4,0.94365,0.25161,16.045
3751.7,0.94388,0.25102,16.045
3751.9,0.94209,0.25086,16.045
3752,0.94225,0.25164,16.045
3752.7,0.94319,0.2513,16.045
3752.7,0.94203,0.25047,NaN
3752.7,0.94556,0.25153,NaN
3752.9,0.94254,0.25061,16.045
3753.1,0.9432,0.25096,16.045
3753.2,0.94299,0.25082,16.045
3753.4,0.94522,0.25101,16.045
3754.1,0.94117,0.2507,16.045
3754.2,0.94347,0.25083,NaN
3754.2,0.94181,0.25019,NaN
3754.2,0.94212,0.25063,NaN
3754.4,0.94284,0.25122,16.045
3754.6,0.94297,0.25131,16.045
3754.8,0.94275,0.25064,16.045
3755.1,0.94247,0.25059,16.045
3755.2,0.94272,0.25132,16.045
3755.8,0.94132,0.25048,16.044
3755.8,0.94378,0.25063,NaN
3755.8,0.94228,0.25002,NaN
3756,0.94221,0.25059,16.044
3756.2,0.94319,0.25094,16.044
3756.4,0.94247,0.25089,16.044
3756.7,0.94283,0.24967,16.044
3757.3,0.94181,0.25099,16.044
3757.3,0.94102,0.25065,NaN
3757.4,0.94131,0.25068,16.044
3757.4,0.9434,0.25125,16.044
3757.6,0.94259,0.25048,16.044
3757.8,0.94128,0.25068,16.044
3758.1,0.9414,0.25132,16.044
3758.7,0.94313,0.25019,16.044
3758.7,0.94325,0.25088,NaN
3758.7,0.94337,0.25093,NaN
3758.8,0.94094,0.2496,16.044
3759,0.94251,0.25002,16.044
3759.2,0.94308,0.25116,16.044
3759.4,0.94362,0.25028,16.044
3760.1,0.94269,0.25132,16.044
3760.2,0.94049,0.25035,16.044
3760.2,0.94257,0.25132,NaN
3760.3,0.93956,0.25032,16.044
3760.4,0.94216,0.25124,16.044
3760.6,0.943,0.25034,16.044
3760.9,0.94163,0.24977,16.044
3761.5,0.94238,0.25004,16.044
3761.5,0.94369,0.2507,NaN
3761.5,0.94095,0.25,NaN
3761.6,0.94378,0.25034,16.044
3761.9,0.9424,0.25032,16.044
3762.1,0.94347,0.25088,16.044
3762.3,0.94339,0.25054,16.044
3762.4,0.94387,0.24924,16.044
3762.6,0.94173,0.25061,16.044
3763.1,0.94195,0.25073,16.044
3763.2,0.94126,0.24983,NaN
3763.2,0.94316,0.25026,16.044
3763.5,0.94078,0.2492,16.044
3763.6,0.94296,0.25093,16.044
3763.8,0.94265,0.25041,16.045
3764,0.94241,0.24987,16.045
3764.6,0.94328,0.25047,16.045
3764.6,0.94336,0.25129,NaN
3764.7,0.94462,0.25107,NaN
3764.8,0.94238,0.24892,16.045
3765,0.9432,0.25135,16.046
3765.3,0.94404,0.2502,16.046
3765.4,0.9435,0.25018,16.046
3766,0.94129,0.25044,16.046
3766,0.94259,0.25091,16.047
3766.1,0.94454,0.24979,NaN
3766.2,0.94331,0.24956,16.047
3766.5,0.94486,0.25025,16.047
3766.6,0.94477,0.2505,16.047
3766.8,0.94182,0.24952,16.047
3767.4,0.94219,0.25061,16.047
3767.5,0.94128,0.24975,NaN
3767.5,0.94199,0.25001,NaN
3767.6,0.94105,0.24903,16.047
3767.9,0.94166,0.2513,16.047
3768,0.94115,0.25182,16.048
3768.2,0.94283,0.25063,16.048
3768.4,0.94368,0.25193,16.048
3769,0.943,0.25115,16.048
3769,0.94141,0.2498,NaN
3769,0.94375,0.25063,16.048
3769.3,0.94129,0.25146,16.048
3769.4,0.9424,0.25195,16.048
3769.6,0.94389,0.25053,16.048
3769.9,0.94373,0.25108,16.048
3770.4,0.94272,0.25069,16.048
3770.4,0.94206,0.25113,NaN
3770.4,0.94339,0.25092,NaN
3770.6,0.94548,0.25117,16.049
3770.9,0.94357,0.25046,16.049
3771.1,0.94315,0.25112,16.049
3771.2,0.94471,0.25036,16.049
3771.9,0.94023,0.25115,16.05
3772,0.94192,0.25073,NaN
3772,0.94304,0.2505,NaN
3772,0.94221,0.25036,16.05
3772.2,0.94213,0.25081,16.05
3772.4,0.94217,0.25103,16.05
3772.7,0.94262,0.2508,16.05
3773.3,0.94393,0.25127,16.051
3773.3,0.94403,0.25168,NaN
3773.3,0.9426,0.25017,NaN
3773.4,0.94236,0.25157,16.051
3773.7,0.94275,0.25063,16.051
3773.8,0.94377,0.2508,16.051
3774.1,0.94278,0.25113,16.051
3774.3,0.94122,0.25032,16.051
3774.8,0.94309,0.25105,16.051
3774.9,0.94561,0.25183,NaN
3774.9,0.94314,0.25101,NaN
3775.1,0.94316,0.25179,16.051
3775.3,0.94359,0.25042,16.052
3775.5,0.94267,0.25151,16.052
3775.6,0.94404,0.24997,16.052
3775.8,0.94347,0.25131,16.052
3776,0.94457,0.25046,16.052
3776.6,0.943,0.25115,16.053
3776.6,0.94159,0.2504,NaN
3776.6,0.94508,0.25157,NaN
3776.8,0.94387,0.25152,16.053
3777.1,0.94223,0.25094,16.053
3777.2,0.94338,0.24942,16.053
3777.4,0.94232,0.25108,16.053
3778.1,0.94283,0.25025,16.054
3778.1,0.94227,0.2504,NaN
3778.1,0.94321,0.25053,16.054
3778.3,0.94223,0.24941,16.054
3778.5,0.94442,0.2515,16.054
3778.6,0.94379,0.24968,16.054
3778.9,0.94473,0.25173,16.054
3779.4,0.94317,0.25068,16.055
3779.5,0.94322,0.25089,16.055
3779.5,0.94248,0.25054,NaN
3779.6,0.94216,0.25082,16.055
3779.8,0.94325,0.25047,16.055
3780.1,0.94434,0.25043,16.055
3780.2,0.94208,0.24999,16.055
3780.9,0.94088,0.25046,16.056
3780.9,0.94123,0.25109,NaN
3780.9,0.94348,0.25043,16.056
3781,0.94325,0.24937,16.056
3781.2,0.94319,0.25102,16.056
3781.4,0.94314,0.2521,16.056
3781.6,0.9446,0.25091,16.056
3782.3,0.94148,0.25229,16.058
3782.3,0.94388,0.25098,NaN
3782.4,0.94313,0.2512,NaN
3782.5,0.94326,0.2515,NaN
3782.6,0.94394,0.25071,16.058
3782.9,0.94269,0.25022,16.058
3783,0.94235,0.25086,16.058
3783.7,0.94194,0.25031,16.059
3783.7,0.94018,0.25071,NaN
3783.7,0.94176,0.25113,NaN
3783.8,0.94076,0.25134,16.059
3784,0.94418,0.2513,16.059
3784.3,0.94418,0.25161,16.059
3784.4,0.9446,0.25097,16.059
3784.6,0.94334,0.25175,16.059
3785.2,0.94368,0.25075,16.059
3785.2,0.94147,0.25047,NaN
3785.2,0.94229,0.25057,NaN
3785.4,0.94466,0.25104,16.059
3785.6,0.94552,0.25079,16.059
3785.8,0.94262,0.25111,16.059
3786.1,0.94268,0.25162,16.06
3786.7,0.94402,0.25176,16.06
3786.7,0.94297,0.2519,NaN
3786.7,0.94174,0.25091,NaN
3786.9,0.94298,0.25193,16.06
3787.1,0.94347,0.25088,16.06
3787.2,0.94381,0.2509,16.061
3787.4,0.94275,0.25118,16.061
3787.6,0.94316,0.25085,16.061
3788.3,0.94111,0.24959,16.061
3788.3,0.94228,0.25263,NaN
3788.3,0.94271,0.2512,NaN
3788.4,0.94293,0.25111,NaN
3788.7,0.94231,0.25181,16.062
3788.8,0.94228,0.2513,16.062
3789,0.94277,0.25082,16.062
3789.6,0.94237,0.25092,16.062
3789.6,0.94355,0.25032,16.062
3789.7,0.94209,0.25224,NaN
3789.8,0.94276,0.25139,16.062
3790.1,0.94216,0.25146,16.062
3790.2,0.94178,0.24985,16.062
3790.4,0.94206,0.25106,16.062
3791.1,0.94334,0.25271,16.063
3791.1,0.94307,0.25125,NaN
3791.2,0.94358,0.25258,NaN
3791.2,0.94122,0.25176,NaN
3791.4,0.94325,0.25121,16.063
3791.6,0.94361,0.25149,16.063
3791.8,0.943,0.25164,16.063
3792,0.94358,0.25213,16.064
3792.6,0.94336,0.25079,16.064
3792.6,0.944,0.25163,16.064
3792.6,0.94118,0.25173,NaN
3792.9,0.94304,0.25211,16.064
3793.1,0.94127,0.25091,16.064
3793.2,0.94305,0.25142,16.065
3793.5,0.94273,0.25213,16.065
3794.1,0.94201,0.25229,16.065
3794.2,0.94355,0.2522,NaN
3794.2,0.94283,0.25107,NaN
3794.2,0.94303,0.25193,NaN
3794.4,0.94368,0.25142,16.065
3794.7,0.94117,0.25248,16.065
3794.9,0.94362,0.25118,16.066
3795.5,0.94304,0.2507,16.066
3795.5,0.94164,0.2522,NaN
3795.6,0.94335,0.25204,NaN
3795.7,0.94398,0.25204,16.066
3795.8,0.94434,0.25035,16.066
3796,0.94332,0.25235,16.066
3796.3,0.94361,0.25192,16.066
3796.9,0.94203,0.2517,16.067
3797,0.94319,0.25133,16.067
3797,0.94467,0.25205,NaN
3797,0.94226,0.25207,NaN
3797.2,0.94213,0.25321,16.067
3797.4,0.94351,0.25221,16.067
3797.6,0.94334,0.25264,16.067
3797.9,0.94303,0.25156,16.068
3798.5,0.9418,0.25241,16.068
3798.5,0.9417,0.25214,NaN
3798.5,0.94282,0.25168,NaN
3798.6,0.94242,0.25164,16.068
3798.9,0.94266,0.25145,16.068
3799,0.94275,0.2516,16.068
3799.2,0.94178,0.25262,16.068
3799.5,0.94279,0.2516,16.068
3799.6,0.9437,0.25161,16.068
3800.2,0.94268,0.25233,16.069
3800.3,0.94238,0.25152,NaN
3800.3,0.94522,0.2514,NaN
3800.4,0.94293,0.25053,16.069
3800.7,0.94393,0.25185,16.069
3800.9,0.9442,0.2512,16.069
3801,0.94377,0.25254,16.069
3801.6,0.94423,0.25091,16.069
3801.7,0.94273,0.25086,NaN
3801.7,0.94428,0.2505,NaN
3801.9,0.94398,0.25195,16.069
3802,0.94499,0.25091,16.069
3802.3,0.94448,0.25217,16.069
3802.5,0.94427,0.25215,16.069
3803.1,0.9455,0.25123,16.069
3803.1,0.94321,0.25201,NaN
3803.1,0.94296,0.25141,NaN
3803.3,0.94529,0.25249,16.069
3803.4,0.94411,0.25197,16.069
3803.6,0.94374,0.25096,16.069
3803.8,0.94301,0.25149,16.069
3804,0.94281,0.25304,16.069
3804.5,0.9435,0.25155,16.069
3804.6,0.94299,0.25015,NaN
3804.6,0.94482,0.25131,16.069
3804.8,0.94343,0.25172,16.069
3805.1,0.94495,0.25271,16.069
3805.3,0.9432,0.25103,16.07
3805.4,0.94317,0.25205,16.07
3805.6,0.94283,0.25137,16.07
3806.3,0.94373,0.2527,16.07
3806.4,0.94275,0.25083,NaN
3806.4,0.9439,0.25073,NaN
3806.5,0.94185,0.25102,16.07
3806.6,0.94156,0.25103,16.07
3806.8,0.94208,0.25107,16.07
3807,0.94325,0.25135,16.07
3807.2,0.94326,0.25186,16.07
3807.8,0.94355,0.25271,16.07
3807.8,0.94433,0.25086,NaN
3807.8,0.94383,0.25155,NaN
3808.1,0.94354,0.25136,16.07
3808.2,0.94324,0.25078,16.07
3808.4,0.94215,0.25293,16.07
3808.7,0.94385,0.25093,16.07
3809.3,0.94126,0.25071,16.07
3809.3,0.94303,0.25193,NaN
3809.3,0.94173,0.25038,NaN
3809.4,0.94287,0.25169,NaN
3809.6,0.94194,0.25026,16.07
3809.9,0.94372,0.25065,16.07
3810.1,0.9428,0.25097,16.07
3810.2,0.94279,0.25112,16.07
3810.8,0.94231,0.25119,16.07
3810.8,0.94399,0.25115,NaN
3810.9,0.94132,0.25072,NaN
3811,0.94272,0.25179,16.07
3811.2,0.9418,0.25149,16.07
3811.5,0.94239,0.25142,16.07
3811.7,0.94359,0.25188,16.07
3812.3,0.943,0.25186,16.07
3812.3,0.94497,0.25117,NaN
3812.3,0.94218,0.25193,16.07
3812.4,0.94349,0.25124,16.07
3812.6,0.94089,0.25102,16.07
3812.9,0.94117,0.25149,16.071
3813,0.94217,0.25197,16.071
3813.7,0.94486,0.2505,16.071
3813.7,0.94341,0.2515,NaN
3813.8,0.94283,0.2508,16.072
3813.8,0.94365,0.25039,NaN
3814,0.94325,0.25162,16.072
3814.2,0.94244,0.24992,16.072
3814.4,0.94306,0.25099,16.072
3814.6,0.94252,0.25052,16.072
3815.2,0.94223,0.25103,16.073
3815.3,0.94261,0.25109,NaN
3815.3,0.94291,0.25228,NaN
3815.4,0.94241,0.25144,16.073
3815.6,0.94252,0.25142,16.073
3815.8,0.94321,0.25286,16.073
3816,0.94172,0.25045,16.073
3816.6,0.94356,0.25112,16.073
3816.6,0.94213,0.25083,NaN
3816.6,0.94403,0.25084,NaN
3816.8,0.93959,0.25177,16.073
3817,0.94314,0.25047,16.073
3817.2,0.9423,0.25194,16.073
3817.4,0.94415,0.25075,16.074
3818.1,0.94303,0.24994,16.074
3818.1,0.94255,0.25216,NaN
3818.1,0.94471,0.25065,NaN
3818.2,0.94093,0.25164,16.075
3818.4,0.94231,0.2509,16.075
3818.6,0.94306,0.2514,16.075
3818.8,0.94245,0.25069,16.075
3819.5,0.94405,0.25193,16.075
3819.5,0.94331,0.25187,NaN
3819.6,0.94154,0.25243,NaN
3819.6,0.94318,0.25056,NaN
3819.8,0.94237,0.25092,16.076
3820.1,0.94175,0.25178,16.076
3820.3,0.94324,0.25178,16.076
3820.4,0.94198,0.25151,16.076
3821,0.94258,0.25213,16.076
3821,0.9434,0.25266,NaN
3821.1,0.94315,0.25124,16.076
3821.2,0.9435,0.25133,16.076
3821.5,0.94395,0.25099,16.076
3821.7,0.94416,0.25105,16.076
3821.8,0.94435,0.25195,16.076
3822.4,0.94292,0.25115,16.077
3822.5,0.94276,0.25011,NaN
3822.5,0.94347,0.25009,16.077
3822.6,0.94386,0.25126,16.077
3822.9,0.94264,0.25008,16.078
3823,0.94253,0.2513,16.078
3823.2,0.9437,0.25207,16.078
3823.9,0.94293,0.25078,16.078
3823.9,0.94494,0.25078,NaN
3824,0.94328,0.2518,NaN
3824,0.94292,0.25023,16.079
3824.3,0.94155,0.25364,16.079
3824.4,0.94234,0.25076,16.079
3824.7,0.94149,0.25164,16.079
3824.8,0.94555,0.25185,16.079
3825,0.94348,0.25042,16.079
3825.2,0.94364,0.25168,16.079
3825.8,0.94383,0.25101,16.079
3825.8,0.94199,0.25171,NaN
3825.8,0.94237,0.25049,NaN
3826,0.94341,0.25045,16.079
3826.3,0.9426,0.25142,16.08
3826.5,0.94138,0.25233,16.08
3826.6,0.94238,0.25217,16.08
3827.3,0.94251,0.25074,16.081
3827.4,0.94423,0.25154,NaN
3827.4,0.94342,0.25161,NaN
3827.4,0.94207,0.25097,16.081
3827.6,0.94134,0.25144,16.081
3827.9,0.94299,0.25191,16.081
3828.1,0.94238,0.2513,16.081
3828.2,0.94269,0.25104,16.082
3828.8,0.94132,0.25211,16.083
3828.8,0.94219,0.25085,NaN
3828.9,0.94352,0.25133,NaN
3829,0.94105,0.25103,16.083
3829.2,0.94363,0.25158,16.084
3829.5,0.94332,0.25177,16.084
3829.6,0.94186,0.25098,16.084
3830.2,0.94396,0.2511,16.084
3830.2,0.94186,0.25242,NaN
3830.3,0.94284,0.25099,NaN
3830.4,0.94371,0.25201,16.084
3830.6,0.94218,0.25127,16.085
3830.9,0.94091,0.25089,16.085
3831.1,0.94036,0.25175,16.085
3831.7,0.94121,0.24988,16.085
3831.8,0.94317,0.25286,16.085
3831.8,0.94,0.25216,NaN
3831.8,0.94479,0.25155,NaN
3832.1,0.94414,0.25117,16.085
3832.2,0.94241,0.25272,16.085
3832.5,0.94194,0.25204,16.085
3832.7,0.94404,0.25089,16.085
3833.3,0.94337,0.2515,16.085
3833.3,0.9414,0.25211,NaN
3833.4,0.94436,0.25179,NaN
3833.5,0.94214,0.25229,16.085
3833.6,0.94335,0.2513,16.085
3833.8,0.94346,0.25232,16.085
3834,0.94153,0.25145,16.085
3834.2,0.94255,0.25113,16.086
3834.8,0.94036,0.25193,16.086
3834.8,0.93997,0.25167,NaN
3834.8,0.94292,0.25072,NaN
3835.1,0.94187,0.25225,16.086
3835.2,0.94289,0.25149,16.087
3835.5,0.94252,0.25094,16.087
3835.6,0.94362,0.25169,16.087
3836.3,0.94354,0.25048,16.087
3836.3,0.94194,0.25228,16.087
3836.3,0.94332,0.25061,NaN
3836.5,0.94193,0.25302,16.088
3836.6,0.94128,0.25136,16.088
3836.9,0.94275,0.25184,16.088
3837,0.94476,0.25335,16.088
3837.2,0.94293,0.25197,16.088
3837.8,0.94144,0.25291,16.089
3837.8,0.94068,0.25213,NaN
3837.9,0.94212,0.25218,NaN
3838,0.94238,0.25268,16.089
3838.3,0.94279,0.25156,16.089
3838.4,0.94226,0.25219,16.089
3838.6,0.93995,0.25247,16.089
3839.3,0.9415,0.25252,16.09
3839.3,0.9421,0.25085,NaN
3839.3,0.94179,0.25168,NaN
3839.4,0.94277,0.25287,16.09
3839.7,0.94388,0.25174,16.09
3839.9,0.94336,0.25303,16.09
3840,0.94158,0.25203,16.09
3840.2,0.94129,0.25198,16.09
3840.8,0.94387,0.25186,16.091
3840.8,0.94379,0.25129,NaN
3840.8,0.94234,0.25189,NaN
3841.1,0.94328,0.25141,16.091
3841.2,0.94334,0.25315,16.091
3841.4,0.94342,0.2521,16.091
3841.6,0.94467,0.25329,16.091
3842.3,0.94375,0.2507,16.091
3842.3,0.94418,0.2523,NaN
3842.3,0.94293,0.25184,NaN
3842.5,0.94232,0.25105,16.091
3842.6,0.94316,0.25156,16.092
3842.8,0.94266,0.2517,16.092
3843.1,0.9441,0.25319,16.092
3843.2,0.94431,0.25203,16.092
3843.8,0.94489,0.2521,16.093
3843.9,0.94526,0.25286,NaN
3843.9,0.9436,0.25148,NaN
3844,0.94245,0.25175,16.093
3844.3,0.9442,0.25173,16.093
3844.5,0.94279,0.2517,16.093
3844.6,0.9421,0.25272,16.094
3844.8,0.94098,0.25181,16.094
3845.5,0.94174,0.2521,16.094
3845.5,0.94257,0.25156,16.094
3845.5,0.94381,0.25114,NaN
3845.6,0.94169,0.25235,16.094
3845.9,0.94139,0.25334,16.094
3846.1,0.94256,0.25211,16.094
3846.2,0.94258,0.25295,16.094
3846.9,0.94274,0.25119,16.095
3846.9,0.94401,0.25194,NaN
3846.9,0.94296,0.25144,NaN
3847,0.94036,0.25193,16.095
3847.2,0.94239,0.25193,16.095
3847.4,0.94033,0.25218,16.096
3847.7,0.94149,0.25292,16.096
3848.3,0.9402,0.25208,16.097
3848.3,0.94262,0.25149,NaN
3848.4,0.94385,0.25233,NaN
3848.5,0.94429,0.25107,16.097
3848.6,0.94247,0.25088,16.097
3848.8,0.94235,0.25216,16.097
3849,0.9414,0.25065,16.097
3849.2,0.9426,0.2525,16.097
3849.8,0.94147,0.2524,16.097
3849.8,0.94495,0.25267,NaN
3849.9,0.94186,0.25144,NaN
3850,0.94163,0.2519,16.097
3850.2,0.94253,0.25133,16.097
3850.5,0.94136,0.25211,16.097
3850.6,0.93987,0.25154,16.097
3851.3,0.94195,0.2509,16.097
3851.3,0.94171,0.25238,NaN
3851.3,0.94253,0.25155,NaN
3851.4,0.9431,0.25132,16.097
3851.7,0.94288,0.25129,16.097
3851.8,0.94044,0.25178,16.098
3852.1,0.9416,0.25069,16.098
3852.2,0.94293,0.25203,16.098
3852.4,0.94311,0.25226,16.098
3853,0.94208,0.25229,16.098
3853,0.94417,0.25179,NaN
3853,0.94224,0.25224,16.098
3853.2,0.94431,0.25238,16.098
3853.5,0.94109,0.25064,16.098
3853.7,0.94246,0.25084,16.098
3853.8,0.94556,0.25279,16.098
3854.5,0.94186,0.25177,16.098
3854.5,0.94226,0.25131,NaN
3854.5,0.94433,0.25151,NaN
3854.7,0.94378,0.25185,16.098
3854.9,0.94384,0.25093,16.098
3855,0.94407,0.25147,16.098
3855.3,0.94364,0.25245,16.098
3855.9,0.94194,0.25169,16.098
3855.9,0.94201,0.2513,16.098
3856,0.94326,0.25243,NaN
3856.1,0.94013,0.25094,16.098
3856.2,0.94407,0.25188,16.098
3856.5,0.94155,0.25181,16.098
3856.6,0.94163,0.25178,16.098
3856.8,0.94195,0.25094,16.098
3857.4,0.94271,0.25143,16.098
3857.5,0.94338,0.2522,16.098
3857.5,0.94188,0.25126,NaN
3857.6,0.94265,0.252,16.098
3857.8,0.94375,0.25112,16.098
3858.1,0.9419,0.25149,16.098
3858.2,0.94297,0.25203,16.098
3858.4,0.94332,0.25145,16.098
3859,0.94179,0.25187,16.098
3859,0.94019,0.25175,NaN
3859.1,0.94398,0.25258,NaN
3859.2,0.94284,0.25117,16.098
3859.5,0.94369,0.25082,16.098
3859.6,0.94362,0.25151,16.098
3859.8,0.94265,0.25167,16.098
3860.5,0.94276,0.25141,16.098
3860.5,0.94252,0.25092,NaN
3860.5,0.94307,0.25139,NaN
3860.6,0.94338,0.25129,16.098
3860.9,0.94332,0.25091,16.098
3861,0.94452,0.25149,16.098
3861.2,0.9438,0.25166,16.098
3861.4,0.9424,0.25127,16.098
3862.1,0.94219,0.25127,16.099
3862.1,0.94113,0.25146,NaN
3862.1,0.94195,0.25189,NaN
3862.3,0.94267,0.25092,16.099
3862.4,0.94266,0.25155,16.099
3862.6,0.94363,0.25152,16.099
3862.9,0.94313,0.25287,16.099
3863.1,0.94189,0.25166,16.099
3863.6,0.94168,0.25071,16.099
3863.6,0.94205,0.25278,NaN
3863.6,0.94144,0.25221,NaN
3863.9,0.9432,0.25071,16.099
3864.1,0.94295,0.25113,16.099
3864.2,0.94306,0.25224,16.099
3864.4,0.9432,0.25159,16.099
3864.7,0.94429,0.25297,16.1
3864.8,0.94242,0.25121,16.1
3865.4,0.94084,0.25224,16.1
3865.4,0.94355,0.25175,NaN
3865.5,0.94293,0.25068,NaN
3865.6,0.94109,0.25174,16.101
3865.9,0.94117,0.25167,16.101
3866,0.94266,0.25214,16.101
3866.3,0.94201,0.25144,16.101
3866.9,0.94373,0.25221,16.102
3866.9,0.94276,0.25179,NaN
3866.9,0.94341,0.25144,NaN
3867,0.94328,0.25355,16.102
3867.2,0.94069,0.25097,16.102
3867.5,0.94327,0.25095,16.102
3867.6,0.94247,0.25208,16.102
3867.8,0.94312,0.25197,16.102
3868.4,0.94276,0.25236,16.102
3868.4,0.94291,0.25143,NaN
3868.4,0.94375,0.25234,NaN
3868.6,0.9428,0.25245,16.102
3868.8,0.94504,0.25215,16.102
3869.1,0.94452,0.2525,16.103
3869.2,0.94409,0.25232,16.103
3869.9,0.94094,0.25283,16.104
3870,0.9455,0.25255,NaN
3870,0.94324,0.25162,NaN
3870,0.94442,0.25215,NaN
3870.2,0.94223,0.25247,16.104
3870.5,0.94208,0.25282,16.104
3870.6,0.94252,0.25146,16.104
3870.8,0.94277,0.25151,16.104
3871.5,0.94282,0.25275,16.105
3871.5,0.94138,0.2518,NaN
3871.5,0.94239,0.25202,NaN
3871.7,0.94195,0.25121,16.105
3871.9,0.9438,0.25148,16.105
3872,0.94428,0.25193,16.105
3872.2,0.94309,0.25267,16.105
3872.5,0.94462,0.25194,16.105
3873,0.94401,0.25186,16.105
3873.1,0.94254,0.25206,NaN
3873.1,0.9422,0.25125,NaN
3873.3,0.94337,0.2513,16.105
3873.4,0.94169,0.2515,16.105
3873.6,0.94354,0.252,16.106
3873.9,0.94354,0.25131,16.106
3874,0.94284,0.25172,16.106
3874.6,0.94375,0.25272,16.107
3874.6,0.94153,0.25052,NaN
3874.6,0.94404,0.25133,NaN
3874.8,0.94282,0.25216,16.107
3875,0.94118,0.25236,16.107
3875.3,0.94187,0.25184,16.108
3875.5,0.94412,0.25059,16.108
3876.1,0.94301,0.25148,16.109
3876.2,0.942,0.25123,NaN
3876.2,0.94245,0.25251,NaN
3876.3,0.94388,0.25119,16.109
3876.4,0.9441,0.25203,16.109
3876.7,0.94093,0.2516,16.109
3876.9,0.94308,0.25107,16.109
3877,0.9426,0.25245,16.109
3877.6,0.94268,0.25191,16.109
3877.6,0.94049,0.25216,NaN
3877.6,0.9415,0.25139,NaN
3877.9,0.94139,0.25166,16.109
3878,0.94146,0.25336,16.109
3878.2,0.94149,0.25159,16.11
3878.5,0.94371,0.25233,16.11
3879.1,0.94155,0.25252,16.11
3879.1,0.94376,0.25104,NaN
3879.2,0.94106,0.25159,NaN
3879.2,0.94303,0.25199,16.11
3879.5,0.94354,0.25209,16.11
3879.7,0.94035,0.25243,16.11
3879.8,0.94071,0.25271,16.11
3880.1,0.94208,0.25128,16.11
3880.6,0.94138,0.2516,16.111
3880.6,0.94209,0.25195,NaN
3880.7,0.94106,0.2533,NaN
3880.9,0.9415,0.25302,16.111
3881,0.94215,0.25262,16.111
3881.2,0.94306,0.25283,16.111
3881.5,0.94401,0.25237,16.112
3881.6,0.9429,0.25284,16.112
3882.1,0.94369,0.25237,16.112
3882.2,0.94261,0.25273,NaN
3882.3,0.94323,0.25256,16.112
3882.4,0.94463,0.25344,16.112
3882.7,0.94213,0.25355,16.113
3882.8,0.94231,0.25176,16.113
3883,0.94397,0.25337,16.113
3883.6,0.94417,0.25282,16.113
3883.7,0.94063,0.25172,16.113
3883.7,0.94153,0.25203,NaN
3883.8,0.94196,0.25178,16.113
3884.1,0.94168,0.25273,16.113
3884.2,0.94119,0.25273,16.114
3884.4,0.94273,0.25126,16.114
3884.6,0.94226,0.25213,16.114
3885.2,0.94305,0.25231,16.114
3885.2,0.94258,0.25144,NaN
3885.3,0.94345,0.25118,16.115
3885.4,0.94118,0.25278,16.115
3885.6,0.94124,0.25303,16.115
3885.8,0.9421,0.25255,16.115
3886,0.94213,0.2523,16.115
3886.7,0.9424,0.25246,16.116
3886.8,0.94278,0.25263,NaN
3886.8,0.94344,0.25253,NaN
3886.8,0.94322,0.2536,NaN
3887,0.94154,0.25328,16.116
3887.3,0.94524,0.25225,16.116
3887.4,0.9424,0.2534,16.116
3887.6,0.94303,0.25297,16.116
3888.1,0.94187,0.25249,16.116
3888.2,0.94223,0.25365,NaN
3888.2,0.94319,0.25247,16.116
3888.4,0.94435,0.25281,16.116
3888.6,0.94218,0.25265,16.116
3888.9,0.94358,0.25206,16.117
3889,0.9439,0.25297,16.117
3889.7,0.94305,0.25394,16.117
3889.7,0.94437,0.25139,NaN
3889.8,0.9416,0.25246,NaN
3889.8,0.94236,0.25323,NaN
3890.1,0.94384,0.25173,16.118
3890.3,0.94295,0.25369,16.118
3890.4,0.94293,0.2529,16.118
3890.7,0.9429,0.25282,16.118
3891.3,0.94311,0.25191,16.119
3891.3,0.94371,0.25414,NaN
3891.3,0.94317,0.25395,NaN
3891.5,0.94408,0.25392,16.119
3891.7,0.94124,0.25207,16.119
3891.8,0.94347,0.25213,16.119
3892,0.9429,0.25221,16.119
3892.3,0.94273,0.25275,16.119
3892.8,0.94382,0.25185,16.119
3892.9,0.94336,0.25283,16.119
3892.9,0.94382,0.25382,NaN
3893,0.94232,0.2523,16.119
3893.2,0.94076,0.2525,16.119
3893.4,0.94151,0.25207,16.119
3893.6,0.94015,0.25321,16.119
3894.3,0.94175,0.25317,16.12
3894.4,0.94375,0.25367,NaN
3894.4,0.94326,0.25238,16.121
3894.4,0.94437,0.25147,NaN
3894.7,0.94212,0.25359,16.121
3894.8,0.94325,0.25315,16.121
3895,0.94312,0.25318,16.122
3895.3,0.94204,0.25228,16.122
3895.9,0.94361,0.25242,16.122
3895.9,0.94315,0.25286,NaN
3895.9,0.94215,0.25396,NaN
3896,0.94519,0.25312,NaN
3896.2,0.94306,0.25233,16.122
3896.5,0.94282,0.25402,16.122
3896.6,0.94263,0.252,16.122
3896.8,0.94369,0.25345,16.122
3897.4,0.94132,0.25154,16.123
3897.4,0.94321,0.25273,NaN
3897.5,0.94477,0.25231,NaN
3897.6,0.94227,0.25304,16.123
3897.8,0.94223,0.25187,16.123
3898,0.94181,0.2519,16.123
3898.2,0.94287,0.25351,16.123
3899,0.94281,0.25254,16.123
3899,0.94127,0.25289,NaN
3899,0.94175,0.25268,NaN
3899.1,0.94392,0.25281,NaN
3899.2,0.94332,0.25297,16.123
3899.4,0.94066,0.25304,16.123
3899.6,0.94228,0.2547,16.123
3899.9,0.94109,0.25296,16.123
3900.1,0.94292,0.25328,16.123
3900.6,0.94258,0.25381,16.124
3900.7,0.94358,0.25208,NaN
3900.7,0.94169,0.25214,NaN
3900.9,0.94074,0.25177,16.124
3901,0.94117,0.25342,16.124
3901.3,0.94434,0.25285,16.125
3901.4,0.94301,0.25346,16.125
3902.1,0.94197,0.25295,16.125
3902.1,0.94248,0.25343,NaN
3902.1,0.9437,0.25324,16.125
3902.2,0.94183,0.25297,16.125
3902.4,0.94238,0.25263,16.125
3902.7,0.94472,0.25244,16.125
3902.8,0.94361,0.25371,16.125
3903,0.94225,0.25242,16.125
3903.3,0.94252,0.25274,16.125
3903.8,0.94302,0.25311,16.125
3903.8,0.94186,0.25304,NaN
3903.9,0.94209,0.25357,16.125
3904,0.9423,0.25284,16.125
3904.2,0.94288,0.25307,16.125
3904.5,0.94285,0.2533,16.125
3904.6,0.94223,0.25431,16.125
3905.3,0.94226,0.25276,16.125
3905.3,0.94058,0.25197,NaN
3905.3,0.94331,0.25238,NaN
3905.4,0.94357,0.25246,16.126
3905.7,0.94082,0.2524,16.126
3905.8,0.94136,0.25351,16.126
3906,0.94405,0.25182,16.126
3906.2,0.94325,0.25372,16.126
3906.9,0.94507,0.25299,16.126
3906.9,0.94315,0.25287,NaN
3907,0.94312,0.25147,16.126
3907.1,0.94464,0.25225,NaN
3907.3,0.94275,0.25221,16.126
3907.5,0.93989,0.25203,16.126
3907.7,0.94233,0.2522,16.126
3907.8,0.94314,0.25342,16.126
3908.5,0.94283,0.25233,16.126
3908.5,0.94173,0.2526,NaN
3908.5,0.94218,0.25285,NaN
3908.6,0.94284,0.25259,16.126
3908.9,0.9418,0.25232,16.126
3909,0.94086,0.25256,16.126
3909.3,0.94182,0.25331,16.126
3909.9,0.94171,0.2525,16.126
3910,0.94331,0.25316,16.126
3910,0.94184,0.25151,NaN
3910,0.94319,0.25293,NaN
3910.2,0.94258,0.25346,16.126
3910.5,0.94267,0.25107,16.126
3910.6,0.94296,0.25312,16.126
3910.8,0.94259,0.25208,16.126
3911,0.94133,0.25267,16.126
3911.2,0.94068,0.25253,16.126
3911.8,0.94346,0.2531,16.126
3911.8,0.94309,0.25179,NaN
3911.9,0.94198,0.25272,NaN
3912,0.94262,0.25413,16.126
3912.2,0.94277,0.25233,16.126
