0.18233,0.99047,0.99544,0
0.23676,0.99161,0.99437,NaN
0.44598,0.99136,0.99495,0
0.66032,0.99128,0.99483,0
0.8468,0.99184,0.99474,0
1.0377,0.99152,0.99675,0
1.2479,0.99162,0.99439,0
1.4548,0.99225,0.99625,0
1.7718,0.99027,0.99596,0
1.9623,0.99098,0.99499,0
2.0424,0.99206,0.99498,0
2.2383,0.9912,0.99596,0
2.4311,0.99115,0.99585,0
2.6455,0.99063,0.99507,0
2.854,0.99189,0.99506,0
3.0569,0.99292,0.99579,0
3.2388,0.99154,0.99613,NaN
3.4418,0.99165,0.99401,0
3.6534,0.99101,0.99558,0
3.8538,0.99189,0.99538,0.0001
4.0413,0.99247,0.99467,0.0002
4.2288,0.99174,0.99618,0.0007
4.4559,0.99196,0.99533,0.0011
4.6357,0.99148,0.99528,0.0016
4.8454,0.99299,0.99532,0.0023
5.0438,0.99246,0.99639,0.0023
5.2564,0.99265,0.99682,0.0025
5.448,0.99176,0.99509,0.0027
5.6379,0.99088,0.99596,0.0034
5.8343,0.99139,0.99604,0.0036
6.0403,0.99261,0.99544,0.0039
6.2618,0.99108,0.9962,0.0045
6.4545,0.99069,0.99581,0.005
6.6539,0.99156,0.99578,0.0053
6.8566,0.99111,0.99494,0.0056
7.0567,0.99098,0.99609,0.0058
7.2446,0.99169,0.99558,0.0059
7.446,0.99166,0.99609,0.0063
7.6372,0.99282,0.99503,0.0067
7.8477,0.992,0.99584,0.0072
8.0562,0.99184,0.99456,0.0082
8.2538,0.99066,0.99601,0.0103
8.4552,0.99214,0.99602,0.0113
8.6298,0.992,0.99577,0.0121
8.8448,0.99192,0.99612,0.0127
9.0492,0.99199,0.99578,0.013
9.2413,0.99204,0.99657,0.0134
9.4584,0.99199,0.99611,0.0137
9.6516,0.99127,0.99565,0.0143
9.8536,0.9924,0.99579,0.0147
10.053,0.99198,0.99673,0.0151
10.248,0.99201,0.99525,0.0154
10.43,0.99174,0.99507,0.0158
10.655,0.99234,0.99436,0.0163
10.839,0.99175,0.99568,0.0168
11.055,0.99152,0.99509,0.0173
11.257,0.99194,0.99504,0.0178
11.453,0.99142,0.99646,0.0183
11.643,0.99153,0.99585,0.0189
11.855,0.99209,0.99413,0.0195
12.039,0.99075,0.99476,0.0224
12.243,0.99288,0.99502,0.0233
12.433,0.99199,0.99556,0.0251
12.631,0.99145,0.9957,0.0258
12.857,0.9927,0.99378,0.0262
13.053,0.99218,0.9952,0.0266
13.25,0.99247,0.99509,0.0269
13.44,0.99169,0.99555,0.0272
13.651,0.99032,0.99459,0.0275
13.849,0.99198,0.99477,0.0276
14.049,0.99149,0.99509,0.0279
14.246,0.99158,0.99292,0.0281
14.441,0.99197,0.99471,0.0283
14.639,0.99198,0.99473,0.0285
14.847,0.99188,0.99442,0.0288
15.037,0.99218,0.99596,0.0291
15.249,0.99262,0.99526,0.0295
15.44,0.99195,0.99717,0.0299
15.642,0.99248,0.99679,0.0303
15.841,0.99209,0.99652,0.0307
16.064,0.99293,0.99649,0.0312
16.244,0.99078,0.99535,0.0317
16.434,0.99104,0.99783,0.0322
16.629,0.99178,0.99753,0.0336
16.839,0.99164,0.9964,0.0366
17.029,0.99237,0.99583,0.038
17.232,0.99344,0.99586,0.0392
17.442,0.99109,0.99582,0.0399
17.651,0.99138,0.99715,0.0405
17.858,0.99181,0.99771,0.0414
18.054,0.99167,0.99645,0.042
18.256,0.99241,0.99603,0.0425
18.445,0.99131,0.99752,0.043
18.644,0.99174,0.99749,0.0435
18.851,0.99188,0.99681,0.044
19.038,0.99177,0.99689,0.0446
19.236,0.99266,0.99682,0.0455
19.433,0.99265,0.996,0.0482
19.654,0.99187,0.9974,0.0502
19.855,0.99217,0.99672,0.0515
20.043,0.99159,0.99722,0.0525
20.255,0.993,0.99663,0.0535
20.454,0.99233,0.99708,0.0544
20.651,0.99184,0.99747,0.0551
20.858,0.99182,0.99808,0.056
21.057,0.99251,0.99735,0.0565
21.253,0.99161,0.9968,0.0571
21.455,0.9924,0.99639,0.0576
21.648,0.99238,0.99585,0.0578
21.848,0.9925,0.99636,0.058
22.055,0.99171,0.99585,0.0582
22.255,0.99176,0.99745,0.0583
22.456,0.99203,0.99732,0.0585
22.657,0.99206,0.99694,0.0588
22.846,0.99237,0.99578,0.059
23.052,0.99212,0.99628,0.0593
23.255,0.9918,0.99608,0.0596
23.432,0.99072,0.9979,0.06
23.628,0.99281,0.99586,0.0604
23.855,0.99166,0.99728,0.0609
24.055,0.99147,0.99702,0.0617
24.256,0.99175,0.99811,0.0623
24.433,0.99325,0.99788,0.0629
24.659,0.99265,0.99733,0.0636
24.856,0.9917,0.99741,0.0643
25.04,0.99199,0.99687,0.0649
25.252,0.99305,0.99691,0.0656
25.453,0.99241,0.99802,0.0664
25.647,0.99166,0.99803,0.0672
25.849,0.99113,0.99618,0.068
26.043,0.99215,0.99696,0.0689
26.239,0.99337,0.99827,0.0697
26.429,0.99232,0.99665,0.0716
26.644,0.99168,0.9966,0.0736
26.837,0.99168,0.99697,0.0761
27.036,0.99225,0.99776,0.0781
27.247,0.99248,0.99577,0.0801
27.436,0.99237,0.99788,0.0813
27.636,0.99299,0.99588,0.0823
27.855,0.99136,0.99702,0.0832
28.055,0.99148,0.9971,0.0838
28.254,0.99282,0.99753,0.0844
28.455,0.99146,0.99668,0.0849
28.648,0.99181,0.99621,0.0855
28.838,0.99263,0.99767,0.0859
29.057,0.99284,0.99787,0.0863
29.255,0.9929,0.99828,0.0865
29.474,0.99242,0.99734,0.0866
29.634,0.991,0.99724,0.0867
29.852,0.99132,0.99737,0.0869
30.053,0.99054,0.99812,0.0871
30.258,0.99148,0.99758,0.0873
30.446,0.99301,0.99804,0.0877
30.658,0.99217,0.99831,0.088
30.853,0.99192,0.99671,0.0884
31.054,0.99236,0.99742,0.0889
31.245,0.99092,0.99766,0.0894
31.455,0.99125,0.99769,0.09
31.655,0.99177,0.99756,0.0906
31.854,0.99129,0.99783,0.0913
32.048,0.99127,0.997,0.0918
32.254,0.99164,0.99829,0.0928
32.44,0.99213,0.99836,0.0935
32.646,0.99187,0.99821,0.0943
32.861,0.99137,0.99734,0.0951
33.047,0.99247,0.99826,0.0962
33.242,0.99123,0.99721,0.0999
33.435,0.99257,0.99786,0.1016
33.64,0.99182,0.99667,0.1027
33.852,0.99165,0.99742,0.1038
34.054,0.99236,0.99701,0.1047
34.242,0.99206,0.99817,0.1057
34.439,0.99306,0.99654,0.1063
34.645,0.99339,0.9973,0.1069
34.839,0.99258,0.99793,0.1072
35.035,0.99193,0.99853,0.1076
35.258,0.99217,0.998,0.1078
35.44,0.99113,0.99754,0.1082
35.655,0.9915,0.99722,0.1085
35.855,0.9932,0.99752,0.1087
36.054,0.99163,0.99689,0.1092
36.253,0.99148,0.99785,0.1096
36.456,0.99161,0.99846,0.1099
36.655,0.99208,0.99704,0.1101
36.84,0.99264,0.99714,0.1103
37.046,0.99142,0.99813,0.1104
37.242,0.99297,0.99676,0.1106
37.437,0.99235,0.99755,0.1107
37.634,0.99173,0.99744,0.1109
37.849,0.99169,0.99752,0.1111
38.036,0.99099,0.99819,0.1115
38.26,0.99107,0.99655,0.1116
38.456,0.99358,0.99846,0.1121
38.649,0.99248,0.99702,0.1125
38.842,0.99208,0.99748,0.1129
39.038,0.99278,0.99713,0.1133
39.245,0.99166,0.99765,0.1138
39.438,0.99206,0.99613,0.1144
39.639,0.99197,0.99732,0.115
39.845,0.99183,0.99785,0.1157
40.048,0.99209,0.99713,0.1163
40.251,0.99234,0.99732,0.117
40.457,0.99201,0.99731,0.1178
40.655,0.99174,0.99718,0.1185
40.842,0.9923,0.99784,0.1193
41.056,0.99227,0.99813,0.1205
41.253,0.99243,0.99773,0.1223
41.456,0.99162,0.99831,0.1258
41.639,0.99201,0.99789,0.1275
41.828,0.99119,0.99758,0.1287
42.06,0.99315,0.99818,0.1296
42.24,0.99123,0.99718,0.1303
42.455,0.99161,0.99794,0.1312
42.652,0.99247,0.99747,0.132
42.844,0.9921,0.99784,0.1333
43.039,0.99263,0.99833,0.134
43.235,0.99288,0.99844,0.1344
43.445,0.99224,0.99857,0.1346
43.651,0.99163,0.99709,0.1348
43.841,0.99141,0.99798,0.1349
44.055,0.99091,0.99863,0.1351
44.248,0.99263,0.99737,0.1352
44.455,0.99232,0.99747,0.1354
44.658,0.99279,0.99717,0.1356
44.858,0.99098,0.99866,0.1359
45.037,0.99166,0.99769,0.1362
45.254,0.99224,0.99729,0.1366
45.437,0.99276,0.99742,0.1371
45.629,0.99269,0.99817,0.1376
45.859,0.99353,0.99665,0.1381
46.037,0.99192,0.99635,0.1387
46.259,0.9923,0.99637,0.1394
46.44,0.99248,0.99692,0.1401
46.655,0.99263,0.99687,0.1411
46.85,0.99175,0.99651,0.1418
47.054,0.99167,0.99661,0.1425
47.252,0.99187,0.99616,0.1432
47.447,0.99155,0.99629,0.144
47.661,0.99196,0.99556,0.1448
47.85,0.99228,0.99588,0.1457
48.048,0.99176,0.9956,0.147
48.251,0.99167,0.99525,0.151
48.457,0.99083,0.99578,0.1529
48.654,0.99057,0.99446,0.1541
48.84,0.99092,0.99527,0.155
49.029,0.99231,0.9964,0.1558
49.231,0.99149,0.99626,0.1568
49.435,0.99133,0.99572,0.1585
49.652,0.9919,0.9957,0.1596
49.838,0.99165,0.99557,0.1608
50.058,0.99236,0.99362,0.1615
50.249,0.99193,0.99455,0.1621
50.451,0.99162,0.99606,0.1625
50.651,0.9918,0.99445,0.1629
50.855,0.99152,0.99564,0.1632
51.048,0.99232,0.99588,0.1635
51.248,0.99124,0.99387,0.1638
51.448,0.99131,0.99407,0.1641
51.63,0.9914,0.99306,0.1644
51.851,0.99139,0.9944,0.1652
52.049,0.99216,0.9924,0.1659
52.255,0.99078,0.99376,0.1666
52.45,0.99192,0.9937,0.167
52.648,0.99248,0.99215,0.1673
52.853,0.9926,0.99225,0.1678
53.052,0.99154,0.99088,0.1682
53.257,0.99005,0.99152,0.1686
53.455,0.99184,0.99223,0.1691
53.654,0.99182,0.99265,0.1696
53.838,0.99108,0.99158,0.1701
54.046,0.99151,0.99241,0.1707
54.254,0.99012,0.99038,0.1712
54.458,0.99244,0.99175,0.1718
54.675,0.9912,0.99093,0.1734
54.848,0.99199,0.99137,0.1767
55.069,0.99167,0.99009,0.1789
55.266,0.99272,0.9916,0.1798
55.454,0.99164,0.99205,0.1804
55.672,0.99176,0.99139,0.181
55.853,0.99176,0.99143,0.1816
56.045,0.99097,0.98944,0.1822
56.246,0.99121,0.99097,0.1828
56.431,0.99164,0.99031,0.1833
56.66,0.99174,0.98903,0.1838
56.856,0.99226,0.9919,0.1843
57.053,0.99174,0.99136,0.1851
57.246,0.99089,0.99256,0.1871
57.439,0.99092,0.99232,0.1885
57.63,0.99159,0.99137,0.1894
57.853,0.99148,0.99109,0.1898
58.053,0.99243,0.99222,0.1902
58.248,0.99299,0.99194,0.1905
58.439,0.9911,0.99024,0.1907
58.656,0.99165,0.98926,0.1911
58.852,0.99208,0.99247,0.1912
59.056,0.99182,0.99152,0.1913
59.24,0.99078,0.99097,0.1913
59.456,0.9915,0.99254,0.1913
59.653,0.99251,0.99058,0.1915
59.842,0.99084,0.99322,0.1918
60.052,0.99067,0.99372,0.1921
60.251,0.99277,0.99025,0.1924
60.455,0.98998,0.99001,0.1928
60.63,0.99207,0.99107,0.1932
60.846,0.9921,0.99224,0.1937
61.058,0.99119,0.99288,0.1942
61.238,0.99287,0.99282,0.195
61.451,0.99066,0.99133,0.1955
61.648,0.9928,0.99349,0.1961
61.856,0.98998,0.99232,0.1966
62.055,0.9926,0.99391,0.1975
62.248,0.99128,0.99257,0.1998
62.456,0.99161,0.99322,0.2015
62.652,0.99242,0.9936,0.2025
62.854,0.99237,0.99381,0.2033
63.064,0.99217,0.99367,0.204
63.252,0.99225,0.9935,0.2047
63.46,0.99258,0.99528,0.2059
63.659,0.9922,0.99475,0.2069
63.853,0.99107,0.99427,0.2078
64.052,0.99151,0.99334,0.2089
64.256,0.99303,0.99485,0.2096
64.458,0.99247,0.99197,0.2102
64.645,0.99124,0.99315,0.2106
64.855,0.99126,0.99426,0.211
65.039,0.99177,0.99354,0.2114
65.254,0.99151,0.99332,0.2121
65.448,0.99112,0.99305,0.2125
65.65,0.99159,0.99435,0.2128
65.849,0.99204,0.99309,0.213
66.048,0.99282,0.99361,0.2132
66.251,0.99272,0.99359,0.2133
66.474,0.99157,0.99501,0.2134
66.652,0.99124,0.99309,0.2135
66.839,0.99216,0.99449,0.2137
67.029,0.99288,0.99348,0.2139
67.243,0.99126,0.99395,0.2143
67.435,0.99199,0.99452,0.2147
67.635,0.99138,0.99513,0.2153
67.84,0.9919,0.99355,0.2159
68.05,0.99143,0.99393,0.2164
68.26,0.99164,0.99548,0.2171
68.455,0.99216,0.99524,0.2177
68.655,0.9925,0.99518,0.2184
68.844,0.99128,0.99602,0.219
69.047,0.9912,0.99431,0.2197
69.245,0.99142,0.99509,0.2205
69.439,0.99273,0.99458,0.2212
69.643,0.99164,0.99489,0.222
69.838,0.99084,0.99425,0.2254
70.031,0.99168,0.99563,0.2279
70.255,0.99124,0.99411,0.2301
70.439,0.99157,0.99471,0.231
70.642,0.99259,0.99631,0.2319
70.839,0.99322,0.99502,0.2328
71.028,0.99152,0.99564,0.2345
71.232,0.99212,0.99606,0.2357
71.448,0.99143,0.99434,0.2366
71.649,0.9915,0.99697,0.2374
71.848,0.99297,0.99611,0.2381
72.051,0.99248,0.99561,0.2388
72.257,0.992,0.99492,0.2392
72.454,0.99067,0.99527,0.2395
72.655,0.99097,0.99589,0.2398
72.85,0.99135,0.99516,0.2401
73.043,0.99199,0.9951,0.2403
73.26,0.99238,0.99497,0.2405
73.45,0.99154,0.99459,0.2406
73.658,0.99318,0.99578,0.2408
73.833,0.99318,0.99522,0.2411
74.028,0.99122,0.99514,0.2413
74.238,0.99137,0.99658,0.2416
74.431,0.99107,0.99611,0.2419
74.647,0.99193,0.99432,0.2422
74.845,0.99291,0.99621,0.2427
75.054,0.99073,0.9943,0.2432
75.24,0.99255,0.99536,0.2438
75.433,0.99184,0.99641,0.2444
75.643,0.99082,0.99531,0.245
75.839,0.99125,0.99344,0.2457
76.033,0.99222,0.99593,0.2464
76.257,0.99234,0.99473,0.2476
76.441,0.99205,0.99521,0.2507
76.651,0.99138,0.99543,0.2532
76.849,0.99213,0.99459,0.2545
77.044,0.9924,0.99529,0.2558
77.258,0.99214,0.99625,0.2566
77.463,0.99153,0.99504,0.2575
77.656,0.99305,0.99465,0.2585
77.847,0.99047,0.99482,0.2603
78.078,0.99095,0.99473,0.2615
78.249,0.99126,0.99619,0.2629
78.45,0.99058,0.99456,0.2634
78.653,0.9913,0.99549,0.2647
78.849,0.99189,0.995,0.2654
79.066,0.99139,0.99456,0.2662
79.248,0.99232,0.99549,0.2669
79.441,0.99212,0.99486,0.2674
79.639,0.99201,0.99504,0.2677
79.846,0.99172,0.99391,0.268
80.045,0.9927,0.9956,0.2682
80.231,0.99028,0.99454,0.2685
80.428,0.9922,0.99561,0.2686
80.64,0.9925,0.9946,0.2689
80.842,0.99119,0.99443,0.269
81.043,0.99144,0.99583,0.2692
81.239,0.99216,0.99459,0.2694
81.447,0.99195,0.99564,0.2697
81.657,0.99139,0.99461,0.2701
81.84,0.99118,0.99609,0.2705
82.037,0.99116,0.99627,0.2709
82.256,0.99122,0.99658,0.2714
82.454,0.99229,0.99526,0.2719
82.652,0.99101,0.99578,0.2723
82.855,0.99078,0.99601,0.2729
83.072,0.99179,0.99474,0.2744
83.25,0.99188,0.99576,0.2773
83.455,0.9914,0.99542,0.2788
83.651,0.99242,0.99593,0.2797
83.855,0.99139,0.99518,0.2806
84.048,0.99265,0.99503,0.2816
84.268,0.99133,0.99679,0.283
84.429,0.99084,0.99419,0.2836
84.636,0.99338,0.99585,0.2838
84.854,0.99239,0.99549,0.2844
85.039,0.99037,0.99541,0.2847
85.239,0.99158,0.99641,0.2851
85.457,0.99221,0.9958,0.2854
85.647,0.99167,0.99533,0.2858
85.835,0.99314,0.99561,0.2865
86.049,0.99331,0.99638,0.2875
86.248,0.99177,0.99621,0.2891
86.452,0.99217,0.9969,0.2899
86.656,0.99073,0.99532,0.2904
86.845,0.99217,0.99493,0.2907
87.055,0.99148,0.99575,0.291
87.25,0.99174,0.9963,0.2913
87.456,0.99115,0.99522,0.2915
87.65,0.99214,0.99651,0.2916
87.845,0.99226,0.99563,0.2917
88.093,0.99095,0.99626,0.2917
88.251,0.99125,0.99575,0.2917
88.44,0.99254,0.99631,0.2918
88.65,0.99204,0.99575,0.2918
88.853,0.99007,0.99632,0.2919
89.056,0.99142,0.99601,0.2921
89.247,0.99196,0.99517,0.2923
89.446,0.99182,0.99668,0.2927
89.647,0.99107,0.99601,0.2931
89.854,0.99235,0.99538,0.2935
90.045,0.99221,0.99606,0.2941
90.245,0.99067,0.99541,0.2946
90.452,0.99131,0.99582,0.2956
90.649,0.99232,0.99559,0.2962
90.847,0.99182,0.99437,0.2969
91.031,0.99148,0.99637,0.2977
91.254,0.99167,0.9954,0.2988
91.445,0.99227,0.99538,0.3016
91.673,0.9909,0.99603,0.3039
91.857,0.99128,0.99602,0.3053
92.049,0.99106,0.99371,0.3065
92.245,0.99097,0.99579,0.3077
92.453,0.99069,0.99601,0.3089
92.653,0.99216,0.99587,0.3101
92.847,0.99122,0.99525,0.3112
93.045,0.9914,0.9962,0.3122
93.247,0.9922,0.9953,0.3132
93.457,0.99141,0.99723,0.3136
93.649,0.99164,0.99569,0.314
93.848,0.9925,0.99507,0.3143
94.056,0.99121,0.99658,0.3147
94.244,0.99096,0.99655,0.315
94.451,0.9916,0.99662,0.3153
94.641,0.99204,0.99549,0.3156
94.858,0.99289,0.99654,0.3159
95.041,0.99222,0.99584,0.3162
95.249,0.99223,0.99481,0.3166
95.456,0.99162,0.99604,0.3169
95.67,0.99193,0.99548,0.3173
95.842,0.99043,0.99618,0.3176
96.057,0.99248,0.99593,0.3178
96.243,0.99251,0.99506,0.3184
96.439,0.99253,0.99639,0.3189
96.641,0.99183,0.99623,0.3194
96.858,0.99181,0.99484,0.3199
97.056,0.99218,0.99489,0.3205
97.251,0.99304,0.99459,0.3211
97.445,0.99388,0.99598,0.3218
97.656,0.99107,0.99573,0.3225
97.846,0.99218,0.99553,0.3232
98.07,0.99107,0.99458,0.3244
98.252,0.99058,0.99472,0.3281
98.442,0.99295,0.99617,0.3298
98.658,0.99103,0.99569,0.331
98.867,0.99274,0.99589,0.3326
99.09,0.99218,0.99545,0.3337
99.272,0.99207,0.99491,0.3348
99.468,0.99229,0.99586,0.3361
99.681,0.99227,0.99452,0.3371
99.846,0.99215,0.99628,0.3381
100.04,0.99163,0.99593,0.3392
100.26,0.99167,0.99614,0.3401
100.46,0.9923,0.99512,0.3409
100.65,0.99194,0.99552,0.3419
100.85,0.99086,0.99473,0.3428
101.07,0.99283,0.99546,0.3434
101.23,0.99136,0.9959,0.3438
101.43,0.99199,0.99619,0.344
101.65,0.99174,0.99507,0.3442
101.84,0.9911,0.9975,0.3444
102.05,0.99176,0.99734,0.3448
102.25,0.99184,0.99542,0.345
102.46,0.99246,0.99611,0.3453
102.65,0.99245,0.9956,0.3455
102.84,0.99228,0.99688,0.3458
103.05,0.99302,0.99674,0.3461
103.24,0.99251,0.99527,0.3464
103.45,0.9921,0.99517,0.3468
103.65,0.99202,0.99473,0.3472
103.85,0.99346,0.99622,0.3476
104.05,0.99123,0.99638,0.3481
104.25,0.99326,0.99679,0.3486
104.48,0.99156,0.99505,0.3497
104.65,0.99236,0.99596,0.3523
104.84,0.99194,0.996,0.3536
105.04,0.99206,0.99498,0.3558
105.23,0.9916,0.99528,0.3566
105.46,0.99233,0.99542,0.3572
105.65,0.99087,0.99546,0.3578
105.86,0.99264,0.99522,0.3584
106.04,0.99287,0.99512,0.359
106.24,0.99152,0.99512,0.3595
106.46,0.9927,0.99476,0.36
106.65,0.9907,0.9958,0.3605
106.86,0.99166,0.99517,0.361
107.04,0.9914,0.99492,0.3615
107.24,0.99165,0.9938,0.3625
107.44,0.99069,0.99339,0.365
107.66,0.99178,0.99446,0.3676
107.86,0.99314,0.99441,0.3686
108.05,0.99261,0.99324,0.3696
108.25,0.99214,0.99502,0.3705
108.45,0.99137,0.99327,0.3712
108.65,0.99246,0.99442,0.3717
108.85,0.9923,0.99451,0.3721
109.05,0.99191,0.99567,0.3723
109.24,0.99177,0.9952,0.3725
109.43,0.99233,0.99599,0.3726
109.69,0.9921,0.99368,0.3727
109.84,0.99191,0.99372,0.3727
110.04,0.99171,0.99221,0.3728
110.26,0.99112,0.99256,0.3728
110.45,0.99143,0.99403,0.3729
110.64,0.98993,0.99262,0.373
110.85,0.9908,0.99409,0.3732
111.04,0.99141,0.99241,0.3735
111.25,0.9921,0.99315,0.3737
111.45,0.99356,0.99246,0.3741
111.65,0.99147,0.99283,0.3744
111.85,0.9922,0.99234,0.3751
112.07,0.99168,0.99221,0.3762
112.25,0.99103,0.99162,0.3781
112.46,0.99105,0.99238,0.3792
112.65,0.99105,0.9907,0.38
112.86,0.99204,0.99146,0.3806
113.05,0.99088,0.98963,0.3815
113.25,0.99163,0.98985,0.3822
113.46,0.99042,0.98967,0.3833
113.67,0.9923,0.99079,0.3842
113.85,0.99147,0.9901,0.3851
114.07,0.99095,0.99088,0.3859
114.24,0.99126,0.98986,0.3867
114.44,0.9917,0.98925,0.3875
114.65,0.99038,0.9884,0.3883
114.86,0.99061,0.98782,0.3888
115.05,0.99115,0.99119,0.39
115.25,0.99155,0.98898,0.3911
115.45,0.99123,0.98714,0.3918
115.67,0.99108,0.98861,0.3926
115.85,0.99193,0.98921,0.3933
116.04,0.99077,0.98888,0.3939
116.24,0.99203,0.98856,0.3943
116.45,0.99119,0.98882,0.3947
116.65,0.99121,0.98582,0.3949
116.85,0.99157,0.98609,0.3951
117.05,0.99163,0.98717,0.3953
117.27,0.99069,0.98304,0.3955
117.45,0.9921,0.9854,0.3957
117.69,0.9905,0.98236,0.3959
117.85,0.99261,0.98304,0.3962
118.04,0.99206,0.98322,0.3964
118.25,0.99254,0.98069,0.3967
118.45,0.99175,0.98175,0.3971
118.65,0.99085,0.97833,0.3975
118.85,0.99228,0.97673,0.398
119.06,0.99124,0.98014,0.3986
119.24,0.9922,0.97837,0.3992
119.45,0.99092,0.97731,0.3998
119.65,0.99169,0.98053,0.4014
119.87,0.99128,0.98205,0.4046
120.06,0.99254,0.98118,0.4062
120.24,0.99136,0.97595,0.4074
120.45,0.99187,0.98066,0.4082
120.65,0.9918,0.97886,0.4088
120.85,0.9918,0.9784,0.4094
121.06,0.99316,0.97987,0.41
121.25,0.99092,0.98178,0.4106
121.45,0.9913,0.97853,0.4111
121.66,0.99229,0.98043,0.4116
121.85,0.99074,0.97755,0.4121
122.05,0.99112,0.9762,0.4132
122.25,0.99263,0.97804,0.4158
122.46,0.99225,0.98024,0.4176
122.63,0.99285,0.97914,0.4188
122.84,0.99046,0.98103,0.4198
123.04,0.99167,0.97938,0.4207
123.25,0.99177,0.97911,0.4214
123.45,0.99191,0.97788,0.4222
123.66,0.99243,0.97692,0.4228
123.85,0.99147,0.97756,0.4232
124.05,0.99123,0.97595,0.4234
124.25,0.9913,0.97975,0.4235
124.43,0.99096,0.97935,0.4236
124.65,0.99019,0.97652,0.4237
124.85,0.99184,0.97853,0.4238
125.05,0.9918,0.97943,0.424
125.26,0.99117,0.97909,0.4243
125.43,0.99141,0.97882,0.4246
125.63,0.99227,0.97541,0.425
125.85,0.99226,0.97682,0.4254
126.05,0.99052,0.97561,0.4265
126.28,0.99104,0.97746,0.4289
126.44,0.99183,0.9769,0.4304
126.65,0.99258,0.97875,0.4314
126.85,0.99016,0.97505,0.4322
127.04,0.99083,0.97794,0.4333
127.25,0.99106,0.97692,0.4346
127.44,0.99175,0.97621,0.4357
127.66,0.99118,0.97359,0.4373
127.85,0.99196,0.97431,0.4384
128.06,0.99166,0.97259,0.4392
128.24,0.99152,0.97246,0.4398
128.45,0.99056,0.97181,0.4401
128.66,0.9916,0.9736,0.4404
128.84,0.99101,0.97268,0.4408
129.05,0.99138,0.97085,0.4413
129.25,0.98951,0.96834,0.4418
129.45,0.99063,0.96763,0.4423
129.68,0.99041,0.96818,0.4428
129.85,0.98975,0.96986,0.4433
130.05,0.99153,0.96798,0.4439
130.25,0.99159,0.97104,0.4445
130.45,0.99064,0.969,0.4451
130.65,0.99046,0.96668,0.4457
130.89,0.99048,0.96929,0.4466
131.05,0.99189,0.96567,0.4472
131.27,0.99074,0.96882,0.4478
131.51,0.99094,0.96756,0.4484
131.65,0.99164,0.96817,0.4491
131.85,0.99254,0.96651,0.4494
132.05,0.99074,0.96168,0.4499
132.24,0.99054,0.96493,0.4503
132.44,0.98948,0.96504,0.451
132.65,0.99059,0.96499,0.4521
132.89,0.99032,0.96014,0.4545
133.05,0.99169,0.96059,0.4556
133.24,0.99177,0.96034,0.456
133.46,0.99082,0.95864,0.4566
133.65,0.99051,0.96073,0.4573
133.86,0.99179,0.95577,0.4577
134.06,0.99062,0.95581,0.4582
134.27,0.99038,0.95674,0.4586
134.44,0.99189,0.95803,0.459
134.66,0.99095,0.95493,0.4595
134.84,0.99124,0.95383,0.4599
135.05,0.99093,0.9565,0.4603
135.25,0.99138,0.95447,0.4608
135.45,0.99101,0.95156,0.4613
135.66,0.99076,0.95011,0.4618
135.85,0.99154,0.95165,0.4624
136.03,0.99118,0.95423,0.4629
136.23,0.99046,0.95262,0.4639
136.43,0.99079,0.95299,0.4661
136.66,0.9916,0.94979,0.4685
136.85,0.99146,0.95151,0.4693
137.07,0.99104,0.95063,0.4699
137.25,0.99081,0.95269,0.4705
137.48,0.99121,0.94913,0.4711
137.65,0.99153,0.95117,0.4722
137.86,0.99139,0.95202,0.4728
138.05,0.99201,0.95445,0.4733
138.25,0.99013,0.95196,0.4736
138.45,0.99098,0.95229,0.4738
138.69,0.99035,0.9521,0.4741
138.83,0.99084,0.94636,0.4742
139.04,0.98934,0.94446,0.4743
139.24,0.9914,0.94542,0.4744
139.45,0.99091,0.94076,0.4745
139.66,0.9901,0.94227,0.4746
139.85,0.98957,0.93945,0.4748
140.05,0.98963,0.93916,0.475
140.25,0.9898,0.93724,0.4752
140.48,0.99052,0.93697,0.4755
140.64,0.99096,0.93714,0.4758
140.84,0.9906,0.93702,0.4766
141.05,0.99027,0.93447,0.4786
141.26,0.99037,0.93327,0.4803
141.44,0.99088,0.93308,0.4814
141.64,0.99127,0.93281,0.4822
141.86,0.98904,0.93411,0.4829
142.06,0.99012,0.93328,0.4845
142.26,0.98978,0.92853,0.4859
142.45,0.99016,0.92947,0.4869
142.68,0.9899,0.92788,0.488
142.89,0.99021,0.92459,0.4888
143.05,0.99059,0.92212,0.4898
143.25,0.99055,0.92726,0.4907
143.46,0.99066,0.92631,0.4916
143.65,0.99094,0.92278,0.4927
143.85,0.98936,0.91868,0.4935
144.05,0.98965,0.92241,0.4944
144.25,0.99144,0.92077,0.4953
144.47,0.9904,0.92264,0.4961
144.64,0.98999,0.92268,0.4965
144.85,0.9892,0.923,0.4969
145.05,0.98931,0.92036,0.4974
145.25,0.98997,0.92266,0.4976
145.44,0.99133,0.92064,0.4982
145.66,0.99064,0.92001,0.4986
145.85,0.98996,0.92002,0.4989
146.09,0.9915,0.91783,0.4993
146.23,0.99006,0.91912,0.4996
146.43,0.98828,0.91425,0.4999
146.64,0.98999,0.91014,0.5002
146.84,0.98962,0.91022,0.5006
147.07,0.98861,0.90872,0.5008
147.27,0.99032,0.90899,0.5012
147.47,0.99087,0.90761,0.5024
147.64,0.99093,0.91,0.5033
147.85,0.99049,0.90822,0.5046
148.05,0.99026,0.90831,0.5067
148.27,0.98993,0.9042,0.5076
148.44,0.98999,0.90577,0.5083
148.64,0.98924,0.90371,0.5089
148.86,0.99026,0.89839,0.5105
149.03,0.98963,0.90025,0.5115
149.25,0.98958,0.90024,0.5126
149.45,0.99057,0.89943,0.5135
149.64,0.98839,0.89341,0.5144
149.84,0.99056,0.89872,0.5154
150.03,0.98884,0.89125,0.516
150.26,0.98939,0.88911,0.5164
150.45,0.9891,0.88973,0.5168
150.66,0.98953,0.88916,0.5172
150.86,0.98852,0.88935,0.5179
151.05,0.9895,0.88434,0.5184
151.26,0.99029,0.88056,0.5189
151.46,0.9889,0.88425,0.5194
151.66,0.98998,0.88408,0.52
151.85,0.98956,0.8814,0.5206
152.06,0.98988,0.88116,0.5212
152.25,0.99021,0.88214,0.5219
152.46,0.98798,0.88183,0.5226
152.65,0.98929,0.87958,0.5231
152.85,0.98948,0.87972,0.5238
153.06,0.98899,0.88079,0.5244
153.25,0.98882,0.88085,0.5251
153.45,0.98881,0.87941,0.5257
153.65,0.98933,0.88049,0.5263
153.84,0.99035,0.8754,0.5271
154.07,0.98909,0.86984,0.5296
154.25,0.99032,0.87008,0.5307
154.45,0.98969,0.86899,0.5315
154.65,0.99002,0.86657,0.5322
154.86,0.98898,0.86494,0.5331
155.07,0.98887,0.8658,0.5339
155.34,0.98884,0.86927,0.5354
155.44,0.98905,0.86687,0.5363
155.67,0.98942,0.86649,0.5368
155.86,0.9899,0.86395,0.5376
156.05,0.98852,0.86188,0.5385
156.33,0.98853,0.85681,0.5398
156.44,0.98916,0.8572,0.5402
156.64,0.98869,0.86042,0.5404
156.85,0.98918,0.85859,0.541
157.07,0.9882,0.85177,0.5414
157.25,0.98847,0.85457,0.5418
157.44,0.98895,0.8532,0.5422
157.64,0.98738,0.85301,0.5427
157.86,0.98845,0.84724,0.5432
158.06,0.98831,0.84639,0.5437
158.26,0.98835,0.8546,0.5443
158.45,0.98869,0.85421,0.5448
158.7,0.9885,0.84743,0.5457
158.84,0.98805,0.84446,0.5463
159.04,0.98893,0.84564,0.5467
159.26,0.98913,0.84448,0.5474
159.45,0.98864,0.84633,0.5484
159.65,0.98888,0.84924,0.5487
159.86,0.98803,0.846,0.5497
160.04,0.98849,0.84562,0.5503
160.25,0.98808,0.84536,0.5509
160.46,0.98801,0.8456,0.5514
160.68,0.98807,0.84544,0.5519
160.85,0.98885,0.84694,0.5529
161.05,0.9888,0.84573,0.5541
161.25,0.98893,0.84923,0.5549
161.46,0.98934,0.84427,0.5553
161.67,0.98831,0.83633,0.5557
161.85,0.98921,0.83792,0.556
162.06,0.98827,0.83955,0.5561
162.25,0.98754,0.84168,0.5563
162.45,0.98802,0.83858,0.5565
162.66,0.9886,0.83715,0.5567
162.87,0.98797,0.84079,0.557
163.03,0.98864,0.83556,0.5573
163.26,0.98816,0.83496,0.5576
163.45,0.98776,0.83615,0.558
163.65,0.98961,0.83836,0.5584
163.85,0.98791,0.83807,0.5589
164.06,0.9891,0.83552,0.5594
164.23,0.98816,0.8356,0.56
164.44,0.98755,0.83168,0.5605
164.65,0.98693,0.82844,0.5611
164.85,0.98896,0.82991,0.5618
165.05,0.98722,0.82916,0.5624
165.24,0.98775,0.82824,0.563
165.43,0.98825,0.82818,0.5636
165.66,0.98745,0.82753,0.5652
165.85,0.98805,0.82457,0.5682
166.04,0.98742,0.82194,0.5705
166.26,0.98648,0.82221,0.5718
166.45,0.9874,0.82226,0.5728
166.65,0.98739,0.81977,0.5736
166.86,0.98652,0.82199,0.5744
167.08,0.98669,0.82291,0.5752
167.24,0.98755,0.82295,0.5765
167.45,0.98727,0.8211,0.5774
167.66,0.9876,0.82031,0.5781
167.83,0.98776,0.81986,0.5785
168.04,0.98843,0.82182,0.5787
168.24,0.98762,0.81619,0.5789
168.46,0.98688,0.81483,0.5791
168.65,0.98558,0.81453,0.5792
168.88,0.98778,0.80964,0.5793
169.05,0.98676,0.80977,0.5795
169.25,0.9882,0.81331,0.5797
169.45,0.98758,0.81681,0.5799
169.65,0.98733,0.81409,0.5803
169.85,0.98803,0.81171,0.5806
170.05,0.98711,0.81521,0.5811
170.25,0.98699,0.81636,0.5816
170.44,0.9882,0.80979,0.5821
170.66,0.98752,0.80857,0.5827
170.86,0.98659,0.81096,0.5834
171.04,0.98788,0.80764,0.5844
171.26,0.98682,0.79969,0.5851
171.45,0.98802,0.79854,0.5859
171.64,0.98671,0.80259,0.5866
171.85,0.98691,0.79882,0.5873
172.05,0.9874,0.79524,0.588
172.25,0.98661,0.79756,0.5888
172.43,0.98657,0.79997,0.5896
172.64,0.98609,0.79691,0.593
172.85,0.98712,0.7935,0.5958
173.05,0.98596,0.79056,0.5972
173.26,0.98734,0.79377,0.5984
173.45,0.98583,0.78869,0.5993
173.74,0.98478,0.79012,0.601
173.84,0.98688,0.79001,0.6024
174.05,0.98675,0.78575,0.6029
174.25,0.98649,0.7851,0.6043
174.45,0.98549,0.78666,0.605
174.64,0.98739,0.78859,0.6057
174.85,0.9866,0.78406,0.6062
175.05,0.98519,0.78616,0.6065
175.29,0.98673,0.7847,0.6068
175.45,0.98575,0.78171,0.607
175.65,0.98586,0.77924,0.6072
175.85,0.98621,0.77822,0.6074
176.05,0.98628,0.77898,0.6076
176.25,0.98617,0.7771,0.6078
176.44,0.98672,0.77916,0.6081
176.64,0.98619,0.78159,0.6083
176.86,0.98577,0.78065,0.6087
177.05,0.98647,0.77885,0.6091
177.26,0.98661,0.78362,0.6095
177.43,0.98654,0.78917,0.61
177.66,0.98581,0.78082,0.6104
177.84,0.98478,0.77546,0.611
178.04,0.9869,0.77554,0.6116
178.25,0.98573,0.77378,0.6122
178.46,0.98626,0.77008,0.6129
178.64,0.98547,0.76188,0.6137
178.85,0.98559,0.76302,0.6144
179.05,0.98434,0.76128,0.6156
179.23,0.98501,0.75913,0.6187
179.45,0.98424,0.75769,0.6209
179.65,0.98581,0.7584,0.6229
179.86,0.98623,0.75955,0.6238
180.04,0.98459,0.75702,0.6247
180.26,0.98463,0.75226,0.6256
180.45,0.98456,0.75291,0.6271
180.65,0.9861,0.75113,0.6286
180.87,0.98588,0.749,0.6297
181.03,0.98609,0.74806,0.6305
181.26,0.98326,0.74875,0.6314
181.45,0.98629,0.74849,0.6322
181.65,0.98563,0.74665,0.6329
181.86,0.98643,0.74642,0.6337
182.03,0.98515,0.74617,0.6342
182.23,0.98472,0.74506,0.6347
182.46,0.98524,0.74317,0.635
182.66,0.98535,0.74719,0.6352
182.85,0.98601,0.74066,0.6354
183.06,0.98526,0.73751,0.6355
183.24,0.98376,0.73923,0.6356
183.45,0.98511,0.73845,0.6357
183.65,0.98372,0.73679,0.6358
183.85,0.98434,0.73553,0.636
184.07,0.98289,0.73914,0.6362
184.23,0.98501,0.73744,0.6365
184.46,0.98581,0.73657,0.6368
184.64,0.98119,0.73378,0.6371
184.85,0.98353,0.73685,0.6375
185.04,0.9823,0.73752,0.6379
185.27,0.9844,0.73966,0.6386
185.5,0.98572,0.74194,0.6391
185.64,0.98485,0.74597,0.6395
185.83,0.98444,0.74193,0.6398
186.05,0.98287,0.7388,0.6407
186.24,0.98435,0.73847,0.6421
186.47,0.98489,0.73426,0.6447
186.65,0.98358,0.73064,0.6459
186.84,0.98425,0.73201,0.6469
187.06,0.98292,0.7341,0.6475
187.25,0.9853,0.72979,0.648
187.48,0.98277,0.73059,0.6485
187.63,0.98473,0.73064,0.6492
187.84,0.98315,0.72823,0.6494
188.06,0.98185,0.72446,0.6498
188.26,0.9836,0.72398,0.6502
188.45,0.9847,0.72312,0.6505
188.64,0.98281,0.72703,0.6511
188.85,0.98419,0.72566,0.6515
189.06,0.98326,0.72459,0.652
189.24,0.98422,0.72546,0.6524
189.44,0.98489,0.71929,0.6528
189.65,0.98226,0.72059,0.6532
189.86,0.9837,0.72041,0.6539
190.05,0.98303,0.71912,0.6547
190.25,0.9842,0.72178,0.656
190.49,0.98518,0.71488,0.6572
190.65,0.98375,0.71557,0.6578
190.85,0.98389,0.71703,0.658
191.05,0.98148,0.71281,0.6583
191.24,0.98384,0.71819,0.6585
191.46,0.98279,0.71819,0.6588
191.65,0.98458,0.7212,0.6591
191.84,0.98373,0.72636,0.6595
192.04,0.98448,0.73018,0.6598
192.24,0.98517,0.73131,0.6603
192.45,0.98385,0.71857,0.6607
192.66,0.98395,0.71598,0.6612
192.89,0.98446,0.71826,0.6618
193.06,0.98306,0.71011,0.6624
193.25,0.9829,0.70118,0.6631
193.44,0.98129,0.69868,0.6638
193.65,0.98207,0.70677,0.6645
193.85,0.98275,0.69575,0.6652
194.06,0.98134,0.68895,0.6664
194.24,0.98109,0.69693,0.6707
194.45,0.98292,0.70286,0.6723
194.65,0.98338,0.69602,0.6736
194.85,0.98185,0.69046,0.6745
195.09,0.98143,0.69484,0.6754
195.25,0.98231,0.69555,0.6763
195.45,0.9798,0.68891,0.6778
195.65,0.98194,0.68396,0.6792
195.89,0.98139,0.68586,0.6803
196.03,0.98136,0.68493,0.6811
196.25,0.9821,0.68131,0.682
196.44,0.98173,0.68565,0.6827
196.65,0.98114,0.68456,0.6833
196.83,0.98176,0.68348,0.6837
197.05,0.98136,0.68356,0.684
197.24,0.98143,0.68443,0.6843
197.45,0.98204,0.67871,0.6847
197.65,0.98005,0.66817,0.6849
197.9,0.98179,0.67199,0.6851
198.05,0.98132,0.67723,0.6853
198.25,0.98108,0.67079,0.6855
198.45,0.98266,0.67239,0.6858
198.66,0.98156,0.67617,0.686
198.85,0.98208,0.68304,0.6863
199.05,0.98158,0.67848,0.6866
199.24,0.98418,0.68706,0.687
199.46,0.98159,0.6983,0.6874
199.65,0.98082,0.68674,0.6879
199.85,0.98193,0.6801,0.6884
200.06,0.98159,0.68639,0.6893
200.26,0.98142,0.68474,0.69
200.47,0.98077,0.67008,0.6907
200.65,0.98099,0.66523,0.6918
200.83,0.98385,0.66825,0.6948
201.05,0.98086,0.67098,0.6971
201.25,0.98227,0.6579,0.6983
201.48,0.97865,0.65656,0.6995
201.63,0.98213,0.66781,0.7003
201.85,0.97919,0.65474,0.7012
202.04,0.98061,0.64852,0.7021
202.25,0.98011,0.65149,0.7039
202.49,0.98004,0.65691,0.7056
202.65,0.97982,0.65158,0.7066
202.84,0.98006,0.64559,0.7071
203.05,0.97906,0.64122,0.7085
203.25,0.979,0.64087,0.7095
203.43,0.97769,0.63956,0.7103
203.64,0.98001,0.64019,0.7111
203.84,0.97909,0.64046,0.7117
204.05,0.98078,0.64441,0.712
204.25,0.97789,0.64077,0.7123
204.46,0.97924,0.64232,0.7126
204.69,0.97895,0.6399,0.7128
204.84,0.97963,0.62768,0.713
205.03,0.97801,0.62276,0.7133
205.26,0.97858,0.62543,0.7135
205.45,0.98048,0.63128,0.7137
205.65,0.97939,0.62424,0.714
205.84,0.97745,0.6225,0.7141
206.06,0.97667,0.62889,0.7146
206.25,0.97954,0.6305,0.7149
206.46,0.97826,0.62795,0.7153
206.65,0.97939,0.63747,0.7157
206.85,0.97921,0.64352,0.7162
207.04,0.97833,0.62936,0.7167
207.25,0.97794,0.62849,0.7175
207.46,0.97992,0.63,0.7187
207.65,0.9777,0.63323,0.7216
207.84,0.97914,0.62027,0.7232
208.07,0.98038,0.61607,0.7243
208.26,0.97584,0.61199,0.7259
208.46,0.97716,0.61526,0.7263
208.64,0.97815,0.606,0.7274
208.83,0.97836,0.6076,0.7281
209.03,0.97732,0.607,0.7287
209.25,0.97586,0.60517,0.7292
209.46,0.97863,0.61047,0.7296
209.65,0.97603,0.60877,0.7304
209.85,0.97577,0.60509,0.7319
210.03,0.97851,0.60277,0.7331
210.25,0.97597,0.59912,0.7339
210.44,0.97671,0.59805,0.7345
210.63,0.97593,0.59848,0.7348
210.85,0.9777,0.59818,0.7352
211.1,0.97754,0.59721,0.7357
211.24,0.97782,0.60081,0.7361
211.44,0.97657,0.5991,0.7362
211.66,0.97815,0.59728,0.7366
211.87,0.97518,0.59825,0.7368
212.04,0.9769,0.59736,0.737
212.26,0.97671,0.60138,0.7372
212.43,0.97741,0.6045,0.7373
212.66,0.97727,0.60731,0.7374
212.86,0.97939,0.60879,0.7375
213.04,0.97616,0.60166,0.7376
213.23,0.9764,0.60134,0.7377
213.45,0.97866,0.60092,0.7378
213.65,0.97702,0.60354,0.738
213.88,0.97733,0.59455,0.7384
214.05,0.97651,0.60007,0.7387
214.24,0.97779,0.60627,0.7389
214.45,0.9774,0.6067,0.7396
214.69,0.97727,0.61262,0.74
214.85,0.97789,0.61519,0.7406
215.03,0.97827,0.61281,0.7411
215.26,0.97627,0.5978,0.7417
215.45,0.97816,0.59799,0.7428
215.65,0.97709,0.60163,0.7454
215.84,0.9763,0.59416,0.7475
216.04,0.97551,0.58493,0.7487
216.25,0.97431,0.58587,0.7498
216.46,0.97713,0.59601,0.7509
216.64,0.97569,0.58047,0.7519
216.85,0.97649,0.57664,0.7531
217.04,0.97437,0.58084,0.7541
217.26,0.97697,0.58591,0.7552
217.5,0.97595,0.5761,0.7563
217.65,0.97665,0.57172,0.7574
217.86,0.9739,0.57146,0.7584
218.05,0.97563,0.57169,0.7593
218.25,0.97271,0.56985,0.76
218.45,0.97245,0.56832,0.7608
218.63,0.97325,0.57191,0.7614
218.86,0.97741,0.57142,0.7618
219.03,0.97498,0.57537,0.7621
219.25,0.9761,0.57386,0.7624
219.45,0.9743,0.56447,0.7626
219.65,0.97315,0.55559,0.7628
219.85,0.97455,0.56544,0.763
220.06,0.97432,0.57307,0.7632
220.25,0.97443,0.56093,0.7635
220.44,0.97358,0.55855,0.7636
220.64,0.97474,0.56463,0.764
220.91,0.97357,0.57024,0.7643
221.03,0.97382,0.56892,0.7646
221.25,0.97384,0.57903,0.765
221.44,0.97724,0.59667,0.7654
221.65,0.97608,0.57772,0.7659
221.85,0.97376,0.56917,0.7664
222.04,0.97559,0.57548,0.767
222.26,0.97523,0.57769,0.7681
222.45,0.97485,0.56275,0.7708
222.67,0.97515,0.55406,0.7729
222.84,0.97336,0.5559,0.7744
223.05,0.97407,0.5652,0.7752
223.25,0.97296,0.55164,0.7758
223.46,0.97429,0.54555,0.7766
223.64,0.97413,0.55562,0.7772
223.85,0.97348,0.5524,0.7778
224.05,0.97101,0.53967,0.7783
224.25,0.97231,0.53391,0.7788
224.46,0.97163,0.54069,0.7794
224.63,0.9723,0.54238,0.7799
224.84,0.97123,0.53422,0.7808
225.05,0.97152,0.53177,0.7833
225.23,0.97111,0.53181,0.7853
225.45,0.97121,0.53151,0.7865
225.63,0.97248,0.53143,0.7876
225.83,0.97182,0.53608,0.7884
226.06,0.97095,0.53934,0.7896
226.25,0.97367,0.53655,0.7902
226.47,0.97191,0.53879,0.7906
226.63,0.97098,0.53787,0.7909
226.86,0.96873,0.5165,0.7912
227.05,0.97125,0.52226,0.7914
227.25,0.96903,0.52696,0.7916
227.46,0.97053,0.52689,0.7918
227.65,0.96791,0.51562,0.792
227.84,0.96991,0.52338,0.7922
228.03,0.97059,0.53073,0.7925
228.25,0.97132,0.52088,0.7928
228.5,0.97094,0.52388,0.7939
228.64,0.97147,0.5291,0.7958
228.83,0.97384,0.5506,0.7966
229.05,0.97056,0.52512,0.7978
229.26,0.96915,0.51708,0.7992
229.46,0.96932,0.52785,0.7999
229.65,0.96896,0.52873,0.8012
229.85,0.97061,0.51036,0.8022
230.05,0.96846,0.50537,0.8034
230.26,0.97047,0.51443,0.8044
230.5,0.96913,0.50672,0.8057
230.65,0.96755,0.49953,0.8068
230.84,0.96892,0.49923,0.807
231.04,0.96921,0.51442,0.8082
231.29,0.9673,0.49664,0.8089
231.45,0.96805,0.49372,0.81
231.67,0.96803,0.48685,0.8103
231.83,0.96765,0.49186,0.8106
232.05,0.96762,0.49819,0.8108
232.25,0.96674,0.48587,0.8114
232.45,0.96792,0.4841,0.8118
232.65,0.96652,0.48419,0.8123
232.87,0.96764,0.48578,0.8128
233.04,0.9674,0.4865,0.8132
233.23,0.96896,0.48669,0.8138
233.45,0.96736,0.48634,0.8143
233.69,0.96818,0.48559,0.8148
233.83,0.96724,0.48584,0.8155
234.05,0.96776,0.49016,0.8158
234.25,0.96575,0.49345,0.8162
234.48,0.96604,0.49374,0.8168
234.65,0.96973,0.49546,0.8171
234.85,0.96538,0.48232,0.8175
235.05,0.96594,0.4835,0.8179
235.28,0.96686,0.4887,0.8182
235.44,0.96975,0.4917,0.8187
235.64,0.96855,0.48478,0.8196
235.85,0.96708,0.48268,0.8213
236.16,0.96795,0.48964,0.8226
236.23,0.96779,0.49227,0.8234
236.45,0.96676,0.48863,0.8238
236.65,0.96776,0.48489,0.8246
236.85,0.96804,0.48893,0.8254
237.04,0.96847,0.49063,0.8259
237.25,0.96541,0.4884,0.8267
237.46,0.96814,0.49746,0.8275
237.65,0.96927,0.4985,0.8283
237.83,0.9677,0.4884,0.8288
238.05,0.96732,0.48495,0.8294
238.25,0.96637,0.48445,0.8296
238.47,0.96815,0.49067,0.8299
238.65,0.96574,0.48183,0.8303
238.84,0.96619,0.48099,0.8306
239.04,0.96607,0.47935,0.831
239.28,0.96876,0.48163,0.8316
239.44,0.96791,0.48758,0.8326
239.65,0.96538,0.47925,0.8345
239.84,0.96535,0.47744,0.8357
240.04,0.96613,0.47752,0.8364
240.27,0.96686,0.47889,0.8373
240.45,0.96411,0.47702,0.8379
240.65,0.96668,0.47849,0.8385
240.87,0.96627,0.47703,0.8394
241.05,0.96741,0.4767,0.8402
241.24,0.96463,0.47777,0.8407
241.46,0.96571,0.47544,0.841
241.65,0.96446,0.46654,0.8412
241.85,0.96757,0.46952,0.8414
242.05,0.96465,0.4793,0.8416
242.25,0.96657,0.47543,0.8418
242.45,0.96654,0.47885,0.842
242.64,0.96694,0.48704,0.8422
242.85,0.9666,0.48723,0.8424
243.04,0.96296,0.47144,0.8427
243.26,0.96735,0.48163,0.843
243.45,0.96902,0.49824,0.8436
243.65,0.96623,0.49048,0.8448
243.85,0.96367,0.4732,0.8473
244.07,0.96938,0.47364,0.8488
244.25,0.9667,0.48542,0.8499
244.44,0.96261,0.4594,0.8506
244.66,0.96533,0.45386,0.8511
244.88,0.96599,0.46991,0.8515
245.06,0.96643,0.47534,0.8521
245.24,0.96593,0.4586,0.8526
245.45,0.96342,0.45372,0.8531
245.65,0.96476,0.47101,0.8537
245.9,0.96504,0.45503,0.8544
246.04,0.96306,0.45062,0.855
246.25,0.96362,0.44682,0.8553
246.45,0.96443,0.45625,0.8566
246.7,0.96293,0.45011,0.8594
246.84,0.96245,0.43839,0.8614
247.03,0.96254,0.43625,0.8627
247.26,0.96154,0.43595,0.8638
247.48,0.96094,0.43534,0.8648
247.64,0.96102,0.43523,0.8657
247.84,0.95997,0.43698,0.8666
248.05,0.96322,0.44244,0.8672
248.26,0.95925,0.44046,0.8676
248.46,0.96262,0.44379,0.868
248.64,0.96419,0.452,0.8682
248.84,0.96273,0.4421,0.8685
249.09,0.96043,0.4275,0.8688
249.25,0.95978,0.43679,0.869
249.44,0.96263,0.44635,0.8692
249.65,0.96216,0.43935,0.8695
249.86,0.96515,0.45075,0.8702
250.07,0.96508,0.46044,0.8712
250.24,0.96149,0.44428,0.8724
250.46,0.96399,0.44714,0.8731
250.64,0.96381,0.46078,0.8742
250.84,0.96836,0.47573,0.875
251.05,0.96316,0.45492,0.876
251.27,0.96273,0.44706,0.877
251.46,0.9645,0.45969,0.8779
251.65,0.96605,0.45035,0.879
251.85,0.96134,0.42757,0.8797
252.04,0.95953,0.42948,0.8802
252.26,0.96316,0.45439,0.8805
252.44,0.96077,0.43415,0.8808
252.69,0.96033,0.42386,0.8813
252.83,0.96155,0.43426,0.8818
253.06,0.96318,0.4517,0.8831
253.24,0.96201,0.42692,0.8851
253.44,0.9608,0.42505,0.8868
253.65,0.95921,0.42255,0.8881
253.85,0.96227,0.43618,0.8891
254.08,0.95807,0.41869,0.8902
254.25,0.96006,0.40706,0.8912
254.46,0.95629,0.40508,0.8921
254.65,0.95699,0.40483,0.8932
254.84,0.95775,0.40514,0.8941
255.03,0.95756,0.40351,0.8949
255.25,0.95817,0.40646,0.8956
255.48,0.95879,0.40927,0.8959
255.64,0.95824,0.40815,0.8962
255.85,0.9594,0.411,0.8965
256.09,0.96159,0.41949,0.8967
256.24,0.95785,0.4045,0.897
256.45,0.95717,0.39526,0.8972
256.66,0.95906,0.40454,0.8974
256.84,0.95934,0.40994,0.8976
257.05,0.95943,0.40842,0.8978
257.27,0.95946,0.41517,0.8981
257.43,0.96063,0.42625,0.8985
257.66,0.9607,0.41022,0.8986
257.85,0.95817,0.41156,0.899
258.07,0.95976,0.41906,0.8996
258.24,0.96274,0.43514,0.9001
258.43,0.95951,0.42376,0.9007
258.65,0.96034,0.41881,0.9012
258.85,0.95662,0.41524,0.9019
259.09,0.95967,0.41827,0.9025
259.25,0.95694,0.4095,0.9032
259.45,0.96096,0.40504,0.9039
259.64,0.95696,0.39344,0.9046
259.85,0.95452,0.38327,0.9052
260.03,0.95522,0.39796,0.906
260.24,0.9576,0.40256,0.9066
260.44,0.95668,0.39534,0.9082
260.68,0.95658,0.38429,0.9119
260.85,0.95547,0.3837,0.9132
261.05,0.95723,0.3931,0.9138
261.26,0.95714,0.40198,0.9142
261.44,0.95622,0.39701,0.9147
261.63,0.95754,0.39293,0.9151
261.83,0.95567,0.39225,0.9156
262.04,0.95794,0.39269,0.9161
262.25,0.9555,0.39234,0.9165
262.47,0.95557,0.39317,0.9169
262.64,0.95612,0.39246,0.9172
262.85,0.95526,0.39114,0.9176
263.11,0.95582,0.39193,0.918
263.23,0.956,0.39409,0.9184
263.46,0.95536,0.39737,0.9187
263.71,0.95717,0.39435,0.9189
263.84,0.95773,0.39493,0.9192
264.05,0.95692,0.39711,0.9193
264.26,0.95724,0.40101,0.9195
264.44,0.9594,0.40182,0.9197
264.65,0.95925,0.40021,0.9199
264.94,0.95799,0.4006,0.921
265.05,0.95798,0.4038,0.9223
265.26,0.95807,0.40943,0.923
265.47,0.96066,0.41855,0.924
265.66,0.95969,0.41855,0.925
265.84,0.9589,0.40858,0.9256
266.05,0.95976,0.41444,0.9263
266.29,0.95908,0.41843,0.928
266.45,0.95557,0.39378,0.9292
266.64,0.9551,0.38135,0.9302
266.85,0.95671,0.38733,0.9311
267.05,0.95725,0.40275,0.932
267.25,0.95576,0.37853,0.9329
267.46,0.95451,0.37752,0.9338
267.65,0.95768,0.39886,0.9348
267.86,0.9578,0.39088,0.9358
268.05,0.95557,0.38442,0.9365
268.3,0.95513,0.37842,0.9371
268.46,0.95499,0.38617,0.9375
268.66,0.95514,0.38862,0.9377
268.87,0.95239,0.37207,0.9382
269.05,0.95464,0.37074,0.9389
269.24,0.95275,0.36708,0.9391
269.45,0.95425,0.3643,0.9396
269.63,0.95415,0.36628,0.9401
269.85,0.95483,0.36954,0.9409
270.05,0.95494,0.37472,0.9414
270.25,0.95633,0.37283,0.942
270.5,0.95597,0.37538,0.9425
270.63,0.95578,0.37363,0.943
270.85,0.95196,0.36262,0.9435
271.06,0.95055,0.34651,0.9439
271.25,0.95052,0.35806,0.9444
271.44,0.95245,0.37124,0.9449
271.65,0.95474,0.36909,0.9459
271.88,0.95453,0.38155,0.9482
272.04,0.95454,0.39398,0.9493
272.25,0.95709,0.38532,0.95
272.45,0.95456,0.38904,0.9504
272.66,0.95919,0.40636,0.9507
272.91,0.96015,0.41332,0.951
273.05,0.95771,0.39,0.9515
273.26,0.95473,0.3845,0.9521
273.45,0.95731,0.38962,0.9526
273.65,0.95562,0.39272,0.9531
273.85,0.95349,0.36418,0.9537
274.05,0.95277,0.35671,0.9543
274.29,0.95406,0.37141,0.9549
274.43,0.95377,0.37243,0.9559
274.66,0.95296,0.35496,0.9562
274.85,0.95389,0.3605,0.9569
275.09,0.95529,0.38279,0.959
275.26,0.95322,0.36195,0.9624
275.46,0.95332,0.35794,0.964
275.65,0.95399,0.35955,0.9653
275.91,0.95425,0.37291,0.9662
276.06,0.95355,0.35851,0.9671
276.26,0.95184,0.34831,0.9679
276.44,0.95002,0.348,0.9695
276.64,0.95126,0.34647,0.9708
276.84,0.95125,0.34849,0.9717
277.05,0.95153,0.35181,0.9724
277.25,0.95028,0.35712,0.9728
277.51,0.94924,0.35277,0.9732
277.64,0.95086,0.3534,0.9734
277.85,0.95144,0.35202,0.9736
278.1,0.95085,0.34202,0.974
278.25,0.949,0.32588,0.9743
278.46,0.94722,0.32982,0.9746
278.65,0.9486,0.34125,0.9748
278.87,0.94936,0.34007,0.9751
279.06,0.95046,0.33874,0.9754
279.25,0.95149,0.35149,0.9757
279.45,0.9525,0.36182,0.976
279.66,0.95023,0.35537,0.9764
279.9,0.9523,0.37022,0.977
280.05,0.95568,0.38386,0.9775
280.25,0.95331,0.38054,0.9777
280.44,0.9527,0.35579,0.9783
280.71,0.95173,0.35539,0.9793
280.84,0.95031,0.36111,0.9799
281.06,0.9538,0.35099,0.9803
281.26,0.95089,0.33526,0.9813
281.45,0.94893,0.32867,0.9821
281.69,0.95247,0.34752,0.9833
281.84,0.94877,0.33313,0.9864
282.05,0.94795,0.32173,0.9886
282.27,0.94698,0.32403,0.9899
282.45,0.95172,0.3498,0.991
282.66,0.94775,0.33247,0.9918
282.85,0.94913,0.33219,0.9927
283.08,0.94701,0.33252,0.9935
283.25,0.94961,0.33838,0.9957
283.45,0.94941,0.34246,0.9964
283.64,0.94778,0.33612,0.9973
283.85,0.94928,0.33359,0.9981
284.06,0.94775,0.33407,0.9987
284.24,0.94647,0.3342,0.9991
284.46,0.94758,0.3336,0.9994
284.65,0.94621,0.33536,0.9998
284.89,0.94765,0.33223,1.0001
285.05,0.94716,0.33245,1.0004
285.26,0.94618,0.33412,1.0006
285.45,0.94741,0.32905,1.0009
285.72,0.94709,0.32479,1.0012
285.84,0.94781,0.33117,1.0013
286.05,0.94804,0.33763,1.0014
286.24,0.94659,0.32871,1.0016
286.5,0.94516,0.31209,1.0019
286.64,0.94645,0.31334,1.0021
286.83,0.94798,0.32436,1.0022
287.05,0.94636,0.32762,1.0026
287.27,0.94743,0.32551,1.0029
287.46,0.94785,0.31878,1.0032
287.65,0.94788,0.31906,1.0036
287.85,0.94582,0.32086,1.004
288.05,0.94819,0.33218,1.0044
288.24,0.95078,0.3403,1.0049
288.45,0.94911,0.33924,1.0054
288.65,0.94687,0.33722,1.0059
288.88,0.95096,0.34428,1.0067
289.05,0.95018,0.34376,1.0072
289.24,0.95126,0.34371,1.0075
289.45,0.94562,0.33519,1.0081
289.69,0.94771,0.33201,1.01
289.84,0.94925,0.33758,1.0127
290.04,0.95095,0.33115,1.0139
290.26,0.94757,0.33414,1.0151
290.47,0.94896,0.33539,1.0157
290.71,0.94944,0.33682,1.0162
290.84,0.94776,0.33091,1.0166
291.04,0.94765,0.3257,1.0172
291.25,0.94716,0.32397,1.0178
291.45,0.94802,0.32478,1.0183
291.63,0.94622,0.32509,1.0187
291.84,0.94857,0.324,1.0192
292.04,0.94686,0.32572,1.0197
292.27,0.9464,0.324,1.0201
292.44,0.94728,0.32504,1.0209
292.63,0.94751,0.32612,1.0214
292.85,0.94469,0.31101,1.0235
293.08,0.94173,0.29871,1.0244
293.24,0.94278,0.30728,1.0252
293.46,0.94612,0.32281,1.0256
293.65,0.9438,0.30907,1.0262
293.85,0.94546,0.30869,1.0266
294.05,0.9488,0.32252,1.0268
294.24,0.94844,0.33108,1.0271
294.44,0.94982,0.33844,1.0273
294.65,0.94994,0.35082,1.0276
294.9,0.95272,0.36157,1.0282
295.05,0.94952,0.34326,1.0286
295.25,0.94897,0.33901,1.0289
295.43,0.95024,0.34833,1.0294
295.63,0.94914,0.34332,1.03
295.85,0.94712,0.31859,1.0309
296.08,0.94542,0.3186,1.0316
296.23,0.94946,0.33097,1.0323
296.45,0.94512,0.32322,1.0329
296.67,0.94356,0.30039,1.0341
296.85,0.94497,0.3117,1.0357
297.06,0.95084,0.33768,1.0374
297.25,0.94538,0.30952,1.0402
297.51,0.9452,0.30853,1.0425
297.64,0.94385,0.31136,1.0434
297.85,0.9473,0.32556,1.0438
298.06,0.9467,0.31434,1.0453
298.24,0.9434,0.3047,1.0465
298.46,0.94387,0.30345,1.0481
298.64,0.94169,0.30232,1.0491
299.04,0.94319,0.30048,1.0505
299.07,0.94272,0.3015,NaN
299.29,0.9431,0.3027,1.0507
299.44,0.94527,0.30918,1.051
299.65,0.94445,0.3058,1.0512
299.86,0.94429,0.30989,1.0514
300.09,0.94495,0.30629,1.0516
300.24,0.94143,0.2867,1.0519
300.45,0.94207,0.2915,1.0521
300.66,0.94378,0.30631,1.0523
300.85,0.94547,0.30515,1.0526
301.04,0.94209,0.29474,1.0529
301.27,0.94464,0.30615,1.0533
301.44,0.9474,0.32119,1.0537
301.66,0.94843,0.31878,1.0541
301.84,0.94581,0.32941,1.0546
302.08,0.95093,0.35638,1.0551
302.25,0.94936,0.33785,1.0556
302.46,0.94589,0.31778,1.0562
302.65,0.94752,0.32372,1.0568
302.87,0.94864,0.33491,1.0574
303.05,0.94553,0.31556,1.058
303.25,0.94335,0.29844,1.0588
303.45,0.94305,0.30309,1.062
303.65,0.94723,0.32201,1.0644
303.86,0.94546,0.30234,1.0659
304.1,0.93934,0.29245,1.0676
304.25,0.94333,0.3025,1.0687
304.45,0.94422,0.32086,1.0698
304.69,0.94493,0.29127,1.071
304.83,0.94299,0.29247,1.0721
305.04,0.94301,0.3022,1.0731
305.24,0.94348,0.31474,1.0741
305.45,0.94437,0.29791,1.075
305.65,0.94287,0.29287,1.0759
305.89,0.94014,0.29032,1.0767
306.05,0.94109,0.28849,1.078
306.24,0.94212,0.28983,1.0785
306.45,0.9399,0.28842,1.0792
306.66,0.93863,0.28796,1.0796
306.85,0.93918,0.28722,1.0799
307.04,0.94133,0.2891,1.0802
307.25,0.94325,0.29612,1.0804
307.47,0.94287,0.29798,1.0808
307.64,0.9383,0.27906,1.081
307.85,0.93818,0.27828,1.0812
308.06,0.94083,0.29227,1.0814
308.25,0.9432,0.29572,1.0816
308.5,0.9396,0.28006,1.0818
308.64,0.93774,0.27554,1.0822
308.86,0.93913,0.28322,1.0824
309.06,0.94414,0.2945,1.0827
309.31,0.94305,0.29534,1.0832
309.45,0.94365,0.29251,1.0836
309.65,0.94418,0.30351,1.0838
309.84,0.94544,0.30877,1.0843
310.04,0.94792,0.31576,1.0856
310.25,0.94509,0.30625,1.0888
310.51,0.94268,0.29198,1.0899
310.64,0.94064,0.28985,1.0906
310.86,0.94385,0.29758,1.0913
311.07,0.94114,0.2913,1.0919
311.24,0.94188,0.28924,1.0932
311.46,0.94226,0.29364,1.094
311.64,0.94199,0.29143,1.095
311.85,0.94163,0.29392,1.0954
312.04,0.94094,0.28773,1.0956
312.25,0.94166,0.28566,1.0958
312.47,0.94152,0.28867,1.0963
312.64,0.94029,0.29324,1.0967
312.83,0.94176,0.28869,1.0968
313.04,0.94118,0.28419,1.0972
313.25,0.93955,0.28483,1.0986
313.49,0.94146,0.28477,1.1002
313.64,0.94233,0.28613,1.1011
313.84,0.94232,0.28447,1.1016
314.07,0.93987,0.28437,1.1019
314.24,0.93997,0.28366,1.1022
314.45,0.94161,0.28388,1.1024
314.69,0.9392,0.28257,1.1028
314.83,0.94035,0.28418,1.1029
315.06,0.94446,0.28643,1.1029
315.26,0.94411,0.2966,1.103
315.44,0.94221,0.2995,1.103
315.66,0.94152,0.29244,1.1031
315.86,0.94218,0.29739,1.1034
316.05,0.94232,0.28844,1.1037
316.26,0.94357,0.29792,1.104
316.52,0.94402,0.29937,1.1043
316.65,0.94578,0.3089,1.1047
316.84,0.94513,0.32194,1.1052
317.12,0.94482,0.30382,1.106
317.24,0.94434,0.29985,1.1066
317.46,0.94552,0.30836,1.1069
317.64,0.94366,0.3081,1.1076
317.85,0.9412,0.28685,1.1081
318.06,0.94039,0.28264,1.1088
318.25,0.94176,0.29558,1.1095
318.46,0.94137,0.29188,1.1128
318.65,0.93977,0.27945,1.1152
318.86,0.94126,0.28291,1.1172
319.04,0.94586,0.30514,1.1179
319.31,0.94119,0.27451,1.1185
319.44,0.93915,0.27259,1.1192
319.66,0.93826,0.27501,1.1198
319.86,0.94213,0.29028,1.1205
320.04,0.93837,0.27754,1.121
320.24,0.93805,0.26994,1.1216
320.44,0.93947,0.2705,1.122
320.65,0.93889,0.2716,1.1229
320.84,0.93969,0.27088,1.1253
321.05,0.93813,0.27296,1.1271
321.25,0.93741,0.27535,1.128
321.46,0.9387,0.28132,1.1292
321.65,0.94203,0.27896,1.1296
321.86,0.93993,0.2824,1.13
322.04,0.94012,0.28247,1.1303
322.24,0.93757,0.25872,1.1307
322.45,0.9374,0.2688,1.1308
322.64,0.94023,0.28168,1.1309
322.84,0.93991,0.27455,1.131
323.05,0.93836,0.26594,1.1313
323.24,0.94139,0.2768,1.1315
323.46,0.94291,0.29026,1.1318
323.65,0.93842,0.27716,1.1321
323.85,0.94098,0.28309,1.1325
324.04,0.9434,0.2949,1.1329
324.25,0.94736,0.31662,1.1334
324.49,0.94212,0.28818,1.1343
324.65,0.93819,0.28485,1.1349
324.86,0.94318,0.29538,1.1364
325.05,0.94192,0.29062,1.1394
325.3,0.93901,0.27447,1.141
325.45,0.93973,0.28272,1.142
325.65,0.94503,0.29874,1.1431
325.91,0.93883,0.27225,1.1448
326.05,0.93893,0.26854,1.146
326.25,0.93955,0.28596,1.1466
326.44,0.94142,0.28892,1.1477
326.65,0.93733,0.26777,1.1486
326.84,0.93757,0.26623,1.1495
327.07,0.94108,0.27719,1.15
327.24,0.94073,0.28175,1.1503
327.44,0.93669,0.2592,1.1508
327.66,0.93558,0.25421,1.1512
327.85,0.93969,0.25503,1.1517
328.05,0.93698,0.25508,1.1522
328.24,0.93657,0.25726,1.1527
328.46,0.93728,0.25914,1.1532
328.65,0.93612,0.26206,1.1537
328.87,0.93711,0.26272,1.1543
329.05,0.93644,0.26368,1.1548
329.26,0.93781,0.2709,1.1554
329.45,0.93675,0.26701,1.1559
329.64,0.93426,0.24828,1.1563
329.86,0.93834,0.26069,1.1568
330.05,0.93863,0.27017,1.1572
330.25,0.93698,0.2598,1.1577
330.46,0.93654,0.26388,1.1584
330.65,0.93862,0.27624,1.1588
330.9,0.93933,0.27104,1.1593
331.06,0.93704,0.2571,1.1598
331.25,0.93825,0.26718,1.1604
331.45,0.93997,0.28131,1.1618
331.63,0.94126,0.28661,1.1647
331.84,0.93708,0.26723,1.1659
332.03,0.93554,0.26167,1.1673
332.26,0.93975,0.27455,1.1681
332.43,0.93705,0.26181,1.1687
332.66,0.93479,0.24854,1.1691
332.92,0.93455,0.25143,1.1698
333.04,0.93739,0.26966,1.1703
333.26,0.93677,0.25361,1.1708
333.44,0.93627,0.24867,1.1713
333.66,0.93293,0.24738,1.1717
333.85,0.93707,0.2678,1.1722
334.03,0.93511,0.25708,1.1728
334.24,0.93337,0.24932,1.1741
334.45,0.9321,0.24543,1.1771
334.65,0.93489,0.24446,1.1785
334.85,0.93415,0.24703,1.1794
335.11,0.93396,0.24622,1.1801
335.24,0.93201,0.24664,1.1805
335.43,0.93305,0.24756,1.1807
335.64,0.93345,0.24901,1.1812
335.86,0.93347,0.24866,1.1819
336.04,0.93417,0.24879,1.1822
336.29,0.93452,0.24752,1.1825
336.43,0.93225,0.24448,1.1828
336.65,0.93556,0.25277,1.1831
336.88,0.93549,0.25777,1.1833
337.04,0.9329,0.24864,1.1835
337.25,0.93334,0.24363,1.1838
337.48,0.93157,0.24321,1.184
337.66,0.93427,0.24977,1.1841
337.85,0.93762,0.25315,1.1842
338.05,0.93545,0.2517,1.1844
338.25,0.93578,0.24773,1.1846
338.46,0.93406,0.25308,1.1849
338.67,0.93439,0.25149,1.1854
338.83,0.93299,0.25222,1.1857
339.04,0.93468,0.2585,1.1859
339.25,0.93436,0.25974,1.1875
339.45,0.93811,0.27063,1.1894
339.66,0.93684,0.27013,1.1904
339.86,0.93892,0.27913,1.1915
340.04,0.93746,0.27028,1.1921
340.25,0.93757,0.2651,1.1925
340.47,0.94047,0.27285,1.193
340.63,0.9384,0.26064,1.1934
340.83,0.93684,0.26435,1.1939
341.05,0.93818,0.27027,1.1944
341.26,0.93841,0.26156,1.1948
341.44,0.9382,0.26094,1.1955
341.64,0.93737,0.2571,1.1958
341.85,0.93571,0.26205,1.1964
342.04,0.93576,0.25818,1.1972
342.24,0.93251,0.24446,1.1977
342.49,0.93316,0.24362,1.1988
342.63,0.93286,0.24317,1.2017
342.84,0.93251,0.24097,1.2036
343.06,0.93096,0.2419,1.2048
343.25,0.93326,0.24322,1.2057
343.45,0.93448,0.25075,1.2065
343.65,0.93401,0.2461,1.2073
343.85,0.93368,0.24886,1.2079
344.08,0.93309,0.25175,1.2085
344.25,0.93241,0.23832,1.2087
344.45,0.92942,0.23291,1.2088
344.64,0.93408,0.24912,1.2089
344.85,0.93519,0.24877,1.2091
345.14,0.93507,0.26143,1.2092
345.23,0.9359,0.26941,NaN
345.46,0.93789,0.27344,1.2096
345.68,0.93434,0.25336,1.2099
345.83,0.9347,0.26105,1.2103
346.06,0.93979,0.27686,1.2107
346.29,0.94026,0.27788,1.2112
346.45,0.93616,0.26577,1.2123
346.65,0.93682,0.26316,1.2154
346.84,0.94009,0.2737,1.2169
347.05,0.93641,0.25601,1.2181
347.3,0.9312,0.23799,1.2196
347.45,0.93454,0.24505,1.2208
347.65,0.93779,0.26845,1.2216
347.84,0.93486,0.24534,1.2222
348.05,0.93472,0.24091,1.2226
348.31,0.93435,0.25954,1.2229
348.45,0.93706,0.26627,1.2233
348.66,0.9343,0.24386,1.2238
348.88,0.93353,0.24297,1.2246
349.05,0.93173,0.24514,1.2268
349.25,0.93619,0.25948,1.2286
349.48,0.9325,0.24019,1.2296
349.65,0.93035,0.22926,1.2305
349.84,0.93081,0.22831,1.231
350.05,0.92996,0.22781,1.2315
350.26,0.92907,0.22705,1.2321
350.45,0.93028,0.22875,1.2329
350.65,0.93188,0.23152,1.2333
350.83,0.92813,0.23464,1.2337
351.04,0.9319,0.23571,1.234
351.24,0.93243,0.24086,1.2344
351.45,0.93167,0.23889,1.2348
351.65,0.92893,0.22054,1.2351
351.84,0.92891,0.22731,1.2355
352.04,0.93332,0.24509,1.2358
352.24,0.93075,0.24017,1.2362
352.44,0.93438,0.25145,1.2366
352.65,0.939,0.26699,1.2373
352.84,0.93497,0.25325,1.2382
353.06,0.93559,0.25426,1.2397
353.31,0.93683,0.26727,1.2417
353.44,0.9412,0.27984,1.2428
353.65,0.93764,0.26368,1.2435
353.84,0.93581,0.25312,1.2447
354.04,0.93518,0.25577,1.2458
354.25,0.93699,0.265,1.2469
354.44,0.93186,0.23875,1.2479
354.66,0.9288,0.22575,1.2489
354.85,0.93193,0.23537,1.2497
355.05,0.93635,0.2537,1.2507
355.24,0.93173,0.23668,1.2515
355.46,0.93201,0.23726,1.2524
355.65,0.93409,0.25328,1.2531
355.86,0.93452,0.24595,1.2534
356.09,0.9323,0.23513,1.2539
356.23,0.93017,0.23188,1.2543
356.46,0.9329,0.23857,1.2548
356.65,0.933,0.24808,1.2553
356.86,0.9318,0.23027,1.2558
357.1,0.92943,0.22445,1.2563
357.25,0.92815,0.22405,1.2569
357.46,0.93004,0.22217,1.2575
357.71,0.92993,0.21934,1.2581
357.83,0.92842,0.21833,1.259
358.05,0.92817,0.21897,1.2593
358.3,0.92719,0.21432,1.2602
358.44,0.92697,0.21587,1.2608
358.65,0.92833,0.22159,1.2611
358.85,0.93099,0.23314,1.2616
359.04,0.92847,0.22681,1.2627
359.25,0.92751,0.21924,1.2649
359.44,0.92468,0.20795,1.2656
359.66,0.9297,0.22183,1.2662
359.87,0.92833,0.22531,1.2668
360.05,0.93061,0.22703,1.2674
360.24,0.92992,0.22637,1.268
360.45,0.92945,0.23079,1.2685
360.64,0.93319,0.23868,1.269
360.84,0.9341,0.24137,1.2695
361.04,0.93264,0.23866,1.2701
361.26,0.93407,0.24235,1.2712
361.48,0.93572,0.24755,1.2725
361.64,0.93792,0.25079,1.2732
361.85,0.93562,0.24514,1.2736
362.05,0.93544,0.2462,1.2747
362.25,0.93374,0.24916,1.2753
362.46,0.93275,0.24142,1.2757
362.67,0.9315,0.23593,1.2763
362.85,0.93361,0.23684,1.2773
363.04,0.93425,0.24259,1.2779
363.29,0.93019,0.23345,1.2787
363.44,0.93337,0.23201,1.2791
363.64,0.93104,0.23132,1.2794
363.85,0.93234,0.23143,1.2797
364.04,0.93152,0.23548,1.28
364.27,0.93037,0.22747,1.2803
364.45,0.9311,0.22751,1.2809
364.64,0.93067,0.22887,1.281
364.89,0.931,0.22895,1.2816
365.03,0.93019,0.22678,1.2819
365.25,0.93082,0.22529,1.2823
365.52,0.92771,0.22079,1.2827
365.63,0.92704,0.22202,1.2831
365.84,0.9291,0.22363,1.2835
366.05,0.93141,0.22667,1.2839
366.26,0.93044,0.23818,1.2843
366.45,0.93102,0.23143,1.2847
366.64,0.93051,0.2351,1.2851
366.85,0.93346,0.23551,1.2855
367.12,0.93291,0.23906,1.286
367.25,0.93281,0.24416,1.2865
367.47,0.93503,0.25112,1.2869
367.64,0.93706,0.25433,1.2873
367.86,0.93854,0.2644,1.2885
368.07,0.93974,0.27181,1.291
368.25,0.94089,0.27456,1.2923
368.46,0.93782,0.25109,1.2934
368.7,0.93397,0.24998,1.2942
368.84,0.93447,0.25678,1.2953
369.05,0.93429,0.24708,1.2966
369.33,0.92999,0.22835,1.2982
369.45,0.93019,0.22772,1.2991
369.65,0.93298,0.24903,1.2997
369.85,0.92824,0.22562,1.3005
370.06,0.9283,0.22215,1.3015
370.25,0.93306,0.24289,1.3023
370.45,0.93618,0.24994,1.3032
370.66,0.93095,0.23124,1.3043
370.91,0.93058,0.22724,1.3047
371.05,0.93126,0.23167,1.3051
371.24,0.93329,0.24284,1.3055
371.48,0.92789,0.22515,1.306
371.64,0.9274,0.22272,1.3079
371.86,0.92764,0.22147,1.3096
372.08,0.92741,0.22036,1.3105
372.26,0.93011,0.22155,1.3115
372.46,0.93023,0.224,1.312
372.73,0.93163,0.23223,1.3125
372.85,0.93001,0.22808,1.3128
373.05,0.93209,0.2289,1.313
373.24,0.93192,0.22972,1.3133
373.44,0.92739,0.22045,1.3136
373.69,0.92215,0.19937,1.314
373.84,0.92546,0.20308,1.3143
374.06,0.9268,0.21794,1.3145
374.29,0.92621,0.22029,1.3148
374.44,0.92873,0.2223,1.3151
374.64,0.92953,0.23359,1.3154
374.84,0.93282,0.24628,1.3158
375.05,0.93584,0.24203,1.3162
375.27,0.93446,0.25654,1.3166
375.44,0.93817,0.2726,1.3171
375.65,0.93599,0.2531,1.3176
375.9,0.93671,0.24964,1.3184
376.04,0.93683,0.25636,1.319
376.25,0.93703,0.2584,1.3193
376.46,0.93062,0.23326,1.32
376.65,0.93027,0.22787,1.3211
376.87,0.93409,0.24147,1.3219
377.04,0.93322,0.2476,1.3227
377.24,0.93062,0.22176,1.3235
377.5,0.93216,0.23507,1.3243
377.64,0.93463,0.25321,1.3256
377.84,0.92917,0.22656,1.3296
378.06,0.93022,0.22303,1.3315
378.25,0.93087,0.22681,1.3328
378.5,0.93272,0.24223,1.3342
378.64,0.93139,0.23624,1.3352
378.89,0.92883,0.21883,1.3367
379.05,0.92772,0.21552,1.3381
379.23,0.92617,0.21436,1.3388
379.45,0.92797,0.21418,1.3401
379.63,0.92734,0.21526,1.3409
379.84,0.92784,0.22036,1.3416
380.03,0.92788,0.22461,1.3421
380.24,0.92884,0.22499,1.3425
380.44,0.9304,0.22476,1.3428
380.64,0.92933,0.22533,1.343
380.83,0.92713,0.20678,1.3432
381.09,0.9218,0.19367,1.3434
381.24,0.92468,0.20212,1.3437
381.44,0.9306,0.22233,1.3438
381.7,0.92639,0.2088,1.3441
381.84,0.92503,0.20973,1.3444
382.05,0.92862,0.21681,1.3445
382.24,0.93191,0.23418,1.3448
382.46,0.9315,0.23057,1.3453
382.69,0.93135,0.24185,1.3457
382.84,0.9349,0.25031,1.3462
383.06,0.93032,0.23774,1.3467
383.24,0.9315,0.2364,1.3472
383.44,0.93384,0.2377,1.3477
383.68,0.93235,0.24338,1.3483
383.84,0.93064,0.22586,1.349
384.06,0.92598,0.21801,1.3497
384.28,0.9262,0.20957,1.3508
384.44,0.92867,0.22234,1.3538
384.65,0.92757,0.21636,1.3559
384.84,0.92701,0.20877,1.3571
385.03,0.92531,0.20394,1.3581
385.28,0.9281,0.21434,1.3597
385.46,0.92887,0.22293,1.3607
385.64,0.93057,0.22552,1.3615
385.84,0.92808,0.21753,1.3621
386.04,0.92556,0.20213,1.3623
386.28,0.92339,0.19666,1.3626
386.44,0.92512,0.19567,1.3629
386.65,0.92277,0.19574,1.3632
386.86,0.92244,0.19711,1.3638
387.06,0.92271,0.19655,1.3645
387.23,0.92363,0.19983,1.3659
387.43,0.92348,0.19916,1.3666
387.65,0.9232,0.19799,1.3671
387.85,0.9236,0.19707,1.3675
388.04,0.92489,0.20122,1.3678
388.28,0.92596,0.21254,1.3679
388.45,0.92804,0.21979,1.3681
388.64,0.92869,0.22315,1.3682
388.91,0.92823,0.22515,1.3683
389.04,0.92818,0.22473,1.3683
389.25,0.9296,0.22363,1.3683
389.46,0.92929,0.21842,1.3684
389.65,0.93038,0.22851,1.3684
389.84,0.92686,0.22334,1.3685
390.07,0.92957,0.22658,1.3687
390.24,0.93358,0.23895,1.369
390.44,0.93419,0.23751,1.3694
390.64,0.93163,0.23726,1.3698
390.86,0.93374,0.24269,1.3703
391.1,0.932,0.23676,1.3711
391.25,0.93076,0.22814,1.3717
391.44,0.92935,0.22665,1.3723
391.69,0.93334,0.24055,1.373
391.83,0.92833,0.22212,1.3735
392.05,0.92604,0.21211,1.3742
392.24,0.92909,0.21986,1.3749
392.45,0.93137,0.24012,1.3757
392.7,0.92465,0.20908,1.3804
392.84,0.92605,0.2111,1.3822
393.04,0.92542,0.21531,1.3828
393.37,0.93035,0.22529,1.3843
393.45,0.92888,0.21702,1.3851
393.67,0.92499,0.21004,1.3861
393.85,0.92596,0.20835,1.3876
394.06,0.9249,0.20881,1.3889
394.24,0.92484,0.20889,1.3899
394.43,0.92587,0.20719,1.3905
394.73,0.92832,0.21376,1.3909
394.85,0.92487,0.21172,1.3913
395.05,0.92815,0.21325,1.3915
395.24,0.92578,0.21433,1.3918
395.46,0.92674,0.2057,1.3921
395.65,0.92364,0.1968,1.3924
395.85,0.92434,0.20594,1.3926
396.23,0.92617,0.20881,1.393
396.26,0.92597,0.20627,NaN
396.49,0.92682,0.20439,1.3934
396.64,0.9285,0.2148,1.3937
396.85,0.93121,0.22908,1.3939
397.1,0.92993,0.22919,1.3944
397.24,0.93364,0.23765,1.3948
397.46,0.93649,0.25183,1.3953
397.63,0.93359,0.23767,1.3958
397.83,0.93081,0.23157,1.3964
398.07,0.93235,0.23834,1.397
398.24,0.93427,0.24453,1.3976
398.46,0.92895,0.22029,1.3983
398.69,0.92584,0.21122,1.3994
398.86,0.92652,0.21723,1.4002
399.05,0.93164,0.2332,1.4006
399.23,0.92623,0.21318,1.4019
399.43,0.92714,0.2089,1.4056
399.67,0.93029,0.22384,1.4082
399.85,0.92916,0.22606,1.4088
400.04,0.9256,0.20427,1.4093
400.25,0.92483,0.20485,1.4098
400.45,0.92939,0.21542,1.4103
400.64,0.92872,0.22272,1.411
400.83,0.92633,0.20919,1.4116
401.03,0.92532,0.20719,1.4122
401.25,0.9242,0.20668,1.4127
401.52,0.92408,0.20502,1.4136
401.65,0.92426,0.20689,1.4145
401.84,0.92379,0.20844,1.415
402.06,0.92693,0.21348,1.4174
402.26,0.92765,0.21244,1.4189
402.46,0.92618,0.21439,1.4202
402.64,0.92687,0.21202,1.4206
402.85,0.92191,0.19183,1.4209
403.05,0.92391,0.1991,1.4212
403.26,0.92629,0.21034,1.4216
403.45,0.92759,0.20917,1.4218
403.67,0.92209,0.19599,1.422
403.85,0.92418,0.20558,1.4222
404.03,0.92865,0.21708,1.4225
404.26,0.92636,0.21042,1.4228
404.45,0.92958,0.21219,1.4231
404.65,0.92826,0.22256,1.4236
404.85,0.93342,0.24267,1.424
405.1,0.92715,0.21876,1.4249
405.25,0.92847,0.21969,1.4255
405.44,0.93148,0.22996,1.4258
405.71,0.92715,0.21983,1.4271
405.85,0.92319,0.20467,1.43
406.05,0.92229,0.20144,1.4321
406.24,0.92519,0.21108,1.4334
406.46,0.92637,0.2106,1.4346
406.64,0.92211,0.20081,1.4357
406.85,0.92291,0.19934,1.4368
407.09,0.92817,0.22187,1.438
407.25,0.92578,0.20561,1.439
407.44,0.92393,0.19336,1.4401
407.65,0.92121,0.1909,1.4409
407.85,0.91964,0.19497,1.4419
408.09,0.92525,0.20743,1.4432
408.25,0.92349,0.19677,1.4437
408.45,0.92302,0.1935,1.4446
408.66,0.92334,0.19566,1.4456
408.85,0.9217,0.19486,1.4465
409.04,0.92388,0.19521,1.4469
409.3,0.92194,0.19493,1.4472
409.43,0.92337,0.19775,1.4474
409.65,0.92222,0.19488,1.4476
409.84,0.92288,0.19551,1.4477
410.03,0.92224,0.20051,1.448
410.45,0.92708,0.21078,1.4484
410.47,0.92594,0.21182,NaN
410.73,0.92544,0.20961,1.4486
410.85,0.92089,0.19702,1.4488
411.05,0.92391,0.19503,1.4489
411.24,0.92439,0.20555,1.4492
411.45,0.92569,0.20743,1.4495
411.66,0.92239,0.20069,1.4497
411.84,0.92406,0.19838,1.45
412.04,0.92331,0.19927,1.4504
412.26,0.92611,0.20795,1.4507
412.45,0.92656,0.21311,1.451
412.64,0.92533,0.20929,1.4515
412.84,0.92777,0.20865,1.4519
413.05,0.92657,0.20903,1.4531
413.23,0.92434,0.20726,1.4554
413.45,0.92785,0.21359,1.4566
413.66,0.9304,0.22123,1.4574
413.89,0.927,0.21118,1.4584
414.04,0.92834,0.21006,1.4589
414.26,0.92708,0.21095,1.4596
414.5,0.92829,0.21472,1.4607
414.64,0.92423,0.20777,1.4617
414.85,0.92734,0.21147,1.4624
415.05,0.92732,0.2082,1.4632
415.25,0.92421,0.20819,1.4639
415.48,0.92736,0.21067,1.4647
415.65,0.92661,0.20704,1.4654
415.85,0.9274,0.20606,1.466
416.05,0.92503,0.20719,1.4669
416.25,0.92618,0.20648,1.4678
416.45,0.92796,0.20548,1.4685
416.64,0.92528,0.20561,1.4692
416.85,0.92384,0.20317,1.4697
417.04,0.92375,0.2037,1.4703
417.26,0.9243,0.2066,1.4709
417.45,0.92744,0.20818,1.4714
417.66,0.92323,0.20275,1.4717
417.85,0.92755,0.20492,1.4718
418.05,0.92636,0.21614,1.472
418.29,0.92761,0.21079,1.4721
418.45,0.92469,0.20998,1.4721
418.65,0.92781,0.21762,1.4722
418.87,0.92955,0.22463,1.4724
419.05,0.92701,0.21036,1.4727
419.25,0.9266,0.22206,1.473
419.44,0.93012,0.23164,1.4734
419.63,0.93119,0.23015,1.4739
419.86,0.92977,0.21573,1.4747
420.03,0.92672,0.2193,1.4753
420.25,0.93056,0.22883,1.4756
420.48,0.92556,0.20443,1.4765
420.64,0.92308,0.20325,1.4777
420.85,0.92843,0.21715,1.4804
421.05,0.93068,0.22553,1.4829
421.24,0.92326,0.2031,1.484
421.5,0.92423,0.20409,1.4859
421.66,0.93051,0.22217,1.4865
421.87,0.92519,0.21056,1.4868
422.04,0.92269,0.20034,1.4874
422.24,0.92356,0.19771,1.488
422.5,0.92723,0.21298,1.4889
422.65,0.9278,0.21153,1.4894
422.85,0.92053,0.19191,1.4899
423.09,0.92013,0.18958,1.4907
423.24,0.92056,0.1908,1.4918
423.46,0.91981,0.19027,1.4944
423.69,0.92098,0.18951,1.4957
423.85,0.91963,0.19082,1.4964
424.06,0.92114,0.19553,1.4974
424.26,0.9222,0.19279,1.4978
424.44,0.92116,0.19368,1.4982
424.67,0.92559,0.20507,1.4985
424.84,0.92524,0.20191,1.4988
425.04,0.92092,0.18768,1.499
425.27,0.92244,0.19928,1.4991
425.44,0.92666,0.20955,1.4993
425.65,0.92531,0.2038,1.4994
425.9,0.92881,0.21706,1.4997
426.03,0.92892,0.22453,1.5
426.25,0.92568,0.21214,1.5003
426.44,0.92706,0.21195,1.5007
426.65,0.9294,0.22428,1.5011
426.84,0.93363,0.23858,1.5016
427.05,0.92762,0.21948,1.5022
427.25,0.9273,0.21609,1.5031
427.44,0.93084,0.2274,1.5059
427.63,0.92799,0.22133,1.5078
427.84,0.92355,0.19837,1.5092
428.05,0.92544,0.20404,1.51
428.26,0.93059,0.22409,1.5112
428.49,0.92409,0.20293,1.513
428.64,0.92317,0.19899,1.5141
428.84,0.9257,0.20483,1.5147
429.06,0.93109,0.22521,1.5163
429.25,0.92659,0.2026,1.5172
429.44,0.92337,0.19912,1.5183
429.65,0.9237,0.19881,1.5191
429.87,0.92901,0.21483,1.5199
430.04,0.92546,0.20377,1.5203
430.25,0.92138,0.18977,1.5206
430.44,0.9211,0.18583,1.5209
430.64,0.92132,0.18559,1.5213
430.87,0.9201,0.18634,1.5217
431.04,0.92061,0.18662,1.5222
431.25,0.92198,0.18849,1.5227
431.51,0.9218,0.19007,1.5233
431.65,0.92167,0.19059,1.5238
431.86,0.92342,0.19284,1.5243
432.12,0.92536,0.20469,1.5247
432.25,0.92473,0.19645,1.5252
432.46,0.91982,0.18344,1.5256
432.65,0.92224,0.18901,1.526
432.85,0.92405,0.20338,1.5264
433.09,0.92401,0.19931,1.5267
433.23,0.92427,0.20463,1.5274
433.48,0.92843,0.21747,1.5276
433.64,0.92359,0.20495,1.5281
433.84,0.92437,0.19789,1.5292
434.05,0.92499,0.20298,1.5316
434.26,0.9272,0.21452,1.5329
434.48,0.92573,0.21401,1.5343
434.65,0.92811,0.21049,1.535
434.83,0.92567,0.20665,1.5357
435.05,0.92695,0.20939,1.5371
435.24,0.92779,0.20954,1.5382
435.51,0.92571,0.2004,1.5391
435.64,0.92176,0.18996,1.54
435.89,0.92091,0.18476,1.5406
436.04,0.92313,0.19519,1.5414
436.25,0.92357,0.20302,1.5418
436.44,0.92319,0.19528,1.542
436.66,0.92075,0.18828,1.5423
436.93,0.92229,0.19062,1.5427
437.03,0.92029,0.19495,1.5431
437.24,0.92547,0.19581,1.5433
437.46,0.92507,0.19987,1.5439
437.64,0.92348,0.19357,1.5443
437.83,0.92151,0.19345,1.5447
438.04,0.92192,0.19301,1.5452
438.3,0.9205,0.19313,1.5456
438.43,0.92068,0.19285,1.5461
438.66,0.92387,0.19426,1.5466
438.86,0.91966,0.19099,1.547
439.06,0.92121,0.19162,1.5473
439.24,0.92162,0.19234,1.5477
439.45,0.92235,0.19682,1.5481
439.66,0.92256,0.19808,1.5485
439.84,0.9237,0.19945,1.5488
440.05,0.92391,0.20233,1.5491
440.24,0.92536,0.20816,1.5495
440.5,0.9232,0.20554,1.5498
440.65,0.92472,0.20522,1.5501
440.84,0.92624,0.21297,1.5504
441.05,0.92737,0.20884,1.5507
441.31,0.9291,0.21506,1.5511
441.45,0.9276,0.22126,1.5518
441.64,0.9286,0.22288,1.552
441.86,0.92824,0.21585,1.5526
442.04,0.92835,0.22021,1.5531
442.26,0.92944,0.2288,1.5546
442.45,0.92633,0.20227,1.5576
442.63,0.922,0.19534,1.5591
442.94,0.92691,0.21023,1.5608
443.06,0.92918,0.21912,1.5618
443.26,0.92258,0.1964,1.5629
443.45,0.92297,0.19597,1.5638
443.64,0.93002,0.21516,1.565
443.91,0.92388,0.19985,1.5662
444.06,0.92292,0.19606,1.5674
444.25,0.92339,0.19443,1.568
444.45,0.92325,0.20156,1.5689
444.64,0.92582,0.20979,1.5699
444.9,0.92048,0.18774,1.5712
445.03,0.92028,0.18547,1.5722
445.25,0.91893,0.18327,1.5726
445.44,0.91898,0.18111,1.5732
445.66,0.919,0.18438,1.5741
445.88,0.9188,0.18506,1.5751
446.04,0.92137,0.18895,1.5758
446.24,0.91995,0.18962,1.5763
446.44,0.91908,0.19104,1.5767
446.65,0.92261,0.19635,1.5769
446.92,0.91764,0.17905,1.5771
447.05,0.91683,0.1724,1.5773
447.24,0.91727,0.17951,1.5774
447.46,0.9235,0.19856,1.5775
447.64,0.92146,0.19853,1.5776
447.88,0.92595,0.21033,1.5777
448.04,0.92838,0.22026,1.578
448.26,0.92417,0.20726,1.5783
448.43,0.92433,0.211,1.5786
448.64,0.92982,0.22447,1.5793
448.84,0.93312,0.23536,1.5814
449.05,0.93052,0.21501,1.5831
449.25,0.92706,0.21269,1.5848
449.44,0.92722,0.22022,1.5856
449.66,0.92991,0.22184,1.5866
449.93,0.92082,0.18704,1.5884
450.05,0.91988,0.18486,1.5895
450.25,0.92262,0.19653,1.59
450.44,0.92539,0.2045,1.5909
450.65,0.92165,0.19235,1.5918
450.84,0.92335,0.20189,1.5926
451.05,0.92833,0.21955,1.5934
451.25,0.9217,0.19544,1.5945
451.45,0.92121,0.19352,1.5955
451.75,0.92218,0.20251,1.5974
451.83,0.92641,0.20952,NaN
452.08,0.92121,0.19545,1.599
452.25,0.9223,0.18863,1.5996
452.45,0.92074,0.18583,1.6
452.66,0.9181,0.18389,1.6004
452.85,0.91992,0.18629,1.6008
453.04,0.92008,0.19206,1.6012
453.25,0.92275,0.1957,1.6016
453.47,0.92195,0.19562,1.6021
453.63,0.92051,0.19299,1.6024
453.85,0.92054,0.19324,1.6028
454.04,0.9198,0.19189,1.6032
454.27,0.91474,0.17075,1.6038
454.44,0.9138,0.17091,1.6041
454.64,0.91804,0.18073,1.6043
454.89,0.91911,0.1871,1.6054
455.04,0.91891,0.18846,1.6068
455.25,0.92341,0.19993,1.6077
455.45,0.92594,0.21,1.6087
455.64,0.92581,0.20272,1.6092
455.84,0.92622,0.21352,1.6095
456.04,0.92791,0.22245,1.6098
456.27,0.93006,0.224,1.6101
456.43,0.92137,0.20331,1.6106
456.66,0.92493,0.20357,1.6111
456.85,0.92488,0.20983,1.6116
457.04,0.92274,0.20366,1.6121
457.27,0.91805,0.18223,1.613
457.44,0.91666,0.17954,1.6136
457.65,0.91815,0.1866,1.6139
457.85,0.91967,0.18927,1.6149
458.05,0.91776,0.17543,1.6156
458.34,0.91918,0.18624,1.6171
458.44,0.92404,0.20362,NaN
458.67,0.92052,0.18783,1.6213
458.85,0.92035,0.18747,1.6229
459.05,0.92078,0.18557,1.6241
459.24,0.91881,0.18811,1.6253
459.44,0.92305,0.19937,1.6264
459.65,0.92059,0.19291,1.6274
459.85,0.9214,0.19119,1.6286
460.05,0.91954,0.19179,1.6295
460.24,0.92026,0.1931,1.6305
460.5,0.92172,0.19305,1.6309
460.65,0.92131,0.19068,1.6314
460.94,0.91995,0.18902,1.632
461.06,0.91883,0.19004,1.6323
461.26,0.92079,0.19101,1.6326
461.44,0.92119,0.18514,1.6328
461.65,0.91779,0.18432,1.6329
461.84,0.92017,0.1891,1.633
462.04,0.9227,0.19695,1.633
462.31,0.92194,0.18763,1.6331
462.43,0.92013,0.18416,1.6331
462.65,0.91538,0.17115,1.6331
462.84,0.91752,0.17836,1.6332
463.04,0.91996,0.18857,1.6332
463.24,0.91998,0.18729,1.6334
463.46,0.91858,0.1817,1.6338
463.69,0.91828,0.18185,1.6341
463.83,0.91682,0.18272,1.6345
464.06,0.92073,0.19284,1.6348
464.25,0.92324,0.20183,1.6353
464.45,0.92566,0.19877,1.6357
464.65,0.92391,0.19762,1.6362
464.84,0.92655,0.20533,1.6368
465.09,0.92344,0.19971,1.6373
465.25,0.92669,0.20875,1.6382
465.47,0.92326,0.19921,1.6385
465.66,0.92477,0.19817,1.639
465.85,0.9226,0.20396,1.6395
466.04,0.92126,0.19484,1.6402
466.26,0.92208,0.20011,1.6412
466.61,0.92318,0.20512,1.6427
466.64,0.92341,0.20447,NaN
466.83,0.92012,0.1953,1.6473
467.04,0.91962,0.18991,1.6487
467.25,0.92088,0.19082,1.6498
467.43,0.92066,0.18925,1.6508
467.64,0.91964,0.19057,1.6518
467.89,0.91781,0.1901,1.6526
468.03,0.92079,0.19,1.6534
468.25,0.92191,0.19065,1.6542
468.44,0.92199,0.19074,1.6548
468.63,0.92525,0.19568,1.6552
468.88,0.91859,0.18004,1.6555
469.04,0.9143,0.16709,1.6557
469.24,0.91751,0.17669,1.6558
469.44,0.92264,0.19569,1.656
469.64,0.91871,0.17927,1.6562
469.87,0.92002,0.18181,1.6564
470.05,0.92257,0.19416,1.6567
470.28,0.92681,0.20239,1.6569
470.43,0.92642,0.2109,1.6572
470.64,0.93091,0.22324,1.6576
470.86,0.93129,0.23128,1.658
471.03,0.92584,0.2095,1.6584
471.27,0.92645,0.20935,1.6591
471.44,0.92735,0.21584,1.6598
471.66,0.92534,0.21143,1.6601
471.84,0.92396,0.19249,1.6611
472.05,0.92244,0.1911,1.6615
472.33,0.92483,0.2109,1.6626
472.43,0.92395,0.20321,1.6634
472.66,0.91712,0.18212,1.6641
472.83,0.91852,0.1871,1.6649
473.06,0.9258,0.21012,1.6658
473.25,0.92271,0.18909,1.6666
473.45,0.9213,0.18994,1.6679
473.66,0.92088,0.19174,1.6718
473.86,0.92271,0.20388,1.6739
474.03,0.92194,0.19917,1.6751
474.24,0.91624,0.18497,1.676
474.52,0.91887,0.18325,1.6768
474.63,0.92114,0.18336,1.6774
474.85,0.9171,0.18161,1.6778
475.03,0.91677,0.18031,1.6784
475.25,0.9189,0.18095,1.6792
475.49,0.92108,0.18861,1.6796
475.64,0.91995,0.18681,1.68
475.84,0.91976,0.19018,1.6806
476.03,0.91929,0.19127,1.6815
476.25,0.91446,0.16792,1.683
476.47,0.91478,0.17104,1.6836
476.65,0.91804,0.18349,1.6842
476.85,0.92017,0.19052,1.6846
477.06,0.92063,0.17866,1.6849
477.26,0.92132,0.18736,1.6852
477.43,0.92369,0.20213,1.6855
477.63,0.92531,0.20141,1.6859
477.88,0.92729,0.21692,1.6864
478.06,0.93224,0.23311,1.6868
478.24,0.92789,0.21792,1.6871
478.45,0.92398,0.20527,1.6876
478.65,0.92247,0.21051,1.6882
478.84,0.92796,0.22128,1.6887
479.04,0.92391,0.19971,1.6894
479.33,0.91863,0.18556,1.6904
479.46,0.92199,0.19105,1.6911
479.66,0.9244,0.21137,1.6914
479.84,0.9207,0.18472,1.692
480.05,0.91674,0.17495,1.6933
480.34,0.92376,0.20244,1.6981
480.44,0.92599,0.20959,1.6996
480.67,0.91996,0.18144,1.7006
480.83,0.91848,0.18273,1.7013
481.05,0.91967,0.18724,1.7019
481.24,0.92623,0.20416,1.7025
481.46,0.92159,0.18915,1.7032
481.65,0.91906,0.1817,1.7038
481.84,0.91766,0.181,1.7044
482.11,0.91542,0.18079,1.7051
482.25,0.91859,0.18048,1.706
482.49,0.91689,0.17836,1.708
482.64,0.91629,0.17795,1.7096
482.87,0.91767,0.17788,1.71
483.05,0.91791,0.18029,1.7106
483.24,0.9185,0.18465,1.7113
483.44,0.92209,0.19087,1.7117
483.64,0.91718,0.17291,1.7122
483.9,0.91331,0.17239,1.7127
484.05,0.91879,0.17894,1.7129
484.25,0.92302,0.19012,1.713
484.45,0.91778,0.1804,1.7131
484.7,0.91589,0.17158,1.7131
484.85,0.91675,0.17393,1.7133
485.05,0.92185,0.1898,1.7136
485.32,0.92138,0.19175,1.7141
485.44,0.92008,0.18897,1.7145
485.63,0.9214,0.1969,1.7147
485.83,0.92545,0.20169,1.7151
486.05,0.92827,0.20843,1.7156
486.24,0.92623,0.20454,1.7164
486.43,0.92288,0.19184,1.7167
486.64,0.92207,0.18942,1.7173
486.86,0.92277,0.19714,1.7185
487.12,0.92112,0.18897,1.7208
487.23,0.92162,0.18906,1.7227
487.45,0.92081,0.18693,1.7237
487.64,0.92022,0.19316,1.7246
487.83,0.92273,0.19302,1.7252
488.07,0.9193,0.18505,1.7258
488.23,0.9214,0.18684,1.7271
488.43,0.91947,0.18671,1.728
488.65,0.92171,0.19334,1.7288
488.84,0.92011,0.18859,1.7293
489.09,0.91804,0.18471,1.7306
489.24,0.9202,0.18499,1.7311
489.45,0.92049,0.18438,1.7317
489.66,0.92013,0.18406,1.7323
489.83,0.9191,0.18381,1.7326
490.05,0.91906,0.18344,1.7328
490.24,0.91821,0.18099,1.733
490.56,0.91998,0.18111,1.7332
490.65,0.91848,0.18185,1.7333
490.91,0.91878,0.18652,1.7333
491.05,0.92106,0.1901,1.7334
491.26,0.92229,0.1975,1.7334
491.45,0.92323,0.19994,1.7335
491.65,0.92165,0.19637,1.7336
491.89,0.92344,0.1966,1.7339
492.05,0.92236,0.19088,1.7342
492.28,0.92287,0.19751,1.7345
492.44,0.92458,0.1993,1.7349
492.64,0.92668,0.21549,1.7353
492.84,0.92794,0.22279,1.7358
493.05,0.92347,0.20366,1.7363
493.25,0.92277,0.20288,1.7369
493.43,0.92582,0.21158,1.7375
493.64,0.92808,0.21234,1.7382
493.87,0.92005,0.18971,1.7389
494.06,0.92143,0.18782,1.7394
494.23,0.92287,0.19887,1.7402
494.45,0.92402,0.19631,1.7409
494.64,0.92088,0.18711,1.7417
494.83,0.91817,0.18704,1.7425
495.04,0.92665,0.2081,1.7438
495.28,0.92029,0.18288,1.7467
495.45,0.91866,0.18158,1.7498
495.77,0.92097,0.1919,1.752
495.84,0.9234,0.19925,NaN
496.03,0.92172,0.18996,1.7534
496.26,0.91949,0.18356,1.7548
496.44,0.92151,0.18203,1.7561
496.64,0.91786,0.18042,1.7571
496.89,0.9199,0.17978,1.7585
497.03,0.91877,0.18132,1.7594
497.24,0.91999,0.18362,1.7597
497.45,0.92081,0.19122,1.7603
497.65,0.91978,0.18664,1.7606
497.93,0.92028,0.1906,1.7609
498.04,0.92059,0.18828,1.7611
498.27,0.91654,0.16904,1.7612
498.45,0.91667,0.17816,1.7613
498.66,0.92149,0.19238,1.7614
498.84,0.92087,0.18496,1.7615
499.05,0.91645,0.17307,1.7617
499.24,0.9198,0.18251,1.762
499.43,0.92215,0.19554,1.7623
499.72,0.91991,0.18983,1.7628
499.85,0.92244,0.19607,1.7633
500.06,0.92595,0.20761,1.7635
500.25,0.92837,0.22508,1.764
500.44,0.92243,0.20279,1.7646
500.63,0.92284,0.20104,1.7652
500.84,0.92578,0.21137,1.7658
501.13,0.92182,0.1925,1.7668
501.26,0.92135,0.19073,1.7674
501.55,0.92696,0.20841,1.7685
501.64,0.92689,0.21425,NaN
501.85,0.92284,0.18824,1.7732
502.04,0.92087,0.18567,1.7751
502.35,0.92609,0.21165,1.7769
502.44,0.92555,0.20791,1.7777
502.68,0.91897,0.1809,1.7781
502.84,0.9186,0.18053,1.779
503.05,0.9209,0.19463,1.7807
503.23,0.92215,0.19933,1.7819
503.45,0.91649,0.17683,1.783
503.67,0.91582,0.17271,1.7845
503.85,0.91622,0.17157,1.785
504.06,0.91532,0.17293,1.7857
504.23,0.91633,0.17369,1.7868
504.43,0.9171,0.17634,1.7878
504.68,0.91707,0.17795,1.7886
504.86,0.91451,0.18177,1.7892
505.05,0.91791,0.182,1.7895
505.24,0.92028,0.18874,1.7897
505.44,0.92009,0.18637,1.7899
505.65,0.91563,0.1698,1.7901
505.86,0.91965,0.18233,1.7902
506.04,0.92191,0.1919,1.7903
506.24,0.91852,0.1804,1.7904
506.49,0.91898,0.18086,1.7906
506.63,0.91892,0.18889,1.7909
506.84,0.92066,0.19723,1.791
507.05,0.9182,0.18106,1.7915
507.24,0.92,0.19042,1.792
507.49,0.92234,0.20435,1.7924
507.63,0.92538,0.20879,1.793
507.84,0.92192,0.18827,1.7936
508.04,0.91944,0.1857,1.7941
508.26,0.92215,0.19279,1.7957
508.44,0.92077,0.18798,1.7987
508.66,0.91751,0.1786,1.8002
508.85,0.91955,0.18042,1.8014
509.04,0.92334,0.1961,1.8024
509.32,0.91694,0.17575,1.804
509.44,0.91598,0.17472,1.8051
509.66,0.91698,0.1726,1.8061
509.84,0.92035,0.18933,1.807
510.04,0.91998,0.18481,1.8081
510.29,0.91919,0.17784,1.8088
510.45,0.91654,0.17228,1.8096
510.64,0.91522,0.16827,1.8105
510.84,0.91622,0.17114,1.8111
511.07,0.91526,0.1689,1.812
511.24,0.91508,0.16881,1.8126
511.45,0.91475,0.16869,1.8129
511.64,0.91434,0.16976,1.8131
511.83,0.91569,0.17023,1.8133
512.04,0.91561,0.17145,1.8135
512.24,0.91545,0.16811,1.8137
512.48,0.91383,0.16642,1.814
512.65,0.91374,0.16604,1.8142
512.85,0.92198,0.18465,1.8144
513.06,0.92122,0.18153,1.8146
513.24,0.91971,0.17747,1.8148
513.52,0.91552,0.176,1.8149
513.64,0.91995,0.18298,1.8152
513.84,0.91925,0.18427,1.8153
514.05,0.91763,0.18274,1.8155
514.3,0.91915,0.18021,1.8158
514.44,0.91908,0.18391,1.816
514.66,0.91883,0.18171,1.8162
514.86,0.91793,0.18089,1.8165
515.06,0.9216,0.18766,1.8167
515.23,0.92234,0.19456,1.8171
515.46,0.9221,0.19826,1.8178
515.68,0.92294,0.19586,1.8183
515.84,0.9268,0.20593,1.8188
516.11,0.92189,0.19347,1.8193
516.25,0.92338,0.19313,1.8207
516.44,0.92586,0.20222,1.823
516.65,0.92157,0.19035,1.8247
516.86,0.91944,0.19169,1.826
517.1,0.92606,0.20331,1.8271
517.25,0.92172,0.19332,1.8276
517.47,0.92282,0.18812,1.8278
517.64,0.92045,0.18354,1.8283
517.84,0.92049,0.19246,1.8289
518.03,0.92189,0.19061,1.8295
518.24,0.91847,0.1759,1.83
518.46,0.91653,0.17506,1.8305
518.64,0.91625,0.17372,1.8313
518.84,0.91722,0.17152,1.8319
519.05,0.91665,0.1725,1.8328
519.25,0.91757,0.17271,1.8352
519.51,0.91622,0.17669,1.8369
519.65,0.91679,0.17495,1.8377
519.9,0.91868,0.17852,1.8387
520.03,0.92239,0.18584,1.8391
520.28,0.91674,0.17194,1.8393
520.43,0.91654,0.16881,1.8396
520.65,0.92025,0.18462,1.8399
520.83,0.91947,0.1842,1.8401
521.05,0.92084,0.1859,1.8402
521.24,0.92365,0.1983,1.8404
521.45,0.92661,0.20305,1.8407
521.64,0.92116,0.18685,1.841
521.88,0.92311,0.1948,1.8413
522.05,0.92524,0.20397,1.8418
522.26,0.92734,0.2151,1.8423
522.45,0.92155,0.19661,1.8428
522.65,0.9225,0.19297,1.8434
522.85,0.92506,0.20529,1.844
523.05,0.92096,0.19079,1.8447
523.25,0.91797,0.17666,1.8463
523.45,0.91892,0.18301,1.8496
523.63,0.92484,0.20305,1.8511
523.84,0.92031,0.18097,1.8523
524.09,0.92033,0.17692,1.8541
524.26,0.91881,0.18715,1.8551
524.46,0.92667,0.20115,1.8564
524.64,0.91852,0.18146,1.8575
524.83,0.9182,0.17862,1.8586
525.09,0.91573,0.18075,1.8595
525.25,0.92161,0.19335,1.8604
525.45,0.91699,0.17843,1.8614
525.66,0.91511,0.16714,1.862
525.83,0.91476,0.16737,1.8624
526.05,0.91513,0.1658,1.8627
526.24,0.91507,0.16649,1.8631
526.56,0.91361,0.16593,1.8637
526.64,0.91494,0.16811,1.8641
526.9,0.91424,0.16947,1.8645
527.04,0.91729,0.17278,1.8648
527.26,0.91951,0.17647,1.8652
527.43,0.92019,0.17846,1.8655
527.64,0.91596,0.16411,1.8658
527.9,0.91763,0.17529,1.8662
528.03,0.92149,0.18273,1.8666
528.23,0.92098,0.17919,1.867
528.44,0.92171,0.19097,1.8673
528.65,0.92608,0.20242,1.8677
528.9,0.92104,0.18482,1.8684
529.05,0.92064,0.18784,1.8689
529.25,0.92383,0.19717,1.8692
529.45,0.92773,0.21214,1.8697
529.64,0.92587,0.20088,1.8707
529.83,0.92042,0.19,1.8733
530.06,0.92125,0.19243,1.876
530.3,0.92402,0.20147,1.877
530.46,0.91716,0.17551,1.8775
530.65,0.91499,0.16833,1.878
530.85,0.91647,0.17791,1.8784
531.04,0.92199,0.1957,1.879
531.33,0.91702,0.17636,1.8799
531.45,0.91679,0.17652,1.8804
531.66,0.9214,0.1919,1.8807
531.83,0.92229,0.19113,1.8812
532.04,0.91549,0.17474,1.8818
532.23,0.91919,0.17441,1.8824
532.44,0.91789,0.17719,1.8835
532.65,0.92124,0.19009,1.8862
532.84,0.91699,0.17535,1.889
533.04,0.91375,0.16685,1.8897
533.36,0.91288,0.16339,1.8917
533.43,0.91382,0.16309,NaN
533.76,0.91107,0.16,1.8934
533.83,0.91233,0.1606,1.8939
534.07,0.91198,0.16101,1.8941
534.25,0.91074,0.15758,1.8943
534.44,0.9101,0.15729,1.8945
534.66,0.91072,0.16201,1.8947
534.85,0.91557,0.1756,1.895
535.04,0.91688,0.17208,1.8952
535.24,0.91381,0.16766,1.8954
535.5,0.91175,0.15621,1.8957
535.63,0.91253,0.17124,1.896
535.89,0.91729,0.17426,1.8965
536.03,0.91723,0.17582,1.8972
536.25,0.91751,0.17165,1.8982
536.43,0.91674,0.17516,1.8991
536.66,0.91911,0.18107,1.8997
536.94,0.91987,0.18401,1.9007
537.03,0.91906,0.18281,1.9011
537.27,0.91995,0.18692,1.9013
537.45,0.92149,0.1893,1.9016
537.73,0.92286,0.19093,1.9022
537.84,0.92028,0.19028,1.9026
538.1,0.92112,0.18904,1.903
538.25,0.92133,0.19217,1.9034
538.48,0.92112,0.18375,1.9038
538.64,0.91881,0.18023,1.9041
538.85,0.91919,0.18059,1.9045
539.06,0.92133,0.18752,1.905
539.25,0.91817,0.18194,1.9055
539.46,0.91624,0.17566,1.906
539.64,0.9156,0.17611,1.9066
539.83,0.91807,0.17642,1.9071
540.04,0.91804,0.18255,1.9077
540.23,0.91661,0.17474,1.9086
540.44,0.91634,0.17376,1.911
540.63,0.91608,0.17407,1.9126
540.85,0.91772,0.17263,1.9137
541.04,0.91434,0.17028,1.9144
541.25,0.91576,0.16869,1.9148
541.46,0.91528,0.17134,1.9154
541.64,0.91487,0.16815,1.9157
541.86,0.91578,0.16823,1.916
542.08,0.91723,0.17736,1.9163
542.23,0.91982,0.1895,1.9165
542.45,0.91974,0.18339,1.9168
542.65,0.92155,0.18266,1.917
542.84,0.91975,0.18724,1.9172
543.04,0.92014,0.18276,1.9175
543.23,0.92382,0.19427,1.9178
543.47,0.92271,0.20267,1.9181
543.65,0.92484,0.20065,1.9184
543.84,0.9261,0.20938,1.9188
544.03,0.92983,0.21748,1.9192
544.26,0.92876,0.21972,1.9197
544.45,0.92294,0.19855,1.9205
544.65,0.92401,0.19783,1.9216
544.83,0.92474,0.2058,1.9243
545.06,0.92394,0.1976,1.9264
545.23,0.91865,0.17617,1.9276
545.45,0.91636,0.17394,1.9288
545.74,0.92248,0.19529,1.9304
545.86,0.91739,0.17355,1.9315
546.05,0.91434,0.1731,1.9319
546.25,0.92054,0.19057,1.9325
546.45,0.92533,0.19921,1.933
546.64,0.91904,0.18002,1.9334
546.9,0.92021,0.17785,1.9346
547.03,0.92072,0.18154,1.9355
547.27,0.92077,0.19346,1.9377
547.43,0.91993,0.17987,1.9388
547.64,0.91579,0.17507,1.9399
547.86,0.91517,0.17381,1.9406
548.06,0.9143,0.16981,1.9412
548.29,0.91541,0.17174,1.9424
548.43,0.9176,0.17275,1.9434
548.65,0.91809,0.17825,1.944
548.92,0.91871,0.17742,1.9446
549.05,0.91908,0.17737,1.9448
549.29,0.91739,0.17926,1.945
549.45,0.91691,0.17399,1.9451
549.64,0.9131,0.15593,1.9452
549.83,0.91107,0.15288,1.9454
550.05,0.91631,0.16838,1.9456
550.26,0.91851,0.17625,1.9459
550.45,0.91679,0.17679,1.9462
550.64,0.91951,0.18694,1.9465
550.85,0.92406,0.19845,1.947
551.05,0.92146,0.1951,1.9478
551.25,0.92709,0.20744,1.9493
551.46,0.92996,0.22175,1.9509
551.64,0.92516,0.20544,1.9519
551.85,0.92422,0.19752,1.9528
552.05,0.92528,0.20377,1.9535
552.25,0.92369,0.20745,1.9547
552.46,0.91696,0.18434,1.9561
552.65,0.91896,0.17784,1.957
552.91,0.92251,0.19927,1.9587
553.05,0.92348,0.19845,1.9596
553.23,0.91651,0.17769,1.9605
553.51,0.92181,0.18987,1.9614
553.64,0.92529,0.20589,1.9623
553.87,0.91743,0.18268,1.9633
554.03,0.92033,0.17963,1.9643
554.26,0.91664,0.17948,1.9653
554.43,0.922,0.19014,1.9662
554.66,0.92187,0.19135,1.9672
554.89,0.91673,0.17448,1.9686
555.04,0.91582,0.17355,1.9694
555.26,0.91479,0.17056,1.9697
555.46,0.91651,0.17198,1.9701
555.64,0.91604,0.17228,1.9706
556,0.91967,0.17874,1.9712
556.05,0.91836,0.18098,NaN
556.26,0.91651,0.17898,1.9717
556.45,0.91714,0.17878,1.9722
556.66,0.91828,0.18083,1.973
556.85,0.91453,0.16857,1.9739
557.09,0.90989,0.15113,1.9747
557.24,0.91016,0.15578,1.9752
557.48,0.91583,0.17412,1.9756
557.63,0.91774,0.17022,1.9758
557.85,0.91709,0.17147,1.976
558.04,0.91762,0.17929,1.9762
558.26,0.92087,0.18728,1.9763
558.43,0.92346,0.1886,1.9768
558.66,0.92318,0.19724,1.9769
558.83,0.92458,0.20771,1.9773
559.05,0.9218,0.19513,1.9779
559.25,0.91901,0.18921,1.9784
559.45,0.92364,0.19169,1.9789
559.63,0.92246,0.19623,1.9795
559.84,0.92172,0.18757,1.9802
560.1,0.91664,0.17443,1.9812
560.23,0.91503,0.17051,1.9819
560.43,0.91765,0.17416,1.9822
560.64,0.91909,0.18182,1.9828
560.85,0.91848,0.17076,1.9836
561.03,0.91369,0.16289,1.9847
561.25,0.91458,0.16144,1.9876
561.5,0.91645,0.17426,1.9903
561.65,0.91711,0.18083,1.9913
561.86,0.92002,0.18185,1.992
562.04,0.91518,0.1678,1.9926
562.25,0.91228,0.15976,1.9931
562.45,0.9138,0.159,1.9937
562.65,0.91153,0.15761,1.9942
562.86,0.91371,0.15808,1.9946
563.03,0.91457,0.15938,1.9949
563.24,0.9125,0.16093,1.9953
563.43,0.91109,0.16041,1.9956
563.65,0.90978,0.15851,1.9959
563.84,0.91252,0.1595,1.9963
564.1,0.91241,0.16363,1.9967
564.25,0.91357,0.17062,1.997
564.48,0.917,0.17706,1.9972
564.64,0.91788,0.17942,1.9973
564.93,0.91978,0.18688,1.9974
565.05,0.92168,0.18501,1.9975
565.25,0.91864,0.18483,1.9981
565.44,0.91726,0.17901,1.9987
565.71,0.91902,0.18374,1.9998
565.85,0.9177,0.1856,2.0004
566.04,0.92201,0.1898,2.0014
566.25,0.92232,0.20112,2.0018
566.47,0.92358,0.1968,2.002
566.64,0.92287,0.19817,2.0023
566.84,0.92368,0.20266,2.0026
567.04,0.92582,0.20725,2.003
567.25,0.91872,0.18811,2.0035
567.44,0.92161,0.18573,2.0043
567.66,0.9231,0.19662,2.0048
567.91,0.91581,0.17367,2.0054
568.03,0.91772,0.17143,2.006
568.3,0.91996,0.18591,2.0066
568.45,0.92315,0.20059,2.0073
568.65,0.91515,0.17155,2.008
568.85,0.91434,0.17086,2.0087
569.04,0.9152,0.1741,2.01
569.25,0.92354,0.19246,2.013
569.44,0.91713,0.1772,2.0153
569.7,0.91808,0.17118,2.0173
569.84,0.91505,0.17108,2.0182
570.1,0.91544,0.17079,2.0189
570.23,0.91423,0.16927,2.0198
570.46,0.91612,0.16894,2.021
570.64,0.91592,0.17219,2.0222
570.85,0.91643,0.17467,2.0227
571.05,0.91714,0.17602,2.0233
571.24,0.91721,0.17755,2.0235
571.46,0.91548,0.16864,2.0237
571.64,0.91154,0.15711,2.0239
571.85,0.91273,0.16393,2.024
572.05,0.91708,0.17793,2.0241
572.24,0.91678,0.17148,2.0243
572.43,0.91637,0.166,2.0244
572.65,0.91823,0.1764,2.0247
573,0.92077,0.18783,2.0253
573.05,0.92326,0.19131,NaN
573.29,0.92357,0.20209,2.0259
573.43,0.92852,0.21334,2.0263
573.65,0.92484,0.2022,2.0268
573.84,0.92351,0.19694,2.0274
574.04,0.92509,0.20345,2.028
574.32,0.92547,0.20462,2.029
574.45,0.91911,0.18546,2.0297
574.68,0.91813,0.17574,2.0301
574.85,0.91885,0.18073,2.0307
575.06,0.92406,0.19778,2.0314
575.33,0.91487,0.17085,2.0326
575.44,0.91632,0.16835,2.0334
575.68,0.91958,0.18246,2.0342
575.85,0.92082,0.19248,2.0355
576.03,0.91499,0.16844,2.038
576.25,0.91524,0.16884,2.0414
576.44,0.91648,0.1812,2.0427
576.69,0.92055,0.18268,2.0437
576.84,0.91704,0.17304,2.0445
577.05,0.91544,0.17189,2.0455
577.25,0.91232,0.16957,2.0472
577.45,0.91436,0.16999,2.0484
577.63,0.91454,0.17049,2.0494
577.84,0.91756,0.17363,2.0501
578.04,0.9167,0.17598,2.0508
578.24,0.91591,0.17554,2.0514
578.44,0.91768,0.1771,2.0519
578.66,0.91625,0.1761,2.0522
578.89,0.91351,0.15812,2.0524
579.05,0.91437,0.16299,2.0526
579.25,0.91593,0.17455,2.0527
579.46,0.91744,0.17681,2.0528
579.64,0.91543,0.16352,2.0529
579.85,0.91453,0.16798,2.053
580.04,0.91853,0.18216,2.0533
580.3,0.91934,0.17696,2.0536
580.45,0.92058,0.18152,2.054
580.67,0.92315,0.19059,2.0544
580.85,0.92503,0.20877,2.0548
581.07,0.9213,0.18637,2.0554
581.23,0.92066,0.187,2.0559
581.45,0.92242,0.1941,2.0566
581.63,0.92343,0.19626,2.0572
581.92,0.91443,0.16934,2.0582
582.06,0.91412,0.16917,2.0588
582.23,0.91481,0.17677,2.0596
582.45,0.91825,0.18235,2.0608
582.65,0.91764,0.16912,2.0648
582.84,0.91457,0.16662,2.0666
583.05,0.9188,0.17961,2.0678
583.33,0.91686,0.16688,2.0691
583.46,0.91483,0.16248,2.07
583.68,0.91094,0.15858,2.0705
583.83,0.91291,0.16366,2.0727
584.04,0.91866,0.17911,2.0733
584.25,0.91602,0.16879,2.0743
584.45,0.9134,0.16708,2.0752
584.7,0.91533,0.1679,2.0764
584.85,0.9156,0.16725,2.0772
585.1,0.91587,0.16736,2.0779
585.25,0.91541,0.16682,2.0786
585.44,0.91634,0.16894,2.0791
585.63,0.91492,0.16569,2.0795
585.85,0.91539,0.16611,2.0798
586.09,0.91664,0.17193,2.0799
586.24,0.9174,0.1768,2.0801
586.52,0.92032,0.18228,2.0802
586.63,0.9178,0.18235,2.0803
586.87,0.91543,0.16762,2.0803
587.04,0.91353,0.163,2.0803
587.25,0.91596,0.17218,2.0804
587.45,0.91785,0.17822,2.0804
587.64,0.9153,0.17092,2.0805
587.84,0.91619,0.16705,2.0808
588.06,0.914,0.16675,2.0812
588.36,0.9192,0.18383,2.0817
588.43,0.91696,0.18453,NaN
588.72,0.91964,0.18188,2.0823
588.85,0.91776,0.1812,2.083
589.14,0.9183,0.17695,2.0835
589.25,0.91665,0.17615,2.084
589.49,0.91859,0.18334,2.0843
589.65,0.92145,0.18723,2.0849
589.85,0.92215,0.18346,2.0855
590.06,0.9189,0.17839,2.0868
590.24,0.91986,0.18166,2.0893
590.44,0.92234,0.18851,2.0905
590.64,0.91845,0.18144,2.0915
590.96,0.91901,0.18106,2.0926
591.03,0.91907,0.17857,NaN
591.24,0.91904,0.1777,2.0933
591.45,0.91877,0.18004,2.0938
591.63,0.91575,0.17519,2.0942
591.85,0.9182,0.17535,2.0947
592.11,0.91697,0.17617,2.0953
592.24,0.91841,0.17651,2.0958
592.49,0.91743,0.17759,2.0963
592.64,0.91699,0.17682,2.0967
592.84,0.9188,0.17665,2.0969
593.04,0.9174,0.17818,2.0974
593.25,0.91829,0.17883,2.0979
593.45,0.91872,0.18292,2.0984
593.64,0.91623,0.17178,2.0995
593.83,0.91843,0.176,2.1003
594.04,0.91912,0.18676,2.1022
594.26,0.91683,0.17631,2.1029
594.45,0.91695,0.17293,2.1034
594.65,0.92029,0.18255,2.1037
594.86,0.92349,0.19493,2.104
595.04,0.91877,0.17798,2.1043
595.24,0.92247,0.18945,2.1046
595.44,0.92279,0.19773,2.1051
595.66,0.92598,0.20229,2.1055
595.84,0.92165,0.19041,2.1059
596.06,0.92279,0.19212,2.1064
596.25,0.92362,0.20429,2.107
596.5,0.91946,0.18036,2.1079
596.65,0.91922,0.17716,2.1085
596.97,0.92293,0.19829,2.1096
597.04,0.92518,0.199,NaN
597.28,0.91879,0.1748,2.1107
597.44,0.9159,0.17384,2.1125
597.63,0.9231,0.19535,2.1161
597.86,0.92045,0.18586,2.1176
598.06,0.91698,0.16563,2.1189
598.25,0.91538,0.16537,2.1195
598.48,0.91902,0.1807,2.1201
598.63,0.92189,0.1836,2.1208
598.92,0.9153,0.16496,2.1215
599.05,0.91625,0.16502,2.1221
599.31,0.91431,0.16368,2.1226
599.43,0.91348,0.16352,2.1231
599.69,0.91515,0.16494,2.1237
599.84,0.91478,0.16692,2.1249
600.07,0.9158,0.16966,2.1274
600.23,0.91493,0.16783,2.1285
600.57,0.91883,0.17356,2.1294
600.65,0.9179,0.1784,2.1298
600.84,0.9153,0.17365,2.13
601.04,0.91385,0.1607,2.1303
601.26,0.91691,0.173,2.1307
601.44,0.92088,0.18378,2.131
601.65,0.91914,0.17735,2.1312
601.84,0.91838,0.18385,2.1314
602.06,0.92417,0.19636,2.1317
602.26,0.92399,0.18742,2.1319
602.43,0.9208,0.18533,2.1323
602.66,0.9225,0.19547,2.1327
602.92,0.92687,0.20767,2.1331
603.05,0.92206,0.189,2.1335
603.26,0.92005,0.18733,2.1341
603.43,0.92507,0.20176,2.1347
603.66,0.92333,0.19393,2.1353
603.85,0.91623,0.16914,2.136
604.04,0.91512,0.17139,2.1373
604.25,0.92133,0.19415,2.1409
604.46,0.91965,0.18479,2.1426
604.78,0.91564,0.17197,2.1447
604.85,0.91806,0.17789,NaN
605.06,0.92261,0.19737,2.1456
605.25,0.9195,0.17741,2.1462
605.44,0.91696,0.17393,2.1469
605.64,0.91714,0.17083,2.1475
605.85,0.92074,0.18383,2.148
606.04,0.91773,0.18116,2.1485
606.23,0.91547,0.16477,2.149
606.45,0.91493,0.16436,2.1503
606.65,0.91406,0.16284,2.1531
606.86,0.91688,0.16311,2.1544
607.03,0.91402,0.1637,2.1554
607.24,0.91454,0.16568,2.1559
607.5,0.91569,0.17016,2.1565
607.63,0.91526,0.16579,2.1568
607.87,0.91654,0.16869,2.1573
608.03,0.918,0.17932,2.1576
608.23,0.91696,0.1769,2.1578
608.45,0.913,0.16151,2.1582
608.66,0.91748,0.16716,2.1584
608.85,0.9203,0.18124,2.1586
609.14,0.91874,0.17661,2.159
609.23,0.91813,0.17935,NaN
609.51,0.92415,0.19136,2.1594
609.66,0.92242,0.18582,2.16
609.86,0.91806,0.17304,2.1602
610.05,0.91751,0.17271,2.1606
610.24,0.91901,0.1832,2.161
610.44,0.92381,0.19263,2.1615
610.66,0.92154,0.18832,2.1625
610.83,0.9198,0.18321,2.1636
611.1,0.92042,0.18304,2.1672
611.23,0.92178,0.18789,2.1682
611.48,0.91851,0.18133,2.169
611.64,0.91712,0.1731,2.1695
611.92,0.91234,0.16055,2.1702
612.05,0.91576,0.16612,2.1706
612.29,0.91951,0.17988,2.1709
612.44,0.91698,0.17572,2.1714
612.65,0.91648,0.16789,2.1718
612.85,0.91314,0.16759,2.1722
613.06,0.91673,0.16687,2.1726
613.25,0.91822,0.17574,2.1731
613.44,0.91829,0.1765,2.1735
613.64,0.91652,0.17112,2.1741
613.83,0.91645,0.16968,2.1749
614.05,0.9185,0.17041,2.1777
614.24,0.91774,0.17176,2.179
614.46,0.9173,0.1714,2.1796
614.63,0.91905,0.17135,2.1802
614.85,0.91642,0.16963,2.1806
615.14,0.91837,0.16937,2.1812
615.25,0.91742,0.17074,2.1815
615.52,0.92119,0.17537,2.1817
615.65,0.91988,0.17857,2.1818
615.86,0.92121,0.1792,2.1818
616.03,0.92017,0.18162,2.1819
616.25,0.91958,0.18597,2.1819
616.45,0.92108,0.18226,2.1819
616.66,0.92149,0.18677,2.182
616.83,0.92265,0.19025,2.1822
617.04,0.92135,0.1886,2.1823
617.26,0.92188,0.1897,2.1827
617.45,0.9238,0.19651,2.183
617.64,0.92463,0.19932,2.1835
617.83,0.92186,0.18805,2.1839
618.05,0.92286,0.1927,2.1845
618.26,0.92657,0.20268,2.1851
618.56,0.91796,0.17593,2.186
618.65,0.91797,0.1738,2.1867
618.85,0.91978,0.1799,2.1874
619.06,0.92363,0.1949,2.1902
619.31,0.91914,0.17589,2.1931
619.45,0.91844,0.17306,2.1944
619.7,0.92318,0.19368,2.1954
619.83,0.92354,0.19033,2.1966
620.06,0.9183,0.17331,2.1978
620.23,0.91828,0.17258,2.1988
620.44,0.91948,0.1786,2.1999
620.65,0.92127,0.18918,2.2011
620.92,0.91581,0.16461,2.2025
621.04,0.91525,0.16256,2.2029
621.31,0.91501,0.16173,2.2035
621.44,0.91281,0.16158,2.2042
621.65,0.91531,0.16341,2.2045
621.85,0.91495,0.16407,2.2057
622.04,0.91276,0.16692,2.2067
622.24,0.91506,0.16635,2.2071
622.46,0.91562,0.16945,2.2079
622.63,0.91889,0.17599,2.2085
622.84,0.91479,0.1688,2.2087
623.09,0.91517,0.15719,2.2088
623.23,0.91259,0.16513,2.209
623.55,0.91927,0.17417,2.2092
623.63,0.91903,0.17657,2.2093
623.9,0.92267,0.19177,2.2093
624.04,0.92488,0.19986,2.2095
624.3,0.92087,0.18148,2.2099
624.43,0.92045,0.18299,2.2103
624.7,0.92443,0.19596,2.2107
624.85,0.92638,0.20677,2.2112
625.12,0.92353,0.19319,2.2117
625.23,0.92339,0.19028,2.2123
625.52,0.92516,0.19842,2.2137
625.64,0.92596,0.20249,2.2168
625.88,0.91796,0.17013,2.2182
626.05,0.91653,0.16663,2.2194
626.24,0.9202,0.17618,2.2205
626.45,0.92189,0.1879,2.2215
626.72,0.91849,0.17607,2.2231
626.84,0.91921,0.18513,2.2243
627.09,0.92566,0.20043,2.2252
627.24,0.91776,0.17768,2.2261
627.45,0.91712,0.175,2.2264
627.64,0.91746,0.1767,2.2276
627.85,0.92183,0.19032,2.2286
628.06,0.91974,0.18,2.2296
628.24,0.91783,0.16811,2.231
628.45,0.91431,0.16481,2.2318
628.65,0.91534,0.16363,2.2327
628.88,0.91584,0.16695,2.2335
629.05,0.91693,0.17138,2.2343
629.26,0.91688,0.17275,2.235
629.46,0.92034,0.17794,2.2355
629.66,0.91822,0.1732,2.2359
629.83,0.91839,0.17444,2.2363
630.04,0.91805,0.17392,2.2369
630.26,0.91039,0.1525,2.2375
630.43,0.90832,0.14897,2.2378
630.64,0.91547,0.16231,2.2382
630.84,0.91462,0.17169,2.2383
631.05,0.91894,0.17101,2.2386
631.23,0.92048,0.1829,2.2388
631.43,0.92092,0.19439,2.2389
631.66,0.92128,0.18318,2.2393
631.91,0.92387,0.19421,2.2396
632.03,0.92472,0.20092,2.2399
632.29,0.92314,0.20346,2.2403
632.43,0.92269,0.1865,2.2408
632.64,0.92276,0.18572,2.2413
632.84,0.92121,0.19159,2.2418
633.05,0.92251,0.18926,2.2423
633.24,0.91339,0.16215,2.243
633.45,0.91497,0.15914,2.2437
633.63,0.91666,0.16595,2.2444
633.88,0.91718,0.17131,2.2455
634.04,0.9131,0.15926,2.2463
634.28,0.91395,0.16358,2.247
634.45,0.91931,0.18316,2.2478
634.65,0.91579,0.17261,2.2486
634.85,0.91593,0.16774,2.2494
635.16,0.91347,0.16443,2.2517
635.23,0.91487,0.16609,2.2552
635.48,0.91929,0.17761,2.2562
635.65,0.91746,0.17387,2.2575
635.85,0.91815,0.17347,2.2585
636.04,0.91779,0.17429,2.2593
636.26,0.91758,0.17483,2.26
636.45,0.91825,0.17345,2.2608
636.7,0.91881,0.17428,2.2621
636.85,0.91722,0.17168,2.2628
637.11,0.9171,0.17136,2.2631
637.24,0.91848,0.17292,2.2634
637.53,0.91546,0.16736,2.2636
637.63,0.91447,0.16655,NaN
637.88,0.91788,0.16905,2.2638
638.03,0.91828,0.17659,2.2639
638.28,0.91817,0.17775,2.264
638.45,0.91736,0.17137,2.2641
638.63,0.91225,0.15702,2.2642
638.84,0.91044,0.15315,2.2643
639.04,0.91529,0.16458,2.2644
639.26,0.91546,0.16877,2.2646
639.43,0.9161,0.16789,2.2649
639.64,0.91608,0.16706,2.2651
639.86,0.91769,0.17083,2.2656
640.03,0.91828,0.17732,2.2659
640.27,0.92141,0.18666,2.2663
640.44,0.92181,0.18348,2.2668
640.64,0.92104,0.18097,2.2673
640.84,0.92209,0.18482,2.2678
641.04,0.92029,0.18588,2.2683
641.23,0.9267,0.19919,2.2689
641.46,0.92148,0.18735,2.2694
641.71,0.91906,0.18294,2.2704
641.83,0.91968,0.19144,2.271
642.08,0.91894,0.1799,2.2717
642.26,0.91974,0.18284,2.2724
642.45,0.91935,0.1822,2.2731
642.63,0.92111,0.18609,2.2734
642.87,0.92015,0.1771,2.2745
643.05,0.91869,0.17525,2.2753
643.29,0.91903,0.17396,2.2771
643.45,0.91891,0.17287,2.2804
643.65,0.91781,0.17164,2.282
643.86,0.9167,0.17278,2.2829
644.13,0.91771,0.17952,2.2843
644.25,0.91845,0.17289,2.285
644.52,0.91838,0.17521,2.2856
644.65,0.91785,0.17761,2.2862
644.85,0.917,0.16858,2.2864
645.05,0.9124,0.15441,2.2868
645.26,0.91338,0.16027,2.2871
645.46,0.91648,0.17653,2.2878
645.63,0.91628,0.16963,2.2883
645.86,0.91825,0.17193,2.2888
646.03,0.92293,0.18723,2.2893
646.23,0.92197,0.18874,2.2896
646.43,0.92385,0.19732,2.2901
646.64,0.92615,0.20799,2.2911
646.84,0.92909,0.21327,2.2923
647.04,0.92331,0.19355,2.2932
647.24,0.92178,0.19099,2.2942
647.5,0.92511,0.20325,2.2956
647.63,0.92388,0.19753,2.2965
647.93,0.91685,0.1724,2.2976
648.04,0.91932,0.17278,2.2985
648.33,0.92189,0.19388,2.2994
648.43,0.92086,0.18554,2.3004
648.75,0.91446,0.16505,2.3012
648.84,0.91736,0.1727,NaN
649.13,0.92373,0.19329,2.3035
649.24,0.92046,0.17695,NaN
649.45,0.91745,0.17357,2.3049
649.65,0.91636,0.17303,2.3056
649.86,0.91879,0.18542,2.3066
650.04,0.92028,0.18369,2.3076
650.25,0.91786,0.16872,2.3087
650.45,0.91785,0.16806,2.3095
650.74,0.91521,0.1661,2.3108
650.85,0.91562,0.16597,2.3116
651.04,0.91696,0.16714,2.3119
651.26,0.91665,0.16881,2.3123
651.44,0.91837,0.17651,2.3127
651.65,0.91777,0.17339,2.313
651.84,0.9192,0.17567,2.3133
652.03,0.91754,0.17417,2.3136
652.24,0.91159,0.15249,2.3138
652.45,0.91117,0.14995,2.314
652.63,0.91448,0.16375,2.3143
652.84,0.91846,0.17523,2.3148
653.04,0.916,0.16841,2.3155
653.23,0.91917,0.17483,2.3165
653.45,0.92407,0.19067,2.3173
653.68,0.92309,0.19483,2.3182
653.86,0.92398,0.20296,2.3194
654.04,0.93043,0.21922,2.3203
654.25,0.92935,0.2107,2.3208
654.45,0.92595,0.19502,2.3218
654.63,0.92244,0.19532,2.3228
654.85,0.92703,0.20244,2.3243
655.06,0.92288,0.18921,2.3253
655.25,0.92043,0.17497,2.3262
655.43,0.91903,0.17652,2.3271
655.65,0.92243,0.19358,2.3281
655.84,0.91717,0.17305,2.329
656.09,0.91547,0.16408,2.3299
656.24,0.91767,0.17489,2.3309
656.52,0.92233,0.18772,2.3319
656.65,0.92001,0.17476,2.333
656.86,0.91947,0.17485,2.3335
657.04,0.91949,0.17875,2.3344
657.24,0.92325,0.19229,2.3353
657.46,0.9207,0.17883,2.3368
657.65,0.91653,0.17025,2.3377
657.89,0.91646,0.16897,2.3386
658.03,0.91791,0.16714,2.3395
658.27,0.91504,0.16694,2.3402
658.44,0.91546,0.16629,2.3407
658.69,0.91698,0.16609,2.3414
658.84,0.91601,0.16948,2.3424
659.08,0.91509,0.16857,2.3426
659.23,0.91705,0.17336,2.343
659.44,0.91949,0.1787,2.3433
659.63,0.91379,0.16065,2.3435
659.9,0.91092,0.15317,2.3437
660.06,0.91516,0.15939,2.3439
660.24,0.91995,0.17722,2.344
660.44,0.91618,0.16869,2.3442
660.7,0.91427,0.1596,2.3444
660.83,0.91476,0.15735,2.3446
661.04,0.9187,0.17217,2.3449
661.25,0.9199,0.1783,2.3452
661.44,0.91926,0.17821,2.3456
661.64,0.92013,0.18157,2.346
661.85,0.92053,0.18498,2.3464
662.06,0.92245,0.19223,2.3469
662.23,0.92267,0.19255,2.3473
662.45,0.92094,0.17966,2.3478
662.65,0.9205,0.17818,2.3483
662.84,0.91952,0.18464,2.3489
663.04,0.92265,0.18055,2.3495
663.24,0.918,0.17501,2.3505
663.43,0.91767,0.17286,2.3511
663.65,0.919,0.17781,2.3517
663.86,0.92241,0.18003,2.3531
664.08,0.91551,0.16958,2.3559
664.26,0.91737,0.17114,2.3573
664.45,0.91557,0.16963,2.3582
664.64,0.92033,0.17708,2.3589
664.83,0.91898,0.17759,2.3595
665.05,0.91725,0.17252,2.3606
665.25,0.9167,0.17097,2.3615
665.43,0.91844,0.17034,2.3623
665.65,0.91634,0.17138,2.3628
665.86,0.91848,0.17025,2.3632
666.04,0.91644,0.16868,2.3634
666.24,0.91709,0.16734,2.3637
666.45,0.91398,0.16732,2.3639
666.66,0.91583,0.1667,2.3641
666.86,0.91808,0.17375,2.3642
667.04,0.9185,0.17665,2.3644
667.25,0.92209,0.18469,2.3646
667.45,0.91896,0.18201,2.3647
667.64,0.92174,0.18992,2.3649
667.85,0.92282,0.18951,2.3653
668.03,0.92141,0.18719,2.366
668.25,0.9232,0.18915,2.3665
668.43,0.9218,0.19001,2.368
668.64,0.92898,0.2063,2.3689
668.83,0.92884,0.21291,2.3699
669.1,0.92395,0.19206,2.3706
669.26,0.92346,0.19203,2.3711
669.51,0.92366,0.20322,2.3715
669.64,0.92556,0.20396,2.372
669.88,0.91992,0.17876,2.3725
670.05,0.91944,0.17452,2.373
670.25,0.9208,0.18642,2.3735
670.45,0.92246,0.19096,2.3741
670.64,0.9181,0.17467,2.3746
670.84,0.91795,0.17272,2.3752
671.05,0.92261,0.19326,2.3759
671.23,0.91734,0.17659,2.3766
671.44,0.91508,0.16939,2.3771
671.64,0.9166,0.17302,2.3809
671.84,0.92109,0.1894,2.3831
672.04,0.92117,0.18442,2.3845
672.24,0.91718,0.17092,2.3856
672.44,0.91639,0.16812,2.3864
672.65,0.91751,0.16879,2.3873
672.86,0.91604,0.16669,2.3881
673.04,0.91851,0.16812,2.3897
673.26,0.91708,0.16917,2.3907
673.43,0.91806,0.1769,2.3914
673.73,0.91665,0.17422,2.3922
673.83,0.9175,0.17517,2.3926
674.13,0.91745,0.17046,2.393
674.25,0.91319,0.15893,2.3933
674.47,0.91476,0.16808,2.3934
674.63,0.91965,0.17758,2.3936
674.91,0.91642,0.16787,2.3937
675.05,0.91632,0.16268,2.3938
675.37,0.91569,0.17423,2.394
675.45,0.91977,0.18196,2.3942
675.64,0.92138,0.18108,2.3944
675.9,0.92136,0.19265,2.3949
676.03,0.92318,0.19553,2.3954
676.3,0.92868,0.21004,2.3958
676.44,0.92429,0.1913,2.3964
676.66,0.9222,0.19268,2.3966
676.84,0.92796,0.20315,2.3972
677.04,0.9229,0.19123,2.3979
677.26,0.92158,0.17803,2.3986
677.43,0.9204,0.18286,2.3996
677.64,0.92439,0.2001,2.4
677.91,0.91847,0.17552,2.4012
678.03,0.91789,0.17329,2.4019
678.37,0.92409,0.20032,2.406
678.45,0.92487,0.19825,2.4083
678.65,0.91611,0.17125,2.4091
678.86,0.91853,0.1724,2.4104
679.03,0.92016,0.18276,2.4113
679.25,0.92199,0.19082,2.4122
679.45,0.91822,0.17188,2.4131
679.64,0.9165,0.16714,2.4148
679.85,0.91764,0.16574,2.4161
680.05,0.91522,0.16648,2.4171
680.25,0.91799,0.16736,2.418
680.52,0.91551,0.17012,2.4191
680.64,0.91812,0.17116,2.4198
680.89,0.91652,0.17323,2.4202
681.04,0.91834,0.17585,2.4205
681.31,0.91885,0.18011,2.4208
681.44,0.91937,0.17506,2.421
681.74,0.91256,0.16194,2.4213
681.86,0.91738,0.17105,2.4215
682.05,0.92104,0.18263,2.4216
682.26,0.91651,0.16672,2.4218
682.44,0.91424,0.1621,2.422
682.64,0.91712,0.17199,2.4222
682.83,0.92041,0.18333,2.4225
683.06,0.91851,0.17364,2.423
683.24,0.92005,0.18045,2.4234
683.44,0.92101,0.18986,2.4239
683.63,0.92693,0.20326,2.4244
683.85,0.92033,0.18109,2.425
684.05,0.91777,0.17704,2.4255
684.25,0.92295,0.18297,2.4262
684.43,0.91935,0.18156,2.4268
684.64,0.91543,0.17025,2.4275
684.84,0.91671,0.16986,2.4291
685.04,0.92005,0.18105,2.4324
685.26,0.91918,0.17483,2.4339
685.45,0.91673,0.16391,2.4351
685.63,0.91319,0.16191,2.4361
685.84,0.91911,0.17414,2.4373
686.04,0.92101,0.17861,2.4383
686.26,0.91718,0.17062,2.4398
686.45,0.91491,0.16435,2.4408
686.64,0.91439,0.15712,2.4415
686.85,0.91361,0.15851,2.442
687.04,0.91234,0.15695,2.4424
687.24,0.91394,0.15672,2.4436
687.45,0.91139,0.15717,2.4443
687.63,0.91161,0.15716,2.4449
687.84,0.91179,0.15752,2.4453
688.05,0.91367,0.15774,2.4456
688.28,0.91398,0.15789,2.4464
688.45,0.9093,0.14767,2.4467
688.67,0.91271,0.15537,2.4469
688.83,0.91804,0.17515,2.447
689.08,0.91968,0.17854,2.4471
689.23,0.91791,0.17484,2.4471
689.47,0.91603,0.16634,2.4471
689.63,0.91622,0.17467,2.4472
689.9,0.91828,0.17377,2.4472
690.03,0.91807,0.17601,2.4472
690.34,0.91936,0.17652,2.4473
690.46,0.91881,0.1767,2.4474
690.63,0.9194,0.17449,2.4475
690.85,0.91693,0.17355,2.4478
691.05,0.92064,0.18445,2.4481
691.25,0.9235,0.19114,2.4485
691.44,0.92292,0.19045,2.4489
691.7,0.92196,0.19007,2.4495
691.84,0.92467,0.19489,2.4501
692.13,0.92082,0.1859,2.4506
692.25,0.92076,0.18618,2.4512
692.44,0.92506,0.1968,2.4518
692.64,0.92003,0.18106,2.4524
692.86,0.91919,0.18008,2.4531
693.06,0.92038,0.1905,2.4548
693.23,0.92156,0.18302,2.4578
693.44,0.91673,0.17167,2.4595
693.65,0.91676,0.16915,2.4607
693.84,0.9187,0.18198,2.4618
694.04,0.91945,0.18227,2.4628
694.25,0.9138,0.16366,2.464
694.44,0.91612,0.16296,2.465
694.65,0.91648,0.16109,2.4661
694.84,0.91452,0.15921,2.467
695.03,0.91265,0.16097,2.4678
695.24,0.91457,0.16318,2.469
695.44,0.91616,0.1686,2.4693
695.65,0.91529,0.16483,2.4696
695.85,0.91578,0.16701,2.4698
696.04,0.91822,0.17634,2.47
696.25,0.91503,0.16527,2.4701
696.43,0.91437,0.16214,2.4702
696.67,0.91857,0.17976,2.4704
696.84,0.92064,0.17832,2.4706
697.08,0.91888,0.17544,2.471
697.24,0.92027,0.1863,2.4712
697.56,0.92161,0.18845,2.4717
697.64,0.91774,0.17611,NaN
697.86,0.92118,0.18435,2.4724
698.09,0.92462,0.19857,2.4728
698.26,0.92683,0.20715,2.4732
698.48,0.92007,0.18211,2.4738
698.63,0.9178,0.18031,2.4744
698.89,0.92576,0.19725,2.4751
699.03,0.92056,0.18601,2.4757
699.28,0.91582,0.16708,2.4765
699.43,0.91736,0.17147,2.4772
699.67,0.92436,0.19326,2.478
699.84,0.91979,0.17661,2.4792
700.12,0.91813,0.169,2.484
700.24,0.9189,0.17634,2.4856
700.48,0.92346,0.19093,2.4865
700.65,0.91819,0.17079,2.4872
700.92,0.91869,0.16865,2.4878
701.04,0.91861,0.16879,2.4885
701.24,0.92206,0.1839,2.4892
701.44,0.91915,0.17432,2.4898
701.63,0.91658,0.1596,2.4903
701.83,0.91529,0.16032,2.4908
702.12,0.91201,0.16045,2.4919
702.25,0.91466,0.15968,2.4942
702.45,0.91407,0.16006,2.4952
702.65,0.91691,0.16287,2.4964
702.84,0.91541,0.16892,2.4972
703.04,0.91634,0.16598,2.4977
703.24,0.91756,0.16986,2.4983
703.45,0.9196,0.17101,2.4991
703.63,0.91222,0.15745,2.4995
703.93,0.91837,0.17122,2.5003
704.03,0.91998,0.17616,NaN
704.29,0.91538,0.17226,2.5011
704.43,0.92198,0.18022,2.5014
704.7,0.92327,0.19024,2.5017
704.85,0.92355,0.18641,2.5024
705.05,0.91843,0.17669,2.5027
705.29,0.92229,0.18639,2.504
705.43,0.92695,0.19895,2.5055
705.74,0.92174,0.18607,2.5064
705.84,0.9192,0.18132,2.5074
706.15,0.92049,0.18713,2.5083
706.24,0.92355,0.19298,2.5093
706.45,0.91753,0.16962,2.5102
706.64,0.91468,0.16094,2.5112
706.83,0.91751,0.17165,2.5121
707.04,0.92275,0.18891,2.5131
707.38,0.91393,0.16285,2.5144
707.44,0.91518,0.16328,2.5153
707.63,0.91873,0.17674,2.5158
707.85,0.9214,0.1818,2.5167
708.04,0.91721,0.16702,2.5177
708.24,0.91556,0.1645,2.5186
708.46,0.91847,0.16779,2.5196
708.66,0.92195,0.18222,2.5204
708.84,0.91814,0.16905,2.521
709.08,0.91194,0.15628,2.5216
709.24,0.91181,0.15499,2.522
709.51,0.91014,0.15458,2.5224
709.64,0.91017,0.1523,2.5228
709.88,0.90822,0.15031,2.5232
710.04,0.91069,0.14935,2.5236
710.35,0.90988,0.14907,2.5242
710.44,0.90891,0.14952,2.5245
710.64,0.91143,0.15042,2.5247
710.84,0.91601,0.1614,2.5251
711.03,0.91578,0.16661,2.5255
711.24,0.91737,0.16782,2.5258
711.44,0.91285,0.15874,2.5262
711.65,0.91475,0.16514,2.5265
711.85,0.91639,0.16817,2.5267
712.04,0.91775,0.16907,2.5271
712.24,0.91541,0.16499,2.5274
712.48,0.91556,0.16709,2.5279
712.65,0.91883,0.17283,2.5283
712.93,0.91934,0.18031,2.529
713.04,0.91891,0.17281,2.5295
713.25,0.91903,0.17615,2.53
713.49,0.92059,0.17948,2.5322
713.63,0.91854,0.18,2.5343
713.92,0.92094,0.1829,2.5352
714.05,0.92113,0.18337,2.5359
714.23,0.92216,0.18687,2.5361
714.47,0.91885,0.18257,2.5371
714.63,0.91966,0.17566,2.5383
714.86,0.91767,0.17478,2.5388
715.03,0.92091,0.17898,2.5399
715.25,0.92038,0.17654,2.5404
715.44,0.91666,0.1694,2.5406
715.74,0.91652,0.16999,2.5409
715.85,0.91807,0.17101,2.5412
716.05,0.91771,0.17661,2.5414
716.23,0.91788,0.16977,2.5418
716.44,0.91621,0.17016,2.5421
716.64,0.91581,0.17002,2.5427
716.85,0.91824,0.17033,2.5437
717.11,0.91653,0.16849,2.5459
717.23,0.91569,0.1673,2.5467
717.55,0.91477,0.16428,2.5474
717.65,0.91677,0.16522,2.548
717.84,0.91523,0.16449,2.5483
718.04,0.91781,0.16963,2.5491
718.24,0.92023,0.17604,2.5494
718.45,0.91849,0.1738,2.5496
718.66,0.91703,0.17173,2.5497
718.84,0.92154,0.18317,2.5499
719.04,0.9207,0.18016,2.5499
719.26,0.92147,0.18962,2.55
719.54,0.92358,0.19679,2.5503
719.63,0.92289,0.18818,2.5506
719.91,0.92406,0.19745,2.551
720.05,0.92577,0.20237,2.5514
720.37,0.9235,0.19436,2.5518
720.44,0.92182,0.19232,NaN
720.64,0.92031,0.19017,2.5526
720.84,0.92506,0.20075,2.5533
721.05,0.92384,0.19423,2.5542
721.24,0.91654,0.16616,2.5553
721.43,0.9165,0.16712,2.5582
721.69,0.92352,0.19338,2.5603
721.84,0.91679,0.16951,2.5616
722.03,0.91842,0.17095,2.5626
722.24,0.92028,0.18476,2.5633
722.45,0.92677,0.19712,2.5639
722.63,0.91739,0.17241,2.5645
722.85,0.9194,0.16989,2.5651
723.04,0.91882,0.17238,2.5657
723.23,0.91975,0.18587,2.5663
723.45,0.91639,0.17462,2.5668
723.65,0.91796,0.16561,2.568
723.84,0.91475,0.16419,2.5704
724.05,0.91507,0.16158,2.5722
724.23,0.91593,0.16143,2.5733
724.48,0.91577,0.16469,2.5741
724.64,0.91802,0.16631,2.5747
724.97,0.91607,0.16783,2.576
725.04,0.91674,0.16881,2.5768
725.23,0.91987,0.17101,2.5771
725.46,0.91572,0.17077,2.5776
725.64,0.91262,0.1521,2.5778
725.85,0.91198,0.14835,2.578
726.05,0.91424,0.16233,2.5782
726.24,0.91651,0.172,2.5784
726.44,0.91673,0.1714,2.5786
726.75,0.92454,0.1895,2.5789
726.86,0.9228,0.19317,2.5791
727.03,0.92202,0.18846,2.5794
727.24,0.92416,0.20346,2.5797
727.44,0.92811,0.21448,2.5801
727.65,0.92804,0.20346,2.5808
727.83,0.92241,0.1911,2.5831
728.06,0.9251,0.19753,2.5849
728.24,0.92626,0.20085,2.586
728.43,0.91829,0.17988,2.5871
728.65,0.91797,0.17054,2.5882
728.83,0.92098,0.18046,2.5892
729.03,0.9245,0.19291,2.5902
729.24,0.91872,0.16708,2.5909
729.45,0.91694,0.17349,2.5921
729.64,0.92687,0.19989,2.5933
729.85,0.92196,0.18666,2.5946
730.05,0.91773,0.17115,2.5957
730.26,0.91731,0.17282,2.5966
730.45,0.92076,0.18111,2.5975
730.67,0.92318,0.18471,2.5987
730.83,0.91754,0.17048,2.5995
731.1,0.91537,0.16709,2.6009
731.25,0.91598,0.16477,2.6017
731.46,0.91578,0.16364,2.6022
731.63,0.91534,0.16564,2.6029
731.93,0.91618,0.16935,2.6034
732.03,0.91832,0.1725,2.6037
732.33,0.91863,0.17151,2.6039
732.46,0.9185,0.17306,2.6041
732.73,0.9179,0.17235,2.6043
732.84,0.91547,0.16589,2.6046
733.19,0.90969,0.14787,2.605
733.23,0.91079,0.14849,NaN
733.44,0.91569,0.16613,2.6053
733.66,0.91749,0.1683,2.6056
733.83,0.91778,0.17006,2.6064
734.05,0.91857,0.17434,2.6071
734.25,0.92245,0.1881,2.6087
734.44,0.92212,0.18286,2.6095
734.64,0.92202,0.19129,2.6104
734.85,0.92448,0.20244,2.6113
735.06,0.92426,0.19403,2.6121
735.23,0.91915,0.18326,2.6135
735.45,0.92121,0.18424,2.6138
735.72,0.92301,0.1926,2.6144
735.84,0.92189,0.18445,2.6148
736.04,0.9196,0.17143,2.6152
736.26,0.91588,0.16505,2.6157
736.44,0.91692,0.16657,2.6161
736.64,0.92206,0.18191,2.6166
736.85,0.91665,0.16958,2.617
737.06,0.9146,0.15894,2.6175
737.23,0.91185,0.15496,2.618
737.5,0.91308,0.16284,2.6195
737.64,0.91748,0.17094,2.6222
737.85,0.91897,0.1763,2.6229
738.04,0.91525,0.1656,2.6245
738.25,0.91232,0.15927,2.6251
738.44,0.91445,0.1584,2.6256
738.65,0.91299,0.15705,2.626
738.84,0.91246,0.15679,2.6265
739.03,0.90975,0.15672,2.6269
739.25,0.9124,0.15823,2.6273
739.46,0.91546,0.16086,2.6276
739.64,0.91446,0.15609,2.6279
739.84,0.91172,0.15718,2.6281
740.08,0.91514,0.16105,2.6283
740.23,0.91741,0.16977,2.6286
740.51,0.91836,0.17779,2.6288
740.64,0.92227,0.18001,2.629
740.93,0.91719,0.18229,2.6291
741.04,0.92113,0.18121,2.6293
741.26,0.91963,0.18112,2.6295
741.46,0.91742,0.17343,2.6296
741.65,0.92036,0.18462,2.6298
741.85,0.92077,0.18077,2.6301
742.06,0.92242,0.18852,2.6304
742.3,0.92676,0.20092,2.6308
742.44,0.92295,0.19177,2.6321
742.65,0.92231,0.18959,2.6336
742.91,0.92426,0.19942,2.6359
743.04,0.92595,0.20002,2.6368
743.26,0.92198,0.18138,2.6372
743.43,0.92006,0.17877,2.6379
743.65,0.92049,0.18782,2.6391
743.86,0.92071,0.17954,2.6408
744.04,0.9172,0.16717,2.6419
744.25,0.92075,0.17824,2.6428
744.44,0.92481,0.19488,2.6437
744.69,0.91839,0.17202,2.6446
744.85,0.91793,0.17319,2.6455
745.17,0.92065,0.18282,2.647
745.24,0.9242,0.18932,2.6479
745.45,0.91929,0.17864,2.6484
745.65,0.91836,0.16771,2.6494
745.83,0.91465,0.16664,2.6502
746.09,0.91423,0.16481,2.6511
746.25,0.91535,0.16455,2.652
746.45,0.9141,0.16417,2.6526
746.65,0.91581,0.16816,2.6536
746.86,0.91726,0.17251,2.6541
747.05,0.91749,0.17246,2.6544
747.24,0.91778,0.17408,2.6547
747.44,0.91805,0.17161,2.6549
747.65,0.91033,0.14983,2.6551
747.87,0.91123,0.15545,2.6554
748.05,0.91604,0.16726,2.6555
748.31,0.9144,0.16186,2.6559
748.44,0.91303,0.16128,2.6561
748.65,0.91665,0.17019,2.6562
748.85,0.92224,0.18846,2.6567
749.05,0.91975,0.18917,2.6576
749.3,0.92447,0.20263,2.6599
749.45,0.92778,0.21322,2.6608
749.72,0.92457,0.19325,2.6617
749.85,0.923,0.19183,2.6624
750.05,0.92422,0.19588,2.6631
750.26,0.92853,0.20289,2.6639
750.45,0.92161,0.18187,2.6656
750.64,0.9179,0.17091,2.6667
750.83,0.91668,0.17501,2.6677
751.04,0.92491,0.19587,2.6687
751.23,0.91564,0.16562,2.6695
751.45,0.91482,0.15938,2.6705
751.64,0.9171,0.17408,2.6714
751.85,0.92242,0.18807,2.6723
752.04,0.91525,0.16581,2.6733
752.25,0.91447,0.16887,2.6741
752.47,0.91827,0.17957,2.6755
752.64,0.92134,0.18346,2.6763
752.88,0.91871,0.16933,2.6772
753.05,0.9163,0.16491,2.6783
753.34,0.9143,0.16428,2.6796
753.44,0.91473,0.16524,NaN
753.76,0.91692,0.16713,2.6812
753.85,0.91461,0.16807,2.682
754.15,0.91956,0.17569,2.6825
754.25,0.91737,0.17134,2.6828
754.59,0.91775,0.17284,2.6832
754.65,0.91788,0.17145,NaN
754.84,0.91239,0.15549,2.6834
755.06,0.91289,0.15419,2.6837
755.23,0.91334,0.1625,2.6839
755.44,0.9169,0.17215,2.6841
755.64,0.9147,0.16182,2.6843
755.83,0.91297,0.16192,2.6845
756.04,0.91871,0.17666,2.6849
756.25,0.92026,0.18114,2.6852
756.45,0.92077,0.18118,2.6855
756.64,0.92263,0.18946,2.686
756.84,0.92625,0.20367,2.6864
757.12,0.92395,0.18621,2.6872
757.25,0.92218,0.18735,2.6878
757.51,0.92421,0.19486,2.6884
757.64,0.92412,0.19332,2.6891
757.85,0.91633,0.17141,2.6895
758.04,0.91632,0.16504,2.6902
758.23,0.91684,0.17104,2.6909
758.46,0.92242,0.18235,2.6917
758.65,0.91421,0.16249,2.6929
758.9,0.91563,0.16043,2.6937
759.05,0.9186,0.16869,2.697
759.27,0.91883,0.17572,2.6995
759.43,0.91483,0.1569,2.7009
759.69,0.91266,0.15784,2.7021
759.85,0.91426,0.16177,2.7032
760.11,0.91872,0.1767,2.7048
760.25,0.91583,0.16922,2.7061
760.53,0.91685,0.16596,2.7071
760.63,0.91693,0.16592,2.7081
760.92,0.91707,0.16544,2.7088
761.04,0.91713,0.16594,2.7096
761.24,0.91589,0.16532,2.7098
761.46,0.9163,0.16597,2.7104
761.64,0.91681,0.16376,2.7107
761.84,0.91682,0.16537,2.7108
762.06,0.91483,0.16601,2.711
762.26,0.91615,0.16985,2.7111
762.44,0.91961,0.17436,2.7112
762.72,0.91932,0.17609,2.7113
762.86,0.91588,0.17076,2.7113
763.03,0.91316,0.15868,2.7113
763.31,0.91769,0.16948,2.7114
763.45,0.91909,0.17356,2.7116
763.65,0.91775,0.16859,2.7117
763.85,0.91636,0.16142,2.7119
764.04,0.91435,0.16064,2.7122
764.25,0.91568,0.164,2.7125
764.44,0.91901,0.17585,2.7129
764.74,0.91958,0.18019,2.7138
764.84,0.92167,0.18127,2.7143
765.04,0.91849,0.17889,2.7145
765.26,0.9171,0.17624,2.7149
765.45,0.91891,0.17912,2.7154
765.65,0.92117,0.18371,2.716
765.86,0.91946,0.17872,2.7166
766.12,0.91765,0.17661,2.7174
766.24,0.92037,0.18016,2.718
766.52,0.91808,0.17783,2.7186
766.64,0.92122,0.18092,2.7193
766.86,0.91911,0.17956,2.72
767.12,0.91734,0.17254,2.7236
767.23,0.91764,0.1729,2.725
767.53,0.91681,0.17525,2.7262
767.65,0.91831,0.17215,2.7271
767.89,0.91782,0.17223,2.7282
768.05,0.91586,0.17183,2.7291
768.32,0.91505,0.17223,2.7302
768.44,0.91693,0.17214,2.7312
768.71,0.91724,0.17184,2.7319
768.83,0.91714,0.17203,2.7326
769.04,0.91682,0.17148,2.7328
769.24,0.91839,0.17299,2.7332
769.45,0.92005,0.17659,2.7334
769.64,0.91484,0.16518,2.7336
769.85,0.91658,0.17043,2.7337
770.1,0.91925,0.18183,2.734
770.23,0.91656,0.17284,2.7342
770.43,0.91431,0.16621,2.7343
770.65,0.91555,0.1739,2.7346
770.86,0.92143,0.18714,2.7349
771.05,0.91952,0.17716,2.7351
771.25,0.91939,0.18337,2.7355
771.45,0.92444,0.19661,2.7359
771.63,0.9277,0.20571,2.7363
771.85,0.92197,0.18539,2.7369
772.03,0.92053,0.1899,2.7374
772.29,0.92425,0.20111,2.7384
772.45,0.92067,0.18179,2.739
772.68,0.91799,0.17259,2.7397
772.86,0.91978,0.18082,2.7404
773.08,0.92098,0.18974,2.7412
773.24,0.91954,0.17052,2.742
773.52,0.91718,0.17401,2.7428
773.64,0.92117,0.18649,2.7436
773.99,0.91518,0.16293,2.7453
774.05,0.91506,0.16349,2.7493
774.23,0.91395,0.16313,2.7504
774.44,0.91739,0.1715,2.7518
774.64,0.91847,0.18219,2.753
774.84,0.91533,0.16708,2.7538
775.06,0.91466,0.16529,2.7547
775.26,0.91759,0.16574,2.7556
775.44,0.91397,0.16528,2.758
775.71,0.91301,0.16451,2.7589
775.83,0.91511,0.16515,2.7598
776.09,0.91633,0.17025,2.7603
776.24,0.91663,0.16594,2.7609
776.57,0.91619,0.17182,2.7614
776.64,0.91867,0.17542,NaN
776.84,0.91798,0.1715,2.7617
777.09,0.9144,0.15844,2.7618
777.24,0.91643,0.16711,2.762
777.55,0.91643,0.17151,2.7621
777.63,0.91852,0.16979,2.7622
777.85,0.9162,0.17232,2.7623
778.04,0.91942,0.18696,2.7625
778.26,0.92234,0.18325,2.7628
778.5,0.92087,0.18431,2.7633
778.64,0.9232,0.19135,2.7637
778.88,0.92816,0.20884,2.7642
779.03,0.92392,0.189,2.7648
779.32,0.92202,0.18973,2.7657
779.45,0.9248,0.19966,2.7662
779.65,0.92335,0.1905,2.7665
779.86,0.91804,0.17082,2.7672
780.04,0.91769,0.16994,2.7679
780.23,0.92098,0.19016,2.7687
780.43,0.91819,0.18386,2.7695
780.64,0.91489,0.1695,2.7708
780.84,0.91546,0.17077,2.7749
781.05,0.9232,0.19472,2.7767
781.24,0.91925,0.1758,2.778
781.51,0.91547,0.16303,2.7792
781.63,0.91472,0.16292,2.7801
781.93,0.92074,0.18619,2.781
782.05,0.91747,0.17809,2.7829
782.24,0.91384,0.16146,2.7841
782.44,0.91313,0.16017,2.7851
782.63,0.91463,0.16112,2.7857
782.84,0.9129,0.16023,2.7863
783.03,0.91418,0.16066,2.787
783.3,0.91459,0.16195,2.7883
783.44,0.91595,0.16579,2.7893
783.65,0.91597,0.16144,2.7895
783.86,0.91492,0.16415,2.7901
784.04,0.91809,0.17506,2.7904
784.24,0.91964,0.17302,2.7906
784.44,0.91482,0.15709,2.7908
784.65,0.91551,0.16354,2.7911
784.83,0.92191,0.17768,2.7913
785.09,0.91717,0.17205,2.7914
785.23,0.91583,0.17229,2.7916
785.55,0.92028,0.18795,2.7919
785.64,0.92212,0.18539,2.7922
785.85,0.91645,0.17417,2.7924
786.05,0.91682,0.16761,2.7927
786.25,0.91716,0.1748,2.793
786.44,0.92078,0.18877,2.7935
786.64,0.9194,0.1873,2.794
786.83,0.91896,0.17969,2.7945
787.03,0.92004,0.17601,2.7951
787.38,0.91939,0.18214,2.7985
787.43,0.92016,0.18196,NaN
787.65,0.91733,0.17293,2.8009
787.93,0.9126,0.15721,2.8022
788.05,0.91505,0.16348,2.8028
788.31,0.91707,0.17516,2.8032
788.45,0.91712,0.17291,2.8045
788.65,0.91647,0.16685,2.8055
788.85,0.9142,0.16581,2.8063
789.03,0.91803,0.16581,2.8067
789.25,0.9184,0.17347,2.807
789.43,0.91904,0.17446,2.8072
789.67,0.91447,0.16652,2.8075
789.83,0.91523,0.16735,2.808
790.13,0.91522,0.16775,2.8084
790.26,0.91619,0.16725,2.8092
790.55,0.91455,0.16802,2.811
790.64,0.91631,0.16851,NaN
790.86,0.91574,0.16735,2.8119
791.11,0.91771,0.16742,2.8123
791.25,0.9163,0.16718,2.8126
791.54,0.9171,0.17496,2.8128
791.63,0.9182,0.17579,2.8129
792,0.91948,0.17851,2.8131
792.03,0.92019,0.17928,NaN
792.25,0.9211,0.18528,2.8132
792.53,0.92141,0.18099,2.8132
792.64,0.9218,0.18467,2.8133
792.85,0.92303,0.18866,2.8133
793.05,0.91962,0.18716,2.8137
793.24,0.92049,0.18603,2.814
793.44,0.92146,0.19211,2.8144
793.65,0.92348,0.19721,2.8148
793.85,0.92231,0.1835,2.8153
794.06,0.92013,0.18607,2.8158
794.26,0.9247,0.19736,2.8164
794.45,0.92004,0.17958,2.8171
794.71,0.91532,0.16634,2.8181
794.84,0.91674,0.17552,2.8188
795.04,0.92344,0.19311,2.8192
795.28,0.91782,0.17005,2.8203
795.43,0.91757,0.1675,2.8217
795.71,0.92315,0.19047,2.8255
795.83,0.92172,0.18817,2.8272
796.12,0.91689,0.17122,2.8286
796.25,0.9186,0.17016,NaN
796.63,0.92101,0.18789,2.8309
796.66,0.92211,0.18327,NaN
796.85,0.91525,0.16628,2.833
797.07,0.91325,0.16143,2.8342
797.25,0.91416,0.15926,2.8351
797.54,0.91087,0.15843,2.8364
797.65,0.9118,0.15828,2.8371
797.85,0.91514,0.15981,2.8376
798.05,0.91477,0.16232,2.8381
798.25,0.91487,0.16341,2.8385
798.46,0.9158,0.16695,2.8388
798.65,0.9168,0.17201,2.8392
798.85,0.91768,0.16805,2.8394
799.04,0.91459,0.15498,2.8396
799.32,0.91703,0.17105,2.8399
799.44,0.91727,0.17788,2.8401
799.66,0.91842,0.17139,2.8403
799.88,0.92148,0.18435,2.8406
800.03,0.92197,0.19105,2.8408
800.32,0.91947,0.17386,2.8412
800.43,0.91849,0.17504,2.8416
800.65,0.92184,0.18403,2.8419
800.84,0.92415,0.20042,2.8423
801.04,0.92384,0.19337,2.8429
801.25,0.92109,0.18596,2.8434
801.45,0.92048,0.18767,2.844
801.66,0.92443,0.1973,2.845
801.83,0.91723,0.17019,2.8457
802.08,0.91554,0.16688,2.8468
802.25,0.91982,0.17718,2.8498
802.46,0.92141,0.18177,2.8519
802.63,0.91946,0.17545,2.8533
802.95,0.92314,0.19103,2.8547
803.03,0.9238,0.19828,NaN
803.24,0.91742,0.17438,2.856
803.44,0.91583,0.16977,2.857
803.66,0.9179,0.17261,2.8588
803.83,0.92211,0.1851,2.86
804.03,0.9187,0.17695,2.861
804.31,0.91157,0.15977,2.8625
804.43,0.91186,0.15811,2.8634
804.74,0.9128,0.15996,2.8643
804.84,0.91257,0.16158,2.8652
805.15,0.91368,0.16713,2.8664
805.25,0.91478,0.16777,NaN
805.59,0.91683,0.17222,2.8676
805.65,0.91878,0.17217,2.8682
805.85,0.91648,0.17175,2.8684
806.05,0.91562,0.17386,2.8688
806.26,0.9103,0.15398,2.8691
806.45,0.90942,0.14542,2.8692
806.64,0.91054,0.15839,2.8694
806.84,0.91765,0.16988,2.8696
807.05,0.91768,0.16887,2.8697
807.24,0.91953,0.18311,2.8699
807.43,0.92231,0.19188,2.8701
807.67,0.91795,0.17437,2.8705
807.85,0.91865,0.17757,2.8708
808.12,0.92168,0.19031,2.8712
808.25,0.9249,0.19777,2.8717
808.45,0.92004,0.1826,2.8729
808.66,0.91773,0.18041,2.8756
808.83,0.91977,0.18312,2.8769
809.04,0.92117,0.18675,2.8781
809.23,0.9146,0.16011,2.879
809.45,0.91123,0.15581,2.8801
809.64,0.91487,0.16196,2.8811
809.9,0.91626,0.16682,2.8822
810.05,0.91287,0.16203,2.8833
810.38,0.91719,0.17261,2.8848
810.45,0.9198,0.18095,NaN
810.66,0.91623,0.17261,2.8862
810.85,0.91522,0.16387,2.8871
811.05,0.91385,0.16085,2.8881
811.25,0.91403,0.15899,2.8889
811.46,0.91698,0.16815,2.8898
811.65,0.91475,0.16832,2.8906
811.85,0.91456,0.16809,2.8914
812.04,0.91456,0.16902,2.8919
812.25,0.91552,0.16893,2.8923
812.62,0.9162,0.16921,2.8929
812.67,0.91525,0.16897,NaN
812.85,0.91745,0.16855,2.8933
813.05,0.91507,0.16654,2.8934
813.24,0.91528,0.16721,2.8936
813.46,0.91458,0.16763,2.8939
813.63,0.91558,0.16291,2.8941
813.84,0.91375,0.16206,2.8943
814.07,0.91414,0.16082,2.8944
814.23,0.91828,0.1764,2.8946
814.55,0.91663,0.16811,2.8947
814.64,0.9145,0.16246,2.8948
814.84,0.91169,0.15153,2.8949
815.04,0.91336,0.16187,2.8951
815.25,0.9124,0.1638,2.8953
815.44,0.91434,0.16569,2.8956
815.65,0.91616,0.16475,2.896
815.85,0.91665,0.1688,2.8964
816.06,0.91885,0.1733,2.897
816.24,0.91897,0.18192,2.8981
816.48,0.91956,0.17883,2.9004
816.65,0.91952,0.18011,2.9016
816.9,0.92003,0.18167,2.9023
817.04,0.91742,0.17669,2.9028
817.26,0.92149,0.18633,2.9031
817.48,0.92042,0.1766,2.9035
817.64,0.91929,0.17994,2.904
817.89,0.92104,0.18799,2.9045
818.03,0.91865,0.17643,2.9052
818.34,0.9192,0.17607,2.9056
818.44,0.9189,0.17439,2.9061
818.65,0.92111,0.18233,2.9064
818.87,0.91843,0.17295,2.9073
819.03,0.91646,0.16944,2.9079
819.24,0.9182,0.16856,2.9082
819.45,0.91438,0.16549,2.9091
819.63,0.91573,0.16306,2.9102
819.92,0.91355,0.16534,2.913
820.05,0.91606,0.16701,2.9147
820.25,0.91714,0.16784,2.9158
820.46,0.91632,0.16793,2.9164
820.64,0.91907,0.1716,2.9169
820.91,0.91672,0.16364,2.9174
821.03,0.91001,0.15053,2.9178
821.43,0.91594,0.16394,2.9182
821.46,0.91591,0.1676,NaN
821.66,0.91548,0.16756,2.9185
821.95,0.9196,0.17762,2.9187
822.05,0.92171,0.18319,NaN
822.25,0.9202,0.18477,2.9192
822.44,0.92257,0.18999,2.9196
822.65,0.92583,0.20063,2.92
822.88,0.92894,0.21087,2.9204
823.05,0.92343,0.19149,2.921
823.25,0.9226,0.18671,2.9216
823.47,0.92305,0.19536,2.9222
823.64,0.92549,0.19422,2.9237
823.91,0.91551,0.1721,2.9278
824.05,0.91683,0.16774,2.9291
824.46,0.9215,0.18013,2.9308
824.49,0.92106,0.17315,2.9317
824.65,0.91825,0.16408,2.9324
824.94,0.92062,0.1794,2.9334
825.05,0.92216,0.19283,2.9346
825.26,0.92035,0.17521,2.9356
825.44,0.91813,0.16824,2.9366
825.63,0.91653,0.16739,2.9376
825.85,0.91951,0.17583,2.9385
826.05,0.91831,0.17905,2.9394
826.3,0.91642,0.16413,2.9404
826.45,0.91397,0.16451,2.9417
826.64,0.91405,0.16388,2.9422
826.86,0.9135,0.16181,2.9428
827.03,0.91358,0.16154,2.9436
827.3,0.91413,0.16484,2.9447
827.45,0.91633,0.16987,2.9452
827.64,0.91647,0.16976,2.9454
827.93,0.91785,0.17156,2.9457
828.04,0.91721,0.16971,2.946
828.33,0.90983,0.14458,2.9463
828.45,0.90952,0.14552,NaN
828.64,0.91365,0.1565,2.9466
828.86,0.91861,0.1712,2.9468
829.04,0.91855,0.16793,2.947
829.25,0.91968,0.17549,2.9473
829.44,0.92349,0.18818,2.9475
829.63,0.92231,0.18462,2.9479
829.87,0.9256,0.19811,2.9488
830.06,0.92991,0.21136,2.9497
830.31,0.92588,0.19739,2.9524
830.44,0.92215,0.18909,2.9536
830.74,0.9241,0.19223,2.9544
830.83,0.92405,0.19603,2.9555
831.18,0.91873,0.17168,2.9573
831.25,0.91812,0.16974,NaN
831.46,0.91531,0.168,2.9588
831.67,0.92266,0.18755,2.9599
831.83,0.91851,0.1738,2.9607
832.11,0.91393,0.1606,2.962
832.25,0.91689,0.16916,2.963
832.57,0.91988,0.17741,2.9639
832.63,0.91834,0.17173,2.9647
832.85,0.91625,0.17064,2.965
833.04,0.9181,0.17293,2.9662
833.24,0.92152,0.18384,2.9672
833.46,0.91927,0.17592,2.9681
833.65,0.91701,0.16538,2.9689
833.85,0.9161,0.164,2.9693
834.04,0.9144,0.1641,2.9697
834.29,0.91547,0.16286,2.9701
834.44,0.91309,0.16197,2.9705
834.77,0.91557,0.16609,2.9711
834.83,0.91644,0.16768,2.9715
835.04,0.91565,0.16473,2.9717
835.26,0.91531,0.1681,2.9721
835.46,0.91742,0.17264,2.9724
835.78,0.91121,0.15238,2.9729
835.84,0.9106,0.14677,NaN
836.03,0.90968,0.14726,2.9736
836.33,0.91901,0.16953,2.9746
836.45,0.91445,0.1643,2.9761
836.74,0.91173,0.15595,2.9767
836.85,0.91181,0.15418,2.9774
837.04,0.91678,0.16749,2.9778
837.24,0.91697,0.17422,2.9781
837.45,0.91666,0.1747,2.9784
837.71,0.92029,0.17909,2.9789
837.84,0.92102,0.17943,2.9793
838.06,0.92199,0.18456,2.9795
838.23,0.92234,0.18949,2.9799
838.45,0.9207,0.18059,2.9803
838.77,0.92182,0.18416,2.981
838.85,0.92121,0.18535,2.9815
839.05,0.91871,0.17844,2.9818
839.26,0.91923,0.17124,2.9826
839.44,0.9182,0.16851,2.9831
839.64,0.91877,0.173,2.9837
839.85,0.91767,0.17582,2.9843
840.04,0.91692,0.16503,2.9849
840.25,0.91669,0.16702,2.9854
840.45,0.91597,0.16644,2.9864
840.72,0.91871,0.17356,2.9899
840.84,0.91787,0.17323,2.9912
841.05,0.91885,0.16721,2.9916
841.24,0.91611,0.16639,2.9924
841.43,0.91616,0.16532,2.993
841.68,0.91736,0.16552,2.9943
841.83,0.91565,0.1666,2.995
842.19,0.91326,0.16285,2.9958
842.25,0.91301,0.16093,NaN
842.45,0.9153,0.16194,2.9962
842.65,0.91657,0.1631,2.9964
842.83,0.91743,0.1695,2.9967
843.2,0.91942,0.1731,2.997
843.23,0.91949,0.1736,NaN
843.43,0.92043,0.18019,2.9974
843.64,0.92121,0.18578,2.998
843.83,0.92148,0.18194,2.9986
844.09,0.92052,0.18005,2.9992
844.23,0.92167,0.18653,2.9996
844.5,0.92216,0.19326,3
844.64,0.92599,0.20294,3.0011
844.93,0.92805,0.20934,3.0022
845.03,0.92396,0.19564,3.0031
845.25,0.92338,0.19265,3.0036
845.43,0.92761,0.20012,3.005
845.63,0.92612,0.20363,3.006
845.86,0.91859,0.17637,3.0069
846.05,0.91677,0.17266,3.008
846.25,0.91913,0.18093,3.0089
846.46,0.92204,0.18754,3.0099
846.64,0.91686,0.16765,3.0107
846.85,0.9157,0.16731,3.0117
847.05,0.9222,0.18994,3.0124
847.24,0.91876,0.17567,3.0133
847.53,0.91664,0.16703,3.0147
847.63,0.91749,0.16944,3.0158
847.96,0.91887,0.18568,3.0171
848.04,0.91957,0.18217,NaN
848.25,0.9189,0.16777,3.0185
848.44,0.91572,0.16563,3.019
848.64,0.91643,0.16515,3.0194
848.84,0.91604,0.16495,3.0197
849.06,0.91694,0.16439,3.0202
849.27,0.91606,0.16537,3.0206
849.43,0.91843,0.17132,3.021
849.72,0.91719,0.17099,3.0216
849.85,0.91582,0.17189,3.0219
850.05,0.91691,0.17287,3.0221
850.3,0.91135,0.15304,3.0226
850.45,0.91442,0.15728,3.023
850.71,0.91805,0.17368,3.0233
850.84,0.91772,0.17436,3.0237
851.04,0.91398,0.159,3.0239
851.24,0.91347,0.16126,3.0252
851.46,0.92102,0.17781,3.0269
851.66,0.92038,0.17867,3.0279
851.85,0.92069,0.18574,3.0289
852.17,0.92594,0.20339,3.0297
852.25,0.9286,0.20974,3.0301
852.43,0.9219,0.18863,3.0303
852.79,0.92488,0.19884,3.031
852.84,0.92431,0.20315,NaN
853.05,0.92468,0.19151,3.0318
853.28,0.91908,0.17424,3.0325
853.44,0.91656,0.17676,3.033
853.72,0.92502,0.19388,3.0336
853.85,0.91866,0.17443,3.034
854.15,0.9192,0.17395,3.035
854.26,0.9199,0.18293,NaN
854.44,0.92374,0.19678,3.0361
854.65,0.91943,0.17152,3.0378
854.84,0.9173,0.16929,3.0413
855.12,0.92288,0.18579,3.0436
855.25,0.92246,0.18957,3.0446
855.44,0.91734,0.17263,3.045
855.65,0.91678,0.1667,3.0459
855.83,0.91583,0.16518,3.0469
856.13,0.9161,0.16398,3.0493
856.25,0.91616,0.16473,3.0502
856.56,0.91598,0.16693,3.051
856.64,0.91694,0.16797,NaN
856.84,0.91943,0.17338,3.0516
857.08,0.91789,0.17289,3.0519
857.25,0.91822,0.17441,3.0522
857.51,0.91598,0.16039,3.0524
857.64,0.9136,0.1547,3.0525
857.95,0.91656,0.17096,3.0528
858.05,0.91778,0.17736,3.053
858.24,0.91658,0.16565,3.0531
858.46,0.91416,0.15583,3.0534
858.64,0.91275,0.16232,3.0537
858.91,0.9191,0.18077,3.0542
859.03,0.91903,0.17292,3.0546
859.24,0.91885,0.17968,3.0548
859.43,0.9213,0.18564,3.0553
859.65,0.92617,0.20239,3.0558
859.84,0.9179,0.17831,3.0563
860.05,0.91806,0.17816,3.0572
860.25,0.91944,0.18241,3.0577
860.5,0.91888,0.17463,3.0584
860.65,0.91527,0.16691,3.059
860.84,0.91585,0.16673,3.0598
861.04,0.91855,0.17122,3.0605
861.26,0.91916,0.17714,3.0613
861.44,0.91556,0.16189,3.063
861.63,0.91453,0.1588,3.0666
861.92,0.9168,0.17321,3.0687
862.04,0.91929,0.17786,3.0697
862.24,0.91842,0.17167,3.0701
862.45,0.91517,0.16311,3.0713
862.64,0.91301,0.15397,3.0721
862.85,0.91327,0.15003,3.0734
863.05,0.91035,0.14893,3.0745
863.27,0.91153,0.14963,3.0753
863.46,0.91122,0.14899,3.0759
863.79,0.91132,0.14981,3.0768
863.84,0.9112,0.14896,3.0774
864.06,0.91203,0.15059,3.0776
864.29,0.90802,0.14326,3.078
864.45,0.9091,0.14401,3.0781
864.65,0.9112,0.14689,3.0782
864.84,0.91176,0.16125,3.0783
865.06,0.92022,0.17505,3.0784
865.25,0.91813,0.17591,3.0784
865.45,0.9165,0.16983,3.0785
865.64,0.91735,0.17232,3.0785
865.87,0.91721,0.17027,3.0785
866.05,0.91991,0.17205,3.0786
866.34,0.9163,0.17386,3.0786
866.44,0.91707,0.17547,3.0788
866.65,0.91736,0.17221,3.0789
866.86,0.9182,0.17208,3.0792
867.04,0.92109,0.18266,3.0795
867.25,0.92315,0.18899,3.0799
867.44,0.92089,0.18705,3.0803
867.64,0.92342,0.18621,3.0808
867.84,0.92283,0.19252,3.0813
868.07,0.92184,0.18471,3.0821
868.23,0.92307,0.18633,3.0828
868.51,0.92239,0.18971,3.0834
868.65,0.92067,0.17697,3.084
868.86,0.92203,0.17761,3.0846
869.04,0.92113,0.18698,3.0853
869.24,0.92013,0.18017,3.0861
869.49,0.91628,0.16637,3.0868
869.64,0.91496,0.16395,3.0901
869.95,0.92224,0.18487,3.0933
870.05,0.91914,0.17921,3.0946
870.25,0.91416,0.16074,3.095
870.49,0.9143,0.1592,3.0963
870.63,0.91228,0.15782,3.0972
870.85,0.91443,0.15743,3.0977
871.05,0.91196,0.15926,3.0993
871.23,0.91362,0.16037,3.1007
871.45,0.91544,0.16527,3.101
871.63,0.9118,0.16145,3.1019
871.88,0.91434,0.16572,3.1024
872.05,0.9174,0.17469,3.1028
872.25,0.91334,0.16163,3.103
872.45,0.91564,0.16011,3.1032
872.65,0.91918,0.17483,3.1033
872.87,0.91801,0.17219,3.1034
873.05,0.91617,0.16789,3.1035
873.32,0.91976,0.18116,3.1037
873.43,0.92178,0.18607,3.104
873.65,0.92061,0.17608,3.1041
873.93,0.92079,0.18309,3.1046
874.05,0.92309,0.18861,3.1051
874.25,0.92366,0.20253,3.1055
874.44,0.9208,0.18047,3.1061
874.65,0.9185,0.17853,3.1066
875.01,0.92153,0.19149,3.1076
875.04,0.92138,0.18608,NaN
875.25,0.91686,0.17122,3.1086
875.52,0.91857,0.17877,3.1097
875.64,0.92057,0.18931,3.1104
875.84,0.91701,0.17595,3.1107
876.05,0.91517,0.16523,3.1114
876.23,0.91603,0.16965,3.1127
876.59,0.91748,0.17352,3.1183
876.65,0.9164,0.16752,NaN
876.86,0.91386,0.16441,3.1203
877.2,0.91593,0.17114,3.1217
877.23,0.91875,0.17618,NaN
877.43,0.91791,0.17264,3.1231
877.7,0.91293,0.1568,3.1247
877.85,0.91509,0.15748,3.126
878.15,0.91385,0.1551,3.1274
878.24,0.9134,0.15609,3.1281
878.45,0.91245,0.15765,3.1285
878.64,0.91189,0.15868,3.1292
878.85,0.91624,0.16485,3.1297
879.18,0.91445,0.16286,3.1303
879.24,0.91789,0.16514,NaN
879.44,0.9147,0.1697,3.1306
879.65,0.91303,0.15432,3.1309
879.84,0.91603,0.1627,3.1311
880.11,0.91799,0.17301,3.1313
880.24,0.91808,0.16706,3.1315
880.45,0.91911,0.17249,3.1318
880.65,0.91995,0.18507,3.132
880.84,0.92196,0.18485,3.1324
881.08,0.91837,0.17274,3.1327
881.23,0.91851,0.17946,3.1331
881.45,0.92344,0.19268,3.1336
881.66,0.92347,0.19587,3.134
881.84,0.91933,0.17591,3.1345
882.12,0.91748,0.17695,3.1354
882.25,0.92306,0.18609,3.1361
882.43,0.91614,0.17033,3.1364
882.63,0.91497,0.15904,3.1371
882.86,0.91642,0.16968,3.1406
883.06,0.9236,0.18628,3.143
883.23,0.91533,0.16219,3.1443
883.56,0.91546,0.16561,3.146
883.63,0.91728,0.17067,NaN
883.84,0.91952,0.18121,3.1473
884.05,0.91464,0.16339,3.1483
884.25,0.91632,0.16114,3.15
884.45,0.91576,0.1624,3.1512
884.66,0.92124,0.17587,3.1522
884.85,0.91611,0.167,3.1531
885.04,0.91267,0.15378,3.1539
885.24,0.91371,0.15223,3.1548
885.51,0.90984,0.15156,3.1561
885.65,0.91045,0.14903,3.1568
885.84,0.90955,0.14867,3.1572
886.04,0.90989,0.14853,3.1579
886.25,0.91,0.14656,3.1583
886.43,0.90824,0.1478,3.1587
886.65,0.91018,0.14963,3.1594
886.84,0.91267,0.15651,3.1598
887.18,0.91468,0.16548,3.1602
887.25,0.91539,0.16522,3.1603
887.44,0.91493,0.15964,3.1604
887.63,0.91462,0.15863,3.1604
887.84,0.91705,0.16558,3.1605
888.07,0.91655,0.16598,3.1606
888.23,0.91626,0.1629,3.1607
888.44,0.91636,0.16354,3.1608
888.65,0.91462,0.16938,3.1611
888.83,0.91869,0.17535,3.1614
889.07,0.91596,0.16985,3.1618
889.23,0.91688,0.17026,3.1622
889.61,0.91973,0.17609,3.1628
889.65,0.91953,0.1744,NaN
889.85,0.92126,0.17898,3.1642
890.05,0.9204,0.17965,3.1666
890.24,0.92308,0.18407,3.1678
890.45,0.92145,0.18433,3.1686
890.67,0.91831,0.17231,3.1692
890.85,0.91702,0.17157,3.1698
891.11,0.92214,0.1772,3.1708
891.24,0.9194,0.17553,3.1719
891.46,0.91519,0.16609,3.1728
891.65,0.91801,0.16694,3.1737
891.84,0.91706,0.16841,3.1743
892.06,0.9201,0.17242,3.175
892.25,0.91766,0.16975,3.1758
892.52,0.91895,0.17026,3.1765
892.64,0.91782,0.16994,NaN
892.86,0.91852,0.16726,3.1773
893.07,0.91436,0.165,3.1782
893.25,0.91426,0.16386,3.1791
893.51,0.91542,0.16567,3.18
893.65,0.91579,0.1623,3.1803
894.04,0.91515,0.16501,3.1807
894.08,0.91701,0.16674,3.1809
894.23,0.916,0.17133,3.181
894.5,0.9182,0.16945,3.1812
894.65,0.91769,0.16766,3.1814
894.84,0.92076,0.18052,3.1816
895.08,0.91788,0.17857,3.1818
895.24,0.92038,0.1866,3.182
895.52,0.92328,0.19559,3.1823
895.64,0.92072,0.18145,3.1826
895.86,0.92109,0.18297,3.1828
896.06,0.92144,0.19097,3.1831
896.24,0.92677,0.20219,3.1836
896.49,0.92286,0.18714,3.1844
896.64,0.92207,0.18738,3.1849
896.84,0.92378,0.1934,3.1852
897.06,0.92346,0.19103,3.1859
897.25,0.91644,0.16737,3.1866
897.53,0.91623,0.16944,3.1876
897.64,0.92044,0.18519,3.1888
897.85,0.91773,0.17177,3.1918
898.05,0.91649,0.1706,3.1942
898.24,0.91957,0.17955,3.1954
898.52,0.92149,0.18482,3.1969
898.66,0.9177,0.16941,3.1975
898.84,0.91711,0.16724,3.1977
899.04,0.91706,0.16921,3.1983
899.24,0.92141,0.186,3.199
899.45,0.91908,0.17173,3.1996
899.66,0.9134,0.15836,3.2001
899.83,0.91219,0.15566,3.2007
900.12,0.91018,0.15319,3.2018
900.24,0.9101,0.15471,3.2042
900.44,0.91425,0.15643,3.2058
900.64,0.91256,0.1581,3.2068
900.85,0.9147,0.16664,3.2074
901.15,0.91525,0.1633,3.208
901.23,0.91646,0.16592,NaN
901.45,0.91629,0.16858,3.2085
901.63,0.91307,0.15186,3.2088
901.83,0.90968,0.14751,3.209
902.17,0.91672,0.17168,3.2094
902.25,0.91754,0.17013,3.2096
902.45,0.91813,0.17094,3.2097
902.72,0.9217,0.18769,3.2101
902.85,0.92383,0.1925,3.2104
903.05,0.92146,0.1861,3.2107
903.25,0.92423,0.19726,3.2112
903.45,0.92714,0.20937,3.2116
903.79,0.92209,0.18978,3.2124
903.84,0.92204,0.18896,3.2129
904.05,0.9237,0.19367,3.2132
904.24,0.92459,0.20065,3.2138
904.44,0.92054,0.17372,3.2169
904.71,0.91665,0.16529,3.22
904.83,0.91873,0.17668,3.2212
905.03,0.92386,0.19191,3.2218
905.24,0.91569,0.15978,3.2228
905.44,0.91802,0.16701,3.224
905.67,0.92278,0.19148,3.2256
905.85,0.92095,0.1875,3.2268
906.15,0.91814,0.168,3.2284
906.24,0.91723,0.16863,NaN
906.44,0.91874,0.17484,3.2298
906.65,0.9233,0.18454,3.2308
906.84,0.91537,0.16903,3.2316
907.05,0.91499,0.16462,3.2326
907.24,0.91658,0.16266,3.2334
907.43,0.9146,0.15945,3.2342
907.79,0.91388,0.16127,3.2357
907.83,0.91443,0.16253,NaN
908.06,0.91691,0.16686,3.2364
908.25,0.91604,0.16666,3.2368
908.45,0.91521,0.16722,3.2371
908.73,0.91796,0.17064,3.2374
908.85,0.91585,0.16596,3.2377
909.04,0.91153,0.1491,3.2378
909.32,0.91273,0.15028,3.2381
909.43,0.91379,0.15986,3.2383
909.64,0.91502,0.16721,3.2385
909.84,0.91578,0.16628,3.2387
910.05,0.9184,0.17194,3.239
910.34,0.91913,0.17843,3.2394
910.45,0.92112,0.17881,3.2401
910.64,0.92245,0.18598,3.2405
910.84,0.92409,0.19492,3.2423
911.04,0.92602,0.19687,3.2437
911.37,0.91988,0.18086,3.2456
911.45,0.92014,0.17981,NaN
911.65,0.91988,0.18034,3.2463
911.83,0.92188,0.18449,3.2467
912.04,0.91742,0.17009,3.2469
912.3,0.91341,0.16247,3.2477
912.45,0.91393,0.15875,3.2482
912.65,0.91894,0.17972,3.2486
912.85,0.91742,0.17183,3.2491
913.05,0.9128,0.15949,3.2496
913.28,0.91144,0.15139,3.2501
913.43,0.91034,0.15218,3.2506
913.74,0.91544,0.16931,3.2514
913.85,0.91927,0.17138,3.2524
914.06,0.91636,0.16598,3.2531
914.28,0.91345,0.15946,3.2565
914.44,0.9135,0.15766,3.2574
914.64,0.91245,0.15549,3.258
914.84,0.91368,0.15778,3.2587
915.05,0.91335,0.15737,3.2593
915.27,0.91452,0.15699,3.2597
915.45,0.91359,0.15811,3.26
915.65,0.91303,0.15608,3.2602
915.85,0.91264,0.15512,3.2604
916.05,0.91402,0.15904,3.2605
916.29,0.9183,0.17135,3.2605
916.45,0.9167,0.17531,3.2606
916.64,0.92124,0.17781,3.2606
916.93,0.91789,0.18044,3.2607
917.03,0.91967,0.17925,3.2608
917.24,0.91824,0.17814,3.2608
917.43,0.91696,0.1704,3.261
917.64,0.91862,0.18128,3.2613
917.92,0.92232,0.18242,3.2617
918.03,0.92313,0.18828,3.262
918.24,0.92637,0.19705,3.2625
918.44,0.92375,0.18672,3.2629
918.63,0.92259,0.18492,3.2634
918.91,0.92308,0.19352,3.2643
919.04,0.9249,0.19653,3.2658
919.25,0.91996,0.17848,3.2675
919.51,0.91778,0.17416,3.2703
919.65,0.92025,0.18108,3.2714
919.83,0.91886,0.17695,3.2719
920.05,0.9144,0.16729,3.273
920.26,0.91948,0.17409,3.2746
920.44,0.92432,0.19359,3.2757
920.65,0.91786,0.16946,3.2767
920.97,0.91795,0.16817,3.2783
921.05,0.91661,0.1709,3.2792
921.25,0.9197,0.18148,3.2797
921.56,0.91741,0.16623,3.2812
921.63,0.91744,0.16388,NaN
921.85,0.91367,0.1633,3.2819
922.09,0.91527,0.16208,3.2823
922.25,0.91458,0.16266,3.2829
922.61,0.91492,0.16605,3.2835
922.64,0.91615,0.16631,NaN
922.85,0.92076,0.17445,3.2839
923.14,0.91915,0.17143,3.2844
923.24,0.91606,0.17053,3.2848
923.44,0.91735,0.16818,3.2851
923.7,0.90942,0.14461,3.2855
923.85,0.91176,0.14788,3.2858
924.19,0.91663,0.17266,3.2864
924.25,0.91729,0.16707,3.2867
924.44,0.91464,0.16446,3.2869
924.64,0.91946,0.17417,3.2872
924.85,0.92174,0.18674,3.2876
925.13,0.92369,0.19038,3.2883
925.26,0.92546,0.19905,3.2888
925.44,0.92892,0.20943,3.2891
925.65,0.92548,0.20313,3.2896
925.85,0.92077,0.186,3.291
926.1,0.9228,0.19073,3.2945
926.23,0.92463,0.19469,3.2961
926.45,0.92102,0.18197,3.2973
926.66,0.91692,0.16954,3.2983
926.85,0.91781,0.1711,3.2995
927.21,0.92001,0.17455,3.3009
927.24,0.91906,0.16658,3.3015
927.45,0.9137,0.16027,3.3017
927.69,0.91969,0.17588,3.3021
927.86,0.92392,0.18757,3.3025
928.04,0.91793,0.17058,3.3032
928.29,0.91843,0.17184,3.3056
928.45,0.9201,0.17836,3.3071
928.75,0.91885,0.17509,3.3081
928.85,0.91753,0.1675,3.309
929.05,0.91736,0.16409,3.3094
929.24,0.91488,0.16398,3.3108
929.44,0.9154,0.16217,3.312
929.73,0.91342,0.16292,3.3134
929.85,0.91596,0.16657,3.3141
930.19,0.91819,0.17033,3.3147
930.25,0.91516,0.16787,3.3152
930.46,0.91492,0.16934,3.3154
930.68,0.91792,0.16993,3.3156
930.83,0.91193,0.15576,3.3158
931.15,0.91374,0.15378,3.316
931.25,0.91547,0.15828,3.3162
931.45,0.91918,0.16976,3.3162
931.64,0.91545,0.15761,3.3163
931.86,0.91529,0.15881,3.3167
932.06,0.91803,0.17183,3.3169
932.23,0.92033,0.18087,3.3173
932.7,0.92249,0.1917,3.318
932.73,0.9258,0.19324,NaN
932.85,0.92549,0.20159,3.3188
933.11,0.921,0.18402,3.3191
933.25,0.92033,0.18323,3.3196
933.45,0.92435,0.18906,3.3201
933.8,0.91884,0.17417,3.3214
933.83,0.91888,0.17007,NaN
934.05,0.91518,0.16312,3.3222
934.31,0.91662,0.1727,3.3233
934.43,0.91933,0.18326,3.3241
934.84,0.91225,0.15186,3.3257
934.88,0.91194,0.15361,NaN
935.06,0.91505,0.16272,3.3265
935.23,0.92026,0.17932,3.3274
935.46,0.91226,0.15496,3.3307
935.8,0.91431,0.15694,3.334
935.85,0.91457,0.15915,NaN
936.03,0.91664,0.17349,3.3358
936.33,0.91686,0.16597,3.3371
936.45,0.91897,0.16538,3.338
936.66,0.91805,0.16469,3.3385
936.87,0.91653,0.16533,3.3401
937.05,0.91739,0.1651,3.3411
937.25,0.91534,0.16426,3.3418
937.46,0.91718,0.16438,3.3423
937.63,0.91531,0.16225,3.3426
937.93,0.91391,0.16254,3.3429
938.06,0.9167,0.16342,NaN
938.25,0.91647,0.16312,3.3432
938.55,0.91722,0.17259,3.3434
938.66,0.91732,0.17335,3.3435
938.84,0.91892,0.174,3.3436
939.08,0.91378,0.15558,3.3437
939.24,0.91463,0.16106,3.3438
939.59,0.9194,0.17474,3.3442
939.65,0.91677,0.17076,NaN
939.84,0.91536,0.16471,3.3444
940.14,0.90995,0.15331,3.3448
940.25,0.91166,0.15273,3.3451
940.45,0.91628,0.16469,3.3452
940.76,0.91874,0.173,3.346
940.84,0.91753,0.17542,NaN
941.22,0.91827,0.17407,3.3469
941.27,0.91731,0.17537,3.3474
941.46,0.9186,0.17724,3.3477
941.64,0.92165,0.18064,3.3482
941.83,0.92019,0.17933,3.3488
942.04,0.9208,0.17418,3.3493
942.28,0.91765,0.17578,3.3499
942.45,0.91817,0.17522,3.3505
942.75,0.92068,0.18938,3.3514
942.86,0.9202,0.18766,3.352
943.04,0.91905,0.17883,3.3524
943.27,0.9197,0.17558,3.3537
943.43,0.91936,0.17706,3.3563
943.75,0.91669,0.17145,3.3591
943.83,0.9148,0.17159,NaN
944.05,0.9164,0.17177,3.3608
944.29,0.91736,0.17103,3.3618
944.46,0.91845,0.17133,3.3627
944.72,0.91411,0.17005,3.3638
944.85,0.91675,0.17052,3.3643
945.05,0.91759,0.16871,3.3645
945.26,0.91821,0.16965,3.3648
945.43,0.91932,0.17217,3.365
945.65,0.91485,0.16374,3.3652
945.84,0.91465,0.16573,3.3654
946.05,0.91845,0.17605,3.3656
946.36,0.91506,0.16539,3.366
946.46,0.91744,0.16409,NaN
946.63,0.91697,0.16957,3.3663
946.84,0.92071,0.18143,3.3671
947.04,0.91944,0.17759,3.3687
947.39,0.92626,0.19148,3.3704
947.43,0.92438,0.19415,NaN
947.64,0.92449,0.20333,3.3716
947.93,0.92174,0.18464,3.3726
948.04,0.9226,0.19021,3.3734
948.26,0.92501,0.19929,3.3738
948.45,0.92136,0.18058,3.3755
948.65,0.91578,0.16852,3.3765
948.96,0.92245,0.18747,3.3784
949.06,0.92342,0.19068,NaN
949.23,0.91688,0.16889,3.3791
949.46,0.91615,0.16691,3.3795
949.65,0.91797,0.1793,3.38
949.85,0.92226,0.19004,3.3805
950.03,0.91379,0.16224,3.3809
950.24,0.91495,0.16276,3.3814
950.55,0.92037,0.18118,3.3822
950.66,0.91986,0.18291,3.3828
950.84,0.91625,0.16859,3.3831
951.08,0.91483,0.16482,3.3837
951.25,0.9162,0.16416,3.3843
951.45,0.91804,0.16218,3.385
951.65,0.91463,0.16267,3.3857
951.84,0.91678,0.16322,3.3865
952.05,0.91574,0.16347,3.3874
952.26,0.91661,0.16319,3.388
952.45,0.91547,0.16462,3.3887
952.76,0.91816,0.17273,3.3896
952.83,0.91801,0.1687,NaN
953.04,0.91332,0.15308,3.3905
953.24,0.91694,0.16861,3.391
953.43,0.91873,0.17885,3.3921
953.67,0.91539,0.1613,3.3931
953.83,0.91443,0.16306,3.395
954.04,0.9199,0.17607,3.3957
954.31,0.91857,0.17707,3.397
954.45,0.91908,0.18015,3.3983
954.65,0.92282,0.19178,3.3985
954.85,0.92755,0.20751,3.3994
955.05,0.92484,0.19142,3.4001
955.24,0.9227,0.18704,3.4006
955.45,0.9248,0.19739,3.401
955.66,0.92509,0.19509,3.4014
955.94,0.91681,0.17093,3.4022
956.05,0.91862,0.17054,3.4027
956.25,0.92423,0.18595,3.403
956.43,0.92076,0.18801,3.4036
956.63,0.9155,0.16709,3.4045
956.98,0.91908,0.18396,3.4083
957.05,0.92206,0.19137,NaN
957.23,0.92033,0.17914,3.4105
957.53,0.91534,0.16068,3.4119
957.64,0.91426,0.16142,3.4124
957.85,0.9175,0.17518,3.4126
958.06,0.91853,0.17858,3.4134
958.24,0.91623,0.16698,3.414
958.54,0.91666,0.16351,3.4147
958.65,0.91762,0.16463,3.4153
958.85,0.91842,0.16439,3.4155
959.04,0.9153,0.16541,3.416
959.23,0.91484,0.16541,3.4165
959.45,0.91567,0.16875,3.4178
959.63,0.91454,0.16465,3.4201
959.85,0.91724,0.16683,3.4213
960.13,0.92008,0.17747,3.4221
960.26,0.9183,0.17279,3.4224
960.45,0.91586,0.15861,3.4226
960.68,0.91668,0.16563,3.423
960.83,0.92118,0.17974,3.4233
961.04,0.91727,0.16763,3.4234
961.24,0.91521,0.16724,3.4236
961.43,0.91726,0.17128,3.4238
961.74,0.92173,0.17941,3.4242
961.83,0.91738,0.17551,NaN
962.04,0.91425,0.16713,3.4247
962.26,0.91678,0.16928,3.4251
962.43,0.92147,0.18482,3.4256
962.68,0.92346,0.1854,3.4261
962.84,0.9206,0.17937,3.4267
963.05,0.91823,0.17248,3.4273
963.25,0.92111,0.17777,3.4278
963.46,0.91932,0.17982,3.4286
963.78,0.91474,0.16493,3.4305
963.84,0.9123,0.15854,NaN
964.05,0.91323,0.16215,3.4341
964.33,0.9178,0.17197,3.4356
964.44,0.91747,0.1719,NaN
964.66,0.91685,0.16488,3.4363
964.84,0.91381,0.16332,3.4367
965.05,0.91634,0.1636,3.4372
965.29,0.91672,0.17426,3.4378
965.45,0.91851,0.17426,3.4383
965.64,0.91648,0.16675,3.4387
965.84,0.91704,0.16643,3.439
966.04,0.91539,0.16733,3.4395
966.37,0.91624,0.1663,3.4403
966.43,0.91674,0.16604,NaN
966.64,0.91652,0.16808,3.4408
966.85,0.91733,0.1664,3.4414
967.03,0.91683,0.16567,3.4418
967.23,0.91627,0.16602,3.4424
967.54,0.91829,0.17204,3.4433
967.63,0.91957,0.17491,NaN
967.84,0.91774,0.17561,3.4444
968.1,0.92121,0.18177,3.4452
968.25,0.9205,0.18435,3.4453
968.64,0.92034,0.18503,3.4456
968.67,0.9205,0.18779,NaN
968.85,0.92233,0.18714,3.4458
969.08,0.92289,0.18604,3.4461
969.24,0.91999,0.18315,3.4464
969.5,0.92447,0.19807,3.4468
969.65,0.92495,0.20008,3.4472
969.84,0.92083,0.18277,3.4477
970.04,0.92109,0.18496,3.4482
970.24,0.92439,0.1969,3.4488
970.48,0.9181,0.17469,3.4494
970.65,0.9161,0.16491,3.4501
970.98,0.92089,0.18321,3.4511
971.04,0.92141,0.19006,3.4517
971.24,0.9183,0.16905,3.452
971.55,0.91668,0.17135,3.4532
971.64,0.92096,0.17743,3.454
971.83,0.92347,0.19009,3.4544
972.06,0.91645,0.16972,3.4579
972.24,0.91572,0.16669,3.4604
972.44,0.91582,0.17039,3.4619
972.64,0.92072,0.18384,3.4632
972.84,0.91394,0.16505,3.4638
973.04,0.91272,0.15893,3.4644
973.26,0.91415,0.15781,3.465
973.54,0.91476,0.15839,3.466
973.65,0.91311,0.15869,3.4665
973.86,0.91199,0.16055,3.4667
974.05,0.91377,0.16183,3.4672
974.25,0.91553,0.16444,3.4679
974.45,0.91586,0.16376,3.47
974.72,0.91901,0.17382,3.4714
974.85,0.91714,0.17122,3.4719
975.05,0.91286,0.15618,3.4719
975.24,0.9165,0.16683,3.4722
975.45,0.91987,0.17533,3.4726
975.79,0.91984,0.17537,3.4731
975.84,0.91749,0.17845,NaN
976.04,0.92083,0.18961,3.4735
976.26,0.91844,0.18257,3.4738
976.45,0.91953,0.17156,3.4741
976.65,0.91973,0.1816,3.4745
976.83,0.92442,0.19582,3.4749
977.05,0.92585,0.19229,3.4754
977.34,0.92103,0.18189,3.4762
977.45,0.92053,0.18266,3.4768
977.64,0.92489,0.19472,3.4771
977.83,0.9196,0.17123,3.4778
978.04,0.91403,0.16432,3.4783
978.36,0.92123,0.19008,3.4797
978.44,0.92092,0.18561,NaN
978.63,0.91801,0.17189,3.4843
978.88,0.91906,0.17575,3.4861
979.06,0.92149,0.19194,3.4873
979.23,0.9177,0.17376,3.4881
979.45,0.91714,0.16878,3.4888
979.64,0.91851,0.16908,3.4894
979.94,0.92041,0.18401,3.4904
980.03,0.91883,0.17662,3.4911
980.25,0.91591,0.16164,3.4913
980.46,0.91255,0.15678,3.4919
980.64,0.91481,0.15947,3.4924
980.92,0.91423,0.16136,3.494
981.04,0.91576,0.1638,3.4961
981.23,0.91642,0.16608,3.497
981.47,0.91821,0.17442,3.4985
981.63,0.91656,0.16855,3.4993
981.84,0.91576,0.17124,3.4998
982.06,0.9189,0.17292,3.5002
982.25,0.91408,0.15954,3.5005
982.54,0.91201,0.15149,3.5009
982.64,0.91439,0.16155,3.5011
982.84,0.91647,0.17226,3.5012
983.11,0.91657,0.16796,3.5014
983.24,0.92126,0.18016,3.5016
983.45,0.92279,0.18745,3.5018
983.64,0.91649,0.16913,3.502
983.84,0.9185,0.16993,3.5024
984.04,0.92155,0.17971,3.5028
984.24,0.92299,0.19325,3.5035
984.44,0.91822,0.18051,3.504
984.8,0.91831,0.17645,3.505
984.84,0.91915,0.17807,NaN
985.05,0.92002,0.1845,3.5068
985.34,0.91144,0.15533,3.5107
985.43,0.91285,0.1549,3.512
985.65,0.91228,0.15686,3.5124
985.84,0.91827,0.1739,3.5131
986.05,0.91561,0.16172,3.5137
986.25,0.9157,0.16345,3.5142
986.49,0.91856,0.17901,3.5151
986.65,0.9181,0.17732,3.5157
986.85,0.91554,0.16255,3.5162
987.03,0.91455,0.16045,3.5167
987.25,0.91202,0.1579,3.5173
987.51,0.91914,0.16749,3.5178
987.64,0.91559,0.16813,3.5209
987.83,0.91724,0.16717,3.5217
988.05,0.91656,0.16729,3.5234
988.24,0.91613,0.16845,3.524
988.53,0.91721,0.16842,3.5249
988.65,0.91544,0.1684,3.5254
988.86,0.91713,0.16741,3.5256
989.1,0.91693,0.16348,3.5262
989.24,0.91656,0.16543,3.5265
989.45,0.91716,0.16865,3.5266
989.64,0.91604,0.16106,3.5267
989.84,0.91297,0.15878,3.5269
990.11,0.91198,0.16068,3.527
990.25,0.91629,0.17374,3.5271
990.43,0.91638,0.16959,3.5272
990.75,0.91489,0.15917,3.5273
990.85,0.9117,0.15225,3.5274
991.04,0.91331,0.16085,3.5274
991.24,0.91567,0.1633,3.5277
991.46,0.91723,0.16444,3.5279
991.63,0.91597,0.16501,3.5282
991.92,0.91526,0.16854,3.5288
992.05,0.91859,0.17403,3.5292
992.23,0.91925,0.18106,3.5294
992.45,0.91923,0.18025,3.5299
992.64,0.92086,0.18479,3.5304
992.83,0.92203,0.18229,3.5313
993.05,0.91769,0.1738,3.5346
993.26,0.92019,0.18408,3.5357
993.52,0.91768,0.17477,3.5371
993.65,0.92025,0.1772,3.5375
993.84,0.92239,0.18639,3.5377
994.07,0.91814,0.17367,3.5382
994.24,0.91822,0.1746,3.5387
994.64,0.92226,0.18219,3.5398
994.67,0.91978,0.18386,NaN
994.84,0.9166,0.17162,3.5405
995.21,0.91428,0.16317,3.5413
995.25,0.91361,0.16193,NaN
995.43,0.91537,0.16043,3.5419
995.65,0.91352,0.15737,3.5428
995.83,0.91435,0.16007,3.5438
996.05,0.91399,0.1614,3.5462
996.38,0.91573,0.16349,3.5484
996.44,0.91281,0.16193,NaN
996.64,0.91759,0.16847,3.5495
996.93,0.9147,0.16215,3.5501
997.03,0.90909,0.15063,3.5504
997.24,0.91213,0.14864,3.5506
997.43,0.9144,0.16155,3.5509
997.64,0.91823,0.16681,3.5511
998.03,0.92362,0.18648,3.5514
998.05,0.92249,0.18666,NaN
998.24,0.9214,0.18839,3.5516
998.54,0.92388,0.19164,3.5521
998.65,0.92471,0.19728,3.5525
998.84,0.92642,0.20971,3.5529
999.05,0.92223,0.19191,3.5534
999.25,0.92158,0.18482,3.554
999.57,0.92473,0.19752,3.5549
999.65,0.92439,0.19669,3.5556
999.84,0.91598,0.16903,3.5559
1000.1,0.91336,0.16314,3.5602
1000.2,0.92059,0.17177,3.5619
1000.4,0.92091,0.18724,3.5626
1000.8,0.91592,0.1661,3.5649
1000.9,0.91628,0.16718,NaN
1001,0.92124,0.18653,3.566
1001.4,0.91801,0.16935,3.5673
1001.5,0.91576,0.1651,NaN
1001.7,0.91504,0.16521,3.5682
1001.9,0.92032,0.1817,3.5688
1002,0.921,0.18126,NaN
1002.3,0.91785,0.16723,3.5702
1002.5,0.91775,0.16401,3.5727
1002.7,0.9146,0.16263,3.5737
1002.8,0.9133,0.16084,3.5747
1003,0.91608,0.15939,3.5753
1003.2,0.91426,0.16111,3.5759
1003.5,0.91536,0.17185,3.5771
1003.6,0.91627,0.16687,3.5779
1003.9,0.91657,0.1688,3.5786
1004.1,0.91515,0.1677,3.5788
1004.2,0.91167,0.15641,3.579
1004.5,0.91057,0.14617,3.5791
1004.6,0.91351,0.15569,3.5792
1004.8,0.9166,0.17145,3.5794
1005.1,0.91513,0.16575,3.5795
1005.2,0.91893,0.17475,3.5797
1005.6,0.92199,0.18165,3.58
1005.6,0.92093,0.18363,3.5804
1005.9,0.92364,0.19657,3.5806
1006.1,0.92676,0.20619,3.581
1006.2,0.92545,0.20561,3.582
1006.5,0.92417,0.18467,3.5827
1006.7,0.92147,0.18649,3.5848
1006.8,0.92273,0.19414,3.5868
1007,0.92283,0.18691,3.588
1007.3,0.91669,0.16798,3.5897
1007.4,0.91455,0.16556,3.5908
1007.7,0.92061,0.1843,3.5918
1007.9,0.91845,0.17175,NaN
1008.1,0.91421,0.15952,3.5939
1008.3,0.9182,0.17439,3.5948
1008.4,0.9234,0.19218,3.5954
1008.9,0.91544,0.16652,3.5975
1008.9,0.91333,0.16534,3.5985
1009,0.91552,0.16622,3.599
1009.4,0.92253,0.18106,3.5999
1009.4,0.91706,0.17422,3.6009
1009.7,0.91363,0.16363,3.6014
1009.9,0.91358,0.16109,3.6022
1010,0.91405,0.16271,3.6035
1010.2,0.91503,0.16083,3.6043
1010.5,0.90971,0.15924,3.6048
1010.6,0.91278,0.15957,3.6052
1010.8,0.91568,0.16563,3.6059
1011,0.91599,0.1618,3.6064
1011.2,0.91554,0.16493,3.6071
1011.5,0.91631,0.16787,3.6074
1011.6,0.9154,0.16409,3.6076
1011.8,0.91215,0.1522,3.6076
1012.1,0.91008,0.14511,3.6078
1012.2,0.91232,0.15331,3.6079
1012.4,0.9135,0.16094,3.6079
1012.6,0.91572,0.1616,3.608
1012.8,0.91466,0.15935,3.6082
1013,0.91628,0.17014,3.6084
1013.3,0.91831,0.17551,3.6089
1013.4,0.919,0.17658,3.6092
1013.6,0.917,0.17109,3.6096
1013.9,0.91701,0.17535,3.61
1014,0.91691,0.17892,3.6105
1014.3,0.92247,0.18664,3.611
1014.4,0.92248,0.18248,3.6115
1014.6,0.92196,0.18206,3.6121
1014.9,0.92176,0.18171,3.613
1015.1,0.92149,0.18303,3.6136
1015.2,0.91723,0.17351,3.6139
1015.4,0.91678,0.17276,3.6144
1015.7,0.91851,0.17626,3.615
1015.9,0.91847,0.17406,3.6159
1016.1,0.91722,0.16932,3.6165
1016.2,0.91699,0.16679,3.6172
1016.4,0.91315,0.16588,3.6178
1016.6,0.91611,0.17042,3.6185
1016.9,0.91829,0.17175,3.6191
1017,0.91749,0.16683,3.6206
1017.2,0.91495,0.16541,3.6233
1017.6,0.91455,0.16539,3.6251
1017.7,0.91601,0.16532,3.6259
1017.8,0.91475,0.16444,3.6261
1018,0.91601,0.1637,3.6266
1018.2,0.9142,0.15797,3.627
1018.4,0.9137,0.16023,3.6274
1018.8,0.91533,0.1658,3.628
1018.9,0.91704,0.16684,NaN
1019,0.91833,0.17047,3.6283
1019.3,0.91983,0.16941,3.6285
1019.4,0.91855,0.17155,3.6286
1019.7,0.9203,0.17954,3.6288
1020,0.91965,0.17851,3.6292
1020,0.91971,0.17813,3.6295
1020.2,0.92018,0.1859,3.6296
1020.5,0.92252,0.19632,3.6302
1020.6,0.92607,0.2046,3.6306
1020.9,0.92769,0.21121,3.631
1021.1,0.92409,0.19616,3.6314
1021.2,0.92359,0.19196,3.6317
1021.5,0.92634,0.20318,3.6334
1021.7,0.92485,0.20044,3.6365
1021.8,0.91889,0.1757,3.6381
1022.1,0.91608,0.17124,3.6393
1022.2,0.91854,0.17982,3.6404
1022.6,0.91791,0.16908,3.642
1022.6,0.91291,0.16251,3.6431
1022.8,0.91368,0.16226,3.6436
1023.1,0.92304,0.19057,3.6447
1023.2,0.91774,0.17459,3.6456
1023.4,0.91633,0.1679,3.6463
1023.6,0.91792,0.17036,3.6475
1023.9,0.92268,0.18268,3.6484
1024.1,0.91987,0.18137,3.6494
1024.3,0.91704,0.16567,3.6501
1024.4,0.91533,0.16465,3.6505
1024.7,0.91388,0.16359,3.6509
1024.8,0.91611,0.16308,3.6514
1025,0.91606,0.16157,3.6518
1025.3,0.91951,0.16712,3.6525
1025.4,0.9163,0.17053,NaN
1025.6,0.91482,0.17004,3.6531
1025.8,0.91628,0.17055,3.6535
1026,0.91959,0.17149,3.6539
1026.3,0.91165,0.15074,3.6545
1026.4,0.91156,0.15087,3.6549
1026.6,0.91274,0.1595,3.6551
1027,0.91592,0.16491,3.6558
1027.1,0.91444,0.16025,NaN
1027.3,0.9143,0.16111,3.6564
1027.5,0.92052,0.17906,3.6568
1027.6,0.92001,0.18318,3.6573
1027.8,0.92275,0.18664,3.658
1028.1,0.92543,0.20025,3.6612
1028.2,0.92743,0.20864,3.6626
1028.4,0.92145,0.19232,3.6631
1028.7,0.92373,0.19733,3.664
1028.9,0.92622,0.20452,3.6648
1029.2,0.92016,0.17644,3.6673
1029.3,0.9182,0.17405,NaN
1029.4,0.919,0.17444,3.6685
1029.8,0.92278,0.18767,3.6705
1029.8,0.91922,0.17536,NaN
1030,0.918,0.16819,3.6715
1030.3,0.92154,0.18729,3.6729
1030.5,0.92319,0.19548,3.6739
1030.7,0.91616,0.16599,3.6753
1030.8,0.91474,0.16686,NaN
1031,0.91921,0.17771,3.6767
1031.3,0.92316,0.19145,3.6775
1031.4,0.91944,0.17588,3.6784
1031.7,0.91582,0.16549,3.6799
1031.8,0.91517,0.16346,3.6809
1032.1,0.91517,0.16352,3.6814
1032.2,0.91344,0.16334,3.6822
1032.5,0.91475,0.16495,3.683
1032.7,0.91622,0.16522,3.6836
1032.8,0.91698,0.17463,3.6841
1033,0.91522,0.17199,3.6845
1033.4,0.91832,0.17405,3.6857
1033.5,0.91887,0.17166,NaN
1033.6,0.91068,0.15416,3.6862
1034,0.91764,0.16764,3.6864
1034.1,0.91669,0.17318,3.6865
1034.2,0.91594,0.17001,3.6866
1034.6,0.91381,0.15701,3.6867
1034.7,0.91314,0.15835,3.6869
1034.8,0.91655,0.17366,3.687
1035.1,0.91689,0.17571,3.6874
1035.2,0.92003,0.17993,3.6878
1035.4,0.92215,0.187,3.688
1035.6,0.92512,0.20311,3.6884
1035.8,0.91963,0.17936,3.6889
1036.2,0.92155,0.18287,3.69
1036.2,0.91997,0.1839,NaN
1036.5,0.92241,0.1838,3.6909
1036.7,0.91601,0.16752,3.6916
1036.9,0.91503,0.16492,3.6924
1037.2,0.91977,0.18299,3.6933
1037.2,0.91779,0.1788,3.694
1037.4,0.91328,0.16146,3.6944
1037.7,0.91074,0.15667,3.696
1037.8,0.91436,0.16017,3.6998
1038,0.91966,0.17969,3.7008
1038.2,0.91725,0.17448,3.7021
1038.4,0.91484,0.16577,3.7032
1038.8,0.91033,0.15033,3.7051
1038.9,0.91059,0.14971,NaN
1039,0.9093,0.14808,3.7065
1039.3,0.91079,0.14827,3.7079
1039.4,0.90964,0.14784,NaN
1039.7,0.91011,0.14832,3.7087
1039.9,0.9109,0.14834,3.709
1040.1,0.90968,0.14903,3.7093
1040.3,0.91044,0.14612,3.7095
1040.5,0.9105,0.14692,3.7097
1040.6,0.91027,0.14819,3.7099
1041,0.91541,0.16849,3.7101
1041.1,0.91775,0.16825,NaN
1041.2,0.91929,0.17206,3.7103
1041.5,0.91759,0.16668,3.7103
1041.6,0.91865,0.17007,3.7104
1041.8,0.91902,0.17213,3.7105
1042.2,0.91899,0.17319,3.7108
1042.3,0.91623,0.16869,NaN
1042.4,0.91965,0.17804,3.711
1042.8,0.91862,0.17321,3.7115
1042.9,0.91916,0.17529,NaN
1043,0.91988,0.18617,3.7118
1043.2,0.92245,0.18821,3.7122
1043.4,0.9232,0.19037,3.7126
1043.7,0.9229,0.19125,3.713
1043.9,0.9256,0.19243,3.7135
1044,0.91981,0.18322,3.7141
1044.3,0.92184,0.18442,3.715
1044.4,0.92446,0.19383,3.7156
1044.6,0.91795,0.17664,3.7159
1044.9,0.91906,0.17723,3.7173
1045.1,0.92038,0.18394,NaN
1045.2,0.92218,0.18395,3.7184
1045.4,0.91761,0.16736,3.7192
1045.6,0.91733,0.16601,3.72
1045.8,0.9185,0.17654,3.7206
1046,0.9216,0.18082,3.724
1046.2,0.91551,0.16677,3.7266
1046.4,0.91382,0.16324,3.728
1046.7,0.91655,0.16355,3.7294
1046.8,0.91602,0.16454,3.7303
1047,0.9127,0.16358,3.7307
1047.4,0.9154,0.16552,3.733
1047.4,0.91741,0.1657,NaN
1047.6,0.91586,0.16602,3.7337
1047.9,0.91572,0.1712,3.7345
1048.1,0.91906,0.17501,3.7347
1048.3,0.91468,0.16168,3.7349
1048.5,0.91519,0.1633,3.735
1048.6,0.91659,0.17332,3.7352
1048.9,0.91873,0.17971,3.7353
1049.1,0.91737,0.16487,3.7354
1049.2,0.91717,0.16978,3.7355
1049.5,0.92068,0.18646,3.7359
1049.7,0.91881,0.17828,3.7363
1049.8,0.91997,0.17949,3.7364
1050.1,0.92265,0.19088,3.7371
1050.2,0.92727,0.20735,3.7376
1050.4,0.92291,0.18511,3.7378
1050.7,0.91963,0.18172,3.7387
1050.8,0.92141,0.19354,3.7393
1051.2,0.91875,0.1735,3.7404
1051.3,0.91741,0.17028,3.7411
1051.4,0.91609,0.17242,3.7415
1051.7,0.92232,0.19104,3.7422
1051.9,0.91792,0.17578,3.743
1052,0.91545,0.16568,3.7438
1052.2,0.91857,0.17104,3.7446
1052.4,0.92528,0.19268,3.7453
1052.6,0.91505,0.16669,3.7466
1052.9,0.91185,0.15769,3.7507
1053,0.91369,0.15741,3.7525
1053.3,0.91895,0.1811,3.7544
1053.5,0.91682,0.1708,3.7551
1053.6,0.91292,0.15975,3.7557
1053.9,0.91256,0.15931,3.7564
1054,0.91439,0.15924,3.757
1054.3,0.91423,0.15915,3.7577
1054.5,0.91377,0.15994,3.7581
1054.6,0.91384,0.16168,3.7586
1054.9,0.91666,0.16524,3.7595
1055,0.91429,0.16576,3.7612
1055.2,0.91645,0.16875,3.762
1055.6,0.91443,0.16018,3.7631
1055.6,0.91244,0.15572,3.7636
1055.9,0.91579,0.16533,3.7637
1056.1,0.92094,0.17596,3.7641
1056.2,0.91663,0.16817,3.7644
1056.5,0.91715,0.16881,3.7646
1056.7,0.92047,0.18101,3.7648
1056.9,0.92108,0.18427,3.7651
1057,0.91607,0.17086,3.7654
1057.2,0.91916,0.17996,3.7657
1057.4,0.9206,0.19025,3.7661
1057.6,0.92513,0.19936,3.7666
1057.9,0.91802,0.17459,3.7671
1058,0.91734,0.17265,3.7677
1058.4,0.9193,0.18061,3.7689
1058.5,0.91753,0.17367,NaN
1058.6,0.91478,0.16482,3.7696
1058.9,0.91807,0.1751,3.7707
1059,0.92055,0.18558,3.7718
1059.2,0.91468,0.16471,3.7728
1059.5,0.91239,0.16039,3.7771
1059.6,0.91578,0.16831,3.7785
1060,0.91665,0.16639,3.78
1060,0.9158,0.16248,3.7809
1060.2,0.91354,0.16017,3.7813
1060.5,0.91297,0.16144,3.7833
1060.7,0.91702,0.17355,3.7846
1060.8,0.91687,0.17077,3.7852
1061.1,0.91693,0.15655,3.7861
1061.3,0.91219,0.15451,3.787
1061.5,0.9103,0.15223,3.7882
1061.6,0.91287,0.15264,3.7888
1061.8,0.91129,0.15144,3.7893
1062.1,0.91277,0.15148,3.7904
1062.2,0.91255,0.14959,3.7908
1062.4,0.91122,0.15083,3.7911
1062.7,0.91144,0.15274,3.7913
1062.9,0.91201,0.15807,3.7914
1063.1,0.91559,0.1686,3.7916
1063.2,0.91744,0.16969,3.7917
1063.5,0.9154,0.16442,3.7917
1063.7,0.91374,0.16012,3.7918
1063.9,0.91553,0.16539,3.7918
1064.2,0.91726,0.16737,3.792
1064.2,0.91911,0.16626,NaN
1064.4,0.91392,0.16175,3.7923
1064.6,0.91543,0.16872,3.7925
1064.8,0.91544,0.17478,3.793
1065,0.91952,0.17563,3.7932
1065.5,0.91667,0.17283,3.7943
1065.5,0.91751,0.17499,NaN
1065.7,0.9189,0.17517,3.7948
1065.9,0.91911,0.17928,3.7953
1066,0.9199,0.18012,3.7959
1066.2,0.92021,0.18492,3.7964
1066.6,0.91918,0.17525,3.7981
1066.7,0.91653,0.17406,3.8006
1066.8,0.91779,0.17171,3.8013
1067.1,0.91829,0.17485,3.8022
1067.3,0.91688,0.1697,3.8033
1067.4,0.91616,0.16642,3.8037
1067.6,0.91669,0.16793,3.8039
1067.9,0.91758,0.17637,3.8047
1068,0.91831,0.17452,NaN
1068.2,0.91786,0.17169,3.8054
1068.5,0.91771,0.16953,3.8058
1068.6,0.91668,0.16986,3.8062
1069,0.91539,0.16618,3.8069
1069,0.91324,0.16408,3.8074
1069.2,0.91519,0.16358,3.8076
1069.5,0.91615,0.16472,3.8084
1069.6,0.91499,0.16288,3.8089
1069.8,0.91365,0.16356,3.8091
1070,0.91441,0.1656,3.8099
1070.2,0.91642,0.17083,3.811
1070.6,0.91612,0.16728,3.8133
1070.7,0.91739,0.16749,NaN
1070.8,0.91969,0.1796,3.8141
1071,0.91884,0.17796,3.8144
1071.2,0.91955,0.1848,3.8147
1071.4,0.92184,0.19135,3.8149
1071.7,0.92088,0.17761,3.8152
1071.8,0.91943,0.17925,3.8155
1072,0.92153,0.19015,3.8159
1072.3,0.92622,0.20296,3.8165
1072.5,0.92254,0.18813,3.817
1072.6,0.92229,0.18481,3.8172
1072.9,0.92216,0.18801,3.8178
1073,0.92169,0.19238,3.8184
1073.2,0.91502,0.16777,3.819
1073.5,0.91504,0.16865,3.8197
1073.6,0.92063,0.18822,3.8208
1073.9,0.91829,0.17548,3.8215
1074.1,0.916,0.16756,3.8227
1074.2,0.91885,0.1745,3.826
1074.5,0.91922,0.18481,3.828
1074.6,0.91587,0.16779,NaN
1074.8,0.91592,0.16682,3.8305
1075.1,0.91866,0.17413,3.8313
1075.2,0.92139,0.18292,3.8318
1075.4,0.91946,0.17311,3.8321
1075.6,0.91132,0.15563,3.8327
1075.8,0.91171,0.15421,3.8333
1076.2,0.91193,0.15398,3.8344
1076.2,0.91272,0.15467,NaN
1076.4,0.91212,0.15473,3.8355
1076.8,0.91249,0.15944,3.8387
1076.8,0.91485,0.16559,NaN
1077.1,0.91375,0.1602,3.8403
1077.3,0.915,0.16458,3.8407
1077.5,0.91581,0.16989,3.8414
1077.8,0.91273,0.15189,3.8422
1077.8,0.91011,0.15217,NaN
1078,0.91528,0.1636,3.8425
1078.2,0.91599,0.17274,3.8427
1078.4,0.9182,0.17044,3.8428
1078.7,0.92234,0.18265,3.8429
1079,0.91769,0.17796,3.8432
1079.1,0.91924,0.1784,3.8435
1079.3,0.92182,0.18915,3.8436
1079.5,0.92652,0.20605,3.8442
1079.6,0.9259,0.20401,3.8446
1079.9,0.92315,0.18807,3.8452
1080,0.92105,0.19163,3.8457
1080.2,0.92721,0.19974,3.8464
1080.5,0.91609,0.16613,3.8474
1080.6,0.91511,0.16452,NaN
1080.9,0.91807,0.17716,3.8511
1081.1,0.92343,0.18998,3.8532
1081.2,0.91515,0.16122,3.8546
1081.4,0.91566,0.16571,3.8557
1081.7,0.92058,0.18745,3.8565
1081.9,0.9213,0.18784,3.8574
1082,0.91672,0.16913,3.8584
1082.3,0.91412,0.16669,3.8608
1082.5,0.91648,0.17228,3.8619
1082.7,0.92207,0.18758,3.8629
1082.9,0.91566,0.16549,3.8637
1083,0.9136,0.15867,3.8648
1083.2,0.91407,0.15764,3.8655
1083.5,0.91072,0.1552,3.8658
1083.6,0.9112,0.15564,3.8661
1084,0.91448,0.15877,3.8665
1084.1,0.91249,0.15964,3.8669
1084.2,0.91554,0.1636,3.8671
1084.5,0.91527,0.1623,3.8675
1084.7,0.91647,0.16922,3.868
1084.8,0.91597,0.16575,3.8683
1085.1,0.91144,0.1476,3.8686
1085.3,0.90962,0.14635,3.869
1085.5,0.91419,0.16006,3.8693
1085.7,0.91665,0.16662,3.8697
1085.8,0.91409,0.16697,NaN
1086,0.91729,0.17258,3.8704
1086.4,0.92076,0.17907,3.8709
1086.4,0.91914,0.17856,3.8713
1086.6,0.92049,0.18311,3.8716
1086.9,0.92531,0.19821,3.8723
1087,0.92562,0.20133,3.8729
1087.2,0.92177,0.18314,3.8735
1087.4,0.92087,0.18035,3.8762
1087.6,0.91939,0.17892,3.878
1088.1,0.91858,0.17327,3.88
1088.1,0.9188,0.17158,NaN
1088.2,0.91416,0.16528,3.8806
1088.4,0.91325,0.15818,3.8808
1088.7,0.91876,0.17412,3.8816
1088.8,0.91746,0.17509,3.8821
1089.2,0.91033,0.15501,3.8828
1089.2,0.91214,0.1525,NaN
1089.4,0.91059,0.15133,3.8835
1089.7,0.91411,0.15947,3.8839
1089.9,0.91672,0.17014,3.8844
1090,0.91791,0.16807,3.8849
1090.2,0.91442,0.16244,3.8855
1090.5,0.91302,0.15729,3.8885
1090.6,0.91311,0.15749,3.89
1090.9,0.91399,0.15892,3.8906
1091.1,0.91483,0.15935,3.8916
1091.2,0.91495,0.15906,3.8921
1091.4,0.91635,0.15955,3.8925
1091.7,0.91397,0.1575,3.8928
1091.8,0.91487,0.15636,3.8931
1092.2,0.9163,0.16613,3.8935
1092.2,0.91753,0.17026,3.8936
1092.4,0.91608,0.17565,3.8936
1092.7,0.92153,0.17817,3.8937
1092.8,0.92001,0.17828,3.8938
1093,0.91933,0.18026,3.8939
1093.2,0.91973,0.17962,3.894
1093.4,0.91836,0.17317,3.894
1093.8,0.91824,0.17912,3.8942
1093.8,0.91925,0.18019,NaN
1094.1,0.92246,0.18882,3.8946
1094.3,0.92311,0.19649,3.895
1094.4,0.92227,0.1879,3.8954
1094.6,0.92298,0.1845,3.8959
1094.9,0.92419,0.19293,3.8964
1095,0.92601,0.19807,3.897
1095.3,0.91855,0.17475,3.8976
1095.5,0.91679,0.17023,3.8995
1095.6,0.92027,0.17787,3.9026
1095.9,0.91928,0.17847,3.9035
1096,0.91734,0.16514,3.9048
1096.2,0.91674,0.17132,3.9058
1096.6,0.92117,0.18438,3.9081
1096.7,0.91822,0.16965,NaN
1096.8,0.91583,0.16747,3.9098
1097.1,0.91658,0.16926,3.9109
1097.2,0.91792,0.18056,3.912
1097.4,0.91687,0.1759,3.9129
1097.7,0.91656,0.16472,3.9139
1097.8,0.91575,0.16459,3.9147
1098,0.91497,0.16406,3.9151
1098.2,0.91742,0.1633,3.9153
1098.5,0.91568,0.16434,3.9156
1098.6,0.91664,0.16725,3.9159
1098.8,0.91891,0.17524,3.9163
1099,0.91803,0.17032,3.9167
1099.4,0.9165,0.17012,3.9174
1099.4,0.91696,0.16818,NaN
1099.6,0.91056,0.14947,3.9177
1099.9,0.91087,0.15317,3.9184
1100,0.9132,0.15887,NaN
1100.2,0.91681,0.17157,3.9189
1100.5,0.9167,0.1677,3.9193
1100.6,0.91909,0.17535,3.9197
1100.8,0.92153,0.18899,3.9201
1101,0.92328,0.18583,3.9205
1101.2,0.92517,0.19817,3.921
1101.5,0.92901,0.2089,3.9215
1101.7,0.92701,0.20333,3.922
1101.8,0.92058,0.18702,3.9225
1102.2,0.92415,0.19628,3.9242
1102.3,0.92571,0.19702,NaN
1102.5,0.92191,0.18565,3.9271
1102.7,0.91523,0.16995,3.93
1102.9,0.91657,0.17071,3.9313
1103,0.92174,0.18445,3.9321
1103.4,0.91648,0.16273,3.933
1103.4,0.91495,0.1608,NaN
1103.6,0.91732,0.17116,3.9339
1103.9,0.9186,0.17423,3.9348
1104,0.9184,0.17261,3.9353
1104.2,0.91885,0.17335,3.9355
1104.5,0.92031,0.18038,3.936
1104.6,0.92209,0.18747,3.9369
1104.9,0.91416,0.16659,3.9398
1105,0.91639,0.16425,3.9417
1105.3,0.91584,0.1628,3.9422
1105.5,0.9137,0.16222,3.9439
1105.6,0.9149,0.16396,3.9448
1105.9,0.91565,0.1696,3.9457
1106.1,0.91606,0.17231,3.9467
1106.2,0.91716,0.16992,3.9471
1106.5,0.91723,0.17019,3.948
1106.7,0.91738,0.17094,3.9484
1106.8,0.91275,0.15779,3.9488
1107,0.90978,0.14472,3.9492
1107.2,0.91016,0.15504,3.9495
1107.4,0.91537,0.16867,3.9496
1107.8,0.91258,0.15525,3.9498
1107.8,0.91429,0.1559,3.9499
1108,0.91572,0.16773,3.9499
1108.2,0.92137,0.18211,3.9501
1108.4,0.92097,0.18092,3.9503
1108.7,0.9245,0.19397,3.9508
1109,0.92687,0.20113,3.9515
1109.1,0.91977,0.18695,3.9519
1109.2,0.92064,0.18072,3.9522
1109.4,0.92105,0.1859,3.9528
1109.6,0.92255,0.18977,3.9534
1109.8,0.91678,0.16867,3.9541
1110.2,0.91569,0.16601,3.9555
1110.3,0.91774,0.16883,NaN
1110.4,0.92035,0.18457,3.9563
1110.8,0.90986,0.15194,3.9575
1110.9,0.91198,0.15171,NaN
1111,0.91349,0.16062,3.9589
1111.2,0.91945,0.17889,3.9593
1111.5,0.91353,0.16047,3.9605
1111.6,0.91358,0.16191,3.9614
1111.8,0.91398,0.16299,3.9623
1112.1,0.91827,0.17688,3.9675
1112.2,0.91719,0.17053,3.9688
1112.4,0.91779,0.16768,3.97
1112.6,0.91825,0.16603,3.9707
1112.9,0.91726,0.16719,3.9713
1113.2,0.9181,0.16564,3.972
1113.3,0.91823,0.16624,3.9726
1113.5,0.91458,0.1652,3.9729
1113.7,0.9153,0.16462,3.9734
1113.8,0.91489,0.16527,3.9737
1114,0.91645,0.16511,3.9738
1114.3,0.91465,0.16299,3.9742
1114.4,0.91511,0.16609,3.9744
1114.7,0.91664,0.17414,3.9747
1114.8,0.91896,0.17518,3.9751
1115,0.91196,0.15748,3.9756
1115.4,0.91485,0.16211,3.9762
1115.4,0.91355,0.16043,NaN
1115.6,0.91846,0.17518,3.9764
1116,0.91588,0.1643,3.9768
1116.1,0.91565,0.16196,3.9771
1116.2,0.91137,0.15712,3.9773
1116.4,0.91422,0.16664,3.9776
1116.6,0.91528,0.1703,3.978
1116.8,0.91791,0.17828,3.9784
1117.2,0.91729,0.1774,3.9793
1117.3,0.9179,0.17503,3.9798
1117.4,0.92052,0.17749,3.98
1117.8,0.91994,0.18431,3.9807
1117.9,0.9188,0.17935,3.9812
1118,0.92033,0.17894,3.9815
1118.3,0.91815,0.179,3.9821
1118.5,0.91785,0.17133,3.9827
1118.6,0.91921,0.17605,3.9833
1119,0.91903,0.17561,3.9846
1119,0.91841,0.17514,NaN
1119.2,0.91911,0.1748,3.9852
1119.6,0.91694,0.17372,3.9867
1119.6,0.91818,0.17081,NaN
1119.8,0.91743,0.17031,3.9904
1120.1,0.91719,0.17004,3.9924
1120.2,0.91787,0.16973,3.9938
1120.4,0.91788,0.16924,3.9942
1120.7,0.917,0.17022,3.995
1120.8,0.91788,0.17283,3.9955
1121.2,0.91549,0.16975,3.9961
1121.2,0.91724,0.17072,3.9966
1121.5,0.91742,0.17403,3.9967
1121.7,0.91422,0.15825,3.9971
1121.8,0.91328,0.15973,3.9974
1122.1,0.91616,0.17017,3.9975
1122.3,0.9167,0.17128,3.9978
1122.4,0.91515,0.16385,3.998
1122.6,0.91551,0.1652,3.9983
1122.9,0.91936,0.18366,3.9988
1123.1,0.92247,0.17803,3.9993
1123.4,0.92305,0.1945,4.0003
1123.4,0.92392,0.19779,NaN
1123.6,0.92459,0.20069,4.0034
1124,0.92161,0.19138,4.0052
1124,0.92438,0.19532,4.0063
1124.2,0.92561,0.20282,4.0066
1124.5,0.91831,0.17425,4.0073
1124.6,0.91633,0.16997,4.0078
1124.8,0.91919,0.17536,4.0081
1125.2,0.92003,0.17978,4.0089
1125.3,0.91651,0.16935,NaN
1125.5,0.91408,0.16555,4.0097
1125.6,0.91795,0.17655,4.0103
1125.9,0.91796,0.17271,4.0111
1126,0.9157,0.16364,4.0117
1126.2,0.91495,0.16343,4.0128
1126.6,0.92115,0.18644,4.0167
1126.6,0.92113,0.18605,4.0182
1126.8,0.91819,0.16948,4.0189
1127.2,0.91256,0.16322,4.0203
1127.2,0.91328,0.16281,4.0208
1127.5,0.91465,0.16242,4.021
1127.8,0.91231,0.15952,4.0221
1127.8,0.91235,0.16169,NaN
1128,0.91362,0.16144,4.0226
1128.3,0.91475,0.16401,4.0233
1128.4,0.91562,0.16552,4.0236
1128.7,0.91692,0.17159,4.024
1128.9,0.9155,0.15987,4.0243
1129,0.91262,0.1545,4.0247
1129.3,0.9178,0.16717,4.025
1129.5,0.91797,0.17485,4.0258
1129.6,0.91345,0.16303,4.0266
1129.8,0.91422,0.16265,4.0276
1130.1,0.9201,0.17966,4.0292
1130.2,0.92049,0.18589,4.03
1130.4,0.92064,0.18329,4.0305
1130.8,0.92516,0.2053,4.0323
1130.8,0.92646,0.20987,NaN
1131,0.9223,0.19325,4.0331
1131.3,0.92056,0.18505,4.0343
1131.4,0.92205,0.19651,4.035
1131.7,0.92541,0.198,4.0365
1131.9,0.91858,0.17377,4.0375
1132.1,0.91467,0.17096,4.0383
1132.2,0.91791,0.18325,4.0389
1132.5,0.92118,0.18875,4.04
1132.7,0.9172,0.16758,4.0417
1132.9,0.91501,0.16841,4.0427
1133,0.9195,0.18537,4.0431
1133.4,0.91268,0.16371,4.0447
1133.4,0.91504,0.16295,4.0453
1133.6,0.91452,0.16318,4.046
1133.9,0.91912,0.17612,4.0466
1134,0.9222,0.18241,4.047
1134.2,0.91724,0.17029,4.0474
1134.6,0.9165,0.16692,4.048
1134.7,0.91666,0.16567,NaN
1134.8,0.91555,0.16625,4.0487
1135,0.91514,0.16615,4.0492
1135.3,0.91687,0.16621,4.0497
1135.4,0.91815,0.16606,4.0502
1135.6,0.91617,0.16386,4.051
1135.9,0.9172,0.16694,4.0529
1136.1,0.91716,0.17511,4.0542
1136.2,0.91893,0.17408,4.0547
1136.5,0.91339,0.15947,4.0553
1136.6,0.91587,0.1651,4.0558
1136.8,0.91965,0.18271,4.056
1137.1,0.91302,0.16378,4.0564
1137.2,0.91473,0.16194,4.0566
1137.4,0.91533,0.16202,4.0567
1137.6,0.91949,0.1808,4.057
1137.9,0.91932,0.17355,4.0572
1138,0.919,0.17055,4.0576
1138.2,0.91744,0.17052,4.058
1138.5,0.92098,0.18738,4.0586
1138.7,0.92117,0.18729,4.0591
1138.8,0.91963,0.18297,4.0594
1139.1,0.91742,0.17252,4.0599
1139.2,0.91862,0.17488,4.0608
1139.4,0.91849,0.17952,4.0611
1139.7,0.9178,0.17381,4.062
1139.9,0.91512,0.16372,4.0626
1140,0.91369,0.1662,4.0628
1140.3,0.91899,0.17541,4.0646
1140.4,0.91928,0.17569,4.0674
1140.6,0.91728,0.16459,4.0689
1141,0.91524,0.1628,4.0702
1141,0.91454,0.16249,NaN
1141.2,0.91484,0.16683,4.071
1141.6,0.91705,0.16613,4.0716
1141.6,0.91556,0.16313,4.072
1141.8,0.91233,0.16281,4.0722
1142,0.91474,0.16288,4.0727
1142.2,0.91632,0.16183,4.073
1142.4,0.91396,0.16297,4.0734
1142.8,0.91521,0.164,4.0741
1142.8,0.91516,0.16389,NaN
1143.1,0.91548,0.16248,4.0746
1143.4,0.91638,0.165,4.0751
1143.4,0.91637,0.16534,NaN
1143.6,0.91829,0.17342,4.0755
1143.9,0.91996,0.17718,4.076
1144,0.91949,0.17998,4.0765
1144.2,0.92237,0.18381,4.0767
1144.6,0.91977,0.17985,4.0774
1144.6,0.92261,0.18211,4.0784
1144.8,0.91818,0.17919,4.0789
1145,0.92283,0.19063,4.0798
1145.3,0.92144,0.19014,4.0806
1145.4,0.92547,0.19843,4.0815
1145.7,0.92645,0.20435,4.0825
1145.9,0.92075,0.18599,4.0836
1146,0.92164,0.18813,4.084
1146.2,0.92279,0.1962,4.0843
1146.6,0.91669,0.17112,4.0849
1146.7,0.91611,0.16972,4.0853
1146.8,0.91979,0.17499,4.0856
1147,0.9233,0.19406,4.0861
1147.3,0.91682,0.1713,4.0866
1147.4,0.91603,0.16598,4.0872
1147.6,0.91903,0.17791,4.0877
1147.9,0.91945,0.17732,4.0891
1148,0.91625,0.16756,4.0919
1148.2,0.91396,0.16513,4.093
1148.6,0.91968,0.1798,4.0958
1148.6,0.92199,0.18503,NaN
1148.8,0.91608,0.16626,4.0969
1149.2,0.91362,0.15746,4.0991
1149.2,0.91155,0.1576,NaN
1149.5,0.91324,0.15883,4.1001
1149.7,0.91327,0.15952,4.1006
1149.9,0.91368,0.16088,4.101
1150,0.91376,0.16257,4.1015
1150.3,0.91333,0.16319,4.1024
1150.4,0.91406,0.16472,4.1035
1150.7,0.91524,0.16891,4.1043
1150.9,0.91608,0.17147,4.1047
1151,0.91266,0.15675,4.1052
1151.3,0.91764,0.17376,4.1055
1151.4,0.91812,0.17881,4.1057
1151.6,0.91524,0.16928,4.1058
1151.8,0.91719,0.17333,4.106
1152.1,0.91993,0.18633,4.1062
1152.2,0.92185,0.18872,4.1064
1152.6,0.91711,0.17855,4.1069
1152.6,0.92044,0.18266,NaN
1152.9,0.92452,0.19621,4.1075
1153.1,0.91976,0.18332,4.1082
1153.3,0.92067,0.17908,4.1087
1153.4,0.92072,0.17913,4.109
1153.7,0.92399,0.19319,4.1099
1153.8,0.9161,0.17006,4.1106
1154,0.91609,0.16774,4.111
1154.3,0.9192,0.1869,4.112
1154.4,0.92158,0.18884,4.1128
1154.7,0.91647,0.17089,4.114
1154.9,0.91864,0.17407,4.1169
1155,0.92144,0.18983,4.1193
1155.2,0.91713,0.17522,4.1208
1155.4,0.91615,0.16963,4.1219
1155.6,0.91808,0.16829,4.1227
1155.9,0.91897,0.18074,4.1237
1156.1,0.91603,0.16828,4.1259
1156.2,0.91529,0.16529,4.1271
1156.5,0.91362,0.16104,4.1276
1156.7,0.91317,0.16124,4.1286
1156.8,0.91457,0.16195,4.1294
1157,0.91659,0.1638,4.1304
1157.3,0.91532,0.16819,4.1311
1157.4,0.91709,0.16965,4.1314
1157.6,0.91499,0.16845,4.1318
1157.9,0.91774,0.1709,4.1321
1158,0.91855,0.17496,4.1323
1158.3,0.91267,0.16343,4.1326
1158.4,0.91137,0.15116,4.1328
1158.6,0.91563,0.16494,4.1331
1158.9,0.91558,0.17295,4.1333
1159.1,0.91591,0.16972,4.1336
1159.2,0.91985,0.17964,4.1339
1159.4,0.92284,0.1876,4.134
1159.7,0.91622,0.16735,4.1346
1159.8,0.91607,0.16583,4.135
1160,0.91829,0.17674,4.1352
1160.3,0.9238,0.19409,4.136
1160.4,0.92184,0.18083,4.1365
1160.7,0.91969,0.1758,4.1371
1160.9,0.91917,0.17712,4.1378
1161,0.92062,0.18489,4.1384
1161.2,0.91414,0.16172,4.1396
1161.5,0.91325,0.15559,4.1424
1161.6,0.91466,0.15858,4.1445
1161.8,0.91916,0.17776,4.1458
1162.1,0.91508,0.16301,4.1469
1162.2,0.91499,0.16189,4.148
1162.7,0.91811,0.17659,4.1502
1162.7,0.91774,0.17322,4.1513
1162.8,0.91492,0.16527,4.1519
1163.1,0.91531,0.15985,4.1524
1163.3,0.91169,0.15519,4.1537
1163.5,0.91496,0.15787,4.1544
1163.6,0.91526,0.16601,4.1554
1163.9,0.91574,0.16565,4.1559
1164,0.91547,0.16624,4.1562
1164.3,0.91695,0.16529,4.1565
1164.6,0.91644,0.16673,4.1568
1164.6,0.9163,0.16678,4.1571
1164.8,0.91828,0.17032,4.1572
1165.1,0.91502,0.16383,4.1575
1165.2,0.916,0.16301,4.1578
1165.5,0.91747,0.1704,4.158
1165.8,0.9143,0.15609,4.1584
1165.8,0.91448,0.1572,NaN
1166,0.91409,0.15913,4.1586
1166.3,0.91812,0.17266,4.1589
1166.4,0.9175,0.1709,4.1591
1166.6,0.91809,0.16958,4.1593
1166.9,0.91269,0.15623,4.1595
1167.1,0.91238,0.16033,4.1597
1167.5,0.91214,0.16394,4.1602
1167.5,0.91243,0.16382,NaN
1167.6,0.91256,0.16408,4.1607
1168,0.91648,0.17146,4.1613
1168,0.91809,0.17275,NaN
1168.2,0.92115,0.18228,4.1618
1168.5,0.92408,0.18585,4.1625
1168.6,0.92247,0.18868,4.163
1168.8,0.91969,0.18022,4.1633
1169.3,0.91981,0.18221,4.1651
1169.3,0.91887,0.18022,NaN
1169.4,0.91999,0.17485,4.1662
1169.7,0.91963,0.1809,4.1692
1169.9,0.9229,0.19215,4.1706
1170,0.92022,0.17492,4.1717
1170.4,0.91901,0.17297,4.1734
1170.4,0.91857,0.17356,4.1746
1170.6,0.92126,0.18217,4.175
1170.9,0.91982,0.17132,4.1762
1171,0.91194,0.16101,4.1772
1171.2,0.91235,0.15907,4.1781
1171.6,0.91275,0.15859,4.1797
1171.7,0.91118,0.15912,NaN
1171.8,0.91149,0.15899,4.1808
1172,0.91386,0.16058,4.1811
1172.4,0.91403,0.16324,4.1819
1172.4,0.91602,0.16391,NaN
1172.7,0.91839,0.16916,4.1827
1173,0.91398,0.15828,4.1835
1173.1,0.91074,0.14829,4.1838
1173.2,0.9098,0.1468,4.184
1173.6,0.91826,0.17024,4.1844
1173.7,0.91482,0.16664,4.1849
1173.9,0.91658,0.17344,4.1851
1174.1,0.92231,0.19195,4.1859
1174.2,0.92278,0.18888,4.1866
1174.4,0.92095,0.18154,4.187
1174.7,0.92206,0.19266,4.1882
1174.8,0.92618,0.20358,4.189
1175,0.92345,0.19298,4.1895
1175.3,0.91955,0.18788,4.1909
1175.4,0.92142,0.18946,4.1921
1175.6,0.92346,0.19816,4.1927
1176.1,0.91394,0.15777,4.1947
1176.1,0.91411,0.16047,NaN
1176.2,0.91637,0.16893,4.196
1176.4,0.92164,0.18626,4.1965
1176.7,0.91742,0.16771,4.1973
1176.8,0.91691,0.16773,4.1988
1177,0.9198,0.18601,4.1993
1177.3,0.91745,0.17394,4.2004
1177.4,0.91704,0.16633,4.2008
1177.7,0.91652,0.16492,4.2012
1177.9,0.91888,0.17666,4.2017
1178,0.92022,0.18099,4.2021
1178.3,0.91561,0.16645,4.2026
1178.5,0.91447,0.15949,4.2037
1178.6,0.9125,0.15817,4.206
1178.9,0.91269,0.15673,4.2071
1179.1,0.91055,0.15626,4.208
1179.3,0.91244,0.15652,4.2086
1179.5,0.91324,0.16103,4.2092
1179.9,0.91417,0.16456,4.2103
1179.9,0.9153,0.16497,4.2111
1180,0.91454,0.16838,4.2115
1180.4,0.9079,0.14627,4.2122
1180.4,0.91009,0.14554,NaN
1180.6,0.91153,0.15367,4.2125
1181,0.9149,0.16738,4.2127
1181.1,0.91533,0.16901,NaN
1181.3,0.91972,0.17846,4.2129
1181.6,0.92158,0.18263,4.2131
1181.6,0.92186,0.17941,NaN
1181.8,0.92276,0.19095,4.2136
1182,0.92587,0.20185,4.2139
1182.3,0.92628,0.20544,4.2144
1182.4,0.92158,0.18491,4.2149
1182.7,0.92234,0.18554,4.2165
1182.9,0.92301,0.19043,4.2194
1183,0.92327,0.18981,4.2203
1183.4,0.9146,0.1607,4.2225
1183.5,0.91401,0.1608,NaN
1183.7,0.91984,0.17288,4.2234
1183.8,0.91778,0.17329,4.2239
1184,0.91221,0.15808,4.2245
1184.2,0.91698,0.1686,4.2251
1184.4,0.92153,0.18737,4.2256
1184.7,0.91678,0.16449,4.2261
1184.8,0.9138,0.16301,4.2266
1185,0.91366,0.16277,4.2272
1185.3,0.91676,0.17449,4.2278
1185.4,0.9181,0.17356,4.2289
1185.6,0.91436,0.16183,4.2323
1185.9,0.9146,0.1617,4.2343
1186,0.91308,0.1612,4.2353
1186.2,0.91425,0.15823,4.2358
1186.5,0.91386,0.15706,4.2371
1186.6,0.91343,0.15644,4.2379
1186.8,0.91415,0.16259,4.2382
1187.1,0.91319,0.15847,4.2387
1187.2,0.91369,0.15826,4.2389
1187.4,0.91669,0.16749,4.2391
1187.7,0.91521,0.16058,4.2392
1187.9,0.9145,0.15573,4.2394
1188,0.90833,0.14283,4.2395
1188.3,0.91276,0.15634,4.2398
1188.4,0.91267,0.15994,4.24
1188.7,0.91659,0.16291,4.2401
1189,0.91682,0.16274,4.2407
1189.1,0.91716,0.16749,NaN
1189.2,0.91733,0.17058,4.2412
1189.6,0.91861,0.17269,4.244
1189.6,0.91665,0.17116,NaN
1189.9,0.918,0.17726,4.2454
1190.1,0.91997,0.18084,4.2466
1190.2,0.92336,0.18496,4.2475
1190.5,0.92135,0.18206,4.2479
1190.8,0.91972,0.18342,4.2495
1190.8,0.92063,0.18251,NaN
1191,0.92129,0.1843,4.2503
1191.4,0.91757,0.17321,4.2512
1191.5,0.91465,0.17073,4.2516
1191.7,0.91724,0.17464,4.2518
1192,0.91526,0.16833,4.2536
1192,0.91713,0.16717,NaN
1192.2,0.916,0.16741,4.2543
1192.5,0.9169,0.16397,4.2547
1192.6,0.9169,0.16849,4.2549
1192.8,0.91748,0.17318,4.2551
1193,0.91556,0.16438,4.2554
1193.2,0.91528,0.16391,4.2557
1193.5,0.91577,0.16458,4.2561
1193.8,0.91398,0.16385,4.2566
1193.8,0.91523,0.1634,4.257
1194,0.91428,0.1616,4.2572
1194.4,0.91212,0.1578,4.258
1194.4,0.91176,0.15912,NaN
1194.6,0.91365,0.1598,4.2584
1195,0.91795,0.1715,4.2591
1195,0.91721,0.17144,NaN
1195.3,0.91752,0.16987,4.2594
1195.6,0.91756,0.16937,4.2602
1195.6,0.91889,0.17561,NaN
1195.8,0.91896,0.17335,4.2607
1196.2,0.91886,0.18108,4.2613
1196.2,0.92108,0.18629,4.2618
1196.4,0.92302,0.19174,4.262
1196.6,0.92632,0.20201,4.2625
1196.9,0.92744,0.21043,4.263
1197,0.9261,0.19906,4.2635
1197.2,0.91925,0.18771,4.2641
1197.5,0.92151,0.19377,4.2648
1197.6,0.92333,0.19812,4.2662
1198,0.91803,0.17053,4.2704
1198.1,0.91509,0.16903,NaN
1198.2,0.91865,0.17565,4.2727
1198.6,0.91573,0.16887,4.2744
1198.6,0.91558,0.16228,NaN
1198.9,0.91465,0.16367,4.276
1199.1,0.92166,0.19015,4.2772
1199.2,0.91857,0.17814,4.2783
1199.5,0.91809,0.17107,4.2794
1199.7,0.91706,0.17241,4.2808
1199.8,0.92015,0.182,4.2818
1200,0.92069,0.18122,4.2823
1200.3,0.91495,0.16474,4.2836
1200.4,0.91627,0.1621,4.2846
1200.6,0.9152,0.1621,4.285
1200.9,0.91441,0.16173,4.2861
1201,0.91566,0.16169,4.2869
1201.2,0.91647,0.16574,4.2877
1201.6,0.91606,0.16818,4.2886
1201.6,0.91532,0.16772,4.289
1201.8,0.91701,0.17135,4.2891
1202.2,0.91672,0.16431,4.2894
1202.3,0.91385,0.15642,4.2895
1202.4,0.91108,0.14539,4.2896
1202.7,0.91304,0.15984,4.2897
1202.8,0.91772,0.17093,4.2899
1203,0.91463,0.15889,4.29
1203.3,0.91704,0.16469,4.2904
1203.4,0.91651,0.17223,4.2907
1203.6,0.92021,0.18462,4.2908
1203.9,0.9203,0.18774,4.2914
1204.1,0.92469,0.19738,4.2924
1204.2,0.92651,0.20988,4.2947
1204.5,0.92304,0.19213,4.2959
1204.7,0.92424,0.19508,4.2971
1204.8,0.92769,0.20547,4.2978
1205,0.92455,0.19663,4.2982
1205.2,0.91937,0.17449,4.2986
1205.4,0.91556,0.17378,4.2992
1205.8,0.92028,0.18508,4.3003
1205.8,0.91928,0.1782,NaN
1206,0.91345,0.16414,4.3008
1206.2,0.91732,0.17462,4.3013
1206.4,0.92457,0.19472,4.3019
1206.6,0.91519,0.1634,4.3025
1206.9,0.91508,0.16314,4.3032
1207,0.91549,0.17069,4.3051
1207.3,0.92318,0.18709,4.3084
1207.4,0.91751,0.17509,4.3101
1207.7,0.91604,0.16444,4.3113
1207.8,0.91418,0.16405,4.3124
1208.1,0.91439,0.16273,4.3135
1208.3,0.91322,0.16238,4.3146
1208.4,0.91365,0.16315,4.3153
1208.7,0.91512,0.16626,4.3158
1209,0.91603,0.16997,4.3165
1209,0.9176,0.17023,NaN
1209.3,0.91552,0.17187,4.3168
1209.6,0.91235,0.15646,4.318
1209.6,0.91155,0.15255,NaN
1209.8,0.91136,0.15355,4.3185
1210.2,0.91731,0.17508,4.3196
1210.2,0.91442,0.17145,NaN
1210.4,0.91318,0.15589,4.3204
1210.8,0.91527,0.1649,4.3207
1210.8,0.91637,0.16967,NaN
1211,0.9183,0.17499,4.3209
1211.2,0.92004,0.1768,4.3212
1211.5,0.92275,0.18642,4.3216
1211.6,0.9235,0.19878,4.3222
1211.8,0.92176,0.1832,4.3224
1212.1,0.92196,0.18408,4.3229
1212.2,0.92163,0.18621,4.3234
1212.4,0.92182,0.18918,4.3239
1212.6,0.91564,0.16679,4.3245
1212.8,0.9146,0.16315,4.3255
1213,0.91494,0.16145,4.3262
1213.2,0.91934,0.17945,4.3269
1213.5,0.91466,0.16036,4.3276
1213.6,0.91542,0.15858,4.3284
1213.9,0.91402,0.16252,4.3301
1214,0.9193,0.17507,4.3336
1214.3,0.91872,0.17689,4.3345
1214.5,0.91675,0.16991,4.3357
1214.7,0.91316,0.15813,4.3368
1214.8,0.91077,0.1508,4.3378
1215,0.90955,0.14648,4.3387
1215.2,0.90922,0.14692,4.3396
1215.5,0.90933,0.14729,4.3404
1215.7,0.9099,0.14796,4.3409
1215.8,0.90953,0.14821,NaN
1216,0.91034,0.14634,4.3413
1216.4,0.90879,0.14597,4.3417
1216.5,0.90921,0.14717,4.3419
1216.6,0.91154,0.14695,4.342
1216.9,0.913,0.157,4.3422
1217,0.91475,0.16887,4.3425
1217.2,0.91929,0.17367,4.3428
1217.4,0.9167,0.17099,4.343
1217.6,0.91811,0.17409,4.3433
1217.9,0.9175,0.17482,4.3435
1218.2,0.91628,0.17021,4.3441
1218.2,0.9143,0.16841,NaN
1218.4,0.91833,0.17708,4.3448
1218.8,0.91736,0.17362,4.3461
1218.8,0.91551,0.1739,NaN
1219,0.92108,0.18889,4.3466
1219.3,0.92087,0.18585,4.3475
1219.4,0.92182,0.18594,4.3485
1219.6,0.921,0.18938,4.3494
1219.9,0.92293,0.18702,4.3501
1220,0.92108,0.18101,4.3505
1220.2,0.92034,0.18128,4.3509
1220.6,0.91719,0.1749,4.3517
1220.7,0.91635,0.17532,NaN
1220.8,0.91759,0.17201,4.3521
1221,0.9202,0.17949,4.3526
1221.2,0.92108,0.18448,4.3531
1221.5,0.91689,0.16703,4.3539
1221.7,0.91297,0.16568,4.3545
1221.9,0.91885,0.17838,4.3559
1222,0.91918,0.17981,4.3588
1222.2,0.91674,0.167,4.3603
1222.6,0.91405,0.16296,4.3622
1222.6,0.91461,0.16347,NaN
1222.8,0.91426,0.16223,4.3628
1223.1,0.91536,0.16186,4.3633
1223.2,0.91565,0.16195,4.3639
1223.4,0.91333,0.16294,4.3644
1223.6,0.91668,0.16408,4.3649
1223.8,0.91719,0.16911,4.3652
1224,0.91813,0.17352,4.3656
1224.2,0.91165,0.15958,4.3661
1224.5,0.91626,0.16408,4.3666
1224.6,0.91775,0.17139,NaN
1224.9,0.9185,0.17744,4.367
1225.1,0.91287,0.16013,4.3675
1225.2,0.91365,0.16353,4.3684
1225.4,0.9182,0.17712,4.3688
1225.7,0.91803,0.17463,4.3712
1225.8,0.91967,0.17907,4.3722
1226,0.92048,0.1881,4.3727
1226.3,0.92404,0.20489,4.3736
1226.4,0.92044,0.18796,4.3743
1226.7,0.91947,0.18331,4.3748
1227,0.92267,0.19409,4.3774
1227,0.92337,0.19152,NaN
1227.2,0.91712,0.17281,4.3789
1227.6,0.91909,0.17712,4.3799
1227.6,0.91792,0.18117,NaN
1227.8,0.91946,0.17903,4.381
1228.2,0.91571,0.16785,4.3836
1228.3,0.91606,0.1688,NaN
1228.5,0.91962,0.18703,4.3845
1228.8,0.91508,0.15882,4.3863
1228.8,0.91226,0.15773,NaN
1229,0.91311,0.15924,4.3873
1229.4,0.91754,0.17754,4.3892
1229.4,0.91718,0.17165,NaN
1229.6,0.91478,0.16439,4.3901
1230,0.91454,0.16282,4.3913
1230,0.9148,0.16343,NaN
1230.2,0.91395,0.16271,4.3918
1230.6,0.91469,0.16798,4.3923
1230.6,0.9142,0.167,NaN
1230.9,0.91625,0.17351,4.3929
1231.2,0.9157,0.17147,4.395
1231.2,0.91622,0.17192,NaN
1231.4,0.91594,0.1712,4.396
1231.6,0.91132,0.15449,4.3964
1231.8,0.9143,0.16422,4.3968
1232,0.91763,0.17283,4.397
1232.2,0.91618,0.16496,4.3972
1232.5,0.91755,0.16746,4.3975
1232.6,0.91727,0.17432,4.3977
1232.9,0.91948,0.18182,4.398
1233.2,0.91682,0.16898,4.3985
1233.2,0.91756,0.17353,NaN
1233.4,0.91933,0.18225,4.3991
1233.7,0.91836,0.18183,4.3998
1233.8,0.91684,0.17528,4.4003
1234.1,0.91666,0.17486,4.4006
1234.4,0.92193,0.18369,4.4015
1234.4,0.91787,0.17621,4.4022
1234.6,0.91622,0.16414,4.4026
1235,0.91798,0.17779,4.4036
1235,0.91942,0.18238,NaN
1235.3,0.91331,0.16393,4.4048
1235.6,0.91221,0.16062,4.4102
1235.6,0.91528,0.16417,NaN
1235.8,0.9201,0.18484,4.4117
1236.2,0.91126,0.15444,4.414
1236.2,0.9113,0.15605,NaN
1236.4,0.90962,0.15305,4.4153
1236.8,0.91693,0.17368,4.4171
1236.8,0.91492,0.16824,4.4184
1237,0.91225,0.15546,4.4189
1237.2,0.91091,0.15322,4.42
1237.5,0.91169,0.1526,4.4211
1237.6,0.91073,0.15188,4.4219
1237.9,0.91023,0.15103,4.4223
1238.1,0.90979,0.15275,4.4233
1238.2,0.91042,0.152,4.4238
1238.5,0.91002,0.15166,4.4243
1238.6,0.91028,0.15255,4.4245
1238.8,0.91232,0.15456,4.4247
1239.1,0.91433,0.16639,4.4248
1239.3,0.91398,0.16876,4.4249
1239.4,0.91559,0.16721,4.425
1239.6,0.9113,0.15419,4.425
1239.9,0.91354,0.16663,4.4251
1240,0.91324,0.16676,4.4252
1240.3,0.91505,0.1686,4.4252
1240.5,0.91396,0.16202,4.4253
1240.6,0.91264,0.16601,4.4256
1240.8,0.91545,0.16923,4.4259
1241,0.91972,0.17741,4.4262
1241.3,0.91575,0.17028,4.4268
1241.4,0.91484,0.16676,4.4273
1241.6,0.91472,0.16848,4.4275
1241.8,0.91856,0.16857,4.4282
1242,0.91593,0.1713,4.4288
1242.2,0.91607,0.177,4.4293
1242.4,0.91779,0.18307,4.4299
1242.7,0.91331,0.17133,4.4304
1243,0.91645,0.17221,4.4333
1243,0.91597,0.17215,NaN
1243.3,0.91669,0.17646,4.4355
1243.6,0.91404,0.16786,4.4371
1243.6,0.91359,0.16582,NaN
1243.9,0.91508,0.16924,4.4376
1244,0.91524,0.17021,4.4379
1244.2,0.91875,0.17785,4.4384
1244.5,0.91531,0.17379,4.4391
1244.6,0.91624,0.17455,4.4395
1244.9,0.91797,0.1742,4.44
1245,0.91641,0.17358,4.4404
1245.3,0.91638,0.17327,4.4408
1245.5,0.91574,0.17145,4.4413
1245.6,0.91352,0.16666,4.4418
1246,0.91604,0.16817,4.4425
1246,0.91488,0.16865,4.443
1246.3,0.91703,0.17108,4.4432
1246.6,0.91411,0.16843,4.4447
1246.7,0.91398,0.16868,NaN
1246.9,0.91925,0.17865,4.446
1247,0.91958,0.17758,4.4469
1247.2,0.92055,0.18346,4.4476
1247.4,0.92134,0.19132,4.4482
1247.7,0.92288,0.1859,4.4487
1247.8,0.91865,0.17728,4.4489
1248,0.92187,0.18595,4.4493
1248.3,0.92503,0.20101,4.4497
1248.5,0.9209,0.18511,4.4502
1248.6,0.91932,0.18227,4.4507
1248.9,0.91745,0.18581,4.4512
1249.1,0.92033,0.18593,4.4517
1249.2,0.91066,0.1631,4.4523
1249.5,0.91244,0.16549,4.453
1249.7,0.92171,0.18604,4.4536
1249.8,0.9199,0.18011,4.4543
1250,0.91647,0.16732,4.4551
1250.3,0.91817,0.17512,4.4568
1250.4,0.92118,0.18768,4.4605
1250.6,0.91381,0.16823,4.4623
1250.9,0.91572,0.1662,4.4637
1251,0.91378,0.16654,4.4646
1251.2,0.91668,0.17798,4.4655
1251.5,0.9147,0.16864,4.4664
1251.6,0.91158,0.15801,4.4681
1251.9,0.91032,0.15507,4.4693
1252,0.91118,0.15382,4.4702
1252.2,0.91004,0.15431,4.4707
1252.5,0.91254,0.1548,4.4711
1252.7,0.91174,0.15679,4.4716
1252.8,0.91332,0.16379,4.472
1253.1,0.91137,0.1594,4.4722
1253.3,0.91365,0.16293,4.4727
1253.4,0.91616,0.17097,4.473
1253.6,0.91284,0.16268,4.4733
1253.9,0.9084,0.15303,4.4736
1254,0.91261,0.16301,4.4739
1254.2,0.91625,0.17268,4.4742
1254.6,0.91791,0.177,4.4745
1254.6,0.92006,0.18196,4.4749
1254.9,0.92124,0.19062,4.475
1255,0.91512,0.17219,4.4754
1255.2,0.92021,0.18205,4.4758
1255.5,0.92053,0.19441,4.4763
1255.6,0.92208,0.20086,4.4768
1255.8,0.9196,0.18677,4.4774
1256.1,0.92148,0.18796,4.4784
1256.2,0.92218,0.19818,4.479
1256.5,0.91695,0.17469,4.4798
1256.6,0.91384,0.1685,4.4805
1256.8,0.91689,0.17589,4.4817
1257.1,0.92244,0.1902,4.4848
1257.2,0.91513,0.16668,4.487
1257.4,0.9148,0.16756,4.4885
1257.7,0.92263,0.18683,4.4895
1257.8,0.9203,0.19035,4.4908
1258,0.91398,0.16692,4.4913
1258.3,0.91492,0.1674,4.4936
1258.4,0.91635,0.17027,4.4949
1258.6,0.92023,0.18723,4.4954
1259,0.91133,0.15779,4.4973
1259,0.91084,0.1552,NaN
1259.3,0.91077,0.15373,4.4986
1259.5,0.91127,0.15399,4.4995
1259.6,0.91189,0.15367,4.5003
1259.9,0.9092,0.15501,4.5011
1260.1,0.91189,0.15632,4.5016
1260.2,0.91264,0.16206,4.5021
1260.5,0.91007,0.15806,4.5029
1260.7,0.91438,0.16738,4.5034
1260.9,0.91617,0.16768,4.5038
1261,0.91094,0.15666,4.504
1261.2,0.90908,0.14966,4.5041
1261.4,0.91369,0.16248,4.5043
1261.7,0.91499,0.16805,4.5044
1261.8,0.91405,0.16598,4.5045
1262,0.91685,0.17304,4.5047
1262.3,0.92134,0.18747,4.5049
1262.6,0.91865,0.17688,4.5055
1262.7,0.91887,0.17788,NaN
1262.8,0.92022,0.18444,4.5059
1263,0.92267,0.19714,4.5063
1263.3,0.91782,0.18169,4.5068
1263.4,0.92007,0.1797,4.5081
1263.6,0.91799,0.17709,4.511
1263.9,0.91989,0.18342,4.5123
1264,0.91979,0.17505,4.5133
1264.2,0.91364,0.16453,4.5139
1264.4,0.91178,0.15614,4.5145
1264.6,0.91294,0.16219,4.5149
1264.8,0.91672,0.17436,4.5152
1265.1,0.91495,0.16307,4.5162
1265.2,0.91155,0.15282,NaN
1265.5,0.90741,0.15064,4.5168
1265.6,0.91201,0.1561,4.5172
1265.9,0.91585,0.16595,4.5177
1266,0.91545,0.1704,4.5182
1266.2,0.91376,0.1615,4.5187
1266.5,0.91169,0.16102,4.5192
1266.6,0.91137,0.16101,4.5205
1266.9,0.91167,0.16153,4.5229
1267.1,0.91283,0.16137,4.5244
1267.3,0.91403,0.16229,4.5251
1267.4,0.91382,0.16088,4.5255
1267.7,0.91051,0.15848,4.5259
1267.8,0.91038,0.16085,4.5262
1268,0.91346,0.16335,4.5265
1268.2,0.91441,0.16483,4.5267
1268.4,0.91529,0.16828,4.5268
1268.6,0.91537,0.17177,4.5269
1268.9,0.91913,0.1773,4.527
1269,0.91791,0.17897,4.5271
1269.3,0.91831,0.17905,4.5271
1269.5,0.91798,0.17883,4.5273
1269.7,0.91893,0.18373,4.5275
1269.8,0.91842,0.18288,4.5276
1270,0.91982,0.18968,4.5278
1270.3,0.92431,0.19764,4.5282
1270.4,0.92282,0.19157,4.5286
1270.6,0.92094,0.18711,4.5291
1270.9,0.92204,0.19812,4.5296
1271,0.92304,0.19789,4.5302
1271.3,0.91663,0.17069,4.5308
1271.6,0.91524,0.17142,4.5318
1271.6,0.91809,0.17712,4.5334
1271.8,0.91913,0.18289,4.5354
1272.2,0.91488,0.16423,4.5388
1272.2,0.91531,0.16692,NaN
1272.4,0.92256,0.18835,4.5399
1272.7,0.91738,0.16776,4.5416
1272.8,0.91602,0.16628,4.5429
1273.1,0.9147,0.16581,4.544
1273.4,0.91837,0.18167,4.5457
1273.4,0.91882,0.17599,NaN
1273.6,0.91557,0.165,4.5471
1273.9,0.91364,0.16152,4.5479
1274,0.91399,0.16086,NaN
1274.3,0.91554,0.15974,4.5493
1274.4,0.9166,0.16084,4.5502
1274.6,0.91472,0.16629,4.551
1274.8,0.91425,0.17106,4.5516
1275,0.91491,0.16667,4.5522
1275.3,0.917,0.16819,4.5527
1275.5,0.91635,0.16694,4.5531
1275.6,0.91054,0.15313,4.5535
1275.9,0.90947,0.14698,4.5539
1276,0.91141,0.15719,4.554
1276.3,0.91716,0.16939,4.5542
1276.5,0.9131,0.16771,4.5542
1276.6,0.9169,0.17505,4.5543
1276.8,0.92048,0.18877,4.5545
1277.2,0.9214,0.18712,4.5549
1277.2,0.92284,0.19219,4.5553
1277.4,0.92708,0.20548,4.5555
1277.8,0.92067,0.18945,4.5561
1277.8,0.92098,0.18774,4.5567
1278,0.91932,0.18692,4.557
1278.4,0.92413,0.19431,4.5607
1278.5,0.91995,0.18623,NaN
1278.6,0.91492,0.16813,4.5626
1278.9,0.91403,0.16649,4.5639
1279,0.92079,0.18137,4.5651
1279.2,0.9136,0.16838,4.5656
1279.4,0.91096,0.15984,4.5662
1279.7,0.91744,0.17776,4.5668
1279.8,0.9221,0.18932,4.5674
1280.1,0.9149,0.16962,4.568
1280.3,0.91858,0.16967,4.5685
1280.4,0.9167,0.17492,4.569
1280.6,0.91809,0.18359,4.5695
1281,0.91494,0.1638,4.5715
1281,0.91317,0.1619,NaN
1281.3,0.91376,0.16157,4.5746
1281.6,0.91382,0.16277,4.5767
1281.6,0.91402,0.16394,4.5775
1281.9,0.91379,0.16829,4.5777
1282.2,0.91569,0.17299,4.5786
1282.2,0.91522,0.16946,NaN
1282.5,0.91562,0.16772,4.5793
1282.6,0.91598,0.16896,4.5798
1282.9,0.91364,0.15669,4.5801
1283,0.90908,0.14426,4.5804
1283.2,0.9078,0.15133,4.5807
1283.4,0.91314,0.16629,4.5809
1283.7,0.91252,0.15869,4.5812
1284,0.91459,0.1671,4.5819
1284,0.91587,0.17081,NaN
1284.2,0.91954,0.18132,4.5822
1284.4,0.91733,0.17999,4.5826
1284.7,0.92271,0.19322,4.584
1284.8,0.92444,0.20124,4.5864
1285,0.92144,0.19053,4.5877
1285.3,0.91626,0.17697,4.5889
1285.5,0.9192,0.17971,4.5897
1285.6,0.92224,0.18536,4.5908
1286,0.91326,0.1616,4.5931
1286.1,0.91486,0.1616,NaN
1286.2,0.91262,0.16152,4.5942
1286.4,0.91708,0.17838,4.5951
1286.6,0.91125,0.15722,4.596
1286.8,0.90989,0.15106,4.5967
1287,0.91059,0.15431,4.5977
1287.3,0.91819,0.17855,4.5986
1287.5,0.9136,0.16096,4.5997
1287.6,0.9123,0.16246,4.6006
1287.8,0.91355,0.16367,4.6016
1288,0.91562,0.1734,4.6026
1288.2,0.91809,0.17272,4.603
1288.5,0.91654,0.16717,4.6044
1288.7,0.91679,0.16749,4.6052
1289,0.91497,0.16743,4.6063
1289.1,0.91397,0.16772,NaN
1289.2,0.91563,0.1665,4.6067
1289.4,0.91219,0.16639,4.607
1289.6,0.91505,0.16433,4.6072
1289.8,0.91628,0.16596,4.6075
1290,0.91406,0.16665,4.6077
1290.2,0.91396,0.16164,4.6079
1290.5,0.91445,0.16326,4.6081
1290.6,0.91768,0.16998,4.6083
1290.9,0.9176,0.17393,4.6084
1291,0.91237,0.15867,4.6086
1291.2,0.90893,0.15495,4.609
1291.5,0.91087,0.1559,4.6094
1291.7,0.91497,0.16978,4.6098
1291.9,0.91561,0.16763,4.6107
1292.2,0.91435,0.15984,4.6118
1292.2,0.91217,0.15665,4.6126
1292.5,0.9124,0.1612,4.6127
1292.7,0.91544,0.16956,4.6139
1292.8,0.91667,0.17341,4.6146
1293.1,0.91959,0.18045,4.6149
1293.4,0.91786,0.17312,4.6155
1293.5,0.91743,0.1758,NaN
1293.6,0.91676,0.18197,4.6158
1293.9,0.91798,0.17918,4.6161
1294.1,0.91754,0.1811,4.6164
1294.2,0.91693,0.1754,4.6168
1294.4,0.91498,0.17003,4.6172
1294.7,0.91723,0.17584,4.6176
1294.8,0.91748,0.17447,4.618
1295,0.91627,0.17219,4.6185
1295.3,0.91694,0.1727,4.6191
1295.4,0.91479,0.17671,4.6197
1295.7,0.91576,0.17105,4.6203
1295.9,0.91548,0.16826,4.6215
1296,0.9162,0.16693,4.625
1296.2,0.9159,0.16906,4.626
1296.5,0.91439,0.16784,4.6277
1296.7,0.91508,0.16745,4.6283
1296.8,0.91609,0.1689,4.6293
1297.1,0.91485,0.167,4.6298
1297.3,0.91646,0.17035,4.6302
1297.5,0.91497,0.17228,4.6306
1297.6,0.9125,0.15699,4.6308
1298,0.91168,0.15933,4.6311
1298,0.91455,0.16159,NaN
1298.2,0.91755,0.17256,4.6311
1298.4,0.91312,0.16106,4.6313
1298.6,0.9111,0.16192,4.6316
1298.8,0.91631,0.1751,4.6318
1299.1,0.92039,0.17705,4.6322
1299.3,0.91854,0.18989,4.6327
1299.5,0.92261,0.19631,4.6332
1299.7,0.92308,0.20523,4.634
1299.9,0.92237,0.191,4.6364
1300,0.92331,0.19341,4.6383
1300.2,0.9232,0.20087,4.6396
1300.5,0.9154,0.17485,4.6406
1300.6,0.91806,0.16999,4.6419
1300.9,0.91685,0.17202,4.6428
1301.1,0.92159,0.18773,4.6444
1301.2,0.91381,0.17032,4.6456
1301.5,0.91266,0.16122,4.6461
1301.7,0.91839,0.18306,4.6474
1301.8,0.9208,0.18984,4.6485
1302,0.91296,0.16046,4.6489
1302.4,0.91592,0.16513,4.6502
1302.4,0.91291,0.16845,NaN
1302.6,0.9192,0.18305,4.6506
1303,0.91383,0.16291,4.6512
1303,0.91193,0.16192,4.6517
1303.2,0.9114,0.16174,4.6519
1303.6,0.91337,0.15997,4.6527
1303.6,0.91174,0.1594,4.6532
1303.8,0.91103,0.15889,4.6534
1304.2,0.91336,0.1656,4.6545
1304.3,0.91169,0.16323,NaN
1304.4,0.91554,0.16495,4.655
1304.8,0.91665,0.16809,4.656
1304.9,0.91427,0.1641,NaN
1305,0.91136,0.15287,4.6567
1305.4,0.91468,0.17541,4.6574
1305.4,0.91854,0.17762,NaN
1305.6,0.91429,0.16312,4.6581
1306,0.91236,0.16502,4.6588
1306,0.91599,0.16832,4.6598
1306.3,0.91834,0.18355,4.6605
1306.4,0.91909,0.18143,4.6625
1306.7,0.92215,0.19422,4.6643
1306.9,0.92296,0.20905,4.6652
1307,0.91968,0.1904,4.6655
1307.4,0.92001,0.18885,4.6671
1307.5,0.92258,0.19236,NaN
1307.6,0.92185,0.19528,4.669
1307.8,0.91517,0.17263,4.67
1308.1,0.91502,0.16646,4.6716
1308.2,0.91778,0.17801,4.6725
1308.4,0.92073,0.1878,4.6735
1308.7,0.91473,0.16513,4.6746
1308.9,0.91416,0.16243,4.6754
1309,0.91833,0.17746,4.6764
1309.2,0.91942,0.18081,4.6773
1309.5,0.91447,0.15972,4.6787
1309.6,0.91338,0.16211,4.6793
1309.8,0.91597,0.17507,4.6795
1310.2,0.91628,0.1705,4.6803
1310.2,0.9168,0.16742,NaN
1310.4,0.91361,0.16324,4.6807
1310.8,0.91481,0.16317,4.6816
1310.8,0.91318,0.16284,NaN
1311.1,0.91158,0.16086,4.6824
1311.4,0.91342,0.16215,4.6831
1311.4,0.91278,0.16084,NaN
1311.6,0.91223,0.16027,4.6838
1311.8,0.91187,0.16225,4.6842
1312.2,0.91619,0.17116,4.6872
1312.3,0.91443,0.16902,NaN
1312.4,0.91246,0.15634,4.6879
1312.7,0.91258,0.16151,4.6886
1312.9,0.91911,0.1772,4.689
1313,0.91382,0.16651,4.6893
1313.2,0.91046,0.15676,4.6895
1313.6,0.91474,0.16082,4.69
1313.6,0.91322,0.16706,NaN
1313.8,0.91614,0.17167,4.6902
1314.1,0.91498,0.17081,4.6907
1314.3,0.91674,0.17389,4.6913
1314.4,0.91925,0.18375,NaN
1314.6,0.91859,0.18418,4.692
1315,0.92059,0.18304,4.6927
1315,0.918,0.1762,4.6933
1315.3,0.91607,0.17144,4.6936
1315.6,0.91729,0.17765,4.6948
1315.6,0.91655,0.17643,NaN
1315.8,0.9162,0.1664,4.6954
1316.1,0.91576,0.16881,4.696
1316.3,0.91661,0.17306,4.6967
1316.4,0.91667,0.1733,4.6985
1316.7,0.91581,0.16945,4.7013
1316.9,0.91353,0.16426,4.7027
1317.1,0.91511,0.16462,4.7036
1317.2,0.91393,0.16605,4.7046
1317.4,0.91771,0.17258,4.7054
1317.8,0.91338,0.16316,4.7068
1317.8,0.91501,0.16396,NaN
1318.1,0.91303,0.16294,4.7073
1318.2,0.91474,0.16379,4.7076
1318.5,0.9163,0.16291,4.7079
1318.6,0.91556,0.16442,4.7082
1318.8,0.91396,0.16438,4.7084
1319,0.91369,0.16188,4.7086
1319.2,0.91429,0.16288,4.7089
1319.5,0.91451,0.16248,4.7091
1319.7,0.9169,0.1693,4.7094
1319.8,0.91462,0.17079,4.7095
1320,0.91663,0.17789,4.7096
1320.3,0.9183,0.17729,4.7097
1320.4,0.91729,0.17453,4.71
1320.6,0.92002,0.1817,4.7106
1320.9,0.91713,0.17939,4.7122
1321,0.92001,0.18179,4.7133
1321.3,0.92132,0.18371,4.7137
1321.5,0.92283,0.19534,4.7147
1321.7,0.92314,0.19755,4.7161
1321.8,0.92233,0.18897,4.717
1322,0.92049,0.18802,4.7175
1322.4,0.92109,0.19606,4.7195
1322.4,0.91903,0.18528,NaN
1322.6,0.91679,0.17246,4.7204
1323,0.91871,0.18427,4.7224
1323,0.91933,0.18995,NaN
1323.3,0.9153,0.16899,4.7235
1323.6,0.91572,0.17076,4.725
1323.6,0.91667,0.17412,NaN
1323.8,0.92294,0.19245,4.7264
1324,0.91338,0.16241,4.7275
1324.3,0.91176,0.15999,4.7283
1324.4,0.91291,0.16469,4.7293
1324.6,0.91849,0.18183,4.7301
1324.9,0.91574,0.16196,4.731
1325,0.9131,0.16146,4.732
1325.2,0.91214,0.1602,4.7328
1325.5,0.91086,0.15952,4.7343
1325.6,0.91441,0.16065,NaN
1325.9,0.91281,0.16292,4.7351
1326,0.91418,0.16676,4.7354
1326.3,0.91461,0.16631,4.7357
1326.4,0.91637,0.168,4.7361
1326.6,0.91696,0.17163,4.7364
1326.8,0.91526,0.17316,4.7367
1327,0.91386,0.15739,4.7369
1327.2,0.91568,0.1657,4.7372
1327.5,0.91815,0.177,4.7376
1327.6,0.91604,0.1673,4.7378
1327.8,0.91495,0.1657,4.738
1328.2,0.9185,0.18396,4.7387
1328.2,0.92183,0.18554,NaN
1328.4,0.91544,0.16993,4.739
1328.8,0.92094,0.18775,4.7399
1328.8,0.92212,0.19086,NaN
1329.1,0.9255,0.1992,4.7407
1329.4,0.91752,0.17909,4.7419
1329.5,0.91913,0.18013,NaN
1329.7,0.92187,0.19073,4.7426
1329.8,0.91802,0.1774,4.7432
1330.1,0.91607,0.17284,4.7439
1330.2,0.92056,0.18426,4.7451
1330.5,0.92124,0.19159,4.7455
1330.6,0.91473,0.16894,4.7462
1330.9,0.91706,0.1754,4.7479
1331,0.91987,0.1883,4.7519
1331.2,0.91777,0.17988,4.7529
1331.5,0.91612,0.1657,4.7555
1331.6,0.91396,0.16621,NaN
1331.8,0.9176,0.17929,4.7569
1332.1,0.91798,0.17003,4.7578
1332.2,0.91481,0.16268,4.7596
1332.4,0.91063,0.15814,4.7608
1332.8,0.91376,0.15886,4.7628
1332.9,0.91242,0.15835,NaN
1333,0.91392,0.16123,4.7636
1333.3,0.91421,0.16389,4.7644
1333.6,0.91481,0.17127,4.7653
1333.6,0.91498,0.16578,NaN
1333.8,0.91296,0.16774,4.7656
1334,0.91652,0.17365,4.766
1334.3,0.91204,0.15955,4.7663
1334.4,0.91099,0.15431,4.7665
1334.7,0.91476,0.1661,4.7667
1335,0.91431,0.16676,4.767
1335.1,0.9151,0.16796,4.7672
1335.2,0.91633,0.17274,4.7673
1335.4,0.91939,0.18484,4.7676
1335.7,0.91675,0.17353,4.7679
1335.8,0.91284,0.16539,4.7682
1336,0.91821,0.17648,4.7686
1336.3,0.92213,0.191,4.7691
1336.4,0.91977,0.18248,4.7696
1336.6,0.91598,0.17283,4.7701
1336.8,0.91533,0.17184,4.7707
1337,0.91945,0.18251,4.7714
1337.2,0.91293,0.16201,4.7721
1337.6,0.9119,0.15691,4.7761
1337.6,0.91216,0.15927,NaN
1337.9,0.91724,0.17812,4.7788
1338.1,0.91233,0.1583,4.7806
1338.2,0.9109,0.15849,4.7817
1338.4,0.91083,0.16001,4.7823
1338.8,0.91214,0.16373,4.7845
1338.9,0.91295,0.163,NaN
1339,0.91425,0.15672,4.7855
1339.5,0.91047,0.15506,4.7869
1339.5,0.91337,0.15705,NaN
1339.7,0.91525,0.16482,4.7874
1339.8,0.91316,0.16387,4.7878
1340.2,0.91306,0.1624,4.7883
1340.2,0.91456,0.16312,NaN
1340.5,0.91399,0.1635,4.7888
1340.8,0.91633,0.16893,4.7895
1340.9,0.9145,0.16854,NaN
1341,0.91383,0.1619,4.7898
1341.3,0.91471,0.15886,4.7902
1341.5,0.91501,0.16869,4.7906
1341.6,0.91466,0.16444,4.7909
1341.8,0.9117,0.1593,4.791
1342.1,0.90965,0.15385,4.7914
1342.2,0.91127,0.15596,4.7916
1342.5,0.91357,0.16675,4.7917
1342.8,0.91379,0.16262,4.792
1342.9,0.91489,0.16019,NaN
1343,0.91179,0.159,4.7924
1343.4,0.9164,0.16559,4.7928
1343.4,0.91364,0.16458,NaN
1343.6,0.91608,0.16555,4.7934
1343.9,0.91751,0.17101,4.7937
1344.1,0.92065,0.17548,4.7942
1344.3,0.92001,0.18222,4.7946
1344.4,0.91981,0.18154,4.7951
1344.7,0.92085,0.18727,4.7959
1344.8,0.92082,0.18255,4.7965
1345,0.91916,0.17812,4.7967
1345.3,0.91859,0.17981,4.7977
1345.5,0.91788,0.17477,4.7987
1345.7,0.91755,0.17765,4.8013
1345.9,0.92241,0.18808,4.8032
1346,0.9182,0.17525,4.8046
1346.2,0.91662,0.17408,4.8057
1346.6,0.9149,0.17478,4.8073
1346.6,0.91889,0.18045,4.8086
1346.8,0.91773,0.17251,4.809
1347.2,0.91433,0.161,4.8102
1347.2,0.91517,0.15942,NaN
1347.4,0.91254,0.15866,4.8106
1347.6,0.91146,0.15898,4.811
1347.9,0.91278,0.16041,4.8123
1348,0.91422,0.1621,4.8139
1348.2,0.91378,0.16542,4.8144
1348.6,0.91573,0.1643,4.8155
1348.6,0.91472,0.16744,NaN
1348.9,0.91786,0.16881,4.816
1349.2,0.90827,0.14823,4.8163
1349.2,0.90863,0.14831,NaN
1349.5,0.91537,0.16785,4.8166
1349.6,0.91615,0.16797,4.8168
1350,0.92071,0.18617,4.817
1350.1,0.92214,0.18831,NaN
1350.2,0.92186,0.18991,4.8172
1350.4,0.91646,0.17565,4.8175
1350.7,0.9201,0.18815,4.8181
1350.8,0.92316,0.19643,4.8185
1351,0.92369,0.1938,4.8188
1351.4,0.92242,0.18565,4.8199
1351.4,0.92021,0.18681,NaN
1351.7,0.92247,0.19599,4.8209
1352,0.91365,0.16032,4.822
1352,0.91518,0.15932,NaN
1352.3,0.91621,0.17076,4.8231
1352.4,0.92046,0.18779,4.8248
1352.6,0.91391,0.16448,4.8283
1352.8,0.91537,0.16521,4.8299
1353,0.92018,0.18273,4.8312
1353.4,0.91482,0.16425,4.8325
1353.4,0.91503,0.16311,4.8334
1353.6,0.91324,0.16294,4.8339
1354,0.91831,0.18251,4.837
1354,0.92033,0.18107,NaN
1354.2,0.91384,0.16267,4.8379
1354.6,0.9115,0.15273,4.8397
1354.6,0.91078,0.15272,NaN
1354.8,0.90979,0.1502,4.8409
1355.2,0.91005,0.15125,4.8421
1355.2,0.90984,0.15217,NaN
1355.5,0.91251,0.15516,4.8432
1355.8,0.9124,0.15845,4.8436
1355.8,0.91299,0.15926,4.8438
1356,0.91448,0.16572,4.8439
1356.5,0.90862,0.14552,4.8442
1356.5,0.90825,0.14638,NaN
1356.7,0.90982,0.15399,4.8444
1356.8,0.9165,0.17019,4.8445
1357.1,0.91585,0.16855,4.8449
1357.2,0.91782,0.17926,4.8452
1357.5,0.92205,0.19035,4.8455
1357.7,0.92007,0.17954,4.8458
1357.8,0.92061,0.18582,4.8462
1358,0.92179,0.19587,4.8466
1358.3,0.9254,0.20354,4.8471
1358.5,0.92022,0.18587,4.8477
1358.6,0.91917,0.18062,4.8482
1359,0.92405,0.19447,4.8495
1359,0.92203,0.19217,4.8526
1359.3,0.91244,0.16098,4.8538
1359.5,0.91294,0.15516,4.8552
1359.7,0.92008,0.17924,4.8569
1359.8,0.91963,0.17563,4.8575
1360.1,0.91459,0.1618,4.858
1360.3,0.91487,0.1695,4.8585
1360.5,0.92202,0.18707,4.8591
1360.6,0.91686,0.16931,4.8597
1360.8,0.91325,0.16256,4.8602
1361,0.9127,0.16148,4.8607
1361.2,0.91567,0.16869,4.8613
1361.5,0.9172,0.17552,4.8622
1361.7,0.91384,0.16086,4.8647
1361.9,0.91419,0.1597,4.8667
1362,0.91222,0.15825,4.8679
1362.3,0.91041,0.15533,4.8693
1362.4,0.91203,0.15425,4.8703
1362.7,0.91149,0.15447,4.871
1363,0.91096,0.15412,4.8718
1363,0.91118,0.15333,NaN
1363.3,0.91042,0.15307,4.8723
1363.7,0.91665,0.16308,4.8728
1363.7,0.91334,0.16246,NaN
1363.8,0.91449,0.16052,4.873
1364.2,0.90798,0.14277,4.8734
1364.2,0.90896,0.14503,NaN
1364.4,0.91303,0.15721,4.8735
1364.7,0.91285,0.16295,4.8738
1364.9,0.91257,0.15949,4.874
1365.1,0.9129,0.16346,4.8743
1365.2,0.91381,0.16672,4.8745
1365.6,0.91955,0.175,4.8755
1365.6,0.91636,0.17253,NaN
1365.9,0.91958,0.17504,4.8784
1366.3,0.92032,0.18292,4.88
1366.3,0.9216,0.18199,NaN
1366.5,0.92073,0.18318,4.8805
1366.6,0.91945,0.18068,4.8808
1366.9,0.91905,0.1826,4.8813
1367,0.91934,0.18464,4.8817
1367.2,0.91783,0.17671,4.8819
1367.5,0.91995,0.17376,4.8825
1367.6,0.91849,0.17559,4.8829
1367.8,0.91845,0.18186,4.8831
1368.2,0.91695,0.16373,4.8837
1368.3,0.91558,0.16537,4.8842
1368.5,0.91423,0.16356,4.8844
1368.6,0.91558,0.16728,4.8849
1368.8,0.91806,0.17072,4.8855
1369.1,0.91535,0.16247,4.8863
1369.2,0.91406,0.16287,4.8869
1369.6,0.91451,0.1616,4.8897
1369.6,0.91423,0.16246,NaN
1369.8,0.91334,0.16132,4.8917
1370.2,0.91427,0.16023,4.8929
1370.3,0.9128,0.15907,NaN
1370.5,0.91039,0.1567,4.8933
1370.7,0.91433,0.16041,4.8936
1370.8,0.91567,0.16554,4.8939
1371.2,0.91739,0.17103,4.8943
1371.2,0.91694,0.16796,NaN
1371.5,0.91637,0.16719,4.8944
1371.6,0.91785,0.17237,4.8946
1371.9,0.91729,0.17334,4.8948
1372.1,0.91883,0.1795,4.8951
1372.2,0.92116,0.18632,4.8954
1372.6,0.92468,0.19816,4.8959
1372.7,0.92316,0.20121,4.8964
1372.8,0.92518,0.2066,4.8966
1373.2,0.92021,0.18696,4.8974
1373.3,0.92211,0.18584,4.898
1373.5,0.92345,0.18835,4.8983
1373.6,0.92065,0.1957,4.8988
1373.9,0.91907,0.17326,4.9002
1374,0.91757,0.16919,4.9033
1374.2,0.91509,0.17169,4.9045
1374.4,0.92293,0.19042,4.9061
1374.6,0.91328,0.16269,4.9077
1374.8,0.91497,0.16224,4.9085
1375,0.91988,0.18639,4.9094
1375.4,0.91476,0.16878,4.9113
1375.4,0.91517,0.16904,4.9127
1375.6,0.91409,0.16719,4.9133
1375.9,0.91848,0.17598,4.9144
1376.1,0.91681,0.17287,4.9152
1376.2,0.91412,0.16674,4.9156
1376.4,0.91389,0.16222,4.9158
1376.8,0.91407,0.16009,4.9168
1376.9,0.91309,0.16064,NaN
1377,0.91216,0.16299,4.9175
1377.2,0.91515,0.1652,4.9177
1377.4,0.91829,0.16916,4.9184
1377.6,0.91626,0.16962,4.9186
1377.9,0.91607,0.17061,4.9193
1378,0.91656,0.1706,4.9197
1378.4,0.90706,0.14195,4.9204
1378.4,0.90794,0.14111,4.9209
1378.6,0.91069,0.14762,4.9211
1378.9,0.9133,0.16599,4.9214
1379.1,0.91582,0.16203,4.922
1379.2,0.91248,0.164,4.9225
1379.4,0.91757,0.17597,4.9227
1379.8,0.91908,0.18388,4.9236
1379.8,0.92068,0.18606,NaN
1380.1,0.92268,0.19718,4.9241
1380.4,0.92112,0.19062,4.9255
1380.5,0.9226,0.19071,NaN
1380.6,0.92143,0.19154,4.9293
1380.8,0.92392,0.20191,4.9308
1381.2,0.91787,0.17288,4.9332
1381.3,0.91874,0.17129,NaN
1381.4,0.91802,0.17206,4.9342
1381.6,0.92158,0.18778,4.9355
1381.9,0.91525,0.16218,4.9366
1382.1,0.91492,0.16202,4.937
1382.2,0.91808,0.17645,4.9372
1382.5,0.92391,0.19489,4.9375
1382.7,0.91588,0.16547,4.9385
1382.9,0.91471,0.16317,4.9404
1383.1,0.9168,0.1698,4.9422
1383.3,0.92127,0.18656,4.9433
1383.5,0.91618,0.17341,4.9442
1383.6,0.91353,0.16469,4.9448
1383.8,0.91329,0.16263,4.9459
1384.2,0.91318,0.16087,4.9478
1384.2,0.91513,0.15977,NaN
1384.4,0.91432,0.16201,4.9491
1384.7,0.91488,0.16711,4.9497
1384.9,0.9169,0.17057,4.9506
1385.1,0.91663,0.16944,4.951
1385.2,0.9166,0.17224,4.9512
1385.7,0.90832,0.14773,4.9521
1385.7,0.90885,0.14647,NaN
1385.8,0.91014,0.1477,4.9524
1386,0.91167,0.15273,4.9525
1386.4,0.91308,0.15678,4.9536
1386.5,0.91011,0.15579,4.9541
1386.6,0.91141,0.15689,4.9542
1386.8,0.91512,0.1666,4.9546
1387.1,0.91752,0.17287,4.9552
1387.2,0.91968,0.17825,4.9563
1387.4,0.92032,0.18704,4.9568
1387.8,0.91969,0.18648,4.9587
1387.8,0.92063,0.18407,NaN
1388,0.92161,0.18378,4.9595
1388.2,0.92133,0.18696,4.9605
1388.5,0.92103,0.18528,4.9619
1388.7,0.91625,0.16973,4.9628
1388.8,0.91682,0.16484,4.9637
1389,0.91329,0.16122,4.9642
1389.4,0.91592,0.16983,4.9658
1389.4,0.915,0.16511,NaN
1389.6,0.91349,0.15831,4.9671
1390,0.91277,0.16125,4.9679
1390,0.91503,0.16512,4.9689
1390.3,0.9178,0.1757,4.9694
1390.5,0.91925,0.17407,4.97
1390.8,0.9112,0.15243,4.9711
1390.8,0.91233,0.15075,NaN
1391.1,0.90898,0.14595,4.9713
1391.2,0.90894,0.14655,4.9715
1391.5,0.90766,0.1454,4.972
1391.6,0.90824,0.14596,4.9724
1391.8,0.90892,0.14516,4.9726
1392.2,0.91035,0.14858,4.9732
1392.2,0.91138,0.14781,NaN
1392.5,0.91021,0.14642,4.9737
1392.7,0.90942,0.14645,4.974
1392.9,0.91068,0.15212,4.9743
1393,0.91466,0.16446,4.9746
1393.3,0.91727,0.17177,4.9748
1393.6,0.91503,0.17349,4.9753
1393.6,0.91801,0.17518,NaN
1393.8,0.91754,0.17354,4.9755
1394.1,0.9186,0.17283,4.9756
1394.3,0.91637,0.17081,4.976
1394.4,0.91901,0.17984,4.9764
1394.6,0.91839,0.17467,4.9767
1394.8,0.91895,0.17569,4.9775
1395.1,0.9211,0.1932,4.9795
1395.2,0.92088,0.18382,4.9805
1395.5,0.92177,0.18617,4.9813
1395.7,0.92289,0.19727,4.9826
1395.9,0.92344,0.19091,4.9837
1396,0.92185,0.17974,4.9842
1396.5,0.92065,0.18896,4.9865
1396.6,0.91937,0.18172,NaN
1396.6,0.91594,0.17157,4.9874
1396.9,0.91669,0.16865,4.9879
1397,0.91901,0.17652,4.9888
1397.2,0.91993,0.1844,4.9895
1397.4,0.91656,0.16552,4.9899
1397.7,0.91393,0.16274,4.9905
1397.9,0.91888,0.17533,4.9909
1398.2,0.91609,0.16778,4.9916
1398.2,0.9168,0.16644,NaN
1398.4,0.91411,0.16338,4.9924
1398.7,0.9137,0.16236,4.9929
1398.9,0.91319,0.16115,4.9937
1399.1,0.91428,0.16047,4.9943
1399.2,0.91501,0.16051,4.9946
1399.6,0.91455,0.16512,4.9958
1399.7,0.91379,0.16339,NaN
1399.8,0.91591,0.16786,4.9964
1400.1,0.91479,0.16981,4.9969
1400.5,0.91066,0.15453,4.9981
1400.5,0.91078,0.15725,NaN
1400.6,0.91566,0.16672,4.9986
1400.8,0.91909,0.17761,4.9991
1401.1,0.91252,0.15769,4.9998
1401.2,0.91395,0.15873,NaN
1401.4,0.91499,0.17198,5.0005
1401.6,0.9195,0.18247,5.001
1401.9,0.92219,0.18546,5.0039
1402,0.92236,0.1886,5.0056
1402.2,0.92691,0.20726,5.0062
1402.4,0.92088,0.18631,5.0073
1402.7,0.92052,0.18609,5.0083
1402.8,0.92244,0.19354,5.0098
1403,0.92378,0.19459,5.0104
1403.3,0.91627,0.17055,5.0116
1403.5,0.91601,0.16829,5.0132
1403.6,0.91802,0.17855,5.0141
1403.9,0.91984,0.1812,5.0151
1404,0.91592,0.16777,5.0159
1404.4,0.91633,0.17361,5.0174
1404.4,0.92018,0.18128,NaN
1404.7,0.91863,0.17204,5.0187
1404.8,0.9127,0.16012,5.0197
1405.1,0.91357,0.15938,5.0206
1405.2,0.91598,0.17161,5.0219
1405.4,0.91698,0.1748,5.0224
1405.8,0.91572,0.16316,5.0238
1405.8,0.91527,0.1637,5.0244
1406,0.91551,0.16317,5.0247
1406.3,0.91325,0.16286,5.0264
1406.5,0.91606,0.16445,5.0271
1406.6,0.91565,0.16594,5.0279
1406.8,0.91768,0.17291,5.0285
1407.2,0.91511,0.17024,5.0293
1407.2,0.91676,0.17117,5.0297
1407.5,0.9163,0.17015,5.0298
1407.8,0.91238,0.16042,5.0302
1407.9,0.91678,0.16366,NaN
1408.1,0.91504,0.17147,5.0304
1408.3,0.91687,0.16542,5.0306
1408.5,0.91099,0.16,5.0309
1408.6,0.91553,0.16705,5.0311
1408.9,0.91862,0.17958,5.0312
1409.1,0.91403,0.16526,5.0316
1409.4,0.91789,0.17842,5.0322
1409.4,0.92097,0.17807,NaN
1409.6,0.92383,0.19827,5.0326
1409.8,0.91865,0.17762,5.0334
1410.1,0.91886,0.18015,5.0339
1410.3,0.92165,0.18765,5.0345
1410.5,0.9181,0.17734,5.0352
1410.8,0.91447,0.16471,5.0366
1410.9,0.916,0.16805,NaN
1411,0.91965,0.17898,5.0373
1411.2,0.91508,0.1633,5.0381
1411.5,0.91137,0.15789,5.0403
1411.6,0.91275,0.16344,5.0438
1411.8,0.92024,0.1849,5.0447
1412.2,0.90969,0.15173,5.0472
1412.2,0.91147,0.15168,NaN
1412.4,0.91165,0.15039,5.0485
1412.7,0.91349,0.16283,5.0494
1412.9,0.91457,0.16169,5.0515
1413,0.912,0.15679,NaN
1413.3,0.9115,0.15561,5.0531
1413.4,0.91141,0.15437,5.054
1413.8,0.90997,0.15421,5.0555
1413.8,0.91096,0.1551,NaN
1414.1,0.91194,0.15509,5.0561
1414.3,0.91188,0.15557,5.0565
1414.5,0.91094,0.15453,5.0569
1414.7,0.91228,0.15529,5.0571
1414.9,0.91587,0.1603,5.0574
1415.3,0.91703,0.17308,5.0577
1415.3,0.91757,0.1724,NaN
1415.5,0.91702,0.17006,5.0578
1415.7,0.91129,0.15462,5.0579
1416,0.91428,0.16551,5.0582
1416.1,0.91503,0.16651,NaN
1416.2,0.91541,0.16794,5.0584
1416.4,0.91266,0.16048,5.0586
1416.7,0.91534,0.16187,5.0588
1416.8,0.91449,0.16692,5.0591
1417,0.91849,0.17432,5.0594
1417.3,0.91597,0.17188,5.06
1417.5,0.91477,0.16925,5.0604
1417.7,0.91653,0.17043,5.0607
1418,0.91631,0.1703,5.0617
1418,0.91632,0.16949,NaN
1418.2,0.91698,0.17604,5.0625
1418.6,0.92004,0.17313,5.0633
1418.6,0.91769,0.17276,NaN
1418.8,0.91671,0.17102,5.0642
1419,0.91733,0.17318,5.0655
1419.5,0.91523,0.16854,5.0693
1419.5,0.91488,0.1682,NaN
1419.7,0.9158,0.16965,5.0707
1419.8,0.91706,0.16988,5.071
1420.1,0.91742,0.16983,5.072
1420.2,0.91554,0.1717,5.0732
1420.4,0.91495,0.17093,5.0739
1420.8,0.9165,0.17108,5.0755
1420.8,0.91326,0.17011,NaN
1421.1,0.91618,0.17092,5.076
1421.4,0.91467,0.16794,5.0765
1421.5,0.91654,0.16961,NaN
1421.6,0.91313,0.16609,5.0768
1421.8,0.91574,0.16702,5.0771
1422.2,0.91774,0.17218,5.0782
1422.2,0.91696,0.17085,NaN
1422.4,0.91774,0.16704,5.0788
1422.6,0.91677,0.16931,5.0798
1422.9,0.9181,0.17832,5.0806
1423.1,0.91806,0.17603,5.0811
1423.2,0.91687,0.17752,5.0813
1423.6,0.92057,0.18798,5.0816
1423.6,0.92086,0.18845,NaN
1423.8,0.91682,0.17509,5.0821
1424.2,0.92258,0.19348,5.0826
1424.2,0.9253,0.19954,NaN
1424.4,0.91833,0.18694,5.0833
1424.6,0.91993,0.17879,5.0837
1424.9,0.9208,0.18965,5.0842
1425,0.92221,0.19082,5.0848
1425.2,0.91381,0.16643,5.0854
1425.5,0.9157,0.16831,5.0861
1425.8,0.92148,0.19056,5.0871
1425.8,0.91902,0.17988,5.0877
1426,0.91566,0.16616,5.0881
1426.4,0.91959,0.18599,5.0901
1426.4,0.92014,0.18754,NaN
1426.6,0.91489,0.16903,5.0921
1426.8,0.91507,0.16588,5.0948
1427.2,0.91615,0.17087,5.0983
1427.2,0.91624,0.17579,NaN
1427.4,0.91762,0.17226,5.0996
1427.9,0.91112,0.1553,5.1009
1427.9,0.91026,0.15482,NaN
1428,0.9092,0.1534,5.1018
1428.2,0.91017,0.15399,5.1021
1428.6,0.91012,0.15714,5.1031
1428.6,0.91351,0.15719,5.1042
1428.8,0.91382,0.1628,5.1053
1429,0.91155,0.16041,5.1064
1429.2,0.91417,0.16195,5.107
1429.5,0.91527,0.17037,5.1077
1429.6,0.91435,0.1629,5.1084
1429.9,0.91017,0.1545,5.1087
1430,0.91405,0.16408,5.1091
1430.3,0.91758,0.17291,5.1096
1430.4,0.91543,0.16959,5.1099
1430.7,0.91885,0.18494,5.11
1430.8,0.92147,0.18961,5.1101
1431.1,0.91519,0.17005,5.1102
1431.4,0.9202,0.18588,5.1106
1431.5,0.92194,0.19056,5.111
1431.7,0.92472,0.20151,5.1112
1431.8,0.92199,0.18416,5.1116
1432.1,0.92016,0.18576,5.1124
1432.2,0.92253,0.19612,5.113
1432.4,0.91963,0.18224,5.1133
1432.8,0.91549,0.17483,5.1146
1432.9,0.91896,0.17801,NaN
1433,0.91955,0.19256,5.118
1433.2,0.91416,0.16886,5.1204
1433.6,0.91398,0.16982,5.1224
1433.7,0.91802,0.17883,5.1232
1433.8,0.9209,0.19039,5.1236
1434.1,0.91543,0.16524,5.1242
1434.3,0.91338,0.16615,5.1248
1434.4,0.91513,0.16651,5.1255
1434.6,0.92085,0.18261,5.1261
1435,0.91569,0.15817,5.1271
1435.1,0.91136,0.1554,NaN
1435.2,0.91122,0.15406,5.1282
1435.4,0.91199,0.15371,5.129
1435.7,0.91054,0.15392,5.1324
1435.8,0.91269,0.15423,5.1334
1436.1,0.91226,0.15466,5.1342
1436.3,0.91044,0.15624,5.1351
1436.4,0.91216,0.15706,5.1357
1436.7,0.91447,0.16003,5.1362
1437,0.91596,0.16643,5.1373
1437,0.91531,0.16106,NaN
1437.3,0.91073,0.1526,5.1376
1437.4,0.91397,0.15905,5.1378
1437.7,0.91748,0.16757,5.138
1437.8,0.91629,0.16759,5.1381
1438.1,0.9132,0.17288,5.1381
1438.4,0.91883,0.17989,5.1384
1438.4,0.91639,0.17072,NaN
1438.7,0.91438,0.16819,5.1388
1438.9,0.91816,0.17359,5.1392
1439.2,0.92115,0.1854,5.1399
1439.2,0.91834,0.18274,5.1404
1439.4,0.91889,0.17797,5.141
1439.6,0.91904,0.17602,5.1422
1439.9,0.91978,0.18463,5.1456
1440,0.91839,0.17547,5.1468
1440.3,0.91562,0.167,5.1472
1440.5,0.91188,0.15295,5.1486
1440.6,0.9122,0.15691,5.1495
1440.8,0.91487,0.17013,5.15
1441.1,0.91726,0.17144,5.1512
1441.3,0.91194,0.15405,5.1516
1441.4,0.91,0.15518,5.152
1441.7,0.91244,0.15794,5.1523
1442,0.91716,0.17134,5.1528
1442,0.91409,0.16896,5.1532
1442.3,0.9174,0.1661,5.1534
1442.4,0.91476,0.16233,5.1543
1442.7,0.91277,0.1611,5.1562
1442.9,0.91298,0.16136,5.1573
1443,0.91416,0.16095,5.1576
1443.3,0.91387,0.16201,5.1585
1443.4,0.91221,0.16111,5.1589
1443.7,0.91376,0.15977,5.1591
1444,0.91541,0.16298,5.1598
1444.1,0.91464,0.16302,NaN
1444.2,0.91576,0.16633,5.16
1444.5,0.91712,0.16771,5.1601
1444.8,0.91635,0.16987,5.1602
1444.8,0.91709,0.17277,NaN
1445.1,0.91919,0.17816,5.1602
1445.2,0.91838,0.17807,5.1603
1445.5,0.91921,0.17621,5.1603
1445.6,0.91894,0.18226,5.1603
1445.9,0.92017,0.18155,5.1604
1446.1,0.9208,0.18895,5.1608
1446.3,0.9246,0.19401,5.1612
1446.4,0.92249,0.19119,5.1614
1446.7,0.92076,0.18632,5.1619
1446.9,0.92264,0.19388,5.1626
1447,0.92271,0.19934,5.1632
1447.3,0.91584,0.17061,5.1639
1447.5,0.91411,0.16557,5.1645
1447.8,0.9223,0.18905,5.1654
1447.8,0.92051,0.18203,5.1668
1448,0.915,0.16227,5.169
1448.2,0.9149,0.1667,5.1713
1448.4,0.92252,0.18825,5.1728
1448.6,0.91788,0.1736,5.1739
1448.8,0.91465,0.16616,5.1747
1449.2,0.91669,0.17277,5.1771
1449.3,0.91724,0.17472,NaN
1449.4,0.91696,0.1779,5.1791
1449.6,0.91582,0.16409,5.1797
1449.9,0.91185,0.1589,5.181
1450,0.91129,0.15763,5.1819
1450.3,0.91319,0.15649,5.1828
1450.6,0.91226,0.16125,5.1842
1450.7,0.91351,0.16197,NaN
1450.8,0.91553,0.16608,5.1849
1451,0.9129,0.16429,5.1853
1451.4,0.91537,0.16877,5.1859
1451.5,0.91774,0.16791,5.1863
1451.6,0.91127,0.15732,5.1865
1452,0.9068,0.15026,5.1873
1452,0.90985,0.15404,NaN
1452.2,0.9163,0.16962,5.1877
1452.5,0.91608,0.16781,5.1882
1452.7,0.92045,0.18179,5.1887
1452.8,0.92193,0.18978,5.189
1453,0.91753,0.18132,5.1895
1453.3,0.92236,0.192,5.1905
1453.5,0.92284,0.19923,5.1916
1453.6,0.92581,0.20696,5.1925
1453.8,0.91964,0.18549,5.1935
1454.1,0.91977,0.18455,5.1944
1454.2,0.9201,0.19324,5.1954
1454.4,0.92173,0.18866,5.1963
1454.7,0.91285,0.15998,5.1978
1454.8,0.91158,0.15888,5.1987
1455.1,0.91901,0.17578,5.1991
1455.2,0.91726,0.1705,5.2
1455.5,0.91418,0.16134,5.2013
1455.6,0.91607,0.17292,5.2019
1455.8,0.92152,0.18821,5.2023
1456.2,0.91587,0.16581,5.2029
1456.2,0.91541,0.16673,NaN
1456.4,0.91502,0.17129,5.2035
1456.6,0.91884,0.18248,5.204
1457,0.91313,0.16391,5.2067
1457,0.91341,0.16263,5.2085
1457.3,0.9136,0.16098,5.2091
1457.5,0.91346,0.16057,5.21
1457.8,0.91314,0.16533,5.2113
1457.9,0.91496,0.16654,NaN
1458.1,0.9154,0.17165,5.2125
1458.4,0.9163,0.16709,5.214
1458.5,0.91413,0.16782,NaN
1458.7,0.91442,0.16803,5.2146
1458.8,0.91377,0.16321,5.215
1459.1,0.90729,0.14388,5.2156
1459.2,0.91003,0.14796,5.2161
1459.4,0.91257,0.15996,5.2162
1459.9,0.91315,0.16252,5.217
1459.9,0.91289,0.1643,NaN
1460.1,0.91612,0.1727,5.2172
1460.3,0.92032,0.18233,5.2173
1460.6,0.9197,0.18446,5.2179
1460.7,0.91914,0.1892,NaN
1460.9,0.92366,0.19926,5.2182
1461,0.92196,0.19489,5.2188
1461.3,0.91473,0.17737,5.2193
1461.4,0.91939,0.17896,5.2198
1461.7,0.92048,0.18517,5.2202
1461.9,0.91348,0.16533,5.2208
1462.1,0.91422,0.16001,5.2215
1462.2,0.912,0.15986,5.2221
1462.6,0.91872,0.17277,5.2232
1462.7,0.91287,0.16062,5.224
1462.8,0.90952,0.1513,5.2243
1463,0.91287,0.15637,5.2251
1463.3,0.91828,0.17243,5.2263
1463.4,0.91413,0.16334,5.2271
1463.6,0.91285,0.16274,5.2275
1463.8,0.91317,0.16145,5.2283
1464.1,0.91485,0.17131,5.2321
1464.2,0.91698,0.17477,5.2346
1464.4,0.91517,0.16862,5.2359
1464.8,0.91654,0.1689,5.2375
1464.8,0.91368,0.1674,NaN
1465.1,0.91605,0.16791,5.2386
1465.4,0.91561,0.1673,5.2401
1465.5,0.91458,0.16663,NaN
1465.6,0.91222,0.16447,5.2409
1465.8,0.91482,0.16674,5.2415
1466.1,0.91421,0.166,5.2419
1466.2,0.9158,0.16324,5.2422
1466.5,0.9134,0.15958,5.2422
1466.6,0.91504,0.16708,5.2423
1466.8,0.91905,0.17353,5.2425
1467,0.91413,0.16485,5.2426
1467.2,0.91117,0.15436,5.2426
1467.5,0.91118,0.15245,5.2427
1467.7,0.9135,0.16172,5.2427
1467.9,0.91389,0.16699,5.2428
1468.2,0.91209,0.15749,5.2432
1468.3,0.91234,0.15599,NaN
1468.4,0.91285,0.15845,5.2435
1468.7,0.91359,0.16099,5.2439
1468.9,0.91759,0.17646,5.2445
1469,0.91855,0.17878,5.2449
1469.2,0.91635,0.17484,5.2451
1469.4,0.91734,0.17443,5.2456
1469.6,0.92045,0.18203,5.2461
1469.9,0.91823,0.17907,5.2469
1470.1,0.92159,0.18542,5.2475
1470.2,0.91607,0.17418,5.2481
1470.5,0.91753,0.17134,5.2486
1470.6,0.91648,0.17889,5.2492
1470.9,0.91643,0.17288,5.2498
1471.1,0.91697,0.17569,5.2505
1471.3,0.91651,0.17587,5.2512
1471.5,0.91914,0.18096,5.252
1471.9,0.91555,0.16888,5.2535
1471.9,0.91459,0.16694,NaN
1472.1,0.91753,0.16857,5.2551
1472.2,0.91683,0.16725,5.2574
1472.5,0.91441,0.16597,5.2604
1472.6,0.91559,0.1666,5.2614
1472.8,0.91645,0.17169,5.2618
1473.2,0.91732,0.16909,5.2628
1473.2,0.91706,0.1698,NaN
1473.4,0.91714,0.17147,5.2634
1473.8,0.90707,0.1465,5.2639
1473.8,0.90647,0.14687,5.2642
1474.1,0.91261,0.15614,5.2643
1474.2,0.91794,0.17249,5.2645
1474.5,0.91307,0.15618,5.2649
1474.6,0.91046,0.15878,5.2652
1474.8,0.91786,0.17248,5.2653
1475.2,0.91829,0.18539,5.2658
1475.2,0.91997,0.18935,5.2663
1475.4,0.92558,0.20069,5.2664
1475.6,0.9268,0.20808,5.2668
1475.9,0.92194,0.18809,5.268
1476,0.92497,0.19082,5.2704
1476.2,0.92124,0.19758,5.2725
1476.5,0.91413,0.17157,5.2744
1476.7,0.91453,0.16875,5.2755
1476.8,0.91605,0.16984,5.276
1477.2,0.91879,0.17913,5.2777
1477.2,0.91647,0.17157,NaN
1477.4,0.90877,0.15725,5.2793
1477.7,0.91625,0.16791,5.2803
1477.9,0.91723,0.17479,5.2817
1478,0.91464,0.16587,5.2827
1478.3,0.91394,0.16697,5.2831
1478.7,0.91965,0.18432,5.2852
1478.7,0.91907,0.18382,NaN
1478.9,0.9152,0.17173,5.2863
1479,0.91337,0.16328,5.2873
1479.3,0.9116,0.16196,5.2881
1479.4,0.91486,0.16129,5.289
1479.7,0.91391,0.15874,5.2899
1479.9,0.91176,0.16084,5.2907
1480,0.91268,0.16043,5.2914
1480.2,0.91662,0.16772,5.2918
1480.5,0.91517,0.1649,5.2924
1480.7,0.91437,0.17005,5.2929
1480.8,0.91556,0.16921,5.2932
1481,0.90945,0.15097,5.2933
1481.4,0.91119,0.16179,5.2938
1481.4,0.91378,0.16763,NaN
1481.6,0.91494,0.16692,5.2939
1482,0.91606,0.16463,5.2943
1482,0.91382,0.16836,NaN
1482.2,0.91843,0.18138,5.2947
1482.4,0.9199,0.18289,5.295
1482.7,0.92223,0.1928,5.2953
1482.8,0.92545,0.21122,5.2957
1483,0.92259,0.19224,5.2962
1483.3,0.92163,0.18558,5.297
1483.4,0.92148,0.19323,5.2976
1483.6,0.92415,0.19934,5.2979
1484,0.91456,0.16715,5.2992
1484.1,0.91275,0.16553,NaN
1484.3,0.91636,0.17555,5.2998
1484.4,0.9201,0.18962,5.301
1484.7,0.91335,0.16045,5.3018
1484.8,0.9109,0.15956,NaN
1485,0.91796,0.17555,5.3034
1485.4,0.91381,0.16031,5.3047
1485.4,0.91139,0.16041,5.3082
1485.7,0.91352,0.16346,5.3097
1486,0.91887,0.18393,5.3129
1486,0.91877,0.18237,NaN
1486.2,0.91423,0.1665,5.3139
1486.4,0.91234,0.16289,5.3147
1486.8,0.91457,0.16076,5.3174
1486.8,0.91351,0.16073,NaN
1487.1,0.91367,0.16039,5.3186
1487.3,0.91265,0.15929,5.3198
1487.5,0.91257,0.16114,5.3204
1487.6,0.91279,0.15957,5.3209
1487.9,0.91241,0.16171,5.3214
1488.1,0.91532,0.16702,5.3217
1488.3,0.91392,0.16538,5.3219
1488.4,0.91083,0.15479,5.322
1488.7,0.91083,0.1553,5.3222
1489,0.91552,0.17402,5.3224
1489,0.91465,0.16891,NaN
1489.2,0.91249,0.15786,5.3227
1489.5,0.90951,0.15183,5.3229
1489.7,0.91474,0.16883,5.3232
1489.9,0.91557,0.17022,5.3235
1490.1,0.91658,0.17204,5.3238
1490.3,0.91439,0.17153,5.3242
1490.5,0.9185,0.18024,5.3246
1490.6,0.92015,0.18302,5.3251
1491,0.91984,0.18462,5.3259
1491,0.91831,0.18166,NaN
1491.2,0.91743,0.17188,5.3267
1491.4,0.91611,0.17181,5.3273
1491.7,0.91758,0.17559,5.3279
1491.9,0.91638,0.17006,5.3285
1492.1,0.91773,0.1696,5.3292
1492.3,0.91579,0.17058,5.3301
1492.4,0.9163,0.1739,5.3311
1492.7,0.91618,0.17092,5.3319
1492.8,0.91639,0.16619,5.3347
1493.2,0.91466,0.16654,5.337
1493.3,0.91408,0.16687,NaN
1493.5,0.91784,0.17449,5.338
1493.6,0.91689,0.16828,5.339
1494,0.91523,0.16517,5.3403
1494,0.91455,0.16443,NaN
1494.3,0.91431,0.1662,5.3413
1494.4,0.91463,0.16565,5.3416
1494.8,0.91652,0.16413,5.3421
1494.8,0.91502,0.16565,5.3428
1495.1,0.91657,0.16311,5.343
1495.2,0.91635,0.16341,5.3434
1495.5,0.91476,0.16464,5.3436
1495.6,0.91627,0.16904,5.3437
1495.8,0.91654,0.17181,5.3437
1496.1,0.9172,0.17922,5.3439
1496.2,0.92039,0.18128,5.3439
1496.4,0.91783,0.17778,5.344
1496.8,0.91697,0.17648,5.3441
1496.8,0.92099,0.17464,5.3443
1497.1,0.91903,0.181,5.3445
1497.2,0.9212,0.18235,5.3448
1497.5,0.92382,0.19534,5.3452
1497.6,0.92267,0.20354,5.3456
1497.8,0.92028,0.18836,5.346
1498.1,0.92047,0.18556,5.3466
1498.3,0.92313,0.20038,5.3475
1498.4,0.92308,0.18896,5.3481
1498.6,0.91704,0.17217,5.3485
1499,0.91663,0.18279,5.3497
1499,0.92108,0.18783,NaN
1499.3,0.91496,0.17172,5.3509
1499.4,0.91595,0.16687,5.3517
1499.7,0.91891,0.17366,5.3525
1499.8,0.92146,0.19202,5.3533
1500,0.91406,0.16308,5.3541
1500.4,0.9142,0.16208,5.3554
1500.4,0.91371,0.16396,5.3589
1500.7,0.91923,0.18076,5.3605
1500.8,0.91592,0.16912,5.3623
1501.1,0.91428,0.16337,5.3637
1501.2,0.91528,0.16215,5.3646
1501.5,0.91225,0.1637,5.3655
1501.8,0.91649,0.16363,5.368
1501.9,0.91658,0.16528,5.3691
1502,0.91582,0.1661,5.3695
1502.3,0.91596,0.17147,5.3701
1502.5,0.9157,0.16888,5.3706
1502.6,0.91706,0.17256,5.3711
1502.9,0.91635,0.17105,5.3715
1503,0.913,0.15498,5.3719
1503.3,0.91583,0.16877,5.3721
1503.4,0.91963,0.17541,5.3728
1503.7,0.91603,0.16612,5.3728
1504,0.91548,0.16827,5.3731
1504,0.91688,0.17171,NaN
1504.3,0.92133,0.18296,5.3732
1504.4,0.91571,0.17168,5.3734
1504.7,0.91888,0.1829,5.3739
1504.8,0.9193,0.19252,5.3742
1505,0.9254,0.20508,5.3747
1505.4,0.92024,0.1828,5.3754
1505.4,0.91997,0.18311,5.376
1505.6,0.9226,0.19682,5.3762
1506.1,0.91723,0.17427,5.3774
1506.1,0.9174,0.17417,NaN
1506.2,0.9199,0.18521,5.3781
1506.4,0.92162,0.19488,5.3788
1506.7,0.91677,0.16816,5.3799
1506.8,0.91698,0.16858,5.3807
1507,0.92079,0.18829,5.3816
1507.2,0.92096,0.18579,5.3832
1507.6,0.91341,0.16228,5.3868
1507.7,0.9154,0.16282,NaN
1507.9,0.91774,0.17972,5.3903
1508.2,0.91241,0.15957,5.3917
1508.3,0.91366,0.16026,NaN
1508.4,0.91134,0.15599,5.3922
1508.6,0.91352,0.15763,5.3927
1508.9,0.91286,0.15848,5.3936
1509.1,0.91252,0.1598,5.3942
1509.2,0.91436,0.16086,5.3947
1509.5,0.91513,0.16407,5.3966
1509.7,0.91526,0.16519,5.3984
1509.8,0.91445,0.16529,5.3992
1510,0.9174,0.17263,5.3994
1510.4,0.91199,0.15577,5.4001
1510.4,0.91346,0.15515,NaN
1510.7,0.91441,0.16914,5.4005
1511,0.91368,0.16574,5.4008
1511.1,0.91678,0.16495,5.401
1511.3,0.91361,0.16798,5.401
1511.4,0.91736,0.17714,5.4012
1511.8,0.91627,0.1647,5.4016
1511.8,0.91331,0.16412,5.4019
1512,0.91736,0.17414,5.4021
1512.2,0.92079,0.18501,5.4025
1512.5,0.91834,0.17694,5.4033
1512.7,0.91663,0.1716,5.4038
1512.8,0.91676,0.17055,5.4041
1513.3,0.91412,0.16413,5.4056
1513.3,0.91507,0.16218,NaN
1513.4,0.91413,0.16036,5.4063
1513.7,0.91393,0.16523,5.408
1514.1,0.91303,0.15909,5.4129
1514.1,0.91317,0.15902,NaN
1514.2,0.91372,0.15867,5.4142
1514.4,0.91213,0.15779,5.4149
1514.7,0.9177,0.17108,5.4158
1514.8,0.91544,0.16608,5.4164
1515.1,0.91331,0.15914,5.4168
1515.2,0.91216,0.1564,5.4174
1515.6,0.91206,0.15721,5.4181
1515.6,0.91417,0.16106,5.4186
1515.9,0.91318,0.15883,5.4188
1516.2,0.91303,0.15959,5.4203
1516.2,0.91267,0.15947,NaN
1516.4,0.90876,0.15887,5.4227
1516.6,0.91327,0.1605,5.424
1516.9,0.91394,0.16511,5.4242
1517,0.91296,0.1567,5.4251
1517.3,0.91283,0.15541,5.4255
1517.7,0.91755,0.16836,5.4261
1517.7,0.91816,0.16616,5.4263
1517.9,0.91519,0.16354,5.4264
1518,0.9135,0.15824,5.4264
1518.2,0.91259,0.15709,5.4265
1518.5,0.91707,0.16555,5.4265
1518.6,0.91628,0.16688,5.4266
1518.8,0.91657,0.1659,5.4266
1519.2,0.9163,0.16885,5.4266
1519.2,0.91638,0.16748,NaN
1519.5,0.91569,0.16637,5.4268
1519.8,0.91542,0.17227,5.4272
1519.8,0.91875,0.17331,NaN
1520,0.91905,0.17656,5.4277
1520.3,0.91996,0.18333,5.4281
1520.5,0.92315,0.18976,5.4288
1520.6,0.92174,0.18942,5.4293
1520.9,0.91877,0.18167,5.4296
1521,0.91796,0.17931,5.4301
1521.4,0.91913,0.1759,5.4313
1521.4,0.9185,0.17581,NaN
1521.7,0.91665,0.17545,5.4324
1522.1,0.91721,0.17332,5.4378
1522.1,0.91784,0.17298,NaN
1522.2,0.91707,0.1723,5.4392
1522.4,0.91793,0.16853,5.4399
1522.8,0.91824,0.17657,5.4407
1522.8,0.91878,0.17124,NaN
1523.1,0.91341,0.16233,5.4414
1523.5,0.91324,0.15781,5.4428
1523.5,0.91321,0.15813,NaN
1523.6,0.91299,0.15797,5.4433
1523.8,0.9147,0.1585,5.4435
1524.2,0.91413,0.16295,5.4442
1524.2,0.91583,0.16619,NaN
1524.4,0.9163,0.16277,5.4457
1524.9,0.91699,0.16837,5.449
1524.9,0.91429,0.16667,NaN
1525.1,0.91373,0.15784,5.4496
1525.2,0.91203,0.15537,5.4499
1525.6,0.91693,0.17327,5.4504
1525.6,0.91468,0.1691,NaN
1525.9,0.91759,0.17267,5.4507
1526,0.92024,0.18676,5.4509
1526.3,0.92241,0.18803,5.4511
1526.4,0.91483,0.17166,5.4514
1526.6,0.91877,0.18074,5.4517
1526.8,0.92425,0.19281,5.4521
1527.1,0.92451,0.18962,5.4528
1527.2,0.92042,0.18322,5.4534
1527.4,0.91861,0.18341,5.4536
1527.8,0.9215,0.18695,5.4549
1527.8,0.91755,0.17258,NaN
1528,0.91527,0.16204,5.4556
1528.2,0.91644,0.17223,5.4567
1528.5,0.91949,0.18119,5.4578
1528.6,0.91557,0.16394,5.461
1528.8,0.91427,0.16227,5.463
1529.2,0.92002,0.1863,5.4656
1529.3,0.91815,0.18014,NaN
1529.4,0.91406,0.16454,5.4664
1529.6,0.91492,0.16455,5.4673
1529.9,0.91833,0.1732,5.4692
1530,0.91915,0.18145,5.4708
1530.2,0.91484,0.16408,5.4712
1530.5,0.91101,0.15303,5.4729
1530.7,0.91199,0.1527,NaN
1530.8,0.90944,0.1518,5.4738
1531.2,0.91117,0.15304,5.4748
1531.2,0.91278,0.15341,NaN
1531.4,0.91246,0.15514,5.4765
1531.7,0.91465,0.15612,5.4771
1531.9,0.91443,0.16027,5.4778
1532.1,0.91698,0.16519,5.4781
1532.2,0.91593,0.16268,5.4782
1532.4,0.91015,0.14967,5.4784
1532.7,0.91433,0.16324,5.4788
1532.8,0.9183,0.1722,5.4789
1533,0.91642,0.16809,5.479
1533.4,0.92233,0.18931,5.4794
1533.4,0.92288,0.1915,NaN
1533.6,0.91705,0.17835,5.4797
1533.8,0.91899,0.17873,5.48
1534.1,0.92233,0.19393,5.4805
1534.2,0.92329,0.20066,5.4809
1534.5,0.92163,0.18537,5.4815
1534.8,0.92026,0.18281,5.4823
1534.8,0.92095,0.18347,NaN
1535,0.92159,0.19106,5.4842
1535.2,0.91159,0.15957,5.4873
1535.5,0.9118,0.15735,5.4895
1535.6,0.91495,0.16848,5.4906
1535.8,0.91849,0.17798,5.4912
1536.1,0.91499,0.16332,5.4928
1536.2,0.9151,0.16656,5.4939
1536.5,0.9206,0.18393,5.495
1536.8,0.91402,0.16242,5.4966
1536.8,0.91256,0.16167,NaN
1537.1,0.91387,0.15967,5.4981
1537.3,0.91525,0.16815,5.499
1537.6,0.91679,0.16281,5.5003
1537.6,0.91245,0.15823,5.5012
1537.8,0.91132,0.15587,5.5016
1538.1,0.91409,0.15427,5.5024
1538.3,0.90951,0.15115,5.5029
1538.4,0.9101,0.14851,5.5039
1538.7,0.91076,0.14849,5.5044
1538.9,0.91037,0.14804,5.5054
1539,0.90855,0.14614,5.506
1539.2,0.91002,0.14697,5.5061
1539.6,0.91536,0.1641,5.5066
1539.7,0.91394,0.16411,NaN
1539.8,0.91448,0.1593,5.5067
1540,0.91076,0.15292,5.5068
1540.3,0.91204,0.15254,5.507
1540.4,0.91423,0.15846,NaN
1540.7,0.91274,0.16277,5.5071
1540.8,0.91524,0.16395,5.5073
1541.1,0.9126,0.16124,5.5076
1541.2,0.9155,0.16512,5.5078
1541.5,0.91621,0.17286,5.5081
1541.7,0.91614,0.17066,5.5092
1541.9,0.91918,0.17265,5.511
1542,0.91889,0.17601,5.5116
1542.3,0.91837,0.1776,5.5129
1542.5,0.91943,0.1819,5.514
1542.6,0.91849,0.17955,5.5146
1542.8,0.91802,0.17926,5.5152
1543.2,0.91503,0.17279,5.5172
1543.3,0.91809,0.17081,NaN
1543.4,0.91373,0.16758,5.5179
1543.6,0.91492,0.16958,5.5187
1543.9,0.91846,0.17782,5.5192
1544,0.91539,0.16727,5.5194
1544.2,0.91381,0.16474,5.5195
1544.4,0.91417,0.16417,5.5197
1544.7,0.91607,0.16914,5.5202
1544.8,0.91743,0.171,5.5206
1545,0.91627,0.16206,5.5208
1545.3,0.91269,0.16153,5.5219
1545.4,0.91591,0.16225,5.5234
1545.6,0.91458,0.16098,5.5248
1546.1,0.9111,0.15687,5.526
1546.1,0.91296,0.15703,5.5264
1546.2,0.91252,0.15797,5.5265
1546.4,0.91099,0.15503,5.5267
1546.8,0.91451,0.16121,5.5271
1546.8,0.91672,0.16499,5.5273
1547,0.91702,0.17534,5.5274
1547.2,0.91728,0.17359,5.5275
1547.5,0.91625,0.16826,5.5278
1547.7,0.91886,0.17601,5.528
1547.8,0.91624,0.17242,5.5282
1548.3,0.92402,0.19151,5.5289
1548.3,0.9213,0.18786,NaN
1548.4,0.92275,0.18996,5.5292
1548.7,0.92412,0.19819,5.5296
1548.9,0.92633,0.20825,5.5301
1549.3,0.92141,0.18714,5.5312
1549.3,0.92199,0.18663,NaN
1549.4,0.92398,0.18921,5.5319
1549.7,0.92302,0.19675,5.5322
1550,0.91655,0.16791,5.5341
1550,0.91395,0.1664,NaN
1550.2,0.91726,0.16834,5.5379
1550.4,0.92225,0.18921,5.5395
1550.7,0.91157,0.16232,5.5413
1550.9,0.91423,0.16125,5.5424
1551,0.9199,0.18382,5.5436
1551.5,0.91486,0.16579,5.546
1551.5,0.91453,0.1651,NaN
1551.7,0.91619,0.16564,5.547
1551.8,0.91628,0.17139,5.548
1552.1,0.91914,0.18068,5.549
1552.4,0.91439,0.16382,5.5504
1552.4,0.91371,0.16216,5.5513
1552.6,0.91512,0.16136,5.5517
1552.8,0.91213,0.15994,5.5526
1553.1,0.9152,0.16215,5.5532
1553.3,0.91215,0.16495,5.554
1553.4,0.91365,0.16897,5.5548
1553.7,0.91538,0.16802,5.5551
1553.9,0.9155,0.16968,5.5563
1554.1,0.91763,0.16963,NaN
1554.2,0.91436,0.1598,5.5568
1554.6,0.90684,0.14678,5.5571
1554.7,0.90836,0.1489,NaN
1554.8,0.91151,0.16214,5.5572
1555.1,0.91624,0.16408,5.5573
1555.3,0.91577,0.16712,5.5575
1555.4,0.91744,0.17542,5.5577
1555.6,0.91894,0.18503,5.5579
1555.8,0.92108,0.18441,5.5582
1556.1,0.92312,0.20164,5.5587
1556.2,0.92682,0.20958,5.5594
1556.5,0.92027,0.19153,5.5601
1556.7,0.91918,0.18893,5.5626
1557,0.92259,0.19776,5.5652
1557,0.92227,0.19352,NaN
1557.2,0.91517,0.17309,5.5666
1557.6,0.91858,0.18405,5.5689
1557.7,0.92043,0.18682,NaN
1557.8,0.92039,0.18095,5.57
1558,0.9137,0.16441,5.571
1558.4,0.92423,0.19492,5.5729
1558.4,0.92423,0.19441,NaN
1558.7,0.91637,0.16846,5.5739
1558.8,0.9134,0.16619,5.5748
1559.1,0.91817,0.17219,5.5758
1559.2,0.9187,0.18282,5.5773
1559.4,0.91968,0.17719,5.5777
1559.8,0.91428,0.16164,5.5796
1559.8,0.91354,0.16173,NaN
1560,0.91208,0.15995,5.581
1560.4,0.91175,0.16208,5.5823
1560.5,0.91452,0.16231,NaN
1560.6,0.91625,0.16727,5.5826
1560.9,0.91901,0.17508,5.5829
1561,0.91576,0.17115,5.5832
1561.3,0.9185,0.17036,5.5835
1561.4,0.91629,0.17153,5.5838
1561.6,0.90896,0.15073,5.5841
1562,0.90924,0.14741,5.5847
1562,0.90908,0.14881,NaN
1562.3,0.9131,0.16643,5.5853
1562.5,0.9128,0.1585,5.5865
1562.8,0.9149,0.16737,5.5877
1562.8,0.91588,0.16928,NaN
1563,0.91887,0.17741,5.5885
1563.5,0.92195,0.18807,5.5892
1563.5,0.91981,0.18787,NaN
1563.6,0.92441,0.19655,5.5896
1563.8,0.92038,0.18386,5.59
1564.1,0.92147,0.18353,5.5907
1564.2,0.92016,0.18582,5.5911
1564.4,0.92235,0.19057,5.5914
1564.8,0.91428,0.16651,5.5924
1564.8,0.91534,0.16565,NaN
1565,0.91271,0.1599,5.593
1565.2,0.91828,0.17232,5.5937
1565.6,0.9134,0.16067,5.595
1565.7,0.91231,0.15664,NaN
1565.8,0.91155,0.15251,5.596
1566.2,0.91495,0.16828,5.5979
1566.2,0.91668,0.16901,NaN
1566.4,0.91877,0.17463,5.6017
1566.7,0.91472,0.16723,5.6029
1567,0.90808,0.14581,5.6049
1567.1,0.90775,0.14526,NaN
1567.2,0.90951,0.14716,5.6057
1567.5,0.90737,0.14512,5.6065
1567.7,0.90811,0.14571,5.6071
1567.8,0.91032,0.14858,5.6074
1568,0.90813,0.1474,5.6075
1568.4,0.90959,0.14737,5.6078
1568.4,0.91026,0.14663,NaN
1568.7,0.91038,0.14766,5.6081
1568.8,0.90983,0.15028,5.6083
1569.1,0.91443,0.16182,5.6084
1569.2,0.91725,0.16879,5.6086
1569.4,0.91809,0.17279,5.6087
1569.8,0.91737,0.17753,5.6089
1569.8,0.91847,0.17491,5.6091
1570.1,0.91692,0.17482,5.6092
1570.2,0.91452,0.17014,5.6094
1570.5,0.91702,0.17346,5.6097
1570.6,0.91876,0.17591,5.6101
1570.8,0.91892,0.17885,5.6105
1571.2,0.92086,0.18592,5.6137
1571.3,0.92207,0.18528,NaN
1571.5,0.92029,0.18884,5.6147
1571.6,0.92368,0.19326,5.6153
1571.9,0.91909,0.1809,5.6158
1572,0.91856,0.17837,NaN
1572.3,0.91797,0.17885,5.6164
1572.4,0.92235,0.19078,5.617
1572.8,0.91452,0.16269,5.6177
1572.9,0.91469,0.1618,5.6182
1573.1,0.91566,0.17486,5.6185
1573.2,0.92271,0.18852,5.619
1573.5,0.91465,0.16157,5.6196
1573.6,0.91526,0.16204,5.6202
1573.8,0.91494,0.16876,5.6209
1574.1,0.91683,0.17699,5.622
1574.2,0.91596,0.16827,5.625
1574.4,0.91445,0.16355,5.6265
1574.8,0.91249,0.16164,5.6298
1574.9,0.91725,0.1602,NaN
1575.1,0.91246,0.16027,5.6304
1575.2,0.91346,0.16086,5.6309
1575.5,0.91171,0.16417,5.6314
1575.6,0.9145,0.16428,5.6322
1575.8,0.91373,0.16745,5.6324
1576.1,0.91527,0.16828,5.6329
1576.2,0.91211,0.15877,5.6332
1576.4,0.90918,0.15161,5.6333
1576.8,0.9181,0.17401,5.6339
1576.9,0.91852,0.17274,5.6342
1577,0.913,0.1601,5.6344
1577.2,0.91293,0.15808,5.6345
1577.6,0.92033,0.18231,5.6356
1577.6,0.9201,0.18311,NaN
1577.9,0.9196,0.18104,5.6369
1578.1,0.92073,0.19055,5.6389
1578.4,0.92258,0.19067,5.6411
1578.5,0.92117,0.18742,NaN
1578.6,0.92063,0.18692,5.6419
1578.8,0.92343,0.19418,5.643
1579,0.9225,0.19694,5.6442
1579.4,0.91357,0.16589,5.6464
1579.4,0.91512,0.16588,NaN
1579.7,0.91712,0.17601,5.6478
1579.8,0.92193,0.1854,5.6487
1580.1,0.91459,0.16425,5.6496
1580.2,0.91378,0.16331,5.6506
1580.5,0.91687,0.17663,5.6514
1580.7,0.91825,0.17327,5.652
1581,0.91386,0.16045,5.6528
1581.1,0.91183,0.16162,NaN
1581.3,0.91469,0.17382,5.6532
1581.4,0.91938,0.17533,5.6536
1581.7,0.9148,0.16235,5.6543
1581.8,0.91335,0.16133,5.6548
1582,0.91341,0.16097,5.6551
1582.5,0.91327,0.16104,5.6562
1582.5,0.91432,0.16227,NaN
1582.6,0.91444,0.16329,5.6569
1582.9,0.91568,0.16908,5.6575
1583.2,0.91613,0.16857,5.6584
1583.2,0.91299,0.16908,NaN
1583.5,0.91371,0.16666,5.6593
1583.6,0.91095,0.15019,5.6598
1583.9,0.91316,0.16216,5.6607
1584,0.91554,0.16653,5.6625
1584.2,0.91553,0.16737,5.6638
1584.6,0.91237,0.16062,5.665
1584.6,0.91433,0.16294,NaN
1584.9,0.91948,0.17546,5.666
1585,0.91622,0.1694,5.6669
1585.3,0.91579,0.17219,5.6678
1585.4,0.91937,0.1805,5.6682
1585.7,0.92423,0.20099,5.6685
1586.1,0.91823,0.17895,5.6693
1586.1,0.92056,0.18002,NaN
1586.2,0.92157,0.18911,5.6697
1586.4,0.91808,0.18024,5.6702
1586.8,0.91352,0.15992,5.671
1586.9,0.91374,0.16122,5.6716
1587.1,0.91902,0.17528,5.6719
1587.2,0.91639,0.16808,5.6726
1587.5,0.91158,0.15772,5.6742
1587.6,0.91302,0.15979,5.6774
1587.8,0.91796,0.1771,5.679
1588.2,0.91015,0.15171,5.6812
1588.2,0.91237,0.15239,NaN
1588.4,0.90959,0.14956,5.6829
1588.6,0.91178,0.15732,5.6838
1588.9,0.9123,0.1633,5.6847
1589,0.91155,0.15867,NaN
1589.3,0.91483,0.15819,5.6854
1589.5,0.91179,0.15725,5.686
1589.8,0.9126,0.15903,5.6882
1589.9,0.91346,0.15878,NaN
1590,0.91156,0.15855,5.6894
1590.2,0.91079,0.16017,5.69
1590.4,0.914,0.1581,5.6905
1590.7,0.91485,0.15876,5.6911
1590.8,0.91193,0.16205,5.6915
1591,0.91742,0.17049,5.6915
1591.4,0.9166,0.17417,5.6918
1591.4,0.91782,0.17382,NaN
1591.6,0.91222,0.15783,5.6919
1591.8,0.91046,0.15656,5.692
1592.2,0.91531,0.16976,5.692
1592.3,0.91613,0.17011,5.6921
1592.4,0.91269,0.16196,5.6922
1592.6,0.91106,0.16021,5.6924
1593,0.9138,0.16313,5.6928
1593,0.91677,0.16822,5.6932
1593.2,0.91935,0.17577,5.6934
1593.6,0.91533,0.17182,5.694
1593.7,0.91692,0.17343,NaN
1593.9,0.91723,0.16954,5.6947
1594.3,0.9199,0.17659,5.696
1594.3,0.91831,0.17747,NaN
1594.5,0.91804,0.18231,5.6966
1594.6,0.91622,0.17306,5.6971
1595,0.91568,0.17176,5.698
1595,0.91627,0.17277,NaN
1595.3,0.91879,0.17704,5.701
1595.4,0.91811,0.17062,5.7026
1595.7,0.91735,0.17265,5.7037
1595.8,0.91558,0.16871,5.7046
1596,0.9152,0.1664,5.7052
1596.4,0.91474,0.16693,5.7073
1596.4,0.91511,0.16718,NaN
1596.7,0.91336,0.16588,5.7083
1597.1,0.91373,0.16801,5.7104
1597.1,0.9157,0.16656,NaN
1597.2,0.91523,0.1695,5.7111
1597.5,0.91518,0.1683,5.7116
1597.8,0.91505,0.1664,5.7123
1597.8,0.91541,0.16643,NaN
1598.1,0.91644,0.16856,5.7129
1598.3,0.91761,0.17316,5.7135
1598.5,0.91591,0.16574,5.7138
1598.6,0.91634,0.16996,5.7142
1598.8,0.92122,0.18,5.7144
1599.3,0.91615,0.1714,5.7146
1599.3,0.91726,0.17305,5.7147
1599.4,0.9198,0.17923,5.7148
1599.6,0.92227,0.18701,5.7149
1600,0.92018,0.18138,5.7155
1600.1,0.92065,0.18402,NaN
1600.3,0.92329,0.19396,5.7161
1600.5,0.92118,0.19024,5.7166
1600.9,0.92051,0.18505,5.7177
1600.9,0.92005,0.18641,NaN
1601.1,0.91992,0.19141,5.7183
1601.2,0.91765,0.17102,5.7189
1601.6,0.92132,0.18207,5.72
1601.6,0.92059,0.18604,5.7207
1601.9,0.92278,0.18474,5.7211
1602,0.91329,0.16756,5.7219
1602.3,0.91771,0.17457,5.7231
1602.5,0.92242,0.18791,5.7265
1602.7,0.9175,0.17316,5.7279
1603,0.9126,0.16059,5.731
1603,0.91328,0.16099,NaN
1603.2,0.91602,0.17374,5.7324
1603.4,0.91806,0.17404,5.7332
1603.8,0.91327,0.15581,5.7352
1603.8,0.91227,0.15633,5.7366
1604.1,0.91087,0.1552,5.7372
1604.3,0.91041,0.15538,5.7381
1604.5,0.91306,0.15721,5.7393
1604.6,0.91288,0.1581,5.74
1604.8,0.91397,0.16063,5.7403
1605.1,0.91133,0.16021,5.7408
1605.3,0.91498,0.16382,5.7416
1605.4,0.91662,0.17032,5.742
1605.6,0.91605,0.16371,5.7422
1605.9,0.9127,0.1555,5.7425
1606.1,0.91591,0.17109,5.7427
1606.2,0.91794,0.17447,5.7428
1606.4,0.91684,0.17104,5.7429
1606.8,0.91911,0.18884,5.7431
1606.9,0.92072,0.18987,NaN
1607,0.91774,0.17405,5.7433
1607.2,0.91912,0.17796,5.7436
1607.5,0.92274,0.19845,5.7442
1607.7,0.92632,0.20232,5.7447
1607.8,0.91976,0.18391,5.7449
1608.2,0.92349,0.19479,5.7461
1608.2,0.92305,0.19648,NaN
1608.4,0.92148,0.18121,5.7468
1608.7,0.91455,0.16272,5.7474
1609,0.91937,0.18504,5.7487
1609.1,0.92273,0.19172,5.7521
1609.3,0.9167,0.17003,5.7536
1609.4,0.91383,0.16555,5.7553
1609.7,0.91726,0.17915,5.7567
1609.8,0.92234,0.19019,5.7576
1610,0.91512,0.16548,5.7584
1610.4,0.9148,0.16385,5.7611
1610.4,0.91523,0.16576,NaN
1610.6,0.9192,0.17839,5.7624
1610.9,0.91689,0.16827,5.7634
1611.1,0.91364,0.15739,5.7647
1611.2,0.91226,0.15571,5.7656
1611.4,0.91284,0.15538,5.766
1611.8,0.91225,0.15664,5.7681
1611.9,0.91269,0.1558,NaN
1612,0.9114,0.15809,5.7688
1612.2,0.91523,0.16528,5.7691
1612.4,0.9141,0.15936,5.7694
1612.8,0.91498,0.17033,5.7698
1612.8,0.91462,0.17254,5.7701
1613.1,0.91469,0.16294,5.7702
1613.2,0.91209,0.15515,5.7704
1613.5,0.913,0.16485,5.7705
1613.7,0.91706,0.17128,5.7707
1613.8,0.91565,0.16828,5.7709
1614.3,0.92209,0.18783,5.7715
1614.3,0.92034,0.18488,NaN
1614.4,0.9174,0.17349,5.7718
1614.7,0.91492,0.1641,5.7722
1615,0.91761,0.1773,5.7728
1615,0.9197,0.17976,NaN
1615.2,0.91881,0.18375,5.7735
1615.4,0.92085,0.17835,5.7741
1615.9,0.91778,0.17996,5.7783
1615.9,0.91988,0.18154,NaN
1616.1,0.91842,0.17863,5.7797
1616.2,0.9165,0.1709,5.7807
1616.6,0.91102,0.15429,5.7825
1616.6,0.91168,0.15491,NaN
1616.8,0.91567,0.16461,5.7835
1617,0.91645,0.17209,5.7843
1617.3,0.91359,0.15869,5.7852
1617.4,0.91298,0.15959,5.7861
1617.7,0.91326,0.16103,5.787
1618,0.91534,0.16451,5.7882
1618,0.91771,0.16994,NaN
1618.2,0.91772,0.16813,5.7892
1618.4,0.91384,0.16295,5.7899
1618.8,0.91428,0.16239,5.7909
1618.9,0.91556,0.16357,NaN
1619,0.91525,0.16186,5.7913
1619.2,0.91584,0.16288,5.7918
1619.5,0.91593,0.16321,5.7926
1619.6,0.91685,0.16146,5.793
1619.8,0.91341,0.16093,5.7931
1620.3,0.91643,0.16833,5.7935
1620.3,0.91705,0.16741,NaN
1620.4,0.91784,0.17084,5.7936
1620.7,0.9168,0.17344,5.7936
1621,0.91909,0.18066,5.7937
1621.1,0.91879,0.17884,NaN
1621.2,0.91654,0.17755,5.7938
1621.5,0.91904,0.18003,5.7938
1621.8,0.92029,0.18008,5.7941
1621.8,0.92011,0.18128,NaN
1622,0.91954,0.18408,5.7944
1622.3,0.92047,0.19058,5.7947
1622.6,0.92324,0.18431,5.7953
1622.6,0.91977,0.18481,5.7958
1622.9,0.92231,0.18971,5.7961
1623,0.9237,0.19708,5.7967
1623.3,0.9164,0.1678,5.7976
1623.4,0.91315,0.16699,5.7983
1623.7,0.91977,0.17732,5.799
1623.8,0.92282,0.18506,5.8001
1624.2,0.9135,0.16567,5.8043
1624.2,0.91748,0.16965,NaN
1624.4,0.92107,0.18607,5.8066
1624.7,0.91649,0.17435,5.8077
1625,0.91344,0.16418,5.8086
1625,0.91351,0.16516,5.8091
1625.2,0.91661,0.17485,5.8094
1625.7,0.91234,0.15913,5.8107
1625.7,0.91293,0.15727,NaN
1625.8,0.91059,0.15667,5.8115
1626,0.91089,0.15419,5.8117
1626.4,0.91257,0.15505,5.8135
1626.4,0.91341,0.15604,NaN
1626.7,0.9123,0.158,5.8168
1626.8,0.91575,0.16325,5.8177
1627.1,0.91524,0.16464,5.8185
1627.2,0.91504,0.16512,5.8189
1627.4,0.91638,0.1704,5.8193
1627.6,0.91412,0.15831,5.8198
1628.1,0.91643,0.16401,5.8205
1628.2,0.91641,0.16861,NaN
1628.2,0.91681,0.17264,5.8207
1628.5,0.9159,0.17014,5.8208
1628.7,0.92175,0.18742,5.8211
1628.8,0.92089,0.19075,5.8214
1629,0.91762,0.17851,5.8215
1629.5,0.92178,0.19289,5.8224
1629.5,0.9242,0.19604,NaN
1629.7,0.92328,0.20332,5.8229
1629.8,0.91847,0.18692,5.8233
1630.2,0.92059,0.19029,5.8244
1630.3,0.92226,0.19339,NaN
1630.4,0.92127,0.19203,5.8255
1630.7,0.91369,0.16229,5.8283
1631,0.91723,0.17022,5.8317
1631,0.91744,0.173,NaN
1631.2,0.91739,0.17448,5.8329
1631.4,0.91522,0.16796,5.8339
1631.7,0.92205,0.18866,5.8355
1631.8,0.923,0.19285,5.8368
1632,0.91358,0.16861,5.8373
1632.5,0.91656,0.17216,5.8399
1632.5,0.91729,0.17351,NaN
1632.6,0.92095,0.18392,5.8409
1632.8,0.9167,0.17046,5.8418
1633.2,0.91235,0.15922,5.8436
1633.2,0.91426,0.15789,NaN
1633.4,0.91005,0.1592,5.8445
1633.6,0.91329,0.16193,5.845
1633.9,0.91439,0.16841,5.8462
1634.1,0.91692,0.169,5.847
1634.2,0.91729,0.17089,5.8474
1634.4,0.91629,0.16815,5.848
1634.7,0.91608,0.16878,5.8485
1634.8,0.91527,0.16529,5.8487
1635,0.91008,0.14655,5.8488
1635.4,0.91226,0.15729,5.8494
1635.4,0.91375,0.15909,NaN
1635.7,0.91509,0.16547,5.8496
1635.8,0.91349,0.16292,5.8498
1636.2,0.92044,0.18424,5.8502
1636.3,0.91843,0.18321,NaN
1636.4,0.91848,0.17839,5.8505
1636.7,0.92071,0.18636,5.8514
1636.8,0.92392,0.19806,5.8522
1637.2,0.91919,0.18156,5.855
1637.2,0.91773,0.17913,5.8561
1637.5,0.91798,0.17932,5.8566
1637.6,0.92155,0.18671,5.8573
1638,0.91311,0.15898,5.8596
1638,0.91191,0.15634,NaN
1638.2,0.91039,0.15387,5.8612
1638.4,0.91499,0.16729,5.8621
1638.7,0.91171,0.15647,5.8631
1638.8,0.90812,0.1503,5.8638
1639,0.91381,0.15713,5.8643
1639.2,0.91858,0.18026,5.8647
1639.5,0.91422,0.16174,5.8651
1639.6,0.91126,0.16069,5.8655
1639.8,0.91131,0.15808,5.866
1640.2,0.91734,0.17126,5.8669
1640.2,0.91597,0.17305,NaN
1640.5,0.91617,0.16824,5.8674
1640.6,0.91763,0.16875,5.8682
1640.9,0.91574,0.16783,5.8688
1641.1,0.91521,0.16698,NaN
1641.3,0.91577,0.16615,5.8698
1641.4,0.91436,0.16703,5.8703
1641.7,0.9144,0.16412,5.8709
1641.8,0.91637,0.16561,5.8714
1642,0.9145,0.1675,5.8719
1642.5,0.91309,0.15956,5.873
1642.5,0.91188,0.15956,NaN
1642.6,0.91463,0.16371,5.8734
1642.9,0.91602,0.17312,5.8735
1643.1,0.91484,0.16617,5.874
1643.2,0.9138,0.16294,5.8744
1643.5,0.90978,0.14965,5.8745
1643.6,0.90834,0.15038,5.8749
1643.9,0.91378,0.16143,5.8754
1644,0.91514,0.16243,5.8757
1644.3,0.91337,0.15802,5.8764
1644.6,0.91235,0.16199,5.8777
1644.6,0.91519,0.16265,NaN
1644.9,0.91734,0.17193,5.8801
1645,0.92012,0.1791,5.881
1645.3,0.9212,0.17593,5.882
1645.4,0.9157,0.17563,5.8826
1645.6,0.92003,0.18175,5.8829
1646,0.9195,0.18436,5.8849
1646.1,0.92057,0.18785,NaN
1646.2,0.91859,0.17955,5.8858
1646.4,0.91765,0.17425,5.8866
1646.7,0.91868,0.18255,5.8878
1646.8,0.91644,0.17403,5.8886
1647.1,0.92021,0.17628,5.8894
1647.4,0.91736,0.18086,5.89
1647.4,0.9213,0.18124,NaN
1647.7,0.9181,0.17107,5.8906
1647.8,0.91388,0.1685,5.891
1648.1,0.91643,0.16775,5.8917
1648.2,0.91643,0.16821,5.8922
1648.4,0.91403,0.1672,5.8924
1648.8,0.91556,0.16883,5.8933
1648.8,0.91589,0.17152,NaN
1649,0.91636,0.16997,5.8938
1649.2,0.91438,0.1698,5.8943
1649.5,0.91608,0.16961,5.895
1649.6,0.91385,0.15932,5.8955
1649.8,0.90808,0.14788,5.896
1650.2,0.91835,0.17329,5.8967
1650.3,0.91714,0.17233,NaN
1650.4,0.91314,0.15964,5.8972
1650.7,0.91414,0.16279,5.8976
1651,0.91931,0.18167,5.8985
1651.1,0.92026,0.17995,NaN
1651.3,0.92218,0.1908,5.899
1651.4,0.92623,0.20193,5.8995
1651.9,0.91989,0.18609,5.9014
1651.9,0.91889,0.18582,NaN
1652,0.91967,0.18595,5.9042
1652.2,0.92261,0.19634,5.9054
1652.6,0.91363,0.1707,5.9082
1652.6,0.91468,0.16919,NaN
1652.9,0.91631,0.17071,5.9099
1653,0.92073,0.18508,5.911
1653.3,0.91504,0.16471,5.9121
1653.4,0.91238,0.15782,5.9132
1653.7,0.91645,0.16811,5.9142
1654,0.91546,0.16927,5.9156
1654,0.91451,0.16634,5.9165
1654.2,0.91532,0.1667,5.917
1654.4,0.91598,0.16909,5.9178
1654.7,0.9187,0.183,5.9194
1654.8,0.91758,0.17442,5.9203
1655.1,0.91558,0.16246,5.9208
1655.4,0.91261,0.15965,5.9225
1655.4,0.91319,0.15911,NaN
1655.7,0.91198,0.15874,5.9238
1655.8,0.91142,0.15907,5.9243
1656.2,0.91433,0.16866,5.9252
1656.2,0.91411,0.16967,NaN
1656.4,0.91539,0.1666,5.9262
1656.7,0.91559,0.17037,5.9267
1657,0.91134,0.15357,5.9271
1657.1,0.90825,0.14578,5.9272
1657.2,0.90986,0.14777,5.9273
1657.4,0.9134,0.16102,5.9274
1657.8,0.91335,0.15963,5.9276
1657.8,0.91282,0.15981,NaN
1658,0.91541,0.16856,5.9277
1658.3,0.9175,0.18307,5.9281
1658.5,0.92206,0.18983,5.9284
1658.7,0.9225,0.1957,NaN
1658.9,0.92744,0.21312,5.9292
1659.2,0.91952,0.18785,5.93
1659.2,0.92141,0.18821,NaN
1659.4,0.92418,0.19142,5.9309
1659.6,0.9242,0.19873,5.9315
1659.9,0.91732,0.17405,5.9322
1660,0.91538,0.16749,5.9333
1660.3,0.91556,0.174,5.9337
1660.6,0.9138,0.16567,5.9353
1660.6,0.91221,0.16109,NaN
1660.8,0.90928,0.15545,5.9361
1661.1,0.91706,0.17081,5.9373
1661.3,0.91682,0.16555,5.938
1661.4,0.9151,0.16486,NaN
1661.7,0.91418,0.16685,5.9414
1661.9,0.9169,0.1744,5.943
1662.3,0.9164,0.16897,5.9476
1662.3,0.91446,0.16711,NaN
1662.4,0.91465,0.16326,5.9489
1662.6,0.91233,0.16186,5.95
1662.9,0.91552,0.1612,5.9517
1663,0.91227,0.16045,5.9526
1663.2,0.91355,0.16002,5.953
1663.4,0.91183,0.16017,5.9539
1663.8,0.91432,0.1619,5.955
1663.8,0.91262,0.16311,NaN
1664,0.9152,0.16677,5.9553
1664.5,0.91142,0.15282,5.9556
1664.5,0.91258,0.15247,NaN
1664.7,0.90989,0.15101,5.9557
1664.8,0.91233,0.16021,5.9558
1665.3,0.91378,0.1621,5.956
1665.3,0.91241,0.16121,NaN
1665.5,0.91192,0.15439,5.9562
1665.6,0.91042,0.15545,5.9565
1666,0.91796,0.17267,5.9571
1666,0.91783,0.17291,NaN
1666.2,0.91641,0.16868,5.9575
1666.4,0.91837,0.17834,5.958
1666.8,0.92211,0.18873,5.959
1666.8,0.92128,0.18858,NaN
1667,0.91922,0.18428,5.9598
1667.2,0.91555,0.17121,5.9604
1667.5,0.9165,0.17654,5.961
1667.6,0.91787,0.17542,5.9616
1667.8,0.91756,0.1725,5.9623
1668.3,0.9153,0.16794,5.9634
1668.3,0.91585,0.16964,NaN
1668.4,0.91823,0.17517,5.9647
1668.6,0.91711,0.17416,5.9656
1668.9,0.91693,0.16613,5.9692
1669,0.91773,0.16796,5.9703
1669.2,0.91435,0.16816,5.9708
1669.6,0.91584,0.16879,5.9721
1669.7,0.91555,0.16773,NaN
1669.9,0.91482,0.16583,5.9725
1670,0.91478,0.16587,5.9729
1670.3,0.91484,0.16471,5.9733
1670.5,0.91419,0.16485,5.9737
1670.6,0.91539,0.16548,5.974
1671.1,0.91439,0.16063,5.9746
1671.1,0.91441,0.16138,NaN
1671.2,0.91471,0.16035,5.9751
1671.4,0.91217,0.16154,5.9753
1671.6,0.91581,0.16731,5.9755
1671.9,0.91702,0.17407,5.976
1672,0.91677,0.17906,5.9763
1672.3,0.91988,0.18211,5.9765
1672.5,0.91973,0.17838,5.9768
1672.8,0.91776,0.172,5.9773
1672.9,0.91815,0.17322,NaN
1673,0.92004,0.18039,5.9785
1673.3,0.91895,0.18299,5.98
1673.6,0.92556,0.20551,5.982
1673.6,0.92581,0.20564,NaN
1673.8,0.92087,0.18605,5.9833
1674,0.92152,0.18704,5.9837
1674.4,0.92452,0.19887,5.9844
1674.4,0.92194,0.19317,5.985
1674.6,0.91745,0.17287,5.9852
1674.8,0.91449,0.17062,5.9858
1675.1,0.92127,0.19066,5.9865
1675.2,0.91843,0.17548,5.9871
1675.5,0.91575,0.16655,5.9876
1675.6,0.91652,0.17013,5.9882
1675.9,0.92114,0.19343,5.9889
1676,0.91231,0.16334,5.9895
1676.2,0.91238,0.16174,5.9911
1676.7,0.92219,0.18559,5.9959
1676.7,0.91747,0.18319,NaN
1676.9,0.9169,0.17213,5.9976
1677,0.91469,0.16448,5.998
1677.4,0.91376,0.16113,5.9992
1677.4,0.91436,0.16214,NaN
1677.6,0.91426,0.16228,5.9998
1677.8,0.91449,0.16128,6.0004
1678,0.91581,0.16552,6.0009
1678.3,0.91718,0.17001,6.0015
1678.4,0.91745,0.16866,6.0019
1678.6,0.91651,0.17094,6.0023
1679,0.911,0.15406,6.0034
1679,0.91102,0.15314,6.0045
1679.2,0.91397,0.16241,6.0052
1679.5,0.91822,0.17432,6.0057
1679.7,0.91208,0.15848,6.0066
1679.8,0.91283,0.15719,6.0069
1680.1,0.91259,0.16593,6.007
1680.4,0.91638,0.1746,6.0075
1680.5,0.91643,0.17486,NaN
1680.6,0.9196,0.18278,6.0081
1680.8,0.92142,0.19166,6.0084
1681,0.92754,0.20793,6.0087
1681.3,0.92021,0.18413,6.0094
1681.5,0.92022,0.1869,6.0099
1681.6,0.92305,0.19826,6.0104
1682.1,0.9184,0.17282,6.0117
1682.1,0.91698,0.17223,NaN
1682.3,0.92204,0.18355,6.0124
1682.4,0.92431,0.19505,6.013
1682.8,0.9154,0.16748,6.0145
1682.8,0.91407,0.16792,NaN
1683.1,0.92124,0.18926,6.0163
1683.2,0.91961,0.18634,6.02
1683.4,0.91299,0.16107,6.0218
1683.7,0.91312,0.16844,6.0235
1683.8,0.91767,0.1792,6.0243
1684.1,0.91952,0.17997,6.0252
1684.2,0.91251,0.16096,6.0267
1684.5,0.91186,0.15673,6.0282
1684.6,0.91278,0.15799,6.0292
1684.9,0.91232,0.15755,6.0301
1685.2,0.91342,0.16153,6.0308
1685.3,0.91298,0.16246,NaN
1685.5,0.91395,0.16407,6.0311
1685.6,0.91362,0.16793,6.0314
1686,0.91726,0.17154,6.0321
1686,0.91802,0.17431,NaN
1686.3,0.91443,0.16379,6.0324
1686.4,0.91201,0.15376,6.0327
1686.7,0.91769,0.17276,6.0331
1686.8,0.91899,0.17629,6.0334
1687,0.91486,0.16189,6.0336
1687.4,0.91413,0.16786,6.0342
1687.5,0.91706,0.17048,NaN
1687.7,0.91756,0.17904,6.0348
1687.8,0.91678,0.16654,6.0352
1688.1,0.92006,0.17693,6.0359
1688.3,0.92002,0.18517,6.0364
1688.4,0.92275,0.19234,6.0367
1688.8,0.91662,0.17079,6.0378
1688.8,0.91809,0.17111,NaN
1689,0.91661,0.1778,6.0385
1689.2,0.91707,0.16959,6.0392
1689.6,0.91344,0.16427,6.0416
1689.7,0.91659,0.16487,NaN
1689.8,0.91813,0.18104,6.0459
1690,0.91455,0.16447,6.0465
1690.4,0.91073,0.15717,6.0489
1690.4,0.91164,0.15576,NaN
1690.6,0.91794,0.17318,6.0506
1690.9,0.91731,0.16655,6.0513
1691.2,0.91262,0.15697,6.0521
1691.3,0.91087,0.15692,6.0524
1691.4,0.91031,0.15076,6.0525
1691.6,0.90979,0.15668,6.0529
1692,0.91056,0.15381,6.0538
1692,0.91081,0.15459,6.0548
1692.2,0.90923,0.15551,6.0558
1692.4,0.90977,0.1554,6.0571
1692.7,0.91045,0.15613,6.0581
1692.8,0.91152,0.15803,6.0585
1693,0.91034,0.15501,6.0586
1693.5,0.91027,0.15408,6.0593
1693.5,0.91167,0.15833,NaN
1693.6,0.91569,0.17189,6.0595
1693.8,0.91749,0.1715,6.0595
1694.3,0.91299,0.16104,6.0596
1694.3,0.91257,0.16197,NaN
1694.4,0.91448,0.16829,6.0597
1694.7,0.9178,0.16879,6.0597
1694.9,0.9154,0.16512,6.0598
1695.1,0.91419,0.16516,6.0598
1695.2,0.92015,0.17043,6.0599
1695.6,0.91643,0.16828,6.0605
1695.7,0.91576,0.16802,NaN
1695.8,0.91706,0.17706,6.0609
1696,0.91787,0.18276,6.0612
1696.3,0.9184,0.17773,6.0619
1696.4,0.91761,0.17831,6.0624
1696.7,0.92014,0.18599,6.0627
1696.8,0.92021,0.17858,6.0632
1697.2,0.92316,0.18787,6.064
1697.3,0.91969,0.1863,6.0646
1697.4,0.91698,0.1749,6.065
1697.7,0.91748,0.17454,6.0657
1698,0.91556,0.17215,6.071
1698.1,0.91769,0.17035,NaN
1698.2,0.91584,0.16817,6.0729
1698.4,0.9144,0.16539,6.0735
1698.8,0.91721,0.17779,6.0758
1698.8,0.91636,0.17214,NaN
1699.1,0.91479,0.16025,6.0774
1699.2,0.91378,0.15753,6.0785
1699.6,0.91369,0.15627,6.0797
1699.7,0.91195,0.15599,6.0805
1699.8,0.9135,0.15654,6.081
1700,0.91368,0.15694,6.0817
1700.4,0.91277,0.15792,6.0827
1700.4,0.91201,0.15969,6.083
1700.7,0.91283,0.16321,6.0831
1701.1,0.91012,0.15607,6.0837
1701.1,0.91237,0.15526,NaN
1701.2,0.91199,0.15706,6.0839
1701.5,0.9177,0.17182,6.084
1701.8,0.91567,0.17107,6.0843
1701.9,0.91662,0.17118,6.0845
1702.1,0.91915,0.18295,6.0846
1702.2,0.92136,0.18898,6.0849
1702.5,0.91616,0.17273,6.0854
1702.6,0.91918,0.17898,6.0858
1702.8,0.92102,0.19132,6.086
1703.1,0.92649,0.20108,6.0864
1703.4,0.91817,0.17844,6.0871
1703.4,0.91904,0.179,NaN
1703.6,0.92071,0.1919,6.0881
1704.1,0.9131,0.16073,6.0898
1704.1,0.91223,0.15965,NaN
1704.2,0.91726,0.17188,6.0905
1704.4,0.92211,0.18853,6.0919
1704.8,0.91328,0.16162,6.0974
1704.9,0.91555,0.16254,NaN
1705,0.91645,0.17535,6.0987
1705.2,0.92155,0.1867,6.0996
1705.4,0.91525,0.16563,6.1004
1705.8,0.91483,0.16127,6.1018
1705.8,0.91261,0.16476,6.1037
1706.1,0.91971,0.18026,6.1042
1706.2,0.91419,0.16384,6.1053
1706.6,0.91277,0.15468,6.1067
1706.6,0.91195,0.15309,6.1075
1706.8,0.91165,0.15319,6.108
1707.3,0.9121,0.15479,6.11
1707.3,0.91249,0.1544,NaN
1707.4,0.90994,0.15579,6.1106
1707.6,0.91391,0.1588,6.1109
1708,0.9149,0.1638,6.1113
1708.1,0.91333,0.16547,NaN
1708.3,0.91441,0.16366,6.1117
1708.4,0.91033,0.1504,6.1119
1708.8,0.91412,0.16859,6.1122
1708.8,0.91689,0.17172,6.1125
1709.1,0.91414,0.16667,6.1126
1709.3,0.91845,0.17916,6.1128
1709.7,0.91678,0.16974,6.1135
1709.7,0.9177,0.1703,NaN
1709.9,0.91544,0.17334,NaN
1710,0.92067,0.18175,6.1143
1710.2,0.92392,0.19696,6.1148
1710.5,0.92061,0.18224,6.1153
1710.6,0.91631,0.17569,6.1159
1710.8,0.91809,0.1796,6.1169
1711.3,0.9101,0.1594,6.1217
1711.3,0.9131,0.15799,NaN
1711.4,0.91251,0.15554,NaN
1711.6,0.91719,0.17121,6.1242
1712.1,0.91345,0.16212,6.1269
1712.1,0.91174,0.16089,NaN
1712.3,0.914,0.16281,6.1277
1712.5,0.92033,0.18121,6.128
1712.8,0.91206,0.1609,6.129
1712.9,0.9115,0.16008,NaN
1713,0.91236,0.16019,6.1302
1713.2,0.91544,0.16539,6.1319
1713.6,0.91487,0.16137,6.1339
1713.7,0.91268,0.15851,6.1348
1713.9,0.91102,0.15166,6.1351
1714,0.9112,0.1499,6.1357
1714.3,0.90913,0.14671,6.1367
1714.4,0.90602,0.14661,6.138
1714.7,0.90582,0.14639,6.1384
1715,0.90612,0.144,6.1396
1715.1,0.90773,0.14405,NaN
1715.2,0.90809,0.14366,6.1399
1715.4,0.90837,0.14804,6.14
1715.9,0.9136,0.15991,6.1403
1715.9,0.91349,0.15955,NaN
1716,0.91309,0.1573,6.1405
1716.3,0.90878,0.14673,6.1405
1716.6,0.91338,0.16293,6.1407
1716.6,0.91449,0.16495,6.1408
1716.8,0.91399,0.16374,6.1409
1717.1,0.91135,0.16061,6.1412
1717.3,0.9169,0.16732,6.1417
1717.5,0.9177,0.16966,6.142
1717.7,0.91782,0.17356,6.1424
1717.8,0.91648,0.16934,6.1435
1718.1,0.9175,0.17505,6.1461
1718.3,0.91886,0.17572,6.1471
1718.4,0.9163,0.17471,6.1475
1718.8,0.91781,0.17864,6.1487
1718.9,0.91553,0.17874,6.1493
1719,0.92042,0.18153,6.1497
1719.2,0.91869,0.17483,6.1509
1719.6,0.9154,0.16998,6.1524
1719.7,0.9139,0.16996,NaN
1719.9,0.91574,0.17377,6.1529
1720,0.91785,0.16927,6.1536
1720.4,0.91549,0.1657,6.1547
1720.4,0.91517,0.165,6.1555
1720.6,0.91615,0.16494,6.1557
1721,0.9146,0.16342,6.1571
1721.1,0.91316,0.16433,NaN
1721.2,0.91322,0.16292,6.1579
1721.5,0.91472,0.1621,6.1588
1721.6,0.91377,0.16094,6.1592
1721.9,0.91195,0.1593,6.1599
1722.1,0.91396,0.16132,6.1605
1722.2,0.91425,0.16205,6.1612
1722.7,0.91034,0.1598,6.1617
1722.7,0.91175,0.16068,NaN
1722.8,0.91548,0.1656,6.1619
1723.1,0.91744,0.17054,6.162
1723.4,0.91741,0.1705,6.1622
1723.4,0.91553,0.16827,NaN
1723.6,0.91883,0.17751,6.1623
1723.8,0.91646,0.175,6.1624
1724.1,0.92207,0.18862,6.1628
1724.2,0.92444,0.19134,6.1631
1724.5,0.92359,0.18835,6.1632
1724.6,0.92237,0.19651,6.1638
1725,0.92671,0.20925,6.1645
1725,0.92816,0.20542,NaN
1725.2,0.92239,0.1869,6.1653
1725.5,0.92096,0.18732,6.1659
1725.7,0.92256,0.19351,6.1669
1725.8,0.91948,0.18289,6.1685
1726,0.91287,0.16167,6.1705
1726.2,0.91506,0.16497,6.1726
1726.6,0.91696,0.16785,6.1751
1726.7,0.91221,0.15866,NaN
1726.8,0.91178,0.16212,6.1761
1727,0.91815,0.18231,6.1772
1727.3,0.91673,0.17177,6.1785
1727.4,0.91356,0.16746,6.1791
1727.6,0.91585,0.16559,6.1793
1727.8,0.91451,0.16946,6.1798
1728.2,0.91528,0.16857,6.1834
1728.2,0.91491,0.16676,NaN
1728.4,0.91259,0.16154,6.1845
1728.6,0.91308,0.16057,6.1855
1729.1,0.91313,0.15989,6.1866
1729.1,0.91204,0.16115,NaN
1729.2,0.9139,0.16389,6.1877
1729.4,0.91567,0.16667,6.1884
1729.6,0.91613,0.16729,6.1893
1729.9,0.91447,0.16674,6.1902
1730,0.91487,0.1692,6.1906
1730.2,0.91586,0.16441,6.1907
1730.4,0.90795,0.14449,6.1909
1730.7,0.90733,0.1481,6.1912
1730.8,0.91218,0.15996,6.1914
1731,0.91453,0.16473,6.1916
1731.4,0.91805,0.17893,6.192
1731.5,0.91821,0.18074,NaN
1731.6,0.92175,0.18771,6.1922
1731.8,0.92025,0.18396,6.1925
1732.2,0.92726,0.2097,6.1932
1732.2,0.92691,0.21121,6.1952
1732.4,0.92465,0.1943,6.1961
1732.6,0.92172,0.18777,6.1975
1732.9,0.9237,0.19868,6.1989
1733.1,0.92371,0.19509,6.1996
1733.3,0.91806,0.17467,6.2008
1733.6,0.91822,0.17888,6.2027
1733.6,0.92226,0.18206,NaN
1733.8,0.91858,0.1822,6.2043
1734.1,0.91584,0.16588,6.2052
1734.5,0.92475,0.19684,6.207
1734.5,0.92305,0.19485,NaN
1734.6,0.91832,0.17592,6.2074
1734.8,0.91537,0.16639,6.2078
1735.3,0.91732,0.17982,6.2087
1735.3,0.91981,0.1836,6.2092
1735.5,0.92091,0.17932,6.2095
1735.6,0.91373,0.1649,6.2097
1736,0.91404,0.16162,6.2108
1736,0.91298,0.16159,NaN
1736.2,0.91412,0.16041,6.2114
1736.4,0.91387,0.16373,6.2119
1736.7,0.917,0.16731,6.2129
1736.8,0.9157,0.17128,6.2138
1737,0.91748,0.16976,6.2141
1737.3,0.9167,0.16891,6.2147
1737.6,0.91341,0.15844,6.2157
1737.7,0.91331,0.15482,NaN
1737.8,0.90693,0.14349,6.2163
1738,0.90845,0.14762,6.2168
1738.4,0.91517,0.16471,6.2177
1738.4,0.91386,0.16303,NaN
1738.6,0.91596,0.16437,6.2188
1738.9,0.91587,0.17204,6.2204
1739.1,0.91861,0.17717,6.2223
1739.2,0.92019,0.17958,6.2232
1739.5,0.91997,0.18748,6.2238
1739.9,0.92151,0.1827,6.2253
1739.9,0.91836,0.18113,6.2267
1740,0.92206,0.18225,6.2273
1740.3,0.92156,0.18212,6.2279
1740.6,0.92018,0.17967,6.2299
1740.6,0.91938,0.17357,NaN
1740.9,0.91427,0.16497,6.2307
1741,0.91263,0.16027,6.2317
1741.3,0.91892,0.17831,6.2325
1741.4,0.917,0.17156,6.2329
1741.7,0.91371,0.16009,6.233
1741.9,0.91166,0.15112,6.2334
1742.2,0.91417,0.1581,6.234
1742.3,0.91363,0.16207,6.2344
1742.4,0.91561,0.17259,6.2346
1742.7,0.91628,0.17003,6.2351
1743,0.91224,0.15249,6.2358
1743,0.90795,0.15042,NaN
1743.3,0.90966,0.14907,6.2365
1743.4,0.91071,0.15146,6.237
1743.7,0.90975,0.14998,6.2379
1743.8,0.90999,0.15141,6.2384
1744,0.91172,0.15148,6.2387
1744.2,0.90905,0.15188,6.2391
1744.7,0.91079,0.15153,6.2403
1744.7,0.90905,0.15085,NaN
1744.8,0.9109,0.1536,6.2407
1745.1,0.91334,0.16315,6.2411
1745.3,0.9168,0.1711,6.2414
1745.5,0.91708,0.17332,6.2419
1745.6,0.91444,0.17559,6.2421
1745.9,0.9183,0.17705,6.2423
1746,0.91727,0.17504,6.2425
1746.4,0.91711,0.1791,6.243
1746.5,0.91856,0.17807,6.2433
1746.6,0.91792,0.17724,6.2434
1746.9,0.92042,0.18291,6.2443
1747.2,0.92146,0.18679,6.2473
1747.3,0.92291,0.18561,6.2483
1747.4,0.9201,0.18827,6.2488
1747.6,0.92434,0.1932,6.2492
1747.9,0.92087,0.18519,6.2502
1748,0.91765,0.17897,6.251
1748.2,0.91815,0.17745,6.2525
1748.6,0.91889,0.1793,6.2541
1748.7,0.91569,0.16898,6.2551
1748.9,0.9128,0.16193,6.2556
1749,0.91944,0.17542,6.2565
1749.4,0.91404,0.16616,6.2579
1749.4,0.91498,0.16369,6.2588
1749.6,0.91356,0.16278,6.2593
1749.8,0.91578,0.16967,6.2603
1750.2,0.91626,0.17498,6.2621
1750.2,0.91608,0.16977,NaN
1750.4,0.91292,0.16278,6.263
1750.6,0.91632,0.16194,6.2635
1750.8,0.91388,0.16072,6.2641
1751.1,0.91207,0.16011,6.2645
1751.2,0.91374,0.16195,6.2649
1751.5,0.91377,0.16519,6.2653
1751.8,0.91634,0.1684,6.266
1751.8,0.91582,0.16862,NaN
1752,0.91566,0.17009,6.2664
1752.2,0.9138,0.1659,6.2667
1752.5,0.91004,0.15008,6.2672
1752.6,0.91178,0.1534,6.2676
1752.8,0.91621,0.16847,6.2677
1753.1,0.91509,0.16277,6.268
1753.3,0.91477,0.16194,6.2686
1753.4,0.91537,0.16963,6.2692
1753.6,0.91971,0.18455,6.2697
1753.8,0.91996,0.18498,6.2722
1754.4,0.92486,0.20577,6.2747
1754.4,0.92262,0.19871,NaN
1754.4,0.92351,0.19382,NaN
1754.6,0.92205,0.18961,6.2758
1754.8,0.92242,0.19499,6.277
1755.2,0.91856,0.17803,6.2795
1755.2,0.91802,0.17322,NaN
1755.4,0.91453,0.16805,6.2805
1755.6,0.91762,0.17631,6.2815
1756,0.91556,0.16796,6.2828
1756.1,0.91496,0.16171,6.2838
1756.2,0.91365,0.1588,6.2842
1756.4,0.91793,0.17568,6.2852
1756.7,0.914,0.16005,6.2869
1756.8,0.91418,0.1602,NaN
1757.1,0.91371,0.16214,6.2883
1757.5,0.9165,0.17163,6.2902
1757.5,0.91662,0.16981,6.2912
1757.6,0.9143,0.16477,6.2917
1757.9,0.91286,0.16287,6.2921
1758,0.91499,0.16175,6.2931
1758.3,0.91384,0.16079,6.2943
1758.4,0.91288,0.16227,6.2949
1758.6,0.91435,0.16587,6.2952
1758.9,0.91668,0.17014,6.2957
1759.3,0.91505,0.16801,6.2972
1759.3,0.91477,0.16876,NaN
1759.4,0.916,0.16745,6.2978
1759.7,0.90998,0.14887,6.298
1759.9,0.91023,0.15412,6.2981
1760.1,0.91658,0.17143,6.2983
1760.2,0.91552,0.1672,NaN
1760.5,0.91123,0.15611,6.2985
1761,0.91678,0.17869,6.299
1761,0.91907,0.17718,NaN
1761,0.91633,0.17148,NaN
1761.2,0.91803,0.17564,6.2995
1761.4,0.92081,0.18219,6.2999
1761.8,0.92111,0.18279,6.3008
1761.8,0.91917,0.18048,NaN
1762,0.91891,0.17959,6.3013
1762.2,0.92158,0.19048,6.3023
1762.5,0.91832,0.17162,6.3029
1762.6,0.91409,0.16502,NaN
1762.9,0.91291,0.16131,6.3043
1763.2,0.9147,0.17062,6.3059
1763.3,0.91308,0.16546,NaN
1763.4,0.91231,0.1598,6.3065
1763.6,0.91181,0.15759,6.3098
1764.1,0.91387,0.16032,6.3144
1764.1,0.9127,0.15523,NaN
1764.2,0.91082,0.15423,6.3153
1764.4,0.90811,0.15148,6.3156
1764.7,0.91224,0.15995,6.3161
1764.9,0.9175,0.16832,6.3169
1765,0.91375,0.16241,6.3176
1765.3,0.91099,0.16184,6.3181
1765.4,0.91357,0.16096,6.3186
1765.8,0.91192,0.16162,6.3194
1765.8,0.91214,0.16047,6.3205
1766,0.91426,0.16155,6.322
1766.3,0.91418,0.16223,6.3233
1766.5,0.91253,0.16077,6.3241
1766.8,0.91335,0.16289,6.3246
1766.8,0.91546,0.16349,6.3249
1767,0.91614,0.16893,6.325
1767.2,0.91835,0.17424,6.3252
1767.5,0.91734,0.17403,6.3256
1767.7,0.91446,0.16435,6.3257
1767.9,0.91189,0.15602,6.3257
1768.2,0.91633,0.17231,6.3258
1768.3,0.91707,0.17299,NaN
1768.4,0.91346,0.16227,6.3259
1768.6,0.91166,0.15903,6.3262
1769,0.91493,0.16185,6.3266
1769,0.91667,0.16412,NaN
1769.3,0.91916,0.17627,6.3272
1769.4,0.92074,0.17691,6.3276
1769.8,0.91854,0.17358,6.3283
1769.9,0.91454,0.17275,6.3288
1770.1,0.91756,0.16916,6.329
1770.5,0.91915,0.18061,6.3303
1770.6,0.91953,0.17735,NaN
1770.6,0.91755,0.17494,NaN
1770.9,0.91497,0.17164,6.3314
1771.1,0.9168,0.1755,6.3324
1771.4,0.91661,0.17213,6.3352
1771.5,0.91821,0.17556,6.337
1771.7,0.91838,0.17544,6.3375
1771.8,0.91603,0.17002,6.3386
1772.2,0.91848,0.17021,6.34
1772.2,0.91692,0.17164,6.341
1772.4,0.91353,0.16859,6.3415
1772.7,0.91507,0.16686,6.3422
1773,0.91607,0.16905,6.3438
1773.1,0.91476,0.16999,NaN
1773.2,0.91628,0.17025,6.3448
1773.4,0.91706,0.17095,6.3455
1773.7,0.91563,0.16931,6.3463
1773.9,0.91649,0.16966,NaN
1774,0.91696,0.17044,6.3473
1774.3,0.91591,0.17313,6.3477
1774.6,0.91679,0.1686,6.348
1774.6,0.91599,0.17,6.3482
1774.8,0.91738,0.17886,6.3482
1775,0.915,0.16769,6.3483
1775.4,0.91576,0.171,6.3485
1775.4,0.91732,0.17436,6.3486
1775.7,0.9214,0.18634,6.3488
1775.9,0.91659,0.17111,6.349
1776.2,0.92283,0.18957,6.3498
1776.3,0.92232,0.19327,NaN
1776.4,0.9216,0.19239,6.3505
1776.6,0.9191,0.18283,6.3507
1776.9,0.92194,0.19134,6.3516
1777,0.92324,0.19722,6.3522
1777.3,0.91619,0.1737,6.3529
1777.7,0.91936,0.18659,6.3543
1777.7,0.9194,0.18748,NaN
1777.8,0.921,0.18835,6.3551
1778.1,0.91507,0.16554,6.3558
1778.4,0.92076,0.18673,6.3578
1778.5,0.92116,0.18975,NaN
1778.6,0.91846,0.17834,6.363
1778.9,0.91179,0.15799,6.3638
1779.3,0.91864,0.17748,6.3664
1779.3,0.92001,0.17899,NaN
1779.4,0.91773,0.17536,6.3674
1779.6,0.91282,0.16253,6.3687
1780,0.9135,0.16011,6.3713
1780.1,0.91275,0.15958,NaN
1780.2,0.91331,0.15881,6.3722
1780.5,0.91295,0.16012,6.3731
1780.8,0.91342,0.16367,6.3742
1780.9,0.91348,0.16386,6.3746
1781,0.91402,0.16331,6.3748
1781.2,0.91587,0.16545,6.3751
1781.5,0.91767,0.17456,6.3755
1781.6,0.91567,0.16675,6.3757
1781.9,0.91232,0.1552,6.3758
1782.3,0.91881,0.17694,6.3762
1782.3,0.91624,0.17297,NaN
1782.4,0.91516,0.16893,6.3764
1782.6,0.91929,0.17389,6.3766
1783,0.92112,0.18837,6.377
1783.1,0.92025,0.1792,6.3774
1783.2,0.91906,0.17887,6.3776
1783.4,0.92101,0.1899,6.378
1783.8,0.92127,0.18391,6.3789
1783.9,0.91906,0.18178,NaN
1784,0.91916,0.18188,6.3794
1784.3,0.92498,0.19694,6.38
1784.6,0.91407,0.16338,6.3814
1784.6,0.91376,0.16341,NaN
1784.9,0.91796,0.17052,6.3824
1785,0.92192,0.19103,6.3856
1785.3,0.91497,0.1645,6.3881
1785.4,0.91337,0.16454,NaN
1785.6,0.9167,0.17171,6.3907
1785.9,0.92399,0.19214,6.3915
1786.2,0.91506,0.16326,6.393
1786.2,0.91289,0.16232,NaN
1786.4,0.9142,0.16402,6.3953
1786.6,0.91857,0.1793,6.3965
1787,0.91288,0.15926,6.3979
1787,0.9131,0.15761,6.3988
1787.3,0.91151,0.15696,6.3992
1787.4,0.91331,0.15544,6.4001
1787.8,0.91355,0.15713,6.4019
1787.9,0.91239,0.15603,NaN
1788.1,0.91271,0.15875,6.4027
1788.3,0.91544,0.16414,6.4032
1788.6,0.91318,0.16011,6.4042
1788.6,0.91366,0.16112,NaN
1788.9,0.91705,0.17191,6.4048
1789,0.91591,0.16587,6.4051
1789.3,0.90964,0.15545,6.4053
1789.5,0.91329,0.16242,6.4055
1789.6,0.92008,0.17403,6.4056
1789.8,0.91554,0.1672,6.4057
1790.2,0.91957,0.17836,6.406
1790.2,0.92036,0.1802,NaN
1790.5,0.91897,0.17782,6.4063
1790.6,0.9143,0.1661,6.4066
1791,0.91767,0.17005,6.4073
1791,0.91984,0.17552,NaN
1791.3,0.92137,0.18453,6.4079
1791.4,0.92074,0.1817,6.4087
1791.7,0.9153,0.1743,6.4121
1791.8,0.9168,0.17422,NaN
1792.1,0.91797,0.18024,6.4139
1792.3,0.91924,0.17573,6.4147
1792.5,0.91622,0.16058,6.4155
1792.7,0.91251,0.15507,6.416
1792.9,0.91375,0.16284,6.4162
1793.1,0.91625,0.17183,6.4167
1793.4,0.91421,0.16171,6.4174
1793.5,0.91374,0.16234,6.4178
1793.7,0.91256,0.16172,6.4182
1794,0.91508,0.17017,6.4189
1794.1,0.91672,0.17144,6.4193
1794.2,0.91609,0.17122,6.4196
1794.5,0.91459,0.16327,6.4201
1794.9,0.91379,0.16378,6.4218
1794.9,0.91292,0.16311,NaN
1795,0.91678,0.16453,NaN
1795.3,0.91414,0.16429,6.425
1795.7,0.91481,0.16218,6.426
1795.7,0.9142,0.16199,NaN
1795.8,0.9136,0.16349,6.4264
1796.1,0.91591,0.164,6.4265
1796.4,0.91771,0.17445,6.427
1796.4,0.91835,0.17296,NaN
1796.7,0.91671,0.17383,6.4271
1796.8,0.91828,0.17501,6.4272
1797.2,0.91936,0.17724,6.4272
1797.2,0.91952,0.17621,NaN
1797.5,0.91768,0.18211,6.4273
1797.6,0.9204,0.18589,6.4275
1798,0.91992,0.18303,6.4279
1798,0.92135,0.18262,6.4283
1798.3,0.92124,0.19011,6.4285
1798.4,0.9215,0.19266,6.4289
1798.8,0.91943,0.1842,6.4297
1798.9,0.9192,0.18527,6.4303
1799.1,0.92213,0.1952,6.4306
1799.2,0.91407,0.1722,6.4312
1799.6,0.91814,0.17111,6.4326
1799.7,0.91872,0.17679,NaN
1799.8,0.92034,0.18639,6.434
1800,0.91629,0.16745,6.4364
1800.4,0.91701,0.17873,6.4403
1800.4,0.91979,0.18223,NaN
1800.7,0.9184,0.17611,6.4417
1800.8,0.91199,0.16697,6.4426
1801.1,0.91388,0.16571,6.4436
1801.2,0.91565,0.17244,6.4453
1801.4,0.91975,0.18159,6.4466
1801.9,0.91331,0.15707,6.449
1801.9,0.91272,0.15703,NaN
1802,0.91148,0.15504,6.4499
1802.2,0.91344,0.15597,6.4503
1802.7,0.91222,0.15828,6.4522
1802.7,0.91169,0.15867,NaN
1802.8,0.91168,0.16167,6.4528
1803.1,0.91267,0.15959,6.4532
1803.5,0.91755,0.17054,6.4537
1803.5,0.91589,0.16814,NaN
1803.6,0.91302,0.16329,NaN
1803.9,0.9113,0.1523,6.4541
1804.3,0.91844,0.17335,6.4545
1804.3,0.91641,0.17184,NaN
1804.4,0.91505,0.16925,6.4548
1804.6,0.91781,0.18122,6.455
1804.9,0.92083,0.19255,6.4552
1805.1,0.91735,0.17329,6.4557
1805.2,0.91806,0.17532,6.4561
1805.5,0.92094,0.18498,6.4565
1805.8,0.91973,0.18768,6.4575
1805.9,0.92044,0.18615,NaN
1806,0.91989,0.18426,6.458
1806.3,0.92015,0.18921,6.4586
1806.7,0.91439,0.16289,6.4634
1806.7,0.91388,0.16316,NaN
1806.9,0.91207,0.16095,6.4649
1807,0.917,0.17423,6.4661
1807.4,0.91642,0.16978,6.4682
1807.4,0.91642,0.16987,NaN
1807.6,0.91993,0.17831,6.4694
1807.9,0.92205,0.19339,6.4705
1808.1,0.91509,0.16785,6.4722
1808.3,0.91334,0.16629,6.4732
1808.5,0.91538,0.16877,6.4741
1808.6,0.91989,0.18284,6.4751
1809,0.913,0.16219,6.4765
1809.1,0.91381,0.15954,6.4774
1809.3,0.91153,0.15478,6.4778
1809.4,0.91204,0.15544,6.4786
1809.7,0.91143,0.16046,6.4798
1809.8,0.91527,0.16336,6.4806
1810,0.91262,0.16653,6.481
1810.5,0.91511,0.16749,6.4821
1810.5,0.91556,0.1671,NaN
1810.7,0.91468,0.1685,6.4827
1810.8,0.91383,0.16938,6.483
1811,0.90949,0.14809,6.4836
1811.3,0.90709,0.14656,6.4841
1811.4,0.91142,0.15485,6.4843
1811.7,0.91471,0.16759,6.4845
1811.9,0.91423,0.16497,6.4846
1812.2,0.91885,0.185,6.4849
1812.2,0.92108,0.18612,6.4852
1812.4,0.91514,0.17412,6.4853
1812.6,0.91867,0.18135,6.4856
1813,0.92464,0.19756,6.4863
1813,0.92239,0.19669,NaN
1813.3,0.91969,0.17878,6.4868
1813.4,0.91788,0.1783,6.4873
1813.8,0.91809,0.1807,6.4885
1813.8,0.91748,0.17675,NaN
1814.1,0.91095,0.15556,6.4892
1814.2,0.90852,0.1518,6.4898
1814.6,0.91895,0.17614,6.4911
1814.6,0.91329,0.16333,6.4918
1814.9,0.91167,0.15514,6.4922
1815,0.91244,0.15999,6.493
1815.3,0.92016,0.18117,6.4938
1815.4,0.91416,0.16406,6.495
1815.7,0.91238,0.15952,6.4954
1816.1,0.91524,0.16422,6.5012
1816.1,0.91355,0.16564,NaN
1816.2,0.91583,0.17025,6.5029
1816.5,0.91606,0.16837,6.5036
1816.9,0.91562,0.16629,6.5055
1816.9,0.91464,0.16585,NaN
1817.1,0.91342,0.16735,6.5061
1817.2,0.91295,0.16587,6.5067
1817.6,0.91452,0.16458,6.5076
1817.7,0.91748,0.16482,NaN
1817.9,0.91425,0.16491,6.5079
1818.1,0.91565,0.16644,6.5081
1818.5,0.91292,0.1595,6.5085
1818.5,0.91125,0.15895,NaN
1818.6,0.91466,0.16049,6.5086
1818.8,0.91409,0.16895,6.5087
1819.2,0.91434,0.1666,6.509
1819.2,0.91396,0.16505,NaN
1819.4,0.91126,0.15422,6.5092
1819.7,0.90919,0.14829,6.5094
1819.9,0.91136,0.16068,6.5098
1820,0.91347,0.1639,6.5105
1820.2,0.91299,0.16206,6.5109
1820.4,0.91173,0.1622,6.513
1820.8,0.91175,0.17002,6.5142
1820.9,0.91518,0.17135,6.5146
1821,0.9175,0.18004,6.5148
1821.2,0.9193,0.17605,6.5151
1821.7,0.91756,0.18096,6.516
1821.7,0.92066,0.18158,6.5164
1821.8,0.91943,0.17969,6.5166
1822.1,0.92222,0.19062,6.5168
1822.4,0.91632,0.17597,6.5176
1822.5,0.91664,0.17562,NaN
1822.7,0.91855,0.18613,6.5183
1822.8,0.91594,0.17441,6.5188
1823.2,0.91726,0.17353,6.5195
1823.2,0.91482,0.17333,NaN
1823.5,0.91685,0.17971,6.5205
1823.6,0.91607,0.17189,6.5211
1823.9,0.91505,0.16822,6.5218
1824,0.91394,0.16696,6.5235
1824.3,0.91487,0.1666,6.5267
1824.6,0.91735,0.16635,6.5291
1824.7,0.91584,0.16537,NaN
1824.8,0.91487,0.16922,6.5301
1825.1,0.91299,0.16586,6.5308
1825.2,0.91584,0.16746,6.5316
1825.5,0.91841,0.17027,6.5324
1825.6,0.91255,0.1622,6.5327
1825.8,0.91008,0.14857,6.5327
1826.1,0.91049,0.15371,6.5329
1826.4,0.9133,0.16711,6.5331
1826.4,0.91338,0.16586,NaN
1826.6,0.9153,0.1694,6.5333
1826.8,0.91801,0.1815,6.5335
1827.2,0.9215,0.18709,6.534
1827.2,0.92132,0.1894,6.5343
1827.5,0.92552,0.2024,6.5345
1827.7,0.92584,0.20849,6.535
1827.9,0.92072,0.18434,6.5379
1828,0.91916,0.18676,6.5397
1828.2,0.92203,0.19359,6.5403
1828.4,0.92143,0.18873,6.5415
1828.7,0.91474,0.167,6.5431
1828.8,0.91536,0.16845,6.5442
1829,0.91864,0.18284,6.5452
1829.2,0.91631,0.17584,6.5463
1829.5,0.912,0.15993,6.5473
1829.7,0.91464,0.17004,6.5487
1829.8,0.92275,0.19228,6.5492
1830,0.91576,0.16826,6.5501
1830.4,0.9149,0.16654,6.5521
1830.4,0.91668,0.16725,NaN
1830.6,0.91852,0.17744,6.553
1830.8,0.9157,0.17445,6.5539
1831.2,0.91257,0.16102,6.5552
1831.3,0.91144,0.16071,NaN
1831.4,0.91285,0.15983,6.5558
1831.6,0.9146,0.15955,6.556
1832.1,0.9139,0.16243,6.557
1832.1,0.91274,0.1649,NaN
1832.2,0.91666,0.17209,6.5574
1832.5,0.91553,0.16948,6.5577
1832.6,0.91524,0.17103,6.5581
1833,0.91027,0.15581,6.5586
1833,0.90663,0.14388,6.559
1833.2,0.90702,0.14569,6.5592
1833.4,0.91206,0.15844,6.5596
1833.8,0.91167,0.16433,6.5603
1833.8,0.91605,0.1654,NaN
1834.1,0.91698,0.1741,6.5612
1834.3,0.92046,0.18746,6.5619
1834.6,0.9227,0.19332,6.5648
1834.6,0.92217,0.19547,NaN
1834.8,0.92624,0.21335,6.5663
1835.1,0.92506,0.20211,6.5669
1835.4,0.92059,0.18688,6.5679
1835.5,0.92004,0.19009,6.5696
1835.6,0.92258,0.19646,6.5703
1835.9,0.91758,0.1783,6.5715
1836.2,0.91412,0.16813,6.5726
1836.3,0.91573,0.1711,6.5731
1836.4,0.92152,0.18929,6.5733
1836.6,0.91244,0.16151,6.5737
1837,0.91369,0.17064,6.5747
1837.1,0.91722,0.17558,6.5752
1837.2,0.91971,0.18807,6.5754
1837.5,0.91486,0.1691,6.5759
1837.9,0.91978,0.18034,6.5773
1838,0.91899,0.18199,NaN
1838.1,0.92036,0.18548,6.578
1838.2,0.91676,0.17235,6.5783
1838.5,0.91179,0.16386,6.579
1838.7,0.91404,0.16229,6.58
1838.9,0.91402,0.16163,6.5807
1839.1,0.91259,0.16032,6.581
1839.2,0.91171,0.15973,6.5817
1839.5,0.91297,0.16282,6.5828
1839.6,0.91291,0.16377,6.5835
1839.8,0.91206,0.16204,6.5838
1840.2,0.91637,0.17149,6.5851
1840.3,0.91427,0.17038,NaN
1840.4,0.91143,0.15555,6.5877
1840.7,0.9076,0.14835,6.589
1840.8,0.90895,0.15069,6.5897
1841.2,0.91379,0.16541,6.5906
1841.2,0.91283,0.16405,6.5913
1841.4,0.9126,0.15572,6.5917
1841.6,0.90887,0.15187,6.5922
1841.9,0.91462,0.16611,6.5927
1842,0.91807,0.17108,6.5928
1842.3,0.9161,0.17259,6.593
1842.4,0.91729,0.1754,6.5933
1842.7,0.91865,0.17951,6.5938
1842.8,0.92023,0.18608,6.5942
1843.1,0.92172,0.18448,6.5946
1843.5,0.91875,0.17653,6.5956
1843.5,0.91742,0.17729,NaN
1843.6,0.91788,0.18091,6.5961
1843.8,0.9189,0.17464,6.5966
1844.3,0.91568,0.16791,6.5977
1844.3,0.91459,0.16899,NaN
1844.4,0.91525,0.17225,6.5986
1844.6,0.91653,0.17405,6.5998
1845.2,0.91148,0.16274,6.6046
1845.2,0.91319,0.16492,NaN
1845.3,0.91311,0.16423,NaN
1845.5,0.91546,0.17221,6.6055
1845.6,0.91661,0.16912,6.6057
1846.1,0.91648,0.1644,6.6069
1846.1,0.91396,0.16501,NaN
1846.2,0.91273,0.16422,6.6073
1846.4,0.91496,0.16456,6.6076
1846.8,0.91447,0.16225,6.6083
1846.9,0.9138,0.16369,NaN
1847,0.91223,0.16124,6.6086
1847.2,0.91443,0.16032,6.6089
1847.6,0.91255,0.16742,6.6095
1847.7,0.91508,0.16625,NaN
1847.9,0.9156,0.17082,6.6098
1848.1,0.917,0.17672,6.6101
1848.5,0.91991,0.18338,6.6108
1848.5,0.92069,0.18351,NaN
1848.7,0.92006,0.18242,6.6111
1848.8,0.91912,0.17976,6.612
1849.3,0.92124,0.18861,6.6141
1849.3,0.9228,0.19125,NaN
1849.4,0.92276,0.20035,6.6155
1849.6,0.92649,0.20842,6.6166
1850.1,0.92048,0.18941,6.6181
1850.1,0.92162,0.18991,NaN
1850.2,0.92288,0.19895,6.6193
1850.4,0.92279,0.1976,6.6205
1850.8,0.91589,0.17038,6.6221
1850.8,0.9176,0.17044,NaN
1851.1,0.92085,0.18515,6.6236
1851.2,0.91874,0.18194,6.6245
1851.5,0.91455,0.16441,6.6259
1851.6,0.9152,0.16687,6.6268
1851.9,0.92147,0.19038,6.6278
1852.1,0.91282,0.16506,6.6286
1852.3,0.91479,0.16402,6.6296
1852.5,0.91691,0.16836,6.6305
1852.6,0.92097,0.18442,6.631
1852.9,0.91857,0.17585,6.6321
1853.2,0.91458,0.16388,6.6342
1853.3,0.91452,0.16356,NaN
1853.4,0.91365,0.16266,6.6351
1853.6,0.91383,0.1613,6.636
1854.1,0.91439,0.16455,6.6376
1854.1,0.91349,0.16532,NaN
1854.2,0.91584,0.17114,6.6383
1854.5,0.91409,0.16757,6.6389
1855,0.91213,0.15735,6.6398
1855,0.91312,0.15513,NaN
1855.1,0.90947,0.15264,NaN
1855.2,0.91358,0.15927,6.64
1855.4,0.91472,0.17178,6.6401
1855.9,0.91245,0.15766,6.6403
1855.9,0.91163,0.15684,NaN
1856,0.91194,0.15976,6.6405
1856.3,0.91545,0.17673,6.6407
1856.4,0.91642,0.17635,6.641
1856.7,0.92163,0.189,6.6415
1856.8,0.92028,0.19053,6.6419
1857,0.92632,0.20715,6.6421
1857.5,0.9205,0.19052,6.6435
1857.5,0.9228,0.19331,NaN
1857.6,0.9242,0.20091,6.6441
1857.8,0.91861,0.18238,6.6447
1858.3,0.91996,0.18295,6.6462
1858.3,0.9199,0.18508,NaN
1858.4,0.92296,0.19342,6.6469
1858.6,0.91557,0.16906,6.6476
1858.8,0.91529,0.16745,6.6483
1859.1,0.92199,0.19248,6.6533
1859.2,0.92279,0.19091,6.6552
1859.5,0.913,0.16618,6.6559
1859.7,0.91267,0.168,6.657
1859.9,0.92106,0.18853,6.6583
1860.1,0.92086,0.1844,6.6593
1860.2,0.91742,0.16605,6.6602
1860.7,0.91324,0.16281,6.6633
1860.7,0.91476,0.1618,NaN
1860.8,0.91424,0.1618,6.6643
1861.1,0.91471,0.16328,6.6651
1861.4,0.9154,0.16691,6.6666
1861.5,0.91445,0.16644,NaN
1861.6,0.91617,0.16888,6.6673
1861.8,0.91757,0.17116,6.6677
1862.2,0.91613,0.17007,6.6682
1862.2,0.9143,0.16438,NaN
1862.5,0.91053,0.1543,6.6684
1862.6,0.91475,0.16934,6.6686
1863,0.91092,0.16232,6.6689
1863.1,0.91315,0.15925,NaN
1863.2,0.91185,0.15452,6.6691
1863.5,0.91579,0.16349,6.6695
1863.8,0.91617,0.17106,6.6699
1863.9,0.91565,0.16871,NaN
1864,0.91932,0.17677,6.6704
1864.3,0.92141,0.18564,6.6709
1864.7,0.91683,0.17628,6.6719
1864.7,0.91772,0.1759,NaN
1864.8,0.91758,0.17356,6.6724
1865.1,0.91944,0.1818,6.6729
1865.4,0.91436,0.16498,6.6746
1865.5,0.91528,0.16547,NaN
1865.6,0.91512,0.16557,6.6788
1865.8,0.91937,0.17808,6.6796
1866.2,0.91297,0.15859,6.6826
1866.3,0.91263,0.15855,NaN
1866.4,0.91287,0.15615,6.6836
1866.6,0.91537,0.16762,6.6847
1867.1,0.91311,0.16231,6.6868
1867.1,0.91425,0.16095,NaN
1867.3,0.91031,0.15654,6.6877
1867.4,0.9096,0.15004,6.6882
1867.9,0.90931,0.15134,6.6902
1868,0.91044,0.15004,NaN
1868,0.91124,0.15007,6.6909
1868.3,0.91014,0.15034,6.6911
1868.4,0.90927,0.15204,6.6915
1868.7,0.9108,0.15239,6.6924
1868.8,0.90924,0.15333,6.6929
1869,0.90902,0.14892,6.6931
1869.2,0.90687,0.1412,6.6934
1869.6,0.91356,0.16196,6.6937
1869.6,0.91606,0.16791,NaN
1869.8,0.91798,0.17414,6.6939
1870,0.91798,0.17358,6.6939
1870.3,0.91468,0.16345,6.694
1870.5,0.91453,0.16832,6.6941
1870.6,0.91594,0.16739,6.6941
1870.9,0.91564,0.16963,6.6942
1871.3,0.91555,0.17225,6.6945
1871.3,0.91643,0.17163,NaN
1871.4,0.91659,0.17029,6.6947
1871.6,0.9147,0.16904,6.6949
1872.1,0.91949,0.1857,6.6956
1872.1,0.92206,0.18544,NaN
1872.2,0.91944,0.18355,6.696
1872.4,0.91916,0.18158,6.6964
1872.6,0.92281,0.18773,6.6969
1872.9,0.92015,0.18437,6.6977
1873,0.91975,0.18534,6.6983
1873.3,0.9213,0.19229,6.6986
1873.4,0.91658,0.17601,6.6993
1873.7,0.91937,0.17801,6.7028
1873.8,0.92265,0.18844,6.7048
1874.1,0.9165,0.1732,6.7056
1874.5,0.91574,0.16807,6.7084
1874.6,0.91527,0.17074,NaN
1874.6,0.91749,0.17858,NaN
1874.8,0.91769,0.17482,6.7101
1875,0.91218,0.15886,6.7112
1875.4,0.91381,0.15697,6.7132
1875.4,0.91277,0.15735,NaN
1875.6,0.9107,0.1568,6.7144
1875.9,0.9118,0.15725,6.7152
1876.3,0.91407,0.16521,6.7164
1876.3,0.91367,0.16108,NaN
1876.5,0.91143,0.16074,6.7168
1876.7,0.91259,0.16341,6.717
1877,0.91436,0.16364,6.7174
1877.1,0.91395,0.15928,NaN
1877.2,0.91055,0.15903,6.7177
1877.4,0.91618,0.17455,6.7179
1877.7,0.91744,0.17048,6.7181
1878,0.91636,0.17717,6.7185
1878,0.91867,0.17853,NaN
1878.3,0.91986,0.18669,6.7188
1878.4,0.9177,0.17039,6.7192
1878.7,0.91992,0.18269,6.7196
1878.9,0.92208,0.19136,6.72
1879.1,0.92546,0.20145,6.7205
1879.5,0.91826,0.17795,6.7217
1879.5,0.92001,0.17962,6.7223
1879.7,0.92395,0.19309,6.7226
1879.8,0.91665,0.17711,6.723
1880,0.91725,0.16404,6.7237
1880.4,0.91872,0.18606,6.7261
1880.4,0.9199,0.18846,NaN
1880.7,0.91624,0.16526,6.7305
1880.9,0.91543,0.16221,6.7319
1881.2,0.92027,0.18505,6.7334
1881.2,0.92123,0.18627,NaN
1881.4,0.91397,0.16536,6.7346
1881.7,0.91472,0.16164,6.7356
1882,0.9152,0.17051,6.7381
1882,0.91813,0.17865,6.7391
1882.2,0.91466,0.16611,6.7396
1882.5,0.912,0.15481,6.7405
1882.8,0.91263,0.15471,6.7422
1882.8,0.90877,0.15382,NaN
1883,0.90991,0.15391,6.7428
1883.2,0.91152,0.15641,6.7432
1883.6,0.91415,0.16341,6.7439
1883.7,0.91544,0.16152,NaN
1883.9,0.91128,0.15989,6.7444
1884,0.91374,0.1632,6.7447
1884.2,0.91659,0.16651,6.745
1884.6,0.91091,0.1569,6.7454
1884.7,0.91419,0.16268,6.7457
1884.8,0.9154,0.17115,6.7458
1885,0.91478,0.16528,6.7461
1885.3,0.91806,0.17956,6.7466
1885.4,0.92118,0.18466,6.7469
1885.6,0.91877,0.18086,6.7471
1885.8,0.91717,0.17115,6.7475
1886.1,0.92171,0.18458,6.7482
1886.3,0.92205,0.19495,6.7488
1886.5,0.92305,0.19048,6.7493
1886.6,0.91643,0.17458,6.7499
1886.9,0.91603,0.17866,6.7515
1887,0.91991,0.18681,6.7546
1887.2,0.91462,0.16273,6.7562
1887.5,0.91308,0.15706,6.7573
1887.8,0.91984,0.18285,6.7596
1887.8,0.91957,0.18127,NaN
1888.1,0.91283,0.15926,6.7607
1888.3,0.91287,0.15984,6.7615
1888.6,0.91894,0.17895,6.7625
1888.6,0.91867,0.17542,NaN
1888.8,0.91345,0.1605,6.763
1889.1,0.91108,0.16021,6.764
1889.4,0.91546,0.17137,6.7671
1889.4,0.91673,0.17705,NaN
1889.7,0.91291,0.16062,6.7687
1889.8,0.90951,0.15262,6.7693
1890.2,0.90942,0.14941,6.7703
1890.3,0.90792,0.14879,6.7714
1890.4,0.90835,0.14727,6.7719
1890.7,0.90829,0.14553,6.7728
1890.9,0.90818,0.14718,6.7737
1891,0.9064,0.14411,6.774
1891.2,0.90692,0.14428,6.7741
1891.4,0.90718,0.14668,6.7744
1891.7,0.91481,0.16279,6.7747
1891.8,0.91175,0.16202,6.7749
1892.1,0.91115,0.16119,6.7751
1892.2,0.9112,0.15329,6.7752
1892.5,0.91202,0.16238,6.7754
1892.6,0.91387,0.16456,6.7755
1892.9,0.91484,0.16534,6.7757
1893,0.91306,0.16024,6.7759
1893.5,0.91599,0.17002,6.7773
1893.6,0.91538,0.17276,NaN
1893.7,0.91796,0.17515,6.7789
1893.8,0.91422,0.16808,6.7794
1894,0.91714,0.17162,6.7803
1894.2,0.91697,0.17325,6.7811
1894.5,0.91837,0.17731,6.7823
1894.6,0.91678,0.18006,6.7831
1894.8,0.91992,0.18056,6.7834
1895.3,0.91963,0.17382,6.7852
1895.3,0.91701,0.17081,NaN
1895.5,0.91506,0.16944,6.7857
1895.6,0.91464,0.16981,6.7861
1895.9,0.91582,0.17457,6.7866
1896.2,0.91182,0.16385,6.7879
1896.2,0.91584,0.16406,6.7887
1896.4,0.91396,0.16349,6.789
1896.6,0.91424,0.16636,6.7897
1897.1,0.91468,0.16455,6.7911
1897.1,0.91173,0.16416,6.7919
1897.2,0.91451,0.16596,6.7922
1897.5,0.91556,0.1656,6.7925
1897.8,0.91226,0.1632,6.7937
1897.8,0.9141,0.16337,NaN
1898,0.91179,0.16117,6.7945
1898.2,0.91487,0.16202,6.7953
1898.6,0.91229,0.15969,6.7958
1898.6,0.91241,0.16038,NaN
1898.9,0.91365,0.16301,6.7963
1899,0.9148,0.1691,6.7967
1899.2,0.91555,0.16723,6.7972
1899.7,0.91823,0.17618,6.7979
1899.8,0.91989,0.17472,NaN
1899.8,0.91604,0.17652,6.798
1900,0.91996,0.18436,6.7981
1900.2,0.92345,0.19338,6.7982
1900.6,0.92012,0.18242,6.7986
1900.6,0.9197,0.18606,NaN
1900.8,0.92031,0.19478,6.799
1901,0.92294,0.20327,6.7993
1901.5,0.91929,0.18744,6.8006
1901.5,0.92166,0.18833,NaN
1901.7,0.92088,0.19519,6.8015
1901.8,0.91978,0.18626,6.804
1902.3,0.91438,0.16887,6.8074
1902.3,0.91554,0.17301,NaN
1902.4,0.91949,0.18618,6.8091
1902.6,0.91586,0.16631,6.8096
1902.9,0.91165,0.1676,6.8106
1903.2,0.92104,0.1932,6.8129
1903.3,0.92112,0.18986,NaN
1903.4,0.91287,0.16582,6.8139
1903.6,0.91155,0.16318,6.815
1903.9,0.91713,0.17797,6.8164
1904,0.91871,0.18321,6.8173
1904.3,0.91544,0.16771,6.8179
1904.5,0.91319,0.15969,6.819
1904.9,0.91085,0.15395,6.8209
1904.9,0.91053,0.15484,NaN
1905,0.90969,0.15409,6.822
1905.2,0.9122,0.15702,6.8224
1905.4,0.91136,0.15836,6.8231
1905.7,0.91072,0.16056,6.8238
1905.8,0.91242,0.16049,6.8241
1906.1,0.91298,0.16598,6.8242
1906.4,0.90891,0.14851,6.8247
1906.5,0.90786,0.147,NaN
1906.6,0.90873,0.14571,6.825
1906.8,0.91227,0.15995,6.8252
1907,0.91734,0.16751,6.8254
1907.4,0.91635,0.1776,6.8257
1907.5,0.91916,0.1808,6.8259
1907.7,0.91984,0.18897,6.826
1907.8,0.92072,0.18364,6.8263
1908.1,0.92546,0.20374,6.8275
1908.2,0.92721,0.21015,6.8299
1908.5,0.92097,0.19397,6.8306
1908.6,0.91997,0.18697,6.8318
1909,0.92405,0.19797,6.8334
1909,0.92234,0.19684,NaN
1909.2,0.9176,0.17176,6.8346
1909.4,0.91397,0.16471,6.8359
1909.7,0.9188,0.18183,6.8376
1910,0.91175,0.16169,6.839
1910,0.9101,0.16024,6.8399
1910.2,0.91552,0.17295,6.8404
1910.4,0.92161,0.19234,6.8414
1910.9,0.91386,0.16387,6.8434
1910.9,0.91463,0.16501,6.8443
1911,0.91406,0.16549,6.8448
1911.3,0.91819,0.17747,6.8453
1911.4,0.91821,0.18035,6.8463
1911.8,0.91336,0.16321,6.8477
1911.8,0.9124,0.16169,6.8485
1912,0.91222,0.16101,6.849
1912.3,0.91313,0.15927,6.8495
1912.6,0.9138,0.16359,6.8512
1912.6,0.91233,0.16375,NaN
1912.8,0.91497,0.16819,6.8518
1913,0.91475,0.16518,6.8527
1913.4,0.91699,0.17003,6.8532
1913.4,0.91478,0.17003,NaN
1913.6,0.91243,0.15943,6.854
1913.8,0.90712,0.14474,6.8544
1914.3,0.91518,0.17008,6.8552
1914.3,0.91449,0.16809,NaN
1914.4,0.91317,0.16362,6.8554
1914.7,0.91491,0.16468,6.8554
1914.8,0.91607,0.17247,6.8556
1915.2,0.91727,0.17672,6.8561
1915.2,0.91834,0.17816,NaN
1915.5,0.91962,0.18615,6.8566
1915.6,0.92471,0.1985,6.8569
1916.1,0.91763,0.17933,6.8578
1916.1,0.91803,0.18072,NaN
1916.3,0.91896,0.18015,6.8583
1916.4,0.92067,0.18281,6.8589
1916.9,0.91144,0.16426,6.8601
1916.9,0.91468,0.16411,NaN
1917,0.91405,0.16023,6.8608
1917.3,0.91113,0.16203,6.8614
1917.4,0.91856,0.1759,6.862
1917.7,0.91597,0.16038,6.8631
1917.8,0.91049,0.15603,6.8638
1918.1,0.90873,0.15021,6.8641
1918.3,0.90976,0.15425,6.8671
1918.6,0.91366,0.17147,6.8705
1918.7,0.91422,0.17214,NaN
1918.8,0.91232,0.161,6.872
1919,0.91,0.15595,6.8729
1919.4,0.90933,0.15246,6.8742
1919.4,0.91032,0.15171,6.8749
1919.6,0.90941,0.15318,6.8752
1919.9,0.90902,0.15422,6.876
1920.3,0.9104,0.15498,6.8771
1920.3,0.90975,0.15267,NaN
1920.5,0.90815,0.15272,6.8773
1920.7,0.91172,0.15269,6.8774
1920.9,0.91108,0.15806,6.8775
1921.1,0.91554,0.17115,6.8777
1921.2,0.91554,0.1734,6.8778
1921.5,0.91843,0.17733,6.8778
1921.6,0.91889,0.17611,6.8779
1922,0.91828,0.17641,6.878
1922.1,0.91785,0.17575,NaN
1922.2,0.91447,0.17075,6.8781
1922.4,0.917,0.17878,6.8782
1922.6,0.91651,0.1776,6.8784
1923,0.92373,0.19851,6.8789
1923.1,0.92089,0.19531,NaN
1923.3,0.91849,0.1853,6.8795
1923.4,0.91957,0.18544,6.8797
1923.7,0.92254,0.19238,6.8802
1924,0.91832,0.17867,6.8813
1924,0.91553,0.17705,NaN
1924.2,0.91672,0.1758,6.8819
1924.4,0.91839,0.18808,6.8829
1924.9,0.91284,0.16559,6.8847
1925,0.91474,0.16867,NaN
1925,0.91413,0.17267,6.8854
1925.2,0.92003,0.18864,6.8858
1925.5,0.91624,0.16747,6.8866
1925.6,0.91265,0.16628,6.8874
1926.1,0.9179,0.18317,6.8891
1926.1,0.91953,0.18257,NaN
1926.2,0.91589,0.1703,6.8941
1926.4,0.91182,0.16216,6.8951
1926.9,0.91339,0.15995,6.8981
1926.9,0.91177,0.15867,NaN
1927.1,0.91201,0.15793,6.8989
1927.2,0.91222,0.16174,6.8997
1927.8,0.91498,0.16923,6.9022
1927.8,0.91489,0.16819,NaN
1927.9,0.91771,0.17043,6.9028
1928,0.91576,0.17032,6.903
1928.2,0.91381,0.16661,6.9033
1928.6,0.90818,0.14746,6.9037
1928.7,0.90873,0.15014,NaN
1928.8,0.91275,0.16414,6.9038
1929.1,0.91403,0.16234,6.9039
1929.4,0.91402,0.1659,6.9042
1929.5,0.91476,0.16876,NaN
1929.6,0.92081,0.18491,6.9046
1929.8,0.92193,0.18626,6.9049
1930.3,0.92714,0.21078,6.9057
1930.3,0.92611,0.20934,NaN
1930.4,0.92347,0.19551,6.9062
1930.6,0.91939,0.18577,6.9067
1930.8,0.92053,0.18996,6.9073
1931.3,0.91573,0.17027,6.9085
1931.3,0.91398,0.1701,6.9092
1931.5,0.91387,0.16481,6.9096
1931.6,0.91593,0.17419,6.91
1932.1,0.91133,0.15747,6.9119
1932.1,0.90993,0.15672,NaN
1932.2,0.9109,0.15661,6.9127
1932.4,0.91612,0.17181,6.9131
1932.7,0.9183,0.17917,6.914
1933,0.91253,0.16739,6.917
1933,0.91517,0.16913,NaN
1933.2,0.91932,0.17834,6.9205
1933.5,0.91761,0.17768,6.9226
1933.8,0.91128,0.16181,6.9252
1933.9,0.91193,0.16149,NaN
1934,0.9123,0.15928,6.9265
1934.2,0.91041,0.161,6.9276
1934.7,0.91349,0.16599,6.9292
1934.7,0.91313,0.16526,NaN
1934.8,0.91478,0.1671,6.9298
1935,0.91461,0.16732,6.93
1935.5,0.91292,0.16403,6.9307
1935.5,0.9146,0.1623,NaN
1935.7,0.90946,0.1507,6.931
1935.8,0.90983,0.14897,6.9312
1936.2,0.91564,0.16818,6.9315
1936.3,0.91531,0.16734,NaN
1936.4,0.91286,0.15601,6.932
1936.6,0.91227,0.15764,6.9323
1937.1,0.91634,0.17026,6.9329
1937.1,0.91518,0.17133,NaN
1937.3,0.91768,0.17751,6.9336
1937.4,0.92028,0.18738,6.9338
1937.9,0.91922,0.18349,6.935
1937.9,0.91878,0.18237,NaN
1938,0.91784,0.18327,6.9356
1938.3,0.92054,0.19011,6.9359
1938.7,0.91108,0.16126,6.9377
1938.7,0.91183,0.16156,NaN
1938.9,0.91231,0.16267,NaN
1939,0.91459,0.17245,6.9392
1939.3,0.91559,0.17446,6.94
1939.6,0.91107,0.15376,6.9447
1939.6,0.90881,0.155,NaN
1939.9,0.91307,0.16792,6.9471
1940.1,0.91251,0.16711,6.9482
1940.5,0.91141,0.15203,6.9495
1940.5,0.91045,0.15221,6.9501
1940.6,0.91327,0.1609,6.9504
1940.8,0.91589,0.17439,6.9508
1941,0.91442,0.16288,6.9514
1941.3,0.91247,0.1611,6.9521
1941.4,0.91286,0.16125,6.9526
1941.6,0.91343,0.1607,6.9529
1942.1,0.91124,0.16135,6.9568
1942.1,0.91338,0.16002,NaN
1942.2,0.91219,0.16103,6.9577
1942.4,0.91068,0.15958,6.9584
1942.7,0.91168,0.16013,6.9588
1943,0.91425,0.16215,6.9594
1943.1,0.91364,0.16381,NaN
1943.2,0.91332,0.1697,6.9597
1943.5,0.91625,0.17385,6.9599
1943.6,0.91359,0.16833,6.96
1944,0.91251,0.16144,6.9601
1944,0.91406,0.162,NaN
1944.2,0.91481,0.17039,6.9601
1944.4,0.91553,0.16507,6.9602
1944.9,0.90914,0.15704,6.9608
1945,0.91059,0.1571,6.9611
1945.1,0.91191,0.15826,6.9613
1945.2,0.91419,0.17175,6.9614
1945.5,0.91628,0.17342,6.9618
1945.9,0.91743,0.17413,6.9628
1945.9,0.91711,0.17446,NaN
1946,0.91582,0.17307,6.9635
1946.3,0.91745,0.17657,6.9638
1946.7,0.91655,0.17301,6.9652
1946.7,0.91655,0.17348,NaN
1946.8,0.91586,0.17303,6.966
1947,0.91595,0.17717,6.9667
1947.2,0.91877,0.17668,6.9693
1947.6,0.91654,0.17519,6.9716
1947.6,0.91618,0.17524,NaN
1947.8,0.91568,0.17099,6.9726
1948.1,0.91544,0.17076,6.9734
1948.4,0.91404,0.16989,6.9753
1948.4,0.91599,0.16985,NaN
1948.6,0.91323,0.16861,6.9769
1948.8,0.91572,0.17046,6.9773
1949.2,0.91474,0.16969,6.9781
1949.3,0.91425,0.17023,NaN
1949.4,0.91368,0.16888,6.9788
1949.6,0.91513,0.1689,6.9792
1950.1,0.91477,0.17218,6.9812
1950.1,0.91428,0.171,NaN
1950.2,0.91523,0.17121,6.9816
1950.5,0.91586,0.16186,6.9821
1950.8,0.91798,0.17939,6.9826
1950.9,0.91845,0.17969,NaN
1951.1,0.91575,0.16782,6.9827
1951.2,0.91202,0.16261,6.9829
1951.7,0.91756,0.18058,6.9834
1951.7,0.91887,0.17787,NaN
1951.9,0.91705,0.1745,6.9837
1952,0.9192,0.18422,6.9839
1952.2,0.92334,0.19691,6.9842
1952.6,0.91989,0.18406,6.9852
1952.7,0.91886,0.18434,NaN
1952.8,0.92191,0.19271,6.986
1953.1,0.92504,0.19776,6.9863
1953.4,0.91533,0.1685,6.9876
1953.5,0.91579,0.16898,NaN
1953.6,0.91763,0.17988,6.9887
1953.9,0.92311,0.18773,6.9895
1954.3,0.91401,0.17187,6.9941
1954.3,0.91658,0.17496,NaN
1954.4,0.91925,0.18453,6.9965
1954.6,0.91959,0.17915,6.9973
1954.9,0.91119,0.15797,6.9986
1955.1,0.91246,0.16231,6.9999
1955.2,0.91437,0.17191,7.0008
1955.4,0.91863,0.17822,7.0013
1955.6,0.91293,0.16448,7.0028
1956,0.91231,0.1608,7.0053
1956,0.91265,0.16191,NaN
1956.2,0.91031,0.16158,7.0062
1956.4,0.91393,0.1601,7.0074
1956.8,0.91282,0.16147,7.0085
1956.8,0.91298,0.16248,NaN
1957,0.91251,0.16231,7.0094
1957.3,0.91288,0.16593,7.0099
1957.6,0.91407,0.16818,7.0104
1957.6,0.91409,0.16371,NaN
1957.8,0.90954,0.1544,7.0106
1958.1,0.91305,0.16822,7.0107
1958.4,0.91394,0.16616,7.0108
1958.4,0.91368,0.16381,7.0109
1958.6,0.91467,0.16512,7.011
1958.8,0.9193,0.1813,7.0112
1959.2,0.91858,0.1758,7.0118
1959.3,0.91744,0.17889,7.0121
1959.4,0.92179,0.19146,7.0124
1959.7,0.9257,0.20567,7.0128
1959.8,0.9188,0.18569,7.0133
1960.1,0.92207,0.19086,7.0142
1960.2,0.9226,0.19653,7.0147
1960.5,0.92133,0.18761,7.015
1960.7,0.91686,0.17046,7.0157
1960.9,0.91554,0.17151,7.0168
1961.1,0.91991,0.19071,7.0198
1961.3,0.91736,0.17534,7.0223
1961.5,0.91376,0.16478,7.0243
1961.6,0.91596,0.17064,7.0251
1961.9,0.91979,0.19195,7.0257
1962,0.91546,0.16923,7.0264
1962.3,0.91068,0.15782,7.027
1962.5,0.91313,0.1594,7.0277
1962.7,0.91861,0.17689,7.0282
1962.9,0.91572,0.17174,7.0287
1963,0.91444,0.16273,7.0292
1963.3,0.91271,0.15983,7.0305
1963.4,0.9106,0.16142,7.0332
1963.7,0.91046,0.15971,7.0345
1963.8,0.91168,0.16164,7.0356
1964.3,0.91376,0.16529,7.0368
1964.4,0.91432,0.16275,NaN
1964.4,0.9143,0.16381,NaN
1964.6,0.91497,0.16607,7.0377
1964.8,0.91782,0.17567,7.0381
1965.2,0.91108,0.15696,7.0385
1965.3,0.91081,0.15686,NaN
1965.4,0.91387,0.16348,7.0388
1965.7,0.91769,0.17615,7.039
1965.9,0.91694,0.16895,7.0392
1966.3,0.91868,0.1787,7.0397
1966.3,0.92121,0.18239,7.04
1966.4,0.92037,0.1808,7.0402
1966.6,0.91619,0.17166,7.0404
1967.1,0.91809,0.17678,7.0414
1967.1,0.91854,0.18362,NaN
1967.2,0.91823,0.18464,7.0422
1967.4,0.91999,0.18186,7.043
1967.6,0.91667,0.1759,7.0464
1968.1,0.91885,0.17911,7.0483
1968.1,0.9153,0.17763,NaN
1968.2,0.92004,0.17954,7.0489
1968.5,0.91616,0.16746,7.0499
1968.9,0.91558,0.16755,7.0524
1969,0.9179,0.16885,NaN
1969,0.91566,0.17191,7.0529
1969.2,0.91651,0.16867,7.0531
1969.4,0.91336,0.16235,7.0533
1969.6,0.9134,0.15988,7.0535
1970.1,0.91711,0.17305,7.0545
1970.1,0.91566,0.1745,NaN
1970.3,0.9155,0.17002,7.0551
1970.5,0.91455,0.16391,7.0561
1970.6,0.91368,0.16317,7.0578
1971.1,0.91499,0.16448,7.0593
1971.1,0.91521,0.16435,NaN
1971.3,0.91475,0.16519,7.0596
1971.4,0.91523,0.16429,7.0599
1971.6,0.91285,0.16377,7.0601
1972,0.91314,0.16434,7.0606
1972.1,0.91375,0.16525,NaN
1972.2,0.91509,0.16939,7.0607
1972.4,0.91589,0.17359,7.0608
1972.9,0.91875,0.17831,7.0609
1972.9,0.91874,0.18018,NaN
1973,0.92135,0.18132,7.0609
1973.3,0.91654,0.17696,7.061
1973.4,0.91781,0.18234,7.0611
1973.8,0.91772,0.18176,7.0615
1973.9,0.91902,0.18359,NaN
1974.1,0.91963,0.18296,7.0621
1974.2,0.92313,0.19249,7.0625
1974.7,0.9191,0.18096,7.0635
1974.7,0.91888,0.18073,NaN
1974.8,0.91896,0.18381,7.0641
1975.1,0.92484,0.19618,7.0647
1975.5,0.91355,0.16441,7.0661
1975.5,0.91517,0.16618,NaN
1975.6,0.91812,0.17793,7.067
1975.9,0.92182,0.18989,7.0678
1976.3,0.91538,0.16538,7.0734
1976.3,0.91333,0.16864,NaN
1976.4,0.91711,0.18172,7.0752
1976.7,0.91955,0.17992,7.0761
1976.8,0.91481,0.16692,7.0769
1977.3,0.91807,0.17395,7.0798
1977.3,0.91813,0.17563,NaN
1977.5,0.91816,0.18057,7.0809
1977.7,0.91152,0.16272,7.0819
1977.8,0.91119,0.15768,7.0828
1978.2,0.91292,0.15581,7.0842
1978.2,0.91131,0.15648,7.085
1978.5,0.91243,0.15639,7.0854
1978.7,0.9132,0.15973,7.0862
1979.1,0.91356,0.16383,7.0875
1979.2,0.9127,0.16373,NaN
1979.2,0.91447,0.16314,NaN
1979.4,0.91519,0.17076,7.0887
1979.6,0.91566,0.16693,7.0891
1980,0.91052,0.15602,7.0896
1980,0.91461,0.16453,7.0898
1980.3,0.91652,0.17457,7.0898
1980.4,0.91692,0.17043,7.0899
1980.8,0.92448,0.18964,7.0901
1980.8,0.9226,0.19039,NaN
1981,0.91975,0.18052,7.0903
1981.2,0.91606,0.17232,7.0906
1981.6,0.92118,0.1934,7.0914
1981.6,0.92511,0.1998,NaN
1981.9,0.92168,0.18885,7.0918
1982.1,0.91956,0.18322,7.093
1982.4,0.92388,0.1951,7.0975
1982.5,0.9217,0.19194,NaN
1982.6,0.91452,0.16789,7.0986
1982.8,0.91564,0.1645,7.0998
1983.3,0.91491,0.16769,7.1019
1983.3,0.91452,0.16932,NaN
1983.4,0.91795,0.17067,7.1031
1983.6,0.91816,0.18047,7.1034
1983.8,0.92172,0.19424,7.1039
1984.2,0.91441,0.1651,7.1048
1984.3,0.91567,0.16474,NaN
1984.4,0.9155,0.17057,7.1052
1984.6,0.92029,0.18381,7.1064
1985,0.91334,0.15886,7.1102
1985,0.91293,0.15764,NaN
1985.3,0.91034,0.15609,7.1117
1985.4,0.91131,0.15677,7.1123
1985.7,0.91262,0.16201,7.1139
1985.8,0.91664,0.16392,7.1149
1986,0.91481,0.16795,7.1153
1986.2,0.91663,0.17636,7.1159
1986.4,0.91473,0.17107,7.1162
1986.7,0.91783,0.1736,7.1165
1986.9,0.91705,0.17063,7.1166
1987.1,0.90849,0.15015,7.1167
1987.2,0.90619,0.14368,7.1169
1987.6,0.9175,0.17033,7.1173
1987.6,0.91632,0.16779,NaN
1987.8,0.91419,0.16527,7.1175
1988.1,0.91906,0.18172,7.1179
1988.5,0.91462,0.16903,7.1191
1988.5,0.91716,0.16887,NaN
1988.6,0.91801,0.1714,7.1212
1988.8,0.91952,0.18199,7.122
1989.1,0.92238,0.19304,7.1232
1989.4,0.91911,0.17796,7.1246
1989.4,0.91803,0.17719,7.1253
1989.7,0.91997,0.18166,7.1261
1989.8,0.92208,0.18264,7.1272
1990.3,0.91144,0.15339,7.1293
1990.3,0.91069,0.15359,NaN
1990.4,0.91188,0.15957,7.1296
1990.6,0.91658,0.16703,7.1298
1990.8,0.91289,0.16021,7.1304
1991.2,0.92071,0.18028,7.1322
1991.3,0.92171,0.18178,NaN
1991.4,0.91688,0.16921,7.1342
1991.6,0.91254,0.15985,7.1355
1992,0.9121,0.15732,7.1372
1992.1,0.91184,0.15724,NaN
1992.2,0.91554,0.16723,7.1378
1992.4,0.91737,0.167,7.1391
1992.8,0.91562,0.16861,7.1409
1992.9,0.9141,0.16606,NaN
1993,0.91704,0.1678,7.1416
1993.3,0.91369,0.1661,7.1417
1993.6,0.91346,0.16536,7.1423
1993.7,0.91671,0.16543,7.1425
1993.8,0.9145,0.16441,7.1426
1994,0.91521,0.16651,7.1429
1994.2,0.91344,0.16604,7.143
1994.4,0.91423,0.16127,7.1432
1994.8,0.91131,0.15661,7.1435
1994.8,0.91238,0.15764,NaN
1995.1,0.91636,0.17445,7.1436
1995.2,0.91506,0.16929,7.144
1995.6,0.91081,0.15279,7.1445
1995.6,0.90932,0.15055,NaN
1995.9,0.91305,0.16096,7.1451
1996,0.91513,0.16148,7.146
1996.3,0.91454,0.1644,7.1471
1996.4,0.91481,0.16516,7.1476
1996.6,0.91403,0.16652,7.148
1996.8,0.91623,0.17366,7.149
1997.2,0.91748,0.1811,7.1501
1997.2,0.91904,0.17887,NaN
1997.5,0.91879,0.18391,7.1509
1997.6,0.91893,0.1799,7.1517
1998,0.91883,0.18218,7.153
1998,0.9206,0.18483,7.1537
1998.2,0.91809,0.17304,7.154
1998.4,0.91884,0.17698,7.1548
1998.8,0.91641,0.17374,7.1566
1998.9,0.91599,0.17171,NaN
1999,0.91658,0.17477,7.1576
1999.3,0.91725,0.17245,7.1589
1999.4,0.91828,0.182,7.1599
1999.7,0.91471,0.1666,7.1608
1999.8,0.91581,0.16532,NaN
2000.1,0.91632,0.16381,7.1625
2000.2,0.91356,0.1603,7.1633
2000.6,0.9141,0.16101,7.164
2000.7,0.91337,0.16263,NaN
2000.8,0.9116,0.16376,7.1644
2001.1,0.91213,0.16266,7.1647
2001.3,0.91431,0.16512,7.165
2001.6,0.91342,0.16569,7.1656
2001.7,0.91589,0.1642,NaN
2001.8,0.90916,0.14869,7.166
2002,0.90817,0.14976,7.1661
2002.3,0.91488,0.16671,7.1664
2002.6,0.91312,0.16772,7.167
2002.7,0.91692,0.17287,NaN
2002.8,0.91988,0.18578,7.1675
2003,0.91933,0.1831,7.1678
2003.4,0.92287,0.19577,7.1685
2003.4,0.92313,0.19985,7.1693
2003.6,0.92729,0.20999,7.1699
2003.8,0.92193,0.18951,7.1725
2004.2,0.92391,0.19306,7.1751
2004.3,0.92282,0.19488,NaN
2004.5,0.9239,0.19315,7.1768
2004.7,0.91677,0.17018,7.1774
2004.8,0.9142,0.16428,7.1788
2005.3,0.9184,0.17246,7.1809
2005.3,0.91588,0.16688,NaN
2005.5,0.91606,0.16153,7.1819
2005.6,0.91607,0.17045,7.1826
2006.1,0.91448,0.1661,7.1852
2006.1,0.91428,0.1665,NaN
2006.2,0.91436,0.16384,7.1862
2006.5,0.91476,0.16475,7.1867
2006.9,0.91854,0.16979,7.189
2006.9,0.91479,0.16711,NaN
2007,0.91445,0.16361,7.19
2007.3,0.91595,0.16223,7.1904
2007.6,0.9137,0.15992,7.1919
2007.7,0.91461,0.15961,NaN
2007.8,0.91372,0.15923,7.1931
2008.1,0.91499,0.16245,7.1938
2008.5,0.91504,0.16813,7.1948
2008.5,0.91379,0.16909,NaN
2008.6,0.91444,0.16877,7.1951
2008.8,0.91491,0.16757,7.1953
2009.2,0.90779,0.14572,7.1957
2009.3,0.90868,0.14514,NaN
2009.4,0.91151,0.15599,7.1959
2009.7,0.91824,0.17148,7.1961
2009.8,0.91436,0.16687,7.1963
2010.2,0.92104,0.18407,7.1967
2010.2,0.91991,0.18662,NaN
2010.4,0.91852,0.18415,7.197
2010.6,0.92433,0.19592,7.1974
2011.1,0.92264,0.19084,7.1985
2011.2,0.92064,0.18904,7.199
2011.3,0.92127,0.18488,NaN
2011.4,0.92133,0.18571,7.1996
2011.6,0.92373,0.1952,7.2003
2012,0.91793,0.16949,7.2013
2012,0.91514,0.16604,7.2021
2012.2,0.91644,0.16833,7.2025
2012.4,0.92064,0.18521,7.2032
2012.9,0.91117,0.1564,7.2048
2012.9,0.91258,0.1582,7.2057
2013.1,0.91643,0.17498,7.2061
2013.3,0.92101,0.18845,7.207
2013.7,0.91583,0.16667,7.2128
2013.7,0.91444,0.16492,NaN
2013.8,0.91627,0.16894,7.2148
2014.1,0.91888,0.18292,7.2155
2014.5,0.91485,0.1628,7.2168
2014.5,0.91305,0.16207,NaN
2014.7,0.91213,0.15978,7.2175
2014.8,0.91227,0.16055,7.2181
2015.4,0.91224,0.16012,7.2193
2015.4,0.91347,0.16023,NaN
2015.4,0.91416,0.16064,NaN
2015.6,0.91461,0.16468,7.2209
2015.9,0.91374,0.16382,7.2225
2016.2,0.91581,0.1724,7.2238
2016.3,0.9156,0.16973,NaN
2016.4,0.91226,0.15765,7.2243
2016.7,0.90907,0.14557,7.2246
2016.8,0.90835,0.14329,7.2248
2017.2,0.91472,0.16248,7.2251
2017.2,0.91488,0.16236,NaN
2017.5,0.91271,0.15865,7.2253
2017.6,0.9115,0.15419,7.2255
2018,0.91636,0.17143,7.226
2018,0.91569,0.17355,NaN
2018.2,0.9196,0.17434,7.2264
2018.4,0.91783,0.17274,7.2268
2018.8,0.91996,0.18268,7.2277
2018.9,0.92155,0.18365,NaN
2019.1,0.92087,0.18868,7.2284
2019.2,0.91961,0.18111,7.2287
2019.5,0.91731,0.18004,7.2293
2019.7,0.92021,0.18059,7.23
2019.8,0.91743,0.17692,7.2306
2020.1,0.91756,0.16867,7.2313
2020.2,0.91498,0.16622,7.2322
2020.5,0.91903,0.17323,7.2335
2020.6,0.9176,0.17245,7.2361
2020.9,0.91357,0.16389,7.2375
2021,0.91629,0.16468,7.2384
2021.4,0.9158,0.1709,7.2399
2021.4,0.91676,0.17187,NaN
2021.7,0.91818,0.16928,7.2409
2021.8,0.91399,0.16602,7.2417
2022,0.91473,0.16408,7.2424
2022.3,0.91502,0.16339,7.2432
2022.4,0.91201,0.16394,7.244
2022.6,0.91316,0.16364,7.2445
2022.8,0.91256,0.16179,7.245
2023.2,0.9141,0.15982,7.2454
2023.3,0.9118,0.15932,NaN
2023.4,0.91275,0.16097,7.2458
2023.7,0.91537,0.16729,7.2461
2024.3,0.91857,0.17745,7.2472
2024.3,0.91971,0.17773,NaN
2024.3,0.91899,0.1808,NaN
2024.4,0.91995,0.18795,7.2478
2024.7,0.91951,0.18231,7.248
2024.9,0.92014,0.18078,7.2485
2025.2,0.92039,0.18751,7.2493
2025.2,0.92396,0.18897,NaN
2025.4,0.92674,0.20272,7.2503
2025.7,0.92691,0.20992,7.2518
2026.1,0.92496,0.19713,7.2535
2026.2,0.9243,0.1972,7.2545
2026.2,0.92571,0.19986,7.2549
2026.4,0.92537,0.1997,7.2555
2026.9,0.91833,0.17377,7.2567
2026.9,0.91775,0.17549,NaN
2027,0.92045,0.18342,7.2571
2027.3,0.92041,0.18335,7.2574
2027.7,0.91756,0.17405,7.2608
2027.8,0.91844,0.17913,NaN
2027.8,0.9208,0.18998,NaN
2028,0.91475,0.16697,7.2625
2028.3,0.91447,0.16321,7.2636
2028.6,0.91766,0.17825,7.2647
2028.7,0.91884,0.18199,7.266
2028.8,0.91774,0.17648,7.2667
2029.1,0.91535,0.16441,7.2679
2029.2,0.91343,0.16309,7.2689
2029.6,0.91303,0.16094,7.2699
2029.6,0.9153,0.1612,7.2704
2029.9,0.91321,0.16228,7.2707
2030,0.91434,0.16487,7.2714
2030.2,0.91794,0.17268,7.2726
2030.5,0.91598,0.16871,7.2735
2030.6,0.91736,0.17008,7.2739
2030.8,0.917,0.1683,7.2741
2031.3,0.91011,0.15774,7.2745
2031.4,0.91277,0.16016,7.2746
2031.5,0.91472,0.1664,7.2747
2031.6,0.91584,0.17197,7.2748
2031.9,0.91245,0.15701,7.2749
2032.2,0.91831,0.17892,7.2754
2032.3,0.91776,0.17973,NaN
2032.4,0.91886,0.17817,7.2757
2032.6,0.91953,0.18445,7.276
2032.8,0.92192,0.19294,7.2764
2033.1,0.92262,0.19576,7.2771
2033.2,0.92171,0.18989,7.2777
2033.4,0.92241,0.19346,7.278
2033.6,0.92584,0.20356,7.2786
2034,0.91689,0.17491,7.2799
2034.1,0.9173,0.17299,NaN
2034.2,0.91719,0.17946,7.281
2034.4,0.92087,0.1931,7.2817
2034.8,0.91516,0.16855,7.2839
2034.8,0.91564,0.16786,NaN
2035,0.92045,0.18245,7.2863
2035.2,0.92189,0.19056,7.2891
2035.7,0.91673,0.17135,7.2926
2035.7,0.91638,0.1717,NaN
2035.8,0.91854,0.18127,7.2938
2036,0.92053,0.18796,7.2944
2036.6,0.91391,0.16323,7.2977
2036.6,0.91469,0.16266,NaN
2036.7,0.91341,0.16287,NaN
2036.8,0.91378,0.1623,7.2992
2037,0.91468,0.16269,7.2995
2037.3,0.91451,0.16388,7.3007
2037.6,0.91622,0.17133,7.302
2037.7,0.91471,0.17016,NaN
2037.8,0.91666,0.17189,7.3024
2038,0.91485,0.17305,7.3026
2038.5,0.91365,0.15503,7.3031
2038.5,0.91301,0.15638,7.3032
2038.7,0.91429,0.16377,7.3033
2038.8,0.91758,0.17659,7.3034
2039,0.91479,0.16415,7.3036
2039.4,0.91391,0.16188,7.304
2039.5,0.9117,0.16337,NaN
2039.6,0.91769,0.17727,7.3044
2039.8,0.9156,0.17217,7.3046
2040.3,0.92327,0.19355,7.3056
2040.4,0.92306,0.19604,7.3061
2040.5,0.92461,0.19957,7.3063
2040.6,0.91873,0.17716,7.3066
2040.8,0.91799,0.17713,7.307
2041.1,0.9221,0.18767,7.3079
2041.2,0.92,0.17648,7.3095
2041.4,0.91404,0.16553,7.3115
2041.6,0.91266,0.16432,7.3135
2042.1,0.91585,0.16723,7.3159
2042.1,0.91445,0.16339,NaN
2042.2,0.91393,0.15889,7.3175
2042.5,0.91255,0.15574,7.318
2043,0.91761,0.17168,7.3201
2043,0.91598,0.17161,NaN
2043,0.91654,0.16877,NaN
2043.2,0.91147,0.15862,7.3207
2043.4,0.90933,0.15018,7.3215
2043.8,0.90709,0.146,7.3232
2043.8,0.90811,0.14541,NaN
2044.1,0.90713,0.14573,7.3248
2044.2,0.90772,0.14646,7.3255
2044.7,0.90956,0.14736,7.3262
2044.7,0.9095,0.14747,7.3265
2044.9,0.90907,0.14781,7.3266
2045.1,0.90425,0.14013,7.3267
2045.2,0.90911,0.1404,7.327
2045.7,0.9143,0.16383,7.3272
2045.7,0.91376,0.16769,NaN
2045.8,0.91827,0.17406,7.3273
2046.1,0.91834,0.17724,7.3273
2046.5,0.91672,0.17228,7.3274
2046.5,0.91765,0.17295,NaN
2046.6,0.91865,0.17189,7.3274
2046.8,0.9151,0.17005,7.3275
2047,0.91687,0.1656,7.3277
2047.4,0.91847,0.17097,7.328
2047.4,0.91665,0.17185,7.3283
2047.7,0.91681,0.17123,7.3285
2047.9,0.92012,0.18693,7.3289
2048.2,0.92144,0.18573,7.3297
2048.2,0.92264,0.18663,NaN
2048.4,0.91873,0.18908,7.3303
2048.6,0.91948,0.1879,7.3308
2049.2,0.92034,0.1915,7.3325
2049.2,0.92242,0.19406,NaN
2049.2,0.92313,0.19373,NaN
2049.5,0.91662,0.17569,7.3339
2049.7,0.91798,0.17558,7.3368
2050.1,0.91533,0.17052,7.3403
2050.1,0.91238,0.16557,7.3413
2050.2,0.91375,0.16444,7.3416
2050.5,0.9139,0.1635,7.3419
2050.6,0.92026,0.17911,7.3425
2051,0.91251,0.16112,7.3437
2051,0.91264,0.16062,NaN
2051.2,0.91182,0.15903,7.3443
2051.4,0.91224,0.15917,7.3449
2051.9,0.91272,0.16011,7.3464
2051.9,0.91347,0.15937,NaN
2052,0.91222,0.1605,7.3486
2052.2,0.91541,0.16806,7.3501
2052.4,0.91227,0.16331,7.351
2052.7,0.91757,0.17142,7.3516
2052.8,0.91751,0.17435,7.352
2053,0.91453,0.15827,7.3521
2053.3,0.91211,0.16088,7.3524
2053.6,0.91845,0.17801,7.3528
2053.6,0.91856,0.17367,NaN
2053.8,0.91655,0.16524,7.353
2054.1,0.91786,0.17337,7.3532
2054.3,0.92174,0.18617,7.3536
2054.5,0.91849,0.17275,7.354
2054.7,0.91863,0.17757,7.3544
2054.8,0.92201,0.18912,7.3547
2055,0.92391,0.20334,7.3552
2055.5,0.91729,0.18046,7.3563
2055.5,0.91939,0.18074,NaN
2055.6,0.92228,0.19174,7.3569
2055.9,0.91928,0.18214,7.3576
2056.3,0.91924,0.17959,7.3621
2056.3,0.91831,0.18195,NaN
2056.4,0.92241,0.18998,7.3642
2056.6,0.91399,0.16746,7.3649
2056.9,0.91398,0.16207,7.3662
2057.3,0.92246,0.18922,7.3684
2057.3,0.91999,0.18448,NaN
2057.4,0.91329,0.16174,7.3694
2057.7,0.91068,0.15896,7.3711
2058,0.91898,0.1768,7.3728
2058.1,0.91801,0.17923,NaN
2058.2,0.91602,0.1665,7.3742
2058.4,0.91259,0.15585,7.3751
2058.6,0.91358,0.1552,7.376
2059,0.9128,0.15417,7.3767
2059,0.91251,0.15552,7.3771
2059.3,0.91231,0.15754,7.3773
2059.5,0.9133,0.15928,7.3777
2059.8,0.91475,0.1612,7.3784
2059.8,0.91363,0.16138,NaN
2060.1,0.91592,0.16624,7.3789
2060.2,0.91426,0.16742,7.3792
2060.7,0.91699,0.16813,7.3798
2060.7,0.9186,0.17018,NaN
2060.8,0.91661,0.17423,7.3803
2061.1,0.91554,0.16475,7.3804
2061.2,0.91576,0.17085,7.3807
2061.6,0.91969,0.18194,7.3813
2061.6,0.92104,0.18012,NaN
2061.8,0.91415,0.16894,7.3819
2062.1,0.91928,0.17865,7.3824
2062.5,0.92231,0.18997,7.3838
2062.5,0.92043,0.18072,NaN
2062.7,0.91722,0.17205,7.3853
2062.8,0.91607,0.17171,7.3883
2063,0.92068,0.18535,7.3898
2063.3,0.91361,0.16041,7.3909
2063.4,0.91382,0.15828,7.392
2063.6,0.91825,0.17339,7.3932
2063.9,0.92102,0.18276,7.3943
2064.2,0.91258,0.15873,7.3966
2064.3,0.9119,0.15903,NaN
2064.4,0.91592,0.16998,7.3975
2064.6,0.91875,0.17661,7.3982
2065.1,0.91328,0.15857,7.4004
2065.1,0.91385,0.15957,NaN
2065.2,0.9128,0.16065,7.4017
2065.4,0.91741,0.17437,7.4021
2065.6,0.91727,0.1639,7.4031
2066,0.91025,0.15334,7.4043
2066,0.91175,0.15215,NaN
2066.2,0.90963,0.15155,7.4049
2066.4,0.91203,0.14999,7.4053
2066.6,0.91115,0.14992,7.4056
2067,0.90996,0.14877,7.4062
2067,0.90944,0.14695,NaN
2067.3,0.9106,0.14784,7.4067
2067.4,0.91099,0.15054,7.407
2067.7,0.91305,0.15809,7.4073
2068,0.91469,0.16624,7.408
2068,0.91393,0.16541,NaN
2068.2,0.9131,0.15935,7.4083
2068.4,0.91297,0.15777,7.4085
2069,0.91514,0.16624,7.4094
2069,0.91281,0.16506,NaN
2069,0.9151,0.16196,NaN
2069.2,0.91238,0.16242,7.4101
2069.5,0.91509,0.16792,7.411
2069.6,0.91877,0.17333,7.4128
2070,0.91478,0.16847,7.4142
2070,0.916,0.16796,NaN
2070.2,0.91733,0.17188,7.4151
2070.4,0.91718,0.17354,7.4155
2070.7,0.91836,0.17687,7.4159
2071,0.92217,0.18289,7.4168
2071,0.9212,0.18416,NaN
2071.2,0.92117,0.18182,7.4172
2071.5,0.91632,0.17168,7.4177
2071.6,0.91451,0.16883,7.4181
2072,0.91693,0.17186,7.4187
2072.1,0.91577,0.16871,NaN
2072.2,0.91417,0.1651,7.4194
2072.4,0.9136,0.16519,7.4199
2073,0.91571,0.16814,7.4212
2073,0.91593,0.16866,NaN
2073,0.91585,0.16856,7.4218
2073.2,0.91601,0.16766,7.4224
2073.5,0.91404,0.16705,7.4247
2073.9,0.91544,0.16311,7.4279
2073.9,0.91236,0.16225,NaN
2074,0.91365,0.16222,7.4284
2074.2,0.91391,0.16441,7.4286
2074.4,0.91409,0.15948,7.4293
2074.8,0.91588,0.16459,7.4299
2074.9,0.91545,0.16551,NaN
2075,0.91586,0.16716,7.4304
2075.2,0.91807,0.16669,7.4306
2075.5,0.91608,0.1665,7.4308
2075.8,0.91897,0.17621,7.4311
2075.8,0.91749,0.17714,7.4314
2076.1,0.91977,0.18704,7.4315
2076.2,0.92364,0.19159,7.4318
2076.5,0.91765,0.17747,7.4321
2076.9,0.92184,0.19497,7.4332
2077,0.92431,0.19864,NaN
2077,0.92757,0.20194,7.4336
2077.3,0.92206,0.18761,7.4338
2077.4,0.92141,0.18653,7.4347
2077.8,0.92273,0.19363,7.4382
2077.8,0.92177,0.18622,NaN
2078.1,0.91512,0.1666,7.4408
2078.2,0.91564,0.16723,7.4421
2078.6,0.91566,0.17331,7.4437
2078.6,0.91526,0.1678,7.4448
2078.8,0.91851,0.16779,7.4454
2079,0.91954,0.17969,7.4465
2079.2,0.92192,0.18968,7.4477
2079.5,0.91249,0.16421,7.4491
2079.6,0.91597,0.16558,7.4502
2079.9,0.91601,0.17074,7.4506
2080,0.92053,0.18389,7.4516
2080.4,0.91165,0.15516,7.4534
2080.5,0.91097,0.15423,7.4543
2080.6,0.91081,0.15335,7.4546
2080.8,0.909,0.15247,7.4552
2081,0.91057,0.1538,7.4562
2081.4,0.91252,0.15678,7.4574
2081.4,0.91433,0.15761,NaN
2081.6,0.91495,0.16548,7.4581
2081.8,0.91282,0.16107,7.4585
2082.3,0.91344,0.16251,7.4599
2082.3,0.91472,0.16078,NaN
2082.4,0.91081,0.15275,7.4603
2082.6,0.91018,0.14882,7.4604
2082.8,0.91401,0.16266,7.4606
2083.2,0.91649,0.16897,7.4609
2083.2,0.91726,0.1701,NaN
2083.4,0.92059,0.18137,7.4612
2083.6,0.92122,0.19211,7.4614
2084.1,0.92271,0.19404,7.462
2084.1,0.92241,0.19825,NaN
2084.3,0.9262,0.20861,7.4625
2084.4,0.92618,0.19974,7.4628
2084.7,0.92035,0.18813,7.4633
2085.1,0.92079,0.19113,7.4647
2085.1,0.92038,0.18572,NaN
2085.3,0.91538,0.16793,7.4654
2085.4,0.9128,0.16115,7.4656
2085.6,0.91853,0.18222,7.4663
2086,0.91259,0.15869,7.4678
2086.1,0.91341,0.15833,NaN
2086.2,0.91474,0.16575,7.4689
2086.4,0.92125,0.18954,7.4698
2086.9,0.91464,0.16492,7.4719
2087,0.91488,0.1647,NaN
2087,0.91465,0.16694,NaN
2087.3,0.91606,0.17571,7.476
2087.4,0.92012,0.18243,7.4786
2087.6,0.91378,0.16679,7.4802
2087.9,0.91326,0.15921,7.4817
2088,0.91111,0.15888,7.4826
2088.2,0.91167,0.15704,7.4831
2088.4,0.91055,0.15773,7.4844
2088.8,0.91281,0.16288,7.4865
2088.9,0.91368,0.16514,NaN
2089,0.91234,0.1633,7.487
2089.3,0.91333,0.16398,7.4873
2089.4,0.91494,0.16979,7.4875
2089.8,0.91024,0.15014,7.4879
2089.8,0.90699,0.14684,NaN
2090.1,0.90566,0.14709,7.4883
2090.2,0.91244,0.16047,7.4885
2090.8,0.91389,0.16682,7.489
2090.8,0.91399,0.16976,NaN
2090.8,0.91541,0.17247,NaN
2091.1,0.91851,0.18358,7.4894
2091.2,0.91797,0.17795,7.4898
2091.4,0.91946,0.1857,7.4901
2091.7,0.92576,0.20028,7.4908
2091.8,0.92252,0.19208,7.4913
2092.1,0.91698,0.18048,7.4917
2092.3,0.91788,0.17946,7.4923
2092.7,0.91884,0.17958,7.4936
2092.7,0.91734,0.17629,NaN
2092.8,0.91465,0.16849,7.4943
2093.1,0.91315,0.16276,7.495
2093.3,0.9142,0.15993,7.4957
2093.4,0.9188,0.17787,7.4964
2093.7,0.91417,0.16282,7.4975
2093.8,0.91198,0.15966,7.4992
2094.1,0.90905,0.15026,7.5011
2094.2,0.90819,0.15204,7.5031
2094.6,0.91734,0.16989,7.5052
2094.6,0.91643,0.17065,NaN
2094.8,0.91406,0.16338,7.5066
2095,0.91243,0.15953,7.5076
2095.5,0.91107,0.15471,7.5087
2095.5,0.91271,0.15442,NaN
2095.6,0.91188,0.15553,NaN
2095.8,0.91181,0.1562,7.5092
2096.1,0.91388,0.15554,7.5095
2096.5,0.91062,0.15366,7.51
2096.5,0.91122,0.15394,NaN
2096.7,0.91136,0.15326,7.5102
2096.9,0.91237,0.15764,7.5104
2097.1,0.91345,0.16989,7.5106
2097.4,0.9202,0.17935,7.511
2097.5,0.91794,0.17917,NaN
2097.6,0.91726,0.17737,7.5113
2097.9,0.9189,0.17863,7.5117
2098.1,0.91867,0.17855,7.512
2098.3,0.92159,0.18251,7.5127
2098.5,0.91816,0.18031,7.5137
2098.6,0.91879,0.17955,7.5141
2098.8,0.92229,0.18729,7.5149
2099.2,0.92175,0.18422,7.5166
2099.3,0.92105,0.18435,NaN
2099.5,0.91998,0.18387,7.5174
2099.6,0.92312,0.19138,7.5182
2100.1,0.91712,0.17375,7.5203
2100.1,0.91629,0.17246,NaN
2100.2,0.91614,0.17082,7.5215
2100.4,0.92006,0.18471,7.522
2100.6,0.91643,0.16994,7.5235
2101,0.91614,0.17016,7.5246
2101,0.91671,0.17486,NaN
2101.2,0.92302,0.19099,7.5261
2101.4,0.91546,0.167,7.5271
2102,0.91713,0.17666,7.5295
2102,0.91758,0.17811,NaN
2102,0.91898,0.18062,7.5304
2102.2,0.91656,0.16904,7.5309
2102.4,0.91251,0.16142,7.5319
2102.8,0.91253,0.16115,7.5332
2102.8,0.91299,0.16148,7.5339
2103,0.91335,0.1612,7.5342
2103.3,0.91508,0.16392,7.535
2103.5,0.91497,0.16815,7.5361
2103.8,0.91348,0.1702,7.5369
2103.9,0.91323,0.16928,7.5372
2104.1,0.9187,0.17018,7.5374
2104.2,0.91355,0.16468,7.5378
2104.4,0.90574,0.14365,7.538
2104.8,0.9134,0.16093,7.5384
2104.9,0.91438,0.16362,NaN
2105.1,0.91478,0.1654,7.5386
2105.2,0.91477,0.16444,7.5388
2105.4,0.91828,0.17575,7.539
2105.8,0.91788,0.181,7.5396
2105.8,0.92079,0.1871,NaN
2106,0.92396,0.19816,7.5399
2106.2,0.92582,0.20788,7.5405
2106.8,0.92056,0.18586,7.5418
2106.8,0.92074,0.18611,NaN
2106.8,0.92156,0.18814,NaN
2107,0.92236,0.19595,7.5427
2107.3,0.92104,0.17499,7.5433
2107.6,0.91653,0.17146,7.5447
2107.7,0.91812,0.17414,NaN
2107.8,0.92396,0.18842,7.5454
2108,0.91232,0.16053,7.5462
2108.5,0.9132,0.17473,7.5478
2108.5,0.9187,0.18,NaN
2108.6,0.9193,0.18334,7.55
2108.8,0.91635,0.16978,7.5523
2109.4,0.92119,0.18419,7.5567
2109.4,0.92243,0.18565,NaN
2109.5,0.91808,0.18068,NaN
2109.6,0.91371,0.16562,7.558
2109.9,0.91496,0.16196,7.5585
2110.2,0.91584,0.16079,7.5596
2110.2,0.91248,0.16046,NaN
2110.5,0.91402,0.16199,7.5605
2110.7,0.91462,0.16542,7.5609
2111.1,0.91626,0.16788,7.5625
2111.1,0.91737,0.1678,7.5646
2111.2,0.91751,0.16846,7.5651
2111.4,0.91676,0.17011,7.5655
2111.6,0.90992,0.15303,7.5661
2112,0.91279,0.15523,7.567
2112,0.9103,0.15477,NaN
2112.2,0.91559,0.1692,7.5677
2112.4,0.91209,0.15514,7.5683
2112.6,0.91347,0.15657,7.5687
2113,0.91854,0.17799,7.5696
2113.1,0.91713,0.17499,NaN
2113.2,0.91894,0.17951,7.5704
2113.5,0.92297,0.18996,7.5717
2113.6,0.92517,0.2027,7.5725
2114.2,0.92031,0.18362,7.5749
2114.2,0.91972,0.18549,NaN
2114.2,0.9209,0.1872,NaN
